filename,url,license_code,observation_id,quality_grade,latitude,longitude,label
lythrum_virgatum_001.jpg,https://inaturalist-open-data.s3.amazonaws.com/photos/523434386/medium.jpg,cc-by-nc,290948167,needs_id,53.9007478252,74.0956163403,native
lythrum_virgatum_002.jpg,https://inaturalist-open-data.s3.amazonaws.com/photos/523434433/medium.jpg,cc-by-nc,290948167,needs_id,53.9007478252,74.0956163403,native
lythrum_virgatum_003.jpg,https://inaturalist-open-data.s3.amazonaws.com/photos/523334068/medium.jpg,cc-by-nc,290943143,needs_id,52.9011111111,44.6332833333,native
lythrum_virgatum_004.jpg,https://inaturalist-open-data.s3.amazonaws.com/photos/523334070/medium.jpg,cc-by-nc,290943143,needs_id,52.9011111111,44.6332833333,native
lythrum_virgatum_005.jpg,https://inaturalist-open-data.s3.amazonaws.com/photos/523334081/medium.jpg,cc-by-nc,290943143,needs_id,52.9011111111,44.6332833333,native
lythrum_virgatum_006.jpg,https://inaturalist-open-data.s3.amazonaws.com/photos/523334084/medium.jpg,cc-by-nc,290943143,needs_id,52.9011111111,44.6332833333,native
lythrum_virgatum_007.jpg,https://inaturalist-open-data.s3.amazonaws.com/photos/523334082/medium.jpg,cc-by-nc,290943143,needs_id,52.9011111111,44.6332833333,native
lythrum_virgatum_008.jpg,https://inaturalist-open-data.s3.amazonaws.com/photos/523334066/medium.jpg,cc-by-nc,290943143,needs_id,52.9011111111,44.6332833333,native
lythrum_virgatum_009.jpg,https://inaturalist-open-data.s3.amazonaws.com/photos/523281867/medium.jpg,cc-by,290861139,needs_id,52.3145179722,76.8974075278,native
lythrum_virgatum_010.jpg,https://inaturalist-open-data.s3.amazonaws.com/photos/523281959/medium.jpg,cc-by,290861139,needs_id,52.3145179722,76.8974075278,native
lythrum_virgatum_011.jpg,https://inaturalist-open-data.s3.amazonaws.com/photos/523282040/medium.jpg,cc-by,290861139,needs_id,52.3145179722,76.8974075278,native
lythrum_virgatum_012.jpg,https://inaturalist-open-data.s3.amazonaws.com/photos/523282099/medium.jpg,cc-by,290861139,needs_id,52.3145179722,76.8974075278,native
lythrum_virgatum_013.jpg,https://inaturalist-open-data.s3.amazonaws.com/photos/523282194/medium.jpg,cc-by,290861139,needs_id,52.3145179722,76.8974075278,native
lythrum_virgatum_014.jpg,https://inaturalist-open-data.s3.amazonaws.com/photos/521235840/medium.jpg,cc-by-nc,289782565,needs_id,52.9012861296,44.6322524795,native
lythrum_virgatum_015.jpg,https://inaturalist-open-data.s3.amazonaws.com/photos/521235845/medium.jpg,cc-by-nc,289782565,needs_id,52.9012861296,44.6322524795,native
lythrum_virgatum_016.jpg,https://inaturalist-open-data.s3.amazonaws.com/photos/520263934/medium.jpg,cc-by-nc,289263381,needs_id,45.1763681312,18.6566156299,native
lythrum_virgatum_017.jpg,https://inaturalist-open-data.s3.amazonaws.com/photos/519440018/medium.jpg,cc-by-nc,288825173,needs_id,48.78350176,16.87858344,native
lythrum_virgatum_018.jpg,https://inaturalist-open-data.s3.amazonaws.com/photos/519440108/medium.jpg,cc-by-nc,288825173,needs_id,48.78350176,16.87858344,native
lythrum_virgatum_019.jpg,https://inaturalist-open-data.s3.amazonaws.com/photos/519440192/medium.jpg,cc-by-nc,288825173,needs_id,48.78350176,16.87858344,native
lythrum_virgatum_020.jpg,https://inaturalist-open-data.s3.amazonaws.com/photos/519440254/medium.jpg,cc-by-nc,288825173,needs_id,48.78350176,16.87858344,native
lythrum_virgatum_021.jpg,https://inaturalist-open-data.s3.amazonaws.com/photos/517135221/medium.jpg,cc-by-nc,287601745,needs_id,47.2129185409,8.9856279542,
lythrum_virgatum_022.jpg,https://inaturalist-open-data.s3.amazonaws.com/photos/516461652/medium.jpg,cc-by-nc,287237884,research,48.068506,16.372619,native
lythrum_virgatum_023.jpg,https://inaturalist-open-data.s3.amazonaws.com/photos/516461884/medium.jpg,cc-by-nc,287237884,research,48.068506,16.372619,native
lythrum_virgatum_024.jpg,https://inaturalist-open-data.s3.amazonaws.com/photos/516461920/medium.jpg,cc-by-nc,287237884,research,48.068506,16.372619,native
lythrum_virgatum_025.jpg,https://inaturalist-open-data.s3.amazonaws.com/photos/515049476/medium.jpg,cc-by-nc,286491301,research,46.7821159959,19.2033238057,native
lythrum_virgatum_026.jpg,https://inaturalist-open-data.s3.amazonaws.com/photos/515049526/medium.jpg,cc-by-nc,286491301,research,46.7821159959,19.2033238057,native
lythrum_virgatum_027.jpg,https://inaturalist-open-data.s3.amazonaws.com/photos/511417600/medium.jpg,cc-by-nc,284560007,needs_id,0.2331554043,-78.1976493448,
lythrum_virgatum_028.jpg,https://inaturalist-open-data.s3.amazonaws.com/photos/504754087/medium.jpg,cc-by-nc,281005462,needs_id,40.0276609061,-81.3520139828,
lythrum_virgatum_029.jpg,https://inaturalist-open-data.s3.amazonaws.com/photos/504754117/medium.jpg,cc-by-nc,281005462,needs_id,40.0276609061,-81.3520139828,
lythrum_virgatum_030.jpeg,https://inaturalist-open-data.s3.amazonaws.com/photos/502193133/medium.jpeg,cc-by-nc,279648647,research,55.45231,69.35662,native
lythrum_virgatum_031.jpg,https://inaturalist-open-data.s3.amazonaws.com/photos/490336173/medium.jpg,cc-by-nc,272550426,research,47.1786917209,20.2046913726,native
lythrum_virgatum_032.jpeg,https://inaturalist-open-data.s3.amazonaws.com/photos/486470163/medium.jpeg,cc-by-nc,270498491,research,49.7122635579,81.5850031455,native
lythrum_virgatum_033.jpeg,https://inaturalist-open-data.s3.amazonaws.com/photos/486470234/medium.jpeg,cc-by-nc,270498491,research,49.7122635579,81.5850031455,native
lythrum_virgatum_034.jpg,https://inaturalist-open-data.s3.amazonaws.com/photos/483578642/medium.jpg,cc-by-nc,268994138,research,48.736704871,35.18770629,native
lythrum_virgatum_035.jpeg,https://inaturalist-open-data.s3.amazonaws.com/photos/473602504/medium.jpeg,cc-by-nc,263610212,needs_id,54.8061866,73.3150374,native
lythrum_virgatum_036.jpeg,https://inaturalist-open-data.s3.amazonaws.com/photos/473602543/medium.jpeg,cc-by-nc,263610212,needs_id,54.8061866,73.3150374,native
lythrum_virgatum_037.jpeg,https://inaturalist-open-data.s3.amazonaws.com/photos/473602599/medium.jpeg,cc-by-nc,263610212,needs_id,54.8061866,73.3150374,native
lythrum_virgatum_038.jpg,https://inaturalist-open-data.s3.amazonaws.com/photos/472687032/medium.jpg,cc-by-nc,263148643,research,50.5629439451,30.5615098594,native
lythrum_virgatum_039.jpg,https://inaturalist-open-data.s3.amazonaws.com/photos/472687033/medium.jpg,cc-by-nc,263148643,research,50.5629439451,30.5615098594,native
lythrum_virgatum_040.jpg,https://inaturalist-open-data.s3.amazonaws.com/photos/472687028/medium.jpg,cc-by-nc,263148643,research,50.5629439451,30.5615098594,native
lythrum_virgatum_041.jpg,https://inaturalist-open-data.s3.amazonaws.com/photos/472687034/medium.jpg,cc-by-nc,263148643,research,50.5629439451,30.5615098594,native
lythrum_virgatum_042.jpg,https://inaturalist-open-data.s3.amazonaws.com/photos/472687038/medium.jpg,cc-by-nc,263148643,research,50.5629439451,30.5615098594,native
lythrum_virgatum_043.jpg,https://inaturalist-open-data.s3.amazonaws.com/photos/472687040/medium.jpg,cc-by-nc,263148643,research,50.5629439451,30.5615098594,native
lythrum_virgatum_044.jpg,https://inaturalist-open-data.s3.amazonaws.com/photos/471978966/medium.jpg,cc-by-nc,263138890,research,50.5614432735,30.5705941354,native
lythrum_virgatum_045.jpg,https://inaturalist-open-data.s3.amazonaws.com/photos/471978968/medium.jpg,cc-by-nc,263138890,research,50.5614432735,30.5705941354,native
lythrum_virgatum_046.jpg,https://inaturalist-open-data.s3.amazonaws.com/photos/471978949/medium.jpg,cc-by-nc,263138887,research,50.5653901023,30.5811405812,native
lythrum_virgatum_047.jpg,https://inaturalist-open-data.s3.amazonaws.com/photos/471978941/medium.jpg,cc-by-nc,263138887,research,50.5653901023,30.5811405812,native
lythrum_virgatum_048.jpg,https://inaturalist-open-data.s3.amazonaws.com/photos/471978959/medium.jpg,cc-by-nc,263138887,research,50.5653901023,30.5811405812,native
lythrum_virgatum_049.jpg,https://inaturalist-open-data.s3.amazonaws.com/photos/471978955/medium.jpg,cc-by-nc,263138887,research,50.5653901023,30.5811405812,native
lythrum_virgatum_050.jpg,https://inaturalist-open-data.s3.amazonaws.com/photos/471028106/medium.jpg,cc-by-nc,262145099,research,50.494176,30.4966049722,native
lythrum_virgatum_051.jpg,https://inaturalist-open-data.s3.amazonaws.com/photos/471028110/medium.jpg,cc-by-nc,262145099,research,50.494176,30.4966049722,native
lythrum_virgatum_052.jpg,https://inaturalist-open-data.s3.amazonaws.com/photos/471028112/medium.jpg,cc-by-nc,262145099,research,50.494176,30.4966049722,native
lythrum_virgatum_053.jpg,https://inaturalist-open-data.s3.amazonaws.com/photos/471028123/medium.jpg,cc-by-nc,262145099,research,50.494176,30.4966049722,native
lythrum_virgatum_054.jpg,https://inaturalist-open-data.s3.amazonaws.com/photos/471028126/medium.jpg,cc-by-nc,262145099,research,50.494176,30.4966049722,native
lythrum_virgatum_055.jpg,https://inaturalist-open-data.s3.amazonaws.com/photos/471028129/medium.jpg,cc-by-nc,262145099,research,50.494176,30.4966049722,native
lythrum_virgatum_056.jpg,https://inaturalist-open-data.s3.amazonaws.com/photos/471028140/medium.jpg,cc-by-nc,262145099,research,50.494176,30.4966049722,native
lythrum_virgatum_057.jpg,https://inaturalist-open-data.s3.amazonaws.com/photos/471028142/medium.jpg,cc-by-nc,262145099,research,50.494176,30.4966049722,native
lythrum_virgatum_058.jpeg,https://inaturalist-open-data.s3.amazonaws.com/photos/470969040/medium.jpeg,cc-by-nc,262114220,research,47.8740036,18.6481792,native
lythrum_virgatum_059.jpeg,https://inaturalist-open-data.s3.amazonaws.com/photos/470969042/medium.jpeg,cc-by-nc,262114220,research,47.8740036,18.6481792,native
lythrum_virgatum_060.jpeg,https://inaturalist-open-data.s3.amazonaws.com/photos/470969041/medium.jpeg,cc-by-nc,262114220,research,47.8740036,18.6481792,native
lythrum_virgatum_061.jpeg,https://inaturalist-open-data.s3.amazonaws.com/photos/470969048/medium.jpeg,cc-by-nc,262114220,research,47.8740036,18.6481792,native
lythrum_virgatum_062.jpg,https://inaturalist-open-data.s3.amazonaws.com/photos/469915304/medium.jpg,cc-by-nc,261554123,research,53.3700680604,83.7226615859,native
lythrum_virgatum_063.jpg,https://inaturalist-open-data.s3.amazonaws.com/photos/469688644/medium.jpg,cc-by-nc,261444153,research,50.1735691427,40.4581911601,native
lythrum_virgatum_064.jpg,https://inaturalist-open-data.s3.amazonaws.com/photos/469567469/medium.jpg,cc-by-nc,261379488,needs_id,48.0035282664,16.7013756156,native
lythrum_virgatum_065.jpg,https://inaturalist-open-data.s3.amazonaws.com/photos/469568325/medium.jpg,cc-by-nc,261379488,needs_id,48.0035282664,16.7013756156,native
lythrum_virgatum_066.jpeg,https://inaturalist-open-data.s3.amazonaws.com/photos/469558316/medium.jpeg,cc-by-nc,261376092,needs_id,48.0035933333,16.7039966667,native
lythrum_virgatum_067.jpeg,https://inaturalist-open-data.s3.amazonaws.com/photos/469558317/medium.jpeg,cc-by-nc,261376092,needs_id,48.0035933333,16.7039966667,native
lythrum_virgatum_068.jpg,https://inaturalist-open-data.s3.amazonaws.com/photos/469385942/medium.jpg,cc-by-nc,261286783,needs_id,48.0035462801,16.7015192123,native
lythrum_virgatum_069.jpg,https://inaturalist-open-data.s3.amazonaws.com/photos/469385906/medium.jpg,cc-by-nc,261286783,needs_id,48.0035462801,16.7015192123,native
lythrum_virgatum_070.jpeg,https://inaturalist-open-data.s3.amazonaws.com/photos/467033890/medium.jpeg,cc-by-nc,260100742,research,47.4902954413,18.9540440217,native
lythrum_virgatum_071.jpeg,https://inaturalist-open-data.s3.amazonaws.com/photos/467034100/medium.jpeg,cc-by-nc,260100742,research,47.4902954413,18.9540440217,native
lythrum_virgatum_072.jpeg,https://inaturalist-open-data.s3.amazonaws.com/photos/467034104/medium.jpeg,cc-by-nc,260100742,research,47.4902954413,18.9540440217,native
lythrum_virgatum_073.jpg,https://inaturalist-open-data.s3.amazonaws.com/photos/465236314/medium.jpg,cc-by,259200871,research,54.9625279833,73.36870565,native
lythrum_virgatum_074.jpeg,https://inaturalist-open-data.s3.amazonaws.com/photos/464129000/medium.jpeg,cc-by-nc,258656638,needs_id,44.4779138835,28.7455047802,native
lythrum_virgatum_075.jpeg,https://inaturalist-open-data.s3.amazonaws.com/photos/464129324/medium.jpeg,cc-by-nc,258656638,needs_id,44.4779138835,28.7455047802,native
lythrum_virgatum_076.jpeg,https://inaturalist-open-data.s3.amazonaws.com/photos/462397186/medium.jpeg,cc-by-nc,257738973,research,55.5609944444,42.1227888889,native
lythrum_virgatum_077.jpeg,https://inaturalist-open-data.s3.amazonaws.com/photos/462397062/medium.jpeg,cc-by-nc,257738953,research,55.5611305556,42.1228055556,native
lythrum_virgatum_078.jpeg,https://inaturalist-open-data.s3.amazonaws.com/photos/462397066/medium.jpeg,cc-by-nc,257738953,research,55.5611305556,42.1228055556,native
lythrum_virgatum_079.jpeg,https://inaturalist-open-data.s3.amazonaws.com/photos/462397074/medium.jpeg,cc-by-nc,257738953,research,55.5611305556,42.1228055556,native
lythrum_virgatum_080.jpeg,https://inaturalist-open-data.s3.amazonaws.com/photos/462390103/medium.jpeg,cc-by-nc,257735736,research,55.5626277778,42.1227805556,native
lythrum_virgatum_081.jpeg,https://inaturalist-open-data.s3.amazonaws.com/photos/462390107/medium.jpeg,cc-by-nc,257735736,research,55.5626277778,42.1227805556,native
lythrum_virgatum_082.jpeg,https://inaturalist-open-data.s3.amazonaws.com/photos/462390122/medium.jpeg,cc-by-nc,257735736,research,55.5626277778,42.1227805556,native
lythrum_virgatum_083.jpeg,https://inaturalist-open-data.s3.amazonaws.com/photos/462390017/medium.jpeg,cc-by-nc,257735726,research,55.5627055556,42.1227111111,native
lythrum_virgatum_084.jpeg,https://inaturalist-open-data.s3.amazonaws.com/photos/462390022/medium.jpeg,cc-by-nc,257735726,research,55.5627055556,42.1227111111,native
lythrum_virgatum_085.jpeg,https://inaturalist-open-data.s3.amazonaws.com/photos/462390018/medium.jpeg,cc-by-nc,257735726,research,55.5627055556,42.1227111111,native
lythrum_virgatum_086.jpeg,https://inaturalist-open-data.s3.amazonaws.com/photos/462389163/medium.jpeg,cc-by-nc,257735181,research,46.696241431,21.3394741007,native
lythrum_virgatum_087.jpeg,https://inaturalist-open-data.s3.amazonaws.com/photos/462389165/medium.jpeg,cc-by-nc,257735181,research,46.696241431,21.3394741007,native
lythrum_virgatum_088.jpeg,https://inaturalist-open-data.s3.amazonaws.com/photos/462389167/medium.jpeg,cc-by-nc,257735181,research,46.696241431,21.3394741007,native
lythrum_virgatum_089.jpeg,https://inaturalist-open-data.s3.amazonaws.com/photos/462389171/medium.jpeg,cc-by-nc,257735181,research,46.696241431,21.3394741007,native
lythrum_virgatum_090.jpeg,https://inaturalist-open-data.s3.amazonaws.com/photos/462389176/medium.jpeg,cc-by-nc,257735181,research,46.696241431,21.3394741007,native
lythrum_virgatum_091.jpeg,https://inaturalist-open-data.s3.amazonaws.com/photos/462389177/medium.jpeg,cc-by-nc,257735181,research,46.696241431,21.3394741007,native
lythrum_virgatum_092.jpg,https://inaturalist-open-data.s3.amazonaws.com/photos/461633706/medium.jpg,cc-by-nc,257349713,research,53.1787866667,61.0325083333,native
lythrum_virgatum_093.jpg,https://inaturalist-open-data.s3.amazonaws.com/photos/461633720/medium.jpg,cc-by-nc,257349713,research,53.1787866667,61.0325083333,native
lythrum_virgatum_094.jpg,https://inaturalist-open-data.s3.amazonaws.com/photos/461633743/medium.jpg,cc-by-nc,257349713,research,53.1787866667,61.0325083333,native
lythrum_virgatum_095.jpg,https://inaturalist-open-data.s3.amazonaws.com/photos/461633757/medium.jpg,cc-by-nc,257349713,research,53.1787866667,61.0325083333,native
lythrum_virgatum_096.jpg,https://inaturalist-open-data.s3.amazonaws.com/photos/461633769/medium.jpg,cc-by-nc,257349713,research,53.1787866667,61.0325083333,native
lythrum_virgatum_097.jpg,https://inaturalist-open-data.s3.amazonaws.com/photos/461633781/medium.jpg,cc-by-nc,257349713,research,53.1787866667,61.0325083333,native
lythrum_virgatum_098.jpg,https://inaturalist-open-data.s3.amazonaws.com/photos/461633790/medium.jpg,cc-by-nc,257349713,research,53.1787866667,61.0325083333,native
lythrum_virgatum_099.jpg,https://inaturalist-open-data.s3.amazonaws.com/photos/461633831/medium.jpg,cc-by-nc,257349713,research,53.1787866667,61.0325083333,native
lythrum_virgatum_100.jpg,https://inaturalist-open-data.s3.amazonaws.com/photos/461633821/medium.jpg,cc-by-nc,257349713,research,53.1787866667,61.0325083333,native
lythrum_virgatum_101.jpg,https://inaturalist-open-data.s3.amazonaws.com/photos/461633814/medium.jpg,cc-by-nc,257349713,research,53.1787866667,61.0325083333,native
lythrum_virgatum_102.jpg,https://inaturalist-open-data.s3.amazonaws.com/photos/461633805/medium.jpg,cc-by-nc,257349713,research,53.1787866667,61.0325083333,native
lythrum_virgatum_103.jpg,https://inaturalist-open-data.s3.amazonaws.com/photos/461633847/medium.jpg,cc-by-nc,257349713,research,53.1787866667,61.0325083333,native
lythrum_virgatum_104.jpg,https://inaturalist-open-data.s3.amazonaws.com/photos/461588422/medium.jpg,cc-by-nc,257323525,research,53.5503,60.8639833333,native
lythrum_virgatum_105.jpg,https://inaturalist-open-data.s3.amazonaws.com/photos/461588434/medium.jpg,cc-by-nc,257323525,research,53.5503,60.8639833333,native
lythrum_virgatum_106.jpg,https://inaturalist-open-data.s3.amazonaws.com/photos/461588446/medium.jpg,cc-by-nc,257323525,research,53.5503,60.8639833333,native
lythrum_virgatum_107.jpg,https://inaturalist-open-data.s3.amazonaws.com/photos/461588456/medium.jpg,cc-by-nc,257323525,research,53.5503,60.8639833333,native
lythrum_virgatum_108.jpg,https://inaturalist-open-data.s3.amazonaws.com/photos/461588468/medium.jpg,cc-by-nc,257323525,research,53.5503,60.8639833333,native
lythrum_virgatum_109.jpg,https://inaturalist-open-data.s3.amazonaws.com/photos/461588483/medium.jpg,cc-by-nc,257323525,research,53.5503,60.8639833333,native
lythrum_virgatum_110.jpg,https://inaturalist-open-data.s3.amazonaws.com/photos/461588497/medium.jpg,cc-by-nc,257323525,research,53.5503,60.8639833333,native
lythrum_virgatum_111.jpg,https://inaturalist-open-data.s3.amazonaws.com/photos/461588514/medium.jpg,cc-by-nc,257323525,research,53.5503,60.8639833333,native
lythrum_virgatum_112.jpg,https://inaturalist-open-data.s3.amazonaws.com/photos/457012537/medium.jpg,cc-by-nc,255064812,research,55.0634682997,74.9362165997,native
lythrum_virgatum_113.jpeg,https://inaturalist-open-data.s3.amazonaws.com/photos/456591999/medium.jpeg,cc-by-nc,254856881,research,55.227,76.541,native
lythrum_virgatum_114.jpg,https://inaturalist-open-data.s3.amazonaws.com/photos/456331685/medium.jpg,cc-by-nc,254727739,research,55.2209732997,62.661825,native
lythrum_virgatum_115.jpg,https://inaturalist-open-data.s3.amazonaws.com/photos/455472498/medium.jpg,cc-by-nc,254301020,research,46.533224,48.091933,native
lythrum_virgatum_116.jpg,https://inaturalist-open-data.s3.amazonaws.com/photos/452369907/medium.jpg,cc-by,252687086,research,53.8148418332,51.3892299672,native
lythrum_virgatum_117.jpg,https://inaturalist-open-data.s3.amazonaws.com/photos/452369910/medium.jpg,cc-by,252687086,research,53.8148418332,51.3892299672,native
lythrum_virgatum_118.jpg,https://inaturalist-open-data.s3.amazonaws.com/photos/452369909/medium.jpg,cc-by,252687086,research,53.8148418332,51.3892299672,native
lythrum_virgatum_119.jpg,https://inaturalist-open-data.s3.amazonaws.com/photos/452265642/medium.jpg,cc-by-nc,252629942,casual,43.215432,76.918381,native
lythrum_virgatum_120.jpg,https://inaturalist-open-data.s3.amazonaws.com/photos/450130483/medium.jpg,cc-by,251563758,research,53.8198363817,51.3122015368,native
lythrum_virgatum_121.jpg,https://inaturalist-open-data.s3.amazonaws.com/photos/450130475/medium.jpg,cc-by,251563758,research,53.8198363817,51.3122015368,native
lythrum_virgatum_122.jpeg,https://inaturalist-open-data.s3.amazonaws.com/photos/448103040/medium.jpeg,cc-by-nc,250538233,research,52.0075366673,33.3239126692,native
lythrum_virgatum_123.jpg,https://inaturalist-open-data.s3.amazonaws.com/photos/446706084/medium.jpg,cc-by,249850239,research,53.8347899675,50.8707208533,native
lythrum_virgatum_124.jpg,https://inaturalist-open-data.s3.amazonaws.com/photos/446706094/medium.jpg,cc-by,249850239,research,53.8347899675,50.8707208533,native
lythrum_virgatum_125.jpg,https://inaturalist-open-data.s3.amazonaws.com/photos/446706098/medium.jpg,cc-by,249850239,research,53.8347899675,50.8707208533,native
lythrum_virgatum_126.jpg,https://inaturalist-open-data.s3.amazonaws.com/photos/444285355/medium.jpg,cc-by-nc,248635952,research,50.3280139385,30.5738124675,native
lythrum_virgatum_127.jpg,https://inaturalist-open-data.s3.amazonaws.com/photos/444301693/medium.jpg,cc-by-nc,248635952,research,50.3280139385,30.5738124675,native
lythrum_virgatum_128.jpg,https://inaturalist-open-data.s3.amazonaws.com/photos/444301713/medium.jpg,cc-by-nc,248635952,research,50.3280139385,30.5738124675,native
lythrum_virgatum_129.jpeg,https://inaturalist-open-data.s3.amazonaws.com/photos/442646522/medium.jpeg,cc-by-nc,247802846,research,44.6711965846,37.9024572282,native
lythrum_virgatum_130.jpeg,https://inaturalist-open-data.s3.amazonaws.com/photos/442646567/medium.jpeg,cc-by-nc,247802846,research,44.6711965846,37.9024572282,native
lythrum_virgatum_131.jpeg,https://inaturalist-open-data.s3.amazonaws.com/photos/442646569/medium.jpeg,cc-by-nc,247802846,research,44.6711965846,37.9024572282,native
lythrum_virgatum_132.jpeg,https://inaturalist-open-data.s3.amazonaws.com/photos/442646597/medium.jpeg,cc-by-nc,247802846,research,44.6711965846,37.9024572282,native
lythrum_virgatum_133.jpeg,https://inaturalist-open-data.s3.amazonaws.com/photos/442646678/medium.jpeg,cc-by-nc,247802846,research,44.6711965846,37.9024572282,native
lythrum_virgatum_134.jpeg,https://inaturalist-open-data.s3.amazonaws.com/photos/442646733/medium.jpeg,cc-by-nc,247802846,research,44.6711965846,37.9024572282,native
lythrum_virgatum_135.jpeg,https://inaturalist-open-data.s3.amazonaws.com/photos/442150478/medium.jpeg,cc-by-nc,247550944,casual,,,
lythrum_virgatum_136.jpeg,https://inaturalist-open-data.s3.amazonaws.com/photos/441641839/medium.jpeg,cc-by-nc,247292418,research,54.6410798646,39.7033791617,native
lythrum_virgatum_137.jpeg,https://inaturalist-open-data.s3.amazonaws.com/photos/441641857/medium.jpeg,cc-by-nc,247292418,research,54.6410798646,39.7033791617,native
lythrum_virgatum_138.jpg,https://inaturalist-open-data.s3.amazonaws.com/photos/440533452/medium.jpg,cc-by-nc,246733489,research,54.5654754444,82.7793121111,native
lythrum_virgatum_139.jpg,https://inaturalist-open-data.s3.amazonaws.com/photos/440533457/medium.jpg,cc-by-nc,246733489,research,54.5654754444,82.7793121111,native
lythrum_virgatum_140.jpeg,https://inaturalist-open-data.s3.amazonaws.com/photos/439431573/medium.jpeg,cc-by-nc,246187713,research,51.2027177296,43.7142632053,native
lythrum_virgatum_141.jpeg,https://inaturalist-open-data.s3.amazonaws.com/photos/436970805/medium.jpeg,cc-by-nc,244924088,research,46.2267189025,20.1658935544,native
lythrum_virgatum_142.jpeg,https://inaturalist-open-data.s3.amazonaws.com/photos/436719232/medium.jpeg,cc-by-nc,244803737,research,47.5523078395,20.960380412,native
lythrum_virgatum_143.jpeg,https://inaturalist-open-data.s3.amazonaws.com/photos/436719238/medium.jpeg,cc-by-nc,244803737,research,47.5523078395,20.960380412,native
lythrum_virgatum_144.jpeg,https://inaturalist-open-data.s3.amazonaws.com/photos/436073073/medium.jpeg,cc-by-nc,244465693,needs_id,55.3918691744,69.1619956121,native
lythrum_virgatum_145.jpeg,https://inaturalist-open-data.s3.amazonaws.com/photos/436073133/medium.jpeg,cc-by-nc,244465693,needs_id,55.3918691744,69.1619956121,native
lythrum_virgatum_146.jpeg,https://inaturalist-open-data.s3.amazonaws.com/photos/436073176/medium.jpeg,cc-by-nc,244465693,needs_id,55.3918691744,69.1619956121,native
lythrum_virgatum_147.jpeg,https://inaturalist-open-data.s3.amazonaws.com/photos/436073227/medium.jpeg,cc-by-nc,244465693,needs_id,55.3918691744,69.1619956121,native
lythrum_virgatum_148.jpeg,https://inaturalist-open-data.s3.amazonaws.com/photos/435733370/medium.jpeg,cc-by-nc,244280514,needs_id,45.7753,47.90732,native
lythrum_virgatum_149.jpg,https://inaturalist-open-data.s3.amazonaws.com/photos/435532889/medium.jpg,cc-by-nc,244203492,research,51.1097049722,30.889976,native
lythrum_virgatum_150.jpg,https://inaturalist-open-data.s3.amazonaws.com/photos/435532897/medium.jpg,cc-by-nc,244203492,research,51.1097049722,30.889976,native
lythrum_virgatum_151.jpeg,https://inaturalist-open-data.s3.amazonaws.com/photos/434674294/medium.jpeg,cc-by-nc,243742236,needs_id,50.37262,80.4935616667,native
lythrum_virgatum_152.jpeg,https://inaturalist-open-data.s3.amazonaws.com/photos/434673821/medium.jpeg,cc-by-nc,243742060,needs_id,50.3729583333,80.4931633333,native
lythrum_virgatum_153.jpeg,https://inaturalist-open-data.s3.amazonaws.com/photos/434671672/medium.jpeg,cc-by-nc,243740895,needs_id,50.3743583333,80.494355,native
lythrum_virgatum_154.jpg,https://inaturalist-open-data.s3.amazonaws.com/photos/434282170/medium.jpg,cc-by-nc,243539689,research,48.332929,16.874777,native
lythrum_virgatum_155.jpg,https://inaturalist-open-data.s3.amazonaws.com/photos/434282569/medium.jpg,cc-by-nc,243539689,research,48.332929,16.874777,native
lythrum_virgatum_156.jpg,https://inaturalist-open-data.s3.amazonaws.com/photos/434282629/medium.jpg,cc-by-nc,243539689,research,48.332929,16.874777,native
lythrum_virgatum_157.jpg,https://inaturalist-open-data.s3.amazonaws.com/photos/434282665/medium.jpg,cc-by-nc,243539689,research,48.332929,16.874777,native
lythrum_virgatum_158.jpg,https://inaturalist-open-data.s3.amazonaws.com/photos/434282698/medium.jpg,cc-by-nc,243539689,research,48.332929,16.874777,native
lythrum_virgatum_159.jpeg,https://inaturalist-open-data.s3.amazonaws.com/photos/433498019/medium.jpeg,cc-by-nc,243130873,research,47.5733985833,20.6092185833,native
lythrum_virgatum_160.jpeg,https://inaturalist-open-data.s3.amazonaws.com/photos/433394677/medium.jpeg,cc-by-nc,243072739,research,50.3753366667,80.4957966667,native
lythrum_virgatum_161.jpeg,https://inaturalist-open-data.s3.amazonaws.com/photos/433394732/medium.jpeg,cc-by-nc,243072739,research,50.3753366667,80.4957966667,native
lythrum_virgatum_162.jpg,https://inaturalist-open-data.s3.amazonaws.com/photos/432725506/medium.jpg,cc-by-nc,242721324,research,54.8345752036,73.3582320882,native
lythrum_virgatum_163.jpg,https://inaturalist-open-data.s3.amazonaws.com/photos/432726031/medium.jpg,cc-by-nc,242721324,research,54.8345752036,73.3582320882,native
lythrum_virgatum_164.jpeg,https://inaturalist-open-data.s3.amazonaws.com/photos/432726257/medium.jpeg,cc-by-nc,242721324,research,54.8345752036,73.3582320882,native
lythrum_virgatum_165.jpeg,https://inaturalist-open-data.s3.amazonaws.com/photos/432726307/medium.jpeg,cc-by-nc,242721324,research,54.8345752036,73.3582320882,native
lythrum_virgatum_166.jpeg,https://inaturalist-open-data.s3.amazonaws.com/photos/432726321/medium.jpeg,cc-by-nc,242721324,research,54.8345752036,73.3582320882,native
lythrum_virgatum_167.jpeg,https://inaturalist-open-data.s3.amazonaws.com/photos/432726357/medium.jpeg,cc-by-nc,242721324,research,54.8345752036,73.3582320882,native
lythrum_virgatum_168.jpg,https://inaturalist-open-data.s3.amazonaws.com/photos/432571168/medium.jpg,cc-by-nc,242635334,research,52.9791809722,45.9852899722,native
lythrum_virgatum_169.jpg,https://inaturalist-open-data.s3.amazonaws.com/photos/432571170/medium.jpg,cc-by-nc,242635334,research,52.9791809722,45.9852899722,native
lythrum_virgatum_170.jpg,https://inaturalist-open-data.s3.amazonaws.com/photos/432570905/medium.jpg,cc-by-nc,242635312,research,52.978811,45.984175,native
lythrum_virgatum_171.jpg,https://inaturalist-open-data.s3.amazonaws.com/photos/432570910/medium.jpg,cc-by-nc,242635312,research,52.978811,45.984175,native
lythrum_virgatum_172.jpg,https://inaturalist-open-data.s3.amazonaws.com/photos/432570922/medium.jpg,cc-by-nc,242635312,research,52.978811,45.984175,native
lythrum_virgatum_173.jpg,https://inaturalist-open-data.s3.amazonaws.com/photos/432570831/medium.jpg,cc-by-nc,242635305,research,52.97899,45.983809,native
lythrum_virgatum_174.jpg,https://inaturalist-open-data.s3.amazonaws.com/photos/432570845/medium.jpg,cc-by-nc,242635305,research,52.97899,45.983809,native
lythrum_virgatum_175.jpg,https://inaturalist-open-data.s3.amazonaws.com/photos/432570832/medium.jpg,cc-by-nc,242635305,research,52.97899,45.983809,native
lythrum_virgatum_176.jpg,https://inaturalist-open-data.s3.amazonaws.com/photos/432570826/medium.jpg,cc-by-nc,242635305,research,52.97899,45.983809,native
lythrum_virgatum_177.jpeg,https://inaturalist-open-data.s3.amazonaws.com/photos/432438844/medium.jpeg,cc-by-nc,242569694,research,55.5626277778,42.122775,native
lythrum_virgatum_178.jpeg,https://inaturalist-open-data.s3.amazonaws.com/photos/432438741/medium.jpeg,cc-by-nc,242569681,research,55.5630305556,42.1227194444,native
lythrum_virgatum_179.jpeg,https://inaturalist-open-data.s3.amazonaws.com/photos/432438756/medium.jpeg,cc-by-nc,242569681,research,55.5630305556,42.1227194444,native
lythrum_virgatum_180.jpg,https://inaturalist-open-data.s3.amazonaws.com/photos/431450183/medium.jpg,cc-by-nc,242035836,research,53.2437111111,59.4502083333,native
lythrum_virgatum_181.jpg,https://inaturalist-open-data.s3.amazonaws.com/photos/431450187/medium.jpg,cc-by-nc,242035836,research,53.2437111111,59.4502083333,native
lythrum_virgatum_182.jpg,https://inaturalist-open-data.s3.amazonaws.com/photos/430599095/medium.jpg,cc-by-nc,241593727,research,47.2729153521,39.3916971466,native
lythrum_virgatum_183.jpg,https://inaturalist-open-data.s3.amazonaws.com/photos/430599096/medium.jpg,cc-by-nc,241593727,research,47.2729153521,39.3916971466,native
lythrum_virgatum_184.jpg,https://inaturalist-open-data.s3.amazonaws.com/photos/430599098/medium.jpg,cc-by-nc,241593727,research,47.2729153521,39.3916971466,native
lythrum_virgatum_185.jpeg,https://inaturalist-open-data.s3.amazonaws.com/photos/430027281/medium.jpeg,cc-by-nc,241297569,research,54.6251948031,39.6359665319,native
lythrum_virgatum_186.jpeg,https://inaturalist-open-data.s3.amazonaws.com/photos/430027325/medium.jpeg,cc-by-nc,241297569,research,54.6251948031,39.6359665319,native
lythrum_virgatum_187.jpeg,https://inaturalist-open-data.s3.amazonaws.com/photos/430012522/medium.jpeg,cc-by-nc,241290420,research,53.1362283333,46.4503316667,native
lythrum_virgatum_188.jpeg,https://inaturalist-open-data.s3.amazonaws.com/photos/430012527/medium.jpeg,cc-by-nc,241290420,research,53.1362283333,46.4503316667,native
lythrum_virgatum_189.jpeg,https://inaturalist-open-data.s3.amazonaws.com/photos/429969687/medium.jpeg,cc-by-nc,241265646,research,46.8855065352,19.2246107385,native
lythrum_virgatum_190.jpeg,https://inaturalist-open-data.s3.amazonaws.com/photos/429969813/medium.jpeg,cc-by-nc,241265646,research,46.8855065352,19.2246107385,native
lythrum_virgatum_191.jpg,https://inaturalist-open-data.s3.amazonaws.com/photos/429579841/medium.jpg,cc-by-nc,241065256,research,53.3804138889,59.3083194444,native
lythrum_virgatum_192.jpg,https://inaturalist-open-data.s3.amazonaws.com/photos/429579844/medium.jpg,cc-by-nc,241065256,research,53.3804138889,59.3083194444,native
lythrum_virgatum_193.jpg,https://inaturalist-open-data.s3.amazonaws.com/photos/429579846/medium.jpg,cc-by-nc,241065256,research,53.3804138889,59.3083194444,native
lythrum_virgatum_194.jpeg,https://inaturalist-open-data.s3.amazonaws.com/photos/428976884/medium.jpeg,cc-by-nc,240752874,research,51.5671026637,38.0402645651,native
lythrum_virgatum_195.jpeg,https://inaturalist-open-data.s3.amazonaws.com/photos/428976930/medium.jpeg,cc-by-nc,240752874,research,51.5671026637,38.0402645651,native
lythrum_virgatum_196.jpeg,https://inaturalist-open-data.s3.amazonaws.com/photos/428976974/medium.jpeg,cc-by-nc,240752874,research,51.5671026637,38.0402645651,native
lythrum_virgatum_197.jpeg,https://inaturalist-open-data.s3.amazonaws.com/photos/428024286/medium.jpeg,cc-by-nc,240260127,research,53.5785417634,45.0759646515,native
lythrum_virgatum_198.jpeg,https://inaturalist-open-data.s3.amazonaws.com/photos/428024277/medium.jpeg,cc-by-nc,240260127,research,53.5785417634,45.0759646515,native
lythrum_virgatum_199.jpeg,https://inaturalist-open-data.s3.amazonaws.com/photos/428024273/medium.jpeg,cc-by-nc,240260127,research,53.5785417634,45.0759646515,native
lythrum_virgatum_200.jpeg,https://inaturalist-open-data.s3.amazonaws.com/photos/428024288/medium.jpeg,cc-by-nc,240260127,research,53.5785417634,45.0759646515,native
lythrum_virgatum_201.jpeg,https://inaturalist-open-data.s3.amazonaws.com/photos/427731649/medium.jpeg,cc-by-nc,240104291,needs_id,48.5783611111,2.4324694444,invasive
lythrum_virgatum_202.jpeg,https://inaturalist-open-data.s3.amazonaws.com/photos/427731670/medium.jpeg,cc-by-nc,240104291,needs_id,48.5783611111,2.4324694444,invasive
lythrum_virgatum_203.jpeg,https://inaturalist-open-data.s3.amazonaws.com/photos/427718483/medium.jpeg,cc-by-nc,240101038,research,52.7872851897,30.1348799308,native
lythrum_virgatum_204.jpeg,https://inaturalist-open-data.s3.amazonaws.com/photos/427530564/medium.jpeg,cc-by-nc,240002689,research,50.1963666551,72.7517484874,native
lythrum_virgatum_205.jpeg,https://inaturalist-open-data.s3.amazonaws.com/photos/427115677/medium.jpeg,cc-by-nc,239780095,research,51.69184214,29.92528714,native
lythrum_virgatum_206.jpeg,https://inaturalist-open-data.s3.amazonaws.com/photos/425992709/medium.jpeg,cc-by-nc,239209236,needs_id,45.3137416667,19.7223083333,native
lythrum_virgatum_207.jpeg,https://inaturalist-open-data.s3.amazonaws.com/photos/425853035/medium.jpeg,cc-by-nc,239136712,research,56.43718089,84.97073754,native
lythrum_virgatum_208.jpg,https://inaturalist-open-data.s3.amazonaws.com/photos/425785290/medium.jpg,cc-by-nc,239105473,needs_id,39.1500769199,-84.522803983,
lythrum_virgatum_209.jpg,https://inaturalist-open-data.s3.amazonaws.com/photos/425790849/medium.jpg,cc-by-nc,239105473,needs_id,39.1500769199,-84.522803983,
lythrum_virgatum_210.jpeg,https://inaturalist-open-data.s3.amazonaws.com/photos/425729705/medium.jpeg,cc-by-nc,239074456,research,46.1440056178,27.5827046111,native
lythrum_virgatum_211.jpeg,https://inaturalist-open-data.s3.amazonaws.com/photos/425730080/medium.jpeg,cc-by-nc,239074456,research,46.1440056178,27.5827046111,native
lythrum_virgatum_212.jpeg,https://inaturalist-open-data.s3.amazonaws.com/photos/425299892/medium.jpeg,cc-by-nc,238852837,research,48.7345155564,44.7088538811,native
lythrum_virgatum_213.jpg,https://inaturalist-open-data.s3.amazonaws.com/photos/425279460/medium.jpg,cc-by-nc,238843775,research,50.3217935297,30.5799228014,native
lythrum_virgatum_214.jpg,https://inaturalist-open-data.s3.amazonaws.com/photos/425282659/medium.jpg,cc-by-nc,238843775,research,50.3217935297,30.5799228014,native
lythrum_virgatum_215.jpg,https://inaturalist-open-data.s3.amazonaws.com/photos/425283005/medium.jpg,cc-by-nc,238843775,research,50.3217935297,30.5799228014,native
lythrum_virgatum_216.jpeg,https://inaturalist-open-data.s3.amazonaws.com/photos/425275733/medium.jpeg,cc-by-nc,238840499,research,51.091370949,71.4033825696,native
lythrum_virgatum_217.jpeg,https://inaturalist-open-data.s3.amazonaws.com/photos/425275849/medium.jpeg,cc-by-nc,238840499,research,51.091370949,71.4033825696,native
lythrum_virgatum_218.jpeg,https://inaturalist-open-data.s3.amazonaws.com/photos/425095531/medium.jpeg,cc-by-nc,238745470,research,52.7785822,79.7187254,native
lythrum_virgatum_219.jpg,https://inaturalist-open-data.s3.amazonaws.com/photos/424912287/medium.jpg,cc-by-nc,238654354,research,52.6279454972,44.3658787026,native
lythrum_virgatum_220.jpg,https://inaturalist-open-data.s3.amazonaws.com/photos/424912273/medium.jpg,cc-by-nc,238654354,research,52.6279454972,44.3658787026,native
lythrum_virgatum_221.jpg,https://inaturalist-open-data.s3.amazonaws.com/photos/424912278/medium.jpg,cc-by-nc,238654354,research,52.6279454972,44.3658787026,native
lythrum_virgatum_222.jpg,https://inaturalist-open-data.s3.amazonaws.com/photos/424912314/medium.jpg,cc-by-nc,238654354,research,52.6279454972,44.3658787026,native
lythrum_virgatum_223.jpeg,https://inaturalist-open-data.s3.amazonaws.com/photos/424824849/medium.jpeg,cc-by,238607870,research,47.2359169962,40.0443871692,native
lythrum_virgatum_224.jpeg,https://inaturalist-open-data.s3.amazonaws.com/photos/424824884/medium.jpeg,cc-by,238607870,research,47.2359169962,40.0443871692,native
lythrum_virgatum_225.jpeg,https://inaturalist-open-data.s3.amazonaws.com/photos/424727275/medium.jpeg,cc-by-nc,238556385,research,49.2427109722,16.5957129722,native
lythrum_virgatum_226.jpeg,https://inaturalist-open-data.s3.amazonaws.com/photos/424727289/medium.jpeg,cc-by-nc,238556385,research,49.2427109722,16.5957129722,native
lythrum_virgatum_227.jpeg,https://inaturalist-open-data.s3.amazonaws.com/photos/424464548/medium.jpeg,cc-by-nc,238419519,research,47.8213989722,46.648752,native
lythrum_virgatum_228.jpeg,https://inaturalist-open-data.s3.amazonaws.com/photos/424464588/medium.jpeg,cc-by-nc,238419519,research,47.8213989722,46.648752,native
lythrum_virgatum_229.jpeg,https://inaturalist-open-data.s3.amazonaws.com/photos/424214264/medium.jpeg,cc-by-nc,238291410,research,47.7296779722,46.798617,native
lythrum_virgatum_230.jpeg,https://inaturalist-open-data.s3.amazonaws.com/photos/424213432/medium.jpeg,cc-by-nc,238290938,research,47.729692,46.798619,native
lythrum_virgatum_231.jpeg,https://inaturalist-open-data.s3.amazonaws.com/photos/424160959/medium.jpeg,cc-by-nc,238262976,research,47.2153406162,39.780511111,native
lythrum_virgatum_232.jpeg,https://inaturalist-open-data.s3.amazonaws.com/photos/424161008/medium.jpeg,cc-by-nc,238262976,research,47.2153406162,39.780511111,native
lythrum_virgatum_233.jpeg,https://inaturalist-open-data.s3.amazonaws.com/photos/423740174/medium.jpeg,cc-by-nc,238046089,research,45.4229673948,40.7135595409,native
lythrum_virgatum_234.jpeg,https://inaturalist-open-data.s3.amazonaws.com/photos/423740157/medium.jpeg,cc-by-nc,238046089,research,45.4229673948,40.7135595409,native
lythrum_virgatum_235.jpeg,https://inaturalist-open-data.s3.amazonaws.com/photos/423740179/medium.jpeg,cc-by-nc,238046089,research,45.4229673948,40.7135595409,native
lythrum_virgatum_236.jpeg,https://inaturalist-open-data.s3.amazonaws.com/photos/423735991/medium.jpeg,cc-by-nc,238044132,research,54.7256166667,83.1135027778,native
lythrum_virgatum_237.jpeg,https://inaturalist-open-data.s3.amazonaws.com/photos/423735982/medium.jpeg,cc-by-nc,238044132,research,54.7256166667,83.1135027778,native
lythrum_virgatum_238.jpeg,https://inaturalist-open-data.s3.amazonaws.com/photos/423541895/medium.jpeg,cc-by-nc,237944472,research,50.2163998626,26.8347018957,native
lythrum_virgatum_239.jpeg,https://inaturalist-open-data.s3.amazonaws.com/photos/423541949/medium.jpeg,cc-by-nc,237944472,research,50.2163998626,26.8347018957,native
lythrum_virgatum_240.jpg,https://inaturalist-open-data.s3.amazonaws.com/photos/423327651/medium.jpg,cc-by-nc,237837294,research,52.6291746952,44.3563845155,native
lythrum_virgatum_241.jpg,https://inaturalist-open-data.s3.amazonaws.com/photos/423327655/medium.jpg,cc-by-nc,237837294,research,52.6291746952,44.3563845155,native
lythrum_virgatum_242.jpg,https://inaturalist-open-data.s3.amazonaws.com/photos/423327684/medium.jpg,cc-by-nc,237837294,research,52.6291746952,44.3563845155,native
lythrum_virgatum_243.jpeg,https://inaturalist-open-data.s3.amazonaws.com/photos/422947223/medium.jpeg,cc-by,237634276,research,52.626896,76.672391,native
lythrum_virgatum_244.jpeg,https://inaturalist-open-data.s3.amazonaws.com/photos/422947413/medium.jpeg,cc-by,237634276,research,52.626896,76.672391,native
lythrum_virgatum_245.jpeg,https://inaturalist-open-data.s3.amazonaws.com/photos/422516158/medium.jpeg,cc-by,237410090,research,47.2375075362,40.0325123593,native
lythrum_virgatum_246.jpeg,https://inaturalist-open-data.s3.amazonaws.com/photos/422516172/medium.jpeg,cc-by,237410090,research,47.2375075362,40.0325123593,native
lythrum_virgatum_247.jpeg,https://inaturalist-open-data.s3.amazonaws.com/photos/422516186/medium.jpeg,cc-by,237410090,research,47.2375075362,40.0325123593,native
lythrum_virgatum_248.jpeg,https://inaturalist-open-data.s3.amazonaws.com/photos/422516209/medium.jpeg,cc-by,237410090,research,47.2375075362,40.0325123593,native
lythrum_virgatum_249.jpeg,https://inaturalist-open-data.s3.amazonaws.com/photos/422425318/medium.jpeg,cc-by-nc,237368364,needs_id,48.1944429953,17.0673850368,native
lythrum_virgatum_250.jpeg,https://inaturalist-open-data.s3.amazonaws.com/photos/422425338/medium.jpeg,cc-by-nc,237368364,needs_id,48.1944429953,17.0673850368,native
lythrum_virgatum_251.jpg,https://inaturalist-open-data.s3.amazonaws.com/photos/422375170/medium.jpg,cc-by-nc,237343338,research,52.6510220019,44.3786242466,native
lythrum_virgatum_252.jpg,https://inaturalist-open-data.s3.amazonaws.com/photos/422375171/medium.jpg,cc-by-nc,237343338,research,52.6510220019,44.3786242466,native
lythrum_virgatum_253.jpg,https://inaturalist-open-data.s3.amazonaws.com/photos/422372127/medium.jpg,cc-by-nc,237339835,research,56.25132,44.1582916667,native
lythrum_virgatum_254.jpg,https://inaturalist-open-data.s3.amazonaws.com/photos/422350934/medium.jpg,cc-by-nc,237338469,research,52.6305539722,44.3568939722,native
lythrum_virgatum_255.jpg,https://inaturalist-open-data.s3.amazonaws.com/photos/422350947/medium.jpg,cc-by-nc,237338469,research,52.6305539722,44.3568939722,native
lythrum_virgatum_256.jpg,https://inaturalist-open-data.s3.amazonaws.com/photos/422350953/medium.jpg,cc-by-nc,237338469,research,52.6305539722,44.3568939722,native
lythrum_virgatum_257.jpeg,https://inaturalist-open-data.s3.amazonaws.com/photos/422314937/medium.jpeg,cc-by-nc,237308995,needs_id,48.8143782411,16.8007203285,native
lythrum_virgatum_258.jpeg,https://inaturalist-open-data.s3.amazonaws.com/photos/422315030/medium.jpeg,cc-by-nc,237308995,needs_id,48.8143782411,16.8007203285,native
lythrum_virgatum_259.jpeg,https://inaturalist-open-data.s3.amazonaws.com/photos/422274524/medium.jpeg,cc-by-nc,237288108,research,48.4659616667,22.1293983333,native
lythrum_virgatum_260.jpg,https://inaturalist-open-data.s3.amazonaws.com/photos/422209127/medium.jpg,cc-by-nc,237253047,research,55.2985534444,78.1591491667,native
lythrum_virgatum_261.jpeg,https://inaturalist-open-data.s3.amazonaws.com/photos/422180071/medium.jpeg,cc-by-nc,237238952,research,55.0053496541,46.5898287327,native
lythrum_virgatum_262.jpg,https://inaturalist-open-data.s3.amazonaws.com/photos/421995060/medium.jpg,cc-by-nc,237169024,research,52.6292299722,44.3616489722,native
lythrum_virgatum_263.jpg,https://inaturalist-open-data.s3.amazonaws.com/photos/421995066/medium.jpg,cc-by-nc,237169024,research,52.6292299722,44.3616489722,native
lythrum_virgatum_264.jpg,https://inaturalist-open-data.s3.amazonaws.com/photos/421995065/medium.jpg,cc-by-nc,237169024,research,52.6292299722,44.3616489722,native
lythrum_virgatum_265.jpg,https://inaturalist-open-data.s3.amazonaws.com/photos/421892108/medium.jpg,cc-by,237088153,research,55.3161716667,78.4077416667,native
lythrum_virgatum_266.jpeg,https://inaturalist-open-data.s3.amazonaws.com/photos/421849071/medium.jpeg,cc-by-nc,237065619,research,49.7264289722,31.5298213889,native
lythrum_virgatum_267.jpeg,https://inaturalist-open-data.s3.amazonaws.com/photos/421849079/medium.jpeg,cc-by-nc,237065619,research,49.7264289722,31.5298213889,native
lythrum_virgatum_268.jpeg,https://inaturalist-open-data.s3.amazonaws.com/photos/421849094/medium.jpeg,cc-by-nc,237065619,research,49.7264289722,31.5298213889,native
lythrum_virgatum_269.jpeg,https://inaturalist-open-data.s3.amazonaws.com/photos/421849110/medium.jpeg,cc-by-nc,237065619,research,49.7264289722,31.5298213889,native
lythrum_virgatum_270.jpeg,https://inaturalist-open-data.s3.amazonaws.com/photos/421849123/medium.jpeg,cc-by-nc,237065619,research,49.7264289722,31.5298213889,native
lythrum_virgatum_271.jpeg,https://inaturalist-open-data.s3.amazonaws.com/photos/421625725/medium.jpeg,cc-by-nc,236952382,research,47.6623435068,20.7782640341,native
lythrum_virgatum_272.jpeg,https://inaturalist-open-data.s3.amazonaws.com/photos/421634681/medium.jpeg,cc-by-nc,236952382,research,47.6623435068,20.7782640341,native
lythrum_virgatum_273.jpeg,https://inaturalist-open-data.s3.amazonaws.com/photos/421591656/medium.jpeg,cc-by-nc,236932784,research,48.4745433333,22.12438,native
lythrum_virgatum_274.jpeg,https://inaturalist-open-data.s3.amazonaws.com/photos/421591703/medium.jpeg,cc-by-nc,236932784,research,48.4745433333,22.12438,native
lythrum_virgatum_275.jpg,https://inaturalist-open-data.s3.amazonaws.com/photos/421450938/medium.jpg,cc-by-nc,236857996,research,54.7971277778,61.2119666667,native
lythrum_virgatum_276.jpg,https://inaturalist-open-data.s3.amazonaws.com/photos/421450943/medium.jpg,cc-by-nc,236857996,research,54.7971277778,61.2119666667,native
lythrum_virgatum_277.jpg,https://inaturalist-open-data.s3.amazonaws.com/photos/421450940/medium.jpg,cc-by-nc,236857996,research,54.7971277778,61.2119666667,native
lythrum_virgatum_278.jpg,https://inaturalist-open-data.s3.amazonaws.com/photos/421441851/medium.jpg,cc-by-nc,236853666,research,54.8387972222,61.2603111111,native
lythrum_virgatum_279.jpg,https://inaturalist-open-data.s3.amazonaws.com/photos/421441856/medium.jpg,cc-by-nc,236853666,research,54.8387972222,61.2603111111,native
lythrum_virgatum_280.jpg,https://inaturalist-open-data.s3.amazonaws.com/photos/421441858/medium.jpg,cc-by-nc,236853666,research,54.8387972222,61.2603111111,native
lythrum_virgatum_281.jpg,https://inaturalist-open-data.s3.amazonaws.com/photos/421113993/medium.jpg,cc-by-nc,236686066,research,54.6770277778,61.3182305556,native
lythrum_virgatum_282.jpg,https://inaturalist-open-data.s3.amazonaws.com/photos/421113992/medium.jpg,cc-by-nc,236686066,research,54.6770277778,61.3182305556,native
lythrum_virgatum_283.jpg,https://inaturalist-open-data.s3.amazonaws.com/photos/421113995/medium.jpg,cc-by-nc,236686066,research,54.6770277778,61.3182305556,native
lythrum_virgatum_284.jpeg,https://inaturalist-open-data.s3.amazonaws.com/photos/421105651/medium.jpeg,cc-by-nc,236680915,research,53.2976011,33.9944406806,
lythrum_virgatum_285.jpeg,https://inaturalist-open-data.s3.amazonaws.com/photos/421105707/medium.jpeg,cc-by-nc,236680915,research,53.2976011,33.9944406806,
lythrum_virgatum_286.jpeg,https://inaturalist-open-data.s3.amazonaws.com/photos/421091031/medium.jpeg,cc-by-nc,236674182,research,52.6400267443,44.4884256742,native
lythrum_virgatum_287.jpeg,https://inaturalist-open-data.s3.amazonaws.com/photos/421091028/medium.jpeg,cc-by-nc,236674182,research,52.6400267443,44.4884256742,native
lythrum_virgatum_288.jpeg,https://inaturalist-open-data.s3.amazonaws.com/photos/421091018/medium.jpeg,cc-by-nc,236674182,research,52.6400267443,44.4884256742,native
lythrum_virgatum_289.jpg,https://inaturalist-open-data.s3.amazonaws.com/photos/421087235/medium.jpg,cc0,236672282,research,52.65636825,44.3858604167,native
lythrum_virgatum_290.jpg,https://inaturalist-open-data.s3.amazonaws.com/photos/421087226/medium.jpg,cc0,236672282,research,52.65636825,44.3858604167,native
lythrum_virgatum_291.jpg,https://inaturalist-open-data.s3.amazonaws.com/photos/421087243/medium.jpg,cc0,236672282,research,52.65636825,44.3858604167,native
lythrum_virgatum_292.jpg,https://inaturalist-open-data.s3.amazonaws.com/photos/421071474/medium.jpg,cc0,236664102,research,52.6291236667,44.3612861389,native
lythrum_virgatum_293.jpg,https://inaturalist-open-data.s3.amazonaws.com/photos/421071494/medium.jpg,cc0,236664102,research,52.6291236667,44.3612861389,native
lythrum_virgatum_294.jpeg,https://inaturalist-open-data.s3.amazonaws.com/photos/421065854/medium.jpeg,cc-by-nc,236660838,research,56.2469853997,44.1813703997,native
lythrum_virgatum_295.jpeg,https://inaturalist-open-data.s3.amazonaws.com/photos/421065869/medium.jpeg,cc-by-nc,236660838,research,56.2469853997,44.1813703997,native
lythrum_virgatum_296.jpeg,https://inaturalist-open-data.s3.amazonaws.com/photos/421066171/medium.jpeg,cc-by-nc,236660838,research,56.2469853997,44.1813703997,native
lythrum_virgatum_297.jpeg,https://inaturalist-open-data.s3.amazonaws.com/photos/421065752/medium.jpeg,cc-by-nc,236660796,research,56.2470246,44.1812296,native
lythrum_virgatum_298.jpeg,https://inaturalist-open-data.s3.amazonaws.com/photos/420885206/medium.jpeg,cc-by-nc,236576994,research,52.6306147338,44.3551872522,native
lythrum_virgatum_299.jpeg,https://inaturalist-open-data.s3.amazonaws.com/photos/420885250/medium.jpeg,cc-by-nc,236576994,research,52.6306147338,44.3551872522,native
lythrum_virgatum_300.jpeg,https://inaturalist-open-data.s3.amazonaws.com/photos/420884862/medium.jpeg,cc-by-nc,236576965,research,52.6301588997,44.3564157602,native
lythrum_virgatum_301.jpeg,https://inaturalist-open-data.s3.amazonaws.com/photos/420884915/medium.jpeg,cc-by-nc,236576965,research,52.6301588997,44.3564157602,native
lythrum_virgatum_302.jpeg,https://inaturalist-open-data.s3.amazonaws.com/photos/420881246/medium.jpeg,cc-by-nc,236576870,research,52.6308889206,44.35929447,native
lythrum_virgatum_303.jpeg,https://inaturalist-open-data.s3.amazonaws.com/photos/420881231/medium.jpeg,cc-by-nc,236576870,research,52.6308889206,44.35929447,native
lythrum_virgatum_304.jpeg,https://inaturalist-open-data.s3.amazonaws.com/photos/420881293/medium.jpeg,cc-by-nc,236576870,research,52.6308889206,44.35929447,native
lythrum_virgatum_305.jpeg,https://inaturalist-open-data.s3.amazonaws.com/photos/420721972/medium.jpeg,cc-by-nc,236483195,research,52.6508274269,44.3776563448,native
lythrum_virgatum_306.jpeg,https://inaturalist-open-data.s3.amazonaws.com/photos/420721977/medium.jpeg,cc-by-nc,236483195,research,52.6508274269,44.3776563448,native
lythrum_virgatum_307.jpeg,https://inaturalist-open-data.s3.amazonaws.com/photos/420721975/medium.jpeg,cc-by-nc,236483195,research,52.6508274269,44.3776563448,native
lythrum_virgatum_308.jpeg,https://inaturalist-open-data.s3.amazonaws.com/photos/420682734/medium.jpeg,cc-by-nc,236470978,research,52.6289234367,44.3617078219,native
lythrum_virgatum_309.jpeg,https://inaturalist-open-data.s3.amazonaws.com/photos/420682742/medium.jpeg,cc-by-nc,236470978,research,52.6289234367,44.3617078219,native
lythrum_virgatum_310.jpeg,https://inaturalist-open-data.s3.amazonaws.com/photos/420682726/medium.jpeg,cc-by-nc,236470978,research,52.6289234367,44.3617078219,native
lythrum_virgatum_311.jpg,https://inaturalist-open-data.s3.amazonaws.com/photos/420680216/medium.jpg,cc-by-nc,236460582,research,53.6953880689,73.6628746844,native
lythrum_virgatum_312.jpg,https://inaturalist-open-data.s3.amazonaws.com/photos/420680264/medium.jpg,cc-by-nc,236460582,research,53.6953880689,73.6628746844,native
lythrum_virgatum_313.jpg,https://inaturalist-open-data.s3.amazonaws.com/photos/420680261/medium.jpg,cc-by-nc,236460582,research,53.6953880689,73.6628746844,native
lythrum_virgatum_314.jpg,https://inaturalist-open-data.s3.amazonaws.com/photos/420680256/medium.jpg,cc-by-nc,236460582,research,53.6953880689,73.6628746844,native
lythrum_virgatum_315.jpeg,https://inaturalist-open-data.s3.amazonaws.com/photos/420663188/medium.jpeg,cc-by-nc,236450293,research,57.1938226693,65.4876589881,native
lythrum_virgatum_316.jpeg,https://inaturalist-open-data.s3.amazonaws.com/photos/420663192/medium.jpeg,cc-by-nc,236450293,research,57.1938226693,65.4876589881,native
lythrum_virgatum_317.jpeg,https://inaturalist-open-data.s3.amazonaws.com/photos/420663238/medium.jpeg,cc-by-nc,236450293,research,57.1938226693,65.4876589881,native
lythrum_virgatum_318.jpeg,https://inaturalist-open-data.s3.amazonaws.com/photos/420663062/medium.jpeg,cc-by-nc,236450289,research,57.1938762073,65.487816595,native
lythrum_virgatum_319.jpeg,https://inaturalist-open-data.s3.amazonaws.com/photos/420663072/medium.jpeg,cc-by-nc,236450289,research,57.1938762073,65.487816595,native
lythrum_virgatum_320.jpeg,https://inaturalist-open-data.s3.amazonaws.com/photos/420663101/medium.jpeg,cc-by-nc,236450289,research,57.1938762073,65.487816595,native
lythrum_virgatum_321.jpeg,https://inaturalist-open-data.s3.amazonaws.com/photos/420359978/medium.jpeg,cc-by-nc,236296588,research,53.4196696728,83.4697377534,native
lythrum_virgatum_322.jpeg,https://inaturalist-open-data.s3.amazonaws.com/photos/420280955/medium.jpeg,cc-by-nc,236248761,research,47.8814195702,16.8520954438,native
lythrum_virgatum_323.jpeg,https://inaturalist-open-data.s3.amazonaws.com/photos/420280895/medium.jpeg,cc-by-nc,236248761,research,47.8814195702,16.8520954438,native
lythrum_virgatum_324.jpeg,https://inaturalist-open-data.s3.amazonaws.com/photos/420281012/medium.jpeg,cc-by-nc,236248761,research,47.8814195702,16.8520954438,native
lythrum_virgatum_325.jpeg,https://inaturalist-open-data.s3.amazonaws.com/photos/420263694/medium.jpeg,cc-by-nc,236239711,research,52.2391183333,76.9408233333,native
lythrum_virgatum_326.jpeg,https://inaturalist-open-data.s3.amazonaws.com/photos/420263707/medium.jpeg,cc-by-nc,236239711,research,52.2391183333,76.9408233333,native
lythrum_virgatum_327.jpeg,https://inaturalist-open-data.s3.amazonaws.com/photos/420263733/medium.jpeg,cc-by-nc,236239711,research,52.2391183333,76.9408233333,native
lythrum_virgatum_328.jpeg,https://inaturalist-open-data.s3.amazonaws.com/photos/419908022/medium.jpeg,cc-by-nc,236055135,research,54.3764416667,71.7378,native
lythrum_virgatum_329.jpeg,https://inaturalist-open-data.s3.amazonaws.com/photos/419908032/medium.jpeg,cc-by-nc,236055135,research,54.3764416667,71.7378,native
lythrum_virgatum_330.jpeg,https://inaturalist-open-data.s3.amazonaws.com/photos/419879845/medium.jpeg,cc-by-nc,236041690,research,48.488095,22.5091383333,native
lythrum_virgatum_331.jpeg,https://inaturalist-open-data.s3.amazonaws.com/photos/419879861/medium.jpeg,cc-by-nc,236041690,research,48.488095,22.5091383333,native
lythrum_virgatum_332.jpeg,https://inaturalist-open-data.s3.amazonaws.com/photos/419603403/medium.jpeg,cc-by-nc,235900729,research,52.24315,76.9453433333,native
lythrum_virgatum_333.jpeg,https://inaturalist-open-data.s3.amazonaws.com/photos/419603439/medium.jpeg,cc-by-nc,235900729,research,52.24315,76.9453433333,native
lythrum_virgatum_334.jpg,https://inaturalist-open-data.s3.amazonaws.com/photos/419318112/medium.jpg,cc-by,235755794,research,50.5533404,42.6674622997,native
lythrum_virgatum_335.jpeg,https://inaturalist-open-data.s3.amazonaws.com/photos/419230542/medium.jpeg,cc-by-nc,235708368,research,52.51741115,81.21858861,native
lythrum_virgatum_336.jpeg,https://inaturalist-open-data.s3.amazonaws.com/photos/419208810/medium.jpeg,cc-by-nc,235699350,research,56.3610499383,44.0297071636,native
lythrum_virgatum_337.jpeg,https://inaturalist-open-data.s3.amazonaws.com/photos/419187139/medium.jpeg,cc-by-nc,235685058,research,51.1712817,30.94266055,native
lythrum_virgatum_338.jpeg,https://inaturalist-open-data.s3.amazonaws.com/photos/419130446/medium.jpeg,cc-by-nc,235655615,research,52.60631578,81.31461523,native
lythrum_virgatum_339.jpeg,https://inaturalist-open-data.s3.amazonaws.com/photos/418975243/medium.jpeg,cc-by-nc,235575908,research,52.9772891161,45.9857359763,native
lythrum_virgatum_340.jpeg,https://inaturalist-open-data.s3.amazonaws.com/photos/418975239/medium.jpeg,cc-by-nc,235575908,research,52.9772891161,45.9857359763,native
lythrum_virgatum_341.jpeg,https://inaturalist-open-data.s3.amazonaws.com/photos/418845433/medium.jpeg,cc-by-nc,235504382,research,47.9718933103,20.7253227233,native
lythrum_virgatum_342.jpeg,https://inaturalist-open-data.s3.amazonaws.com/photos/418845455/medium.jpeg,cc-by-nc,235504382,research,47.9718933103,20.7253227233,native
lythrum_virgatum_343.jpeg,https://inaturalist-open-data.s3.amazonaws.com/photos/418407242/medium.jpeg,cc-by-nc,235279673,research,55.376468713,86.0604015738,native
lythrum_virgatum_344.jpeg,https://inaturalist-open-data.s3.amazonaws.com/photos/418407275/medium.jpeg,cc-by-nc,235279673,research,55.376468713,86.0604015738,native
lythrum_virgatum_345.jpeg,https://inaturalist-open-data.s3.amazonaws.com/photos/418407305/medium.jpeg,cc-by-nc,235279673,research,55.376468713,86.0604015738,native
lythrum_virgatum_346.jpeg,https://inaturalist-open-data.s3.amazonaws.com/photos/418182615/medium.jpeg,cc-by-nc,235165598,research,53.5958879778,44.9933075532,native
lythrum_virgatum_347.jpeg,https://inaturalist-open-data.s3.amazonaws.com/photos/418049746/medium.jpeg,cc-by-nc,235095309,needs_id,50.5128540776,30.5390578508,native
lythrum_virgatum_348.jpeg,https://inaturalist-open-data.s3.amazonaws.com/photos/417920374/medium.jpeg,cc-by-nc,235034886,research,53.5782247547,45.0765575999,native
lythrum_virgatum_349.jpeg,https://inaturalist-open-data.s3.amazonaws.com/photos/417920379/medium.jpeg,cc-by-nc,235034886,research,53.5782247547,45.0765575999,native
lythrum_virgatum_350.jpeg,https://inaturalist-open-data.s3.amazonaws.com/photos/417920384/medium.jpeg,cc-by-nc,235034886,research,53.5782247547,45.0765575999,native
lythrum_virgatum_351.jpeg,https://inaturalist-open-data.s3.amazonaws.com/photos/417919667/medium.jpeg,cc-by-nc,235034870,research,53.5782981203,45.0765175292,native
lythrum_virgatum_352.jpeg,https://inaturalist-open-data.s3.amazonaws.com/photos/417919745/medium.jpeg,cc-by-nc,235034870,research,53.5782981203,45.0765175292,native
lythrum_virgatum_353.jpeg,https://inaturalist-open-data.s3.amazonaws.com/photos/417919756/medium.jpeg,cc-by-nc,235034870,research,53.5782981203,45.0765175292,native
lythrum_virgatum_354.jpeg,https://inaturalist-open-data.s3.amazonaws.com/photos/417919827/medium.jpeg,cc-by-nc,235034870,research,53.5782981203,45.0765175292,native
lythrum_virgatum_355.jpeg,https://inaturalist-open-data.s3.amazonaws.com/photos/417920128/medium.jpeg,cc-by-nc,235034870,research,53.5782981203,45.0765175292,native
lythrum_virgatum_356.jpeg,https://inaturalist-open-data.s3.amazonaws.com/photos/417920267/medium.jpeg,cc-by-nc,235034870,research,53.5782981203,45.0765175292,native
lythrum_virgatum_357.jpg,https://inaturalist-open-data.s3.amazonaws.com/photos/417929706/medium.jpg,cc0,235033513,research,53.5782394167,45.0764808611,native
lythrum_virgatum_358.jpg,https://inaturalist-open-data.s3.amazonaws.com/photos/417929709/medium.jpg,cc0,235033513,research,53.5782394167,45.0764808611,native
lythrum_virgatum_359.jpg,https://inaturalist-open-data.s3.amazonaws.com/photos/417929703/medium.jpg,cc0,235033513,research,53.5782394167,45.0764808611,native
lythrum_virgatum_360.jpg,https://inaturalist-open-data.s3.amazonaws.com/photos/417929723/medium.jpg,cc0,235033513,research,53.5782394167,45.0764808611,native
lythrum_virgatum_361.jpg,https://inaturalist-open-data.s3.amazonaws.com/photos/417929729/medium.jpg,cc0,235033513,research,53.5782394167,45.0764808611,native
lythrum_virgatum_362.jpeg,https://inaturalist-open-data.s3.amazonaws.com/photos/417900578/medium.jpeg,cc-by-nc,235018809,research,53.3186859997,81.4922165,native
lythrum_virgatum_363.jpeg,https://inaturalist-open-data.s3.amazonaws.com/photos/417900605/medium.jpeg,cc-by-nc,235018809,research,53.3186859997,81.4922165,native
lythrum_virgatum_364.jpeg,https://inaturalist-open-data.s3.amazonaws.com/photos/417775159/medium.jpeg,cc0,234955187,research,51.5225389546,43.0779370666,native
lythrum_virgatum_365.jpeg,https://inaturalist-open-data.s3.amazonaws.com/photos/417775199/medium.jpeg,cc0,234955187,research,51.5225389546,43.0779370666,native
lythrum_virgatum_366.jpeg,https://inaturalist-open-data.s3.amazonaws.com/photos/417657052/medium.jpeg,cc-by-nc,234892601,research,47.5361632434,17.24146083,native
lythrum_virgatum_367.jpeg,https://inaturalist-open-data.s3.amazonaws.com/photos/417657174/medium.jpeg,cc-by-nc,234892601,research,47.5361632434,17.24146083,native
lythrum_virgatum_368.jpeg,https://inaturalist-open-data.s3.amazonaws.com/photos/417657251/medium.jpeg,cc-by-nc,234892601,research,47.5361632434,17.24146083,native
lythrum_virgatum_369.jpeg,https://inaturalist-open-data.s3.amazonaws.com/photos/417657316/medium.jpeg,cc-by-nc,234892601,research,47.5361632434,17.24146083,native
lythrum_virgatum_370.jpeg,https://inaturalist-open-data.s3.amazonaws.com/photos/417657381/medium.jpeg,cc-by-nc,234892601,research,47.5361632434,17.24146083,native
lythrum_virgatum_371.jpeg,https://inaturalist-open-data.s3.amazonaws.com/photos/417657453/medium.jpeg,cc-by-nc,234892601,research,47.5361632434,17.24146083,native
lythrum_virgatum_372.jpeg,https://inaturalist-open-data.s3.amazonaws.com/photos/417506953/medium.jpeg,cc-by-nc,234814443,research,52.9131992,81.96325016,native
lythrum_virgatum_373.jpeg,https://inaturalist-open-data.s3.amazonaws.com/photos/417158158/medium.jpeg,cc-by-nc,234636023,research,53.24509313,79.96184464,native
lythrum_virgatum_374.jpg,https://inaturalist-open-data.s3.amazonaws.com/photos/417071040/medium.jpg,cc-by-nc,234594074,research,50.9127599722,29.6554439722,native
lythrum_virgatum_375.jpg,https://inaturalist-open-data.s3.amazonaws.com/photos/417071042/medium.jpg,cc-by-nc,234594074,research,50.9127599722,29.6554439722,native
lythrum_virgatum_376.jpg,https://inaturalist-open-data.s3.amazonaws.com/photos/417070772/medium.jpg,cc-by-nc,234594060,research,50.912928,29.6554259722,native
lythrum_virgatum_377.jpg,https://inaturalist-open-data.s3.amazonaws.com/photos/417070787/medium.jpg,cc-by-nc,234594060,research,50.912928,29.6554259722,native
lythrum_virgatum_378.jpg,https://inaturalist-open-data.s3.amazonaws.com/photos/417070779/medium.jpg,cc-by-nc,234594060,research,50.912928,29.6554259722,native
lythrum_virgatum_379.jpg,https://inaturalist-open-data.s3.amazonaws.com/photos/417070883/medium.jpg,cc-by-nc,234594060,research,50.912928,29.6554259722,native
lythrum_virgatum_380.jpeg,https://inaturalist-open-data.s3.amazonaws.com/photos/416841643/medium.jpeg,cc-by-nc,234472233,casual,,,
lythrum_virgatum_381.jpg,https://inaturalist-open-data.s3.amazonaws.com/photos/416657482/medium.jpg,cc-by-nc,234385650,research,54.460471124,72.9681000184,native
lythrum_virgatum_382.jpg,https://inaturalist-open-data.s3.amazonaws.com/photos/416645877/medium.jpg,cc-by-nc,234379317,research,54.47386179,72.9304592909,native
lythrum_virgatum_383.jpg,https://inaturalist-open-data.s3.amazonaws.com/photos/416645871/medium.jpg,cc-by-nc,234379317,research,54.47386179,72.9304592909,native
lythrum_virgatum_384.jpg,https://inaturalist-open-data.s3.amazonaws.com/photos/416346645/medium.jpg,cc-by-nc,234352624,research,55.9756572329,42.9504121138,native
lythrum_virgatum_385.jpg,https://inaturalist-open-data.s3.amazonaws.com/photos/416346639/medium.jpg,cc-by-nc,234352624,research,55.9756572329,42.9504121138,native
lythrum_virgatum_386.jpg,https://inaturalist-open-data.s3.amazonaws.com/photos/416346644/medium.jpg,cc-by-nc,234352624,research,55.9756572329,42.9504121138,native
lythrum_virgatum_387.jpeg,https://inaturalist-open-data.s3.amazonaws.com/photos/416555907/medium.jpeg,cc-by-nc,234329513,research,52.947168547,80.8226655352,native
lythrum_virgatum_388.jpeg,https://inaturalist-open-data.s3.amazonaws.com/photos/416555931/medium.jpeg,cc-by-nc,234329513,research,52.947168547,80.8226655352,native
lythrum_virgatum_389.jpeg,https://inaturalist-open-data.s3.amazonaws.com/photos/416555942/medium.jpeg,cc-by-nc,234329513,research,52.947168547,80.8226655352,native
lythrum_virgatum_390.jpeg,https://inaturalist-open-data.s3.amazonaws.com/photos/416553264/medium.jpeg,cc-by,234325854,research,55.9139351,69.5254439,native
lythrum_virgatum_391.jpeg,https://inaturalist-open-data.s3.amazonaws.com/photos/416553297/medium.jpeg,cc-by,234325854,research,55.9139351,69.5254439,native
lythrum_virgatum_392.jpeg,https://inaturalist-open-data.s3.amazonaws.com/photos/416553332/medium.jpeg,cc-by,234325854,research,55.9139351,69.5254439,native
lythrum_virgatum_393.jpeg,https://inaturalist-open-data.s3.amazonaws.com/photos/416553378/medium.jpeg,cc-by,234325854,research,55.9139351,69.5254439,native
lythrum_virgatum_394.jpeg,https://inaturalist-open-data.s3.amazonaws.com/photos/416553406/medium.jpeg,cc-by,234325854,research,55.9139351,69.5254439,native
lythrum_virgatum_395.jpeg,https://inaturalist-open-data.s3.amazonaws.com/photos/416249636/medium.jpeg,cc-by-nc,234189057,research,53.263335,83.8781866667,native
lythrum_virgatum_396.jpeg,https://inaturalist-open-data.s3.amazonaws.com/photos/416250995/medium.jpeg,cc-by-nc,234189057,research,53.263335,83.8781866667,native
lythrum_virgatum_397.jpg,https://inaturalist-open-data.s3.amazonaws.com/photos/416225105/medium.jpg,cc-by-nc,234159053,research,53.217765,34.380215,
lythrum_virgatum_398.jpg,https://inaturalist-open-data.s3.amazonaws.com/photos/416225044/medium.jpg,cc-by-nc,234159050,research,53.2177783333,34.380395,
lythrum_virgatum_399.jpeg,https://inaturalist-open-data.s3.amazonaws.com/photos/416154725/medium.jpeg,cc-by-nc,234116641,needs_id,47.0850528544,20.9379800409,native
lythrum_virgatum_400.jpeg,https://inaturalist-open-data.s3.amazonaws.com/photos/416154751/medium.jpeg,cc-by-nc,234116641,needs_id,47.0850528544,20.9379800409,native
lythrum_virgatum_401.jpeg,https://inaturalist-open-data.s3.amazonaws.com/photos/415891833/medium.jpeg,cc-by-nc,233989655,research,52.7081291877,43.7316060032,native
lythrum_virgatum_402.jpeg,https://inaturalist-open-data.s3.amazonaws.com/photos/415891835/medium.jpeg,cc-by-nc,233989655,research,52.7081291877,43.7316060032,native
lythrum_virgatum_403.jpeg,https://inaturalist-open-data.s3.amazonaws.com/photos/415890790/medium.jpeg,cc-by-nc,233989639,research,52.7071250151,43.7289252842,native
lythrum_virgatum_404.jpeg,https://inaturalist-open-data.s3.amazonaws.com/photos/415397200/medium.jpeg,cc-by-nc,233720595,research,53.17922,87.30677,native
lythrum_virgatum_405.jpeg,https://inaturalist-open-data.s3.amazonaws.com/photos/415397260/medium.jpeg,cc-by-nc,233720595,research,53.17922,87.30677,native
lythrum_virgatum_406.jpeg,https://inaturalist-open-data.s3.amazonaws.com/photos/415358588/medium.jpeg,cc-by-nc,233699337,research,48.6488133333,22.3239333333,native
lythrum_virgatum_407.jpeg,https://inaturalist-open-data.s3.amazonaws.com/photos/415358645/medium.jpeg,cc-by-nc,233699337,research,48.6488133333,22.3239333333,native
lythrum_virgatum_408.jpeg,https://inaturalist-open-data.s3.amazonaws.com/photos/415358681/medium.jpeg,cc-by-nc,233699337,research,48.6488133333,22.3239333333,native
lythrum_virgatum_409.jpeg,https://inaturalist-open-data.s3.amazonaws.com/photos/415358709/medium.jpeg,cc-by-nc,233699337,research,48.6488133333,22.3239333333,native
lythrum_virgatum_410.jpeg,https://inaturalist-open-data.s3.amazonaws.com/photos/415358752/medium.jpeg,cc-by-nc,233699337,research,48.6488133333,22.3239333333,native
lythrum_virgatum_411.jpeg,https://inaturalist-open-data.s3.amazonaws.com/photos/415274181/medium.jpeg,cc-by-nc,233654844,research,47.3031633333,20.93044,native
lythrum_virgatum_412.jpeg,https://inaturalist-open-data.s3.amazonaws.com/photos/415048134/medium.jpeg,cc-by-nc,233538945,needs_id,47.0303668378,8.3076059928,
lythrum_virgatum_413.jpeg,https://inaturalist-open-data.s3.amazonaws.com/photos/414917026/medium.jpeg,cc-by-nc,233466554,needs_id,51.4731203674,31.3158292696,native
lythrum_virgatum_414.jpeg,https://inaturalist-open-data.s3.amazonaws.com/photos/414917048/medium.jpeg,cc-by-nc,233466554,needs_id,51.4731203674,31.3158292696,native
lythrum_virgatum_415.jpeg,https://inaturalist-open-data.s3.amazonaws.com/photos/414883491/medium.jpeg,cc-by-nc,233446803,research,55.3753525708,86.0666031763,native
lythrum_virgatum_416.jpeg,https://inaturalist-open-data.s3.amazonaws.com/photos/414882992/medium.jpeg,cc-by-nc,233446803,research,55.3753525708,86.0666031763,native
lythrum_virgatum_417.jpeg,https://inaturalist-open-data.s3.amazonaws.com/photos/414856517/medium.jpeg,cc-by-nc,233433307,research,51.6099347934,39.4872761455,native
lythrum_virgatum_418.jpeg,https://inaturalist-open-data.s3.amazonaws.com/photos/414615742/medium.jpeg,cc-by-nc,233308394,research,53.443145,50.0842138333,native
lythrum_virgatum_419.jpeg,https://inaturalist-open-data.s3.amazonaws.com/photos/414528389/medium.jpeg,cc-by-nc,233260106,research,52.7653896389,30.1171893056,native
lythrum_virgatum_420.jpeg,https://inaturalist-open-data.s3.amazonaws.com/photos/414527107/medium.jpeg,cc-by-nc,233259367,research,56.5988345,84.8694014997,native
lythrum_virgatum_421.jpeg,https://inaturalist-open-data.s3.amazonaws.com/photos/414199917/medium.jpeg,cc-by-nc,233089876,research,46.4768476003,48.1867650524,native
lythrum_virgatum_422.jpeg,https://inaturalist-open-data.s3.amazonaws.com/photos/419670364/medium.jpeg,cc-by-nc,233050449,research,51.6912988,40.9570679,native
lythrum_virgatum_423.jpeg,https://inaturalist-open-data.s3.amazonaws.com/photos/419670422/medium.jpeg,cc-by-nc,233050449,research,51.6912988,40.9570679,native
lythrum_virgatum_424.jpeg,https://inaturalist-open-data.s3.amazonaws.com/photos/419670508/medium.jpeg,cc-by-nc,233050449,research,51.6912988,40.9570679,native
lythrum_virgatum_425.jpeg,https://inaturalist-open-data.s3.amazonaws.com/photos/413975663/medium.jpeg,cc-by-nc,232973362,research,56.105325,44.472255,native
lythrum_virgatum_426.jpeg,https://inaturalist-open-data.s3.amazonaws.com/photos/413975697/medium.jpeg,cc-by-nc,232973362,research,56.105325,44.472255,native
lythrum_virgatum_427.jpeg,https://inaturalist-open-data.s3.amazonaws.com/photos/413751696/medium.jpeg,cc-by-nc,232854574,needs_id,45.3341563997,11.1291592997,native
lythrum_virgatum_428.jpg,https://inaturalist-open-data.s3.amazonaws.com/photos/413710435/medium.jpg,cc-by-nc,232838358,research,52.9788263486,45.9839297729,native
lythrum_virgatum_429.jpg,https://inaturalist-open-data.s3.amazonaws.com/photos/413710437/medium.jpg,cc-by-nc,232838358,research,52.9788263486,45.9839297729,native
lythrum_virgatum_430.jpg,https://inaturalist-open-data.s3.amazonaws.com/photos/413710445/medium.jpg,cc-by-nc,232838358,research,52.9788263486,45.9839297729,native
lythrum_virgatum_431.jpeg,https://inaturalist-open-data.s3.amazonaws.com/photos/413710703/medium.jpeg,cc-by-nc,232838358,research,52.9788263486,45.9839297729,native
lythrum_virgatum_432.jpg,https://inaturalist-open-data.s3.amazonaws.com/photos/413373154/medium.jpg,cc-by-nc,232658707,research,48.299732549,17.2527161979,native
lythrum_virgatum_433.jpg,https://inaturalist-open-data.s3.amazonaws.com/photos/413373731/medium.jpg,cc-by-nc,232658707,research,48.299732549,17.2527161979,native
lythrum_virgatum_434.jpg,https://inaturalist-open-data.s3.amazonaws.com/photos/413343339/medium.jpg,cc-by-nc,232643987,research,55.0579910278,61.5224800108,native
lythrum_virgatum_435.jpg,https://inaturalist-open-data.s3.amazonaws.com/photos/413403586/medium.jpg,cc-by-nc,232643987,research,55.0579910278,61.5224800108,native
lythrum_virgatum_436.jpg,https://inaturalist-open-data.s3.amazonaws.com/photos/413403947/medium.jpg,cc-by-nc,232643987,research,55.0579910278,61.5224800108,native
lythrum_virgatum_437.jpg,https://inaturalist-open-data.s3.amazonaws.com/photos/413177283/medium.jpg,cc-by-nc,232557459,research,56.072548,69.563358,native
lythrum_virgatum_438.jpg,https://inaturalist-open-data.s3.amazonaws.com/photos/413177240/medium.jpg,cc-by-nc,232557459,research,56.072548,69.563358,native
lythrum_virgatum_439.jpg,https://inaturalist-open-data.s3.amazonaws.com/photos/413138629/medium.jpg,cc-by-nc,232537935,research,50.5678241306,30.516678519,native
lythrum_virgatum_440.jpeg,https://inaturalist-open-data.s3.amazonaws.com/photos/414689581/medium.jpeg,cc-by-nc,232468983,needs_id,50.3462184873,3.9068639092,
lythrum_virgatum_441.jpeg,https://inaturalist-open-data.s3.amazonaws.com/photos/412978973/medium.jpeg,cc-by,232452424,needs_id,48.28434942,72.27090185,native
lythrum_virgatum_442.jpeg,https://inaturalist-open-data.s3.amazonaws.com/photos/412969709/medium.jpeg,cc-by-nc,232450336,research,52.9789377807,45.9846190729,native
lythrum_virgatum_443.jpeg,https://inaturalist-open-data.s3.amazonaws.com/photos/412969704/medium.jpeg,cc-by-nc,232450336,research,52.9789377807,45.9846190729,native
lythrum_virgatum_444.jpeg,https://inaturalist-open-data.s3.amazonaws.com/photos/412969738/medium.jpeg,cc-by-nc,232450336,research,52.9789377807,45.9846190729,native
lythrum_virgatum_445.jpeg,https://inaturalist-open-data.s3.amazonaws.com/photos/412969860/medium.jpeg,cc-by-nc,232450336,research,52.9789377807,45.9846190729,native
lythrum_virgatum_446.jpeg,https://inaturalist-open-data.s3.amazonaws.com/photos/412969861/medium.jpeg,cc-by-nc,232450336,research,52.9789377807,45.9846190729,native
lythrum_virgatum_447.jpg,https://inaturalist-open-data.s3.amazonaws.com/photos/412950085/medium.jpg,cc-by-nc,232438221,research,52.9769072398,45.9824658884,native
lythrum_virgatum_448.jpg,https://inaturalist-open-data.s3.amazonaws.com/photos/412950093/medium.jpg,cc-by-nc,232438221,research,52.9769072398,45.9824658884,native
lythrum_virgatum_449.jpg,https://inaturalist-open-data.s3.amazonaws.com/photos/412950094/medium.jpg,cc-by-nc,232438221,research,52.9769072398,45.9824658884,native
lythrum_virgatum_450.jpg,https://inaturalist-open-data.s3.amazonaws.com/photos/412950102/medium.jpg,cc-by-nc,232438221,research,52.9769072398,45.9824658884,native
lythrum_virgatum_451.jpg,https://inaturalist-open-data.s3.amazonaws.com/photos/412950117/medium.jpg,cc-by-nc,232438221,research,52.9769072398,45.9824658884,native
lythrum_virgatum_452.jpeg,https://inaturalist-open-data.s3.amazonaws.com/photos/412935292/medium.jpeg,cc-by,232431305,research,48.2838816667,72.2712033333,native
lythrum_virgatum_453.jpg,https://inaturalist-open-data.s3.amazonaws.com/photos/412714476/medium.jpg,cc-by-nc,232315069,research,52.834781,52.297057,native
lythrum_virgatum_454.jpg,https://inaturalist-open-data.s3.amazonaws.com/photos/412715482/medium.jpg,cc-by-nc,232315069,research,52.834781,52.297057,native
lythrum_virgatum_455.jpg,https://inaturalist-open-data.s3.amazonaws.com/photos/412715498/medium.jpg,cc-by-nc,232315069,research,52.834781,52.297057,native
lythrum_virgatum_456.jpg,https://inaturalist-open-data.s3.amazonaws.com/photos/412715527/medium.jpg,cc-by-nc,232315069,research,52.834781,52.297057,native
lythrum_virgatum_457.jpeg,https://inaturalist-open-data.s3.amazonaws.com/photos/412587300/medium.jpeg,cc-by,232245676,needs_id,51.566083826,32.740467824,native
lythrum_virgatum_458.jpeg,https://inaturalist-open-data.s3.amazonaws.com/photos/412587353/medium.jpeg,cc-by,232245676,needs_id,51.566083826,32.740467824,native
lythrum_virgatum_459.jpeg,https://inaturalist-open-data.s3.amazonaws.com/photos/412513242/medium.jpeg,cc-by,232206852,research,48.1443034,16.7008231,native
lythrum_virgatum_460.jpeg,https://inaturalist-open-data.s3.amazonaws.com/photos/412502167/medium.jpeg,cc-by-nc,232201443,research,46.9877183333,21.1801152778,native
lythrum_virgatum_461.jpeg,https://inaturalist-open-data.s3.amazonaws.com/photos/412502197/medium.jpeg,cc-by-nc,232201443,research,46.9877183333,21.1801152778,native
lythrum_virgatum_462.jpg,https://inaturalist-open-data.s3.amazonaws.com/photos/412214749/medium.jpg,cc-by-nc,232052613,research,48.3583068611,21.6931953333,native
lythrum_virgatum_463.jpeg,https://inaturalist-open-data.s3.amazonaws.com/photos/412154632/medium.jpeg,cc-by-nc,232018250,research,53.46930259,49.97639893,native
lythrum_virgatum_464.jpeg,https://inaturalist-open-data.s3.amazonaws.com/photos/412154691/medium.jpeg,cc-by-nc,232018250,research,53.46930259,49.97639893,native
lythrum_virgatum_465.jpeg,https://inaturalist-open-data.s3.amazonaws.com/photos/412116094/medium.jpeg,cc-by-nc,231996943,needs_id,41.7276539789,-0.8121531084,
lythrum_virgatum_466.jpeg,https://inaturalist-open-data.s3.amazonaws.com/photos/412116106/medium.jpeg,cc-by-nc,231996943,needs_id,41.7276539789,-0.8121531084,
lythrum_virgatum_467.jpeg,https://inaturalist-open-data.s3.amazonaws.com/photos/412116122/medium.jpeg,cc-by-nc,231996943,needs_id,41.7276539789,-0.8121531084,
lythrum_virgatum_468.jpeg,https://inaturalist-open-data.s3.amazonaws.com/photos/412082764/medium.jpeg,cc-by-nc,231978985,research,51.36274349,82.2002278,native
lythrum_virgatum_469.jpeg,https://inaturalist-open-data.s3.amazonaws.com/photos/412082782/medium.jpeg,cc-by-nc,231978985,research,51.36274349,82.2002278,native
lythrum_virgatum_470.jpeg,https://inaturalist-open-data.s3.amazonaws.com/photos/412066726/medium.jpeg,cc-by-nc,231972923,research,56.3240358128,44.0574670917,native
lythrum_virgatum_471.jpeg,https://inaturalist-open-data.s3.amazonaws.com/photos/412066720/medium.jpeg,cc-by-nc,231972923,research,56.3240358128,44.0574670917,native
lythrum_virgatum_472.jpeg,https://inaturalist-open-data.s3.amazonaws.com/photos/412066724/medium.jpeg,cc-by-nc,231972923,research,56.3240358128,44.0574670917,native
lythrum_virgatum_473.jpeg,https://inaturalist-open-data.s3.amazonaws.com/photos/411755662/medium.jpeg,cc-by-nc,231805467,needs_id,48.0747348815,21.3826721068,native
lythrum_virgatum_474.jpeg,https://inaturalist-open-data.s3.amazonaws.com/photos/412019928/medium.jpeg,cc-by-nc,231797162,research,51.76553322,82.14480703,native
lythrum_virgatum_475.jpeg,https://inaturalist-open-data.s3.amazonaws.com/photos/412020016/medium.jpeg,cc-by-nc,231797162,research,51.76553322,82.14480703,native
lythrum_virgatum_476.jpeg,https://inaturalist-open-data.s3.amazonaws.com/photos/412085495/medium.jpeg,cc-by-nc,231797162,research,51.76553322,82.14480703,native
lythrum_virgatum_477.jpeg,https://inaturalist-open-data.s3.amazonaws.com/photos/412085511/medium.jpeg,cc-by-nc,231797162,research,51.76553322,82.14480703,native
lythrum_virgatum_478.jpg,https://inaturalist-open-data.s3.amazonaws.com/photos/411374653/medium.jpg,cc-by-nc,231604124,research,55.0577316283,61.5070648192,native
lythrum_virgatum_479.jpg,https://inaturalist-open-data.s3.amazonaws.com/photos/411375532/medium.jpg,cc-by-nc,231604124,research,55.0577316283,61.5070648192,native
lythrum_virgatum_480.jpg,https://inaturalist-open-data.s3.amazonaws.com/photos/411439780/medium.jpg,cc-by-nc,231604124,research,55.0577316283,61.5070648192,native
lythrum_virgatum_481.jpeg,https://inaturalist-open-data.s3.amazonaws.com/photos/411082736/medium.jpeg,cc-by-nc,231453382,research,56.0887333333,69.45153,native
lythrum_virgatum_482.jpeg,https://inaturalist-open-data.s3.amazonaws.com/photos/411082792/medium.jpeg,cc-by-nc,231453382,research,56.0887333333,69.45153,native
lythrum_virgatum_483.jpeg,https://inaturalist-open-data.s3.amazonaws.com/photos/411082838/medium.jpeg,cc-by-nc,231453382,research,56.0887333333,69.45153,native
lythrum_virgatum_484.jpeg,https://inaturalist-open-data.s3.amazonaws.com/photos/410955908/medium.jpeg,cc-by-nc,231385056,research,53.4538864169,85.6480325944,native
lythrum_virgatum_485.jpeg,https://inaturalist-open-data.s3.amazonaws.com/photos/410944498/medium.jpeg,cc-by-nc,231378050,research,47.134555,21.1792830556,native
lythrum_virgatum_486.jpeg,https://inaturalist-open-data.s3.amazonaws.com/photos/410944544/medium.jpeg,cc-by-nc,231378050,research,47.134555,21.1792830556,native
lythrum_virgatum_487.jpeg,https://inaturalist-open-data.s3.amazonaws.com/photos/410944585/medium.jpeg,cc-by-nc,231378050,research,47.134555,21.1792830556,native
lythrum_virgatum_488.jpeg,https://inaturalist-open-data.s3.amazonaws.com/photos/410938936/medium.jpeg,cc-by-nc,231374912,research,54.9404078862,41.2298315205,native
lythrum_virgatum_489.jpeg,https://inaturalist-open-data.s3.amazonaws.com/photos/410928689/medium.jpeg,cc-by-nc,231370833,research,54.6243990234,39.7999680205,native
lythrum_virgatum_490.jpeg,https://inaturalist-open-data.s3.amazonaws.com/photos/410906122/medium.jpeg,cc-by-nc,231357563,research,46.9859516667,21.1709805556,native
lythrum_virgatum_491.jpg,https://inaturalist-open-data.s3.amazonaws.com/photos/410564676/medium.jpg,cc-by-nc,231181223,research,50.5587217803,30.5527810673,native
lythrum_virgatum_492.jpg,https://inaturalist-open-data.s3.amazonaws.com/photos/410564673/medium.jpg,cc-by-nc,231181223,research,50.5587217803,30.5527810673,native
lythrum_virgatum_493.jpg,https://inaturalist-open-data.s3.amazonaws.com/photos/410564735/medium.jpg,cc-by-nc,231181223,research,50.5587217803,30.5527810673,native
lythrum_virgatum_494.jpg,https://inaturalist-open-data.s3.amazonaws.com/photos/410564725/medium.jpg,cc-by-nc,231181223,research,50.5587217803,30.5527810673,native
lythrum_virgatum_495.jpeg,https://inaturalist-open-data.s3.amazonaws.com/photos/410276055/medium.jpeg,cc-by-nc,231030256,research,52.0716388333,27.8442383333,native
lythrum_virgatum_496.jpeg,https://inaturalist-open-data.s3.amazonaws.com/photos/410259214/medium.jpeg,cc-by-nc,231021038,research,52.0708888333,27.839675,native
lythrum_virgatum_497.jpg,https://inaturalist-open-data.s3.amazonaws.com/photos/410228390/medium.jpg,cc-by-nc,231011227,research,54.4933062022,72.9794703898,native
lythrum_virgatum_498.jpg,https://inaturalist-open-data.s3.amazonaws.com/photos/410228389/medium.jpg,cc-by-nc,231011227,research,54.4933062022,72.9794703898,native
lythrum_virgatum_499.jpeg,https://inaturalist-open-data.s3.amazonaws.com/photos/410233726/medium.jpeg,cc-by-nc,230964502,research,47.4330970087,21.0433109757,native
lythrum_virgatum_500.jpeg,https://inaturalist-open-data.s3.amazonaws.com/photos/410233772/medium.jpeg,cc-by-nc,230964502,research,47.4330970087,21.0433109757,native
lythrum_virgatum_501.jpeg,https://inaturalist-open-data.s3.amazonaws.com/photos/409913929/medium.jpeg,cc-by-nc,230839514,research,55.1543601997,41.7224714,native
lythrum_virgatum_502.jpeg,https://inaturalist-open-data.s3.amazonaws.com/photos/409914085/medium.jpeg,cc-by-nc,230839514,research,55.1543601997,41.7224714,native
lythrum_virgatum_503.jpeg,https://inaturalist-open-data.s3.amazonaws.com/photos/409768086/medium.jpeg,cc-by,230760198,research,48.6356072466,44.463189934,native
lythrum_virgatum_504.jpeg,https://inaturalist-open-data.s3.amazonaws.com/photos/409719697/medium.jpeg,cc-by-nc,230733023,research,54.6410751257,39.7678113463,native
lythrum_virgatum_505.jpeg,https://inaturalist-open-data.s3.amazonaws.com/photos/409679071/medium.jpeg,cc-by-nc,230710482,research,47.5765959034,21.1551462673,native
lythrum_virgatum_506.jpeg,https://inaturalist-open-data.s3.amazonaws.com/photos/409679095/medium.jpeg,cc-by-nc,230710482,research,47.5765959034,21.1551462673,native
lythrum_virgatum_507.jpeg,https://inaturalist-open-data.s3.amazonaws.com/photos/409668924/medium.jpeg,cc-by-nc,230704478,research,55.220475,72.8608616,native
lythrum_virgatum_508.jpeg,https://inaturalist-open-data.s3.amazonaws.com/photos/409668946/medium.jpeg,cc-by-nc,230704478,research,55.220475,72.8608616,native
lythrum_virgatum_509.jpeg,https://inaturalist-open-data.s3.amazonaws.com/photos/409668968/medium.jpeg,cc-by-nc,230704478,research,55.220475,72.8608616,native
lythrum_virgatum_510.jpeg,https://inaturalist-open-data.s3.amazonaws.com/photos/409668994/medium.jpeg,cc-by-nc,230704478,research,55.220475,72.8608616,native
lythrum_virgatum_511.jpg,https://inaturalist-open-data.s3.amazonaws.com/photos/408806641/medium.jpg,cc-by-nc,230249152,research,50.3426203386,30.5753016075,native
lythrum_virgatum_512.jpg,https://inaturalist-open-data.s3.amazonaws.com/photos/408806627/medium.jpg,cc-by-nc,230249152,research,50.3426203386,30.5753016075,native
lythrum_virgatum_513.jpg,https://inaturalist-open-data.s3.amazonaws.com/photos/408806623/medium.jpg,cc-by-nc,230249152,research,50.3426203386,30.5753016075,native
lythrum_virgatum_514.jpg,https://inaturalist-open-data.s3.amazonaws.com/photos/408806628/medium.jpg,cc-by-nc,230249152,research,50.3426203386,30.5753016075,native
lythrum_virgatum_515.jpg,https://inaturalist-open-data.s3.amazonaws.com/photos/408528895/medium.jpg,cc-by-nc,230106102,research,53.8077169387,73.6743446074,native
lythrum_virgatum_516.jpg,https://inaturalist-open-data.s3.amazonaws.com/photos/408528919/medium.jpg,cc-by-nc,230106102,research,53.8077169387,73.6743446074,native
lythrum_virgatum_517.jpg,https://inaturalist-open-data.s3.amazonaws.com/photos/408528917/medium.jpg,cc-by-nc,230106102,research,53.8077169387,73.6743446074,native
lythrum_virgatum_518.jpg,https://inaturalist-open-data.s3.amazonaws.com/photos/408527804/medium.jpg,cc-by-nc,230101712,research,53.7879387788,73.797176875,native
lythrum_virgatum_519.jpg,https://inaturalist-open-data.s3.amazonaws.com/photos/408527757/medium.jpg,cc-by-nc,230101712,research,53.7879387788,73.797176875,native
lythrum_virgatum_520.jpg,https://inaturalist-open-data.s3.amazonaws.com/photos/408527764/medium.jpg,cc-by-nc,230101712,research,53.7879387788,73.797176875,native
lythrum_virgatum_521.jpeg,https://inaturalist-open-data.s3.amazonaws.com/photos/408193312/medium.jpeg,cc-by-nc,229928061,research,50.809521738,30.7281012759,native
lythrum_virgatum_522.jpeg,https://inaturalist-open-data.s3.amazonaws.com/photos/407877094/medium.jpeg,cc-by-nc,229760848,research,52.98362,32.3575866667,native
lythrum_virgatum_523.jpeg,https://inaturalist-open-data.s3.amazonaws.com/photos/407875655/medium.jpeg,cc-by-nc,229760297,research,48.080975,19.404175,native
lythrum_virgatum_524.jpeg,https://inaturalist-open-data.s3.amazonaws.com/photos/407792359/medium.jpeg,cc-by-nc,229717941,research,51.1708333333,36.2728638889,native
lythrum_virgatum_525.jpeg,https://inaturalist-open-data.s3.amazonaws.com/photos/407792321/medium.jpeg,cc-by-nc,229717941,research,51.1708333333,36.2728638889,native
lythrum_virgatum_526.jpeg,https://inaturalist-open-data.s3.amazonaws.com/photos/407792317/medium.jpeg,cc-by-nc,229717941,research,51.1708333333,36.2728638889,native
lythrum_virgatum_527.jpeg,https://inaturalist-open-data.s3.amazonaws.com/photos/407792322/medium.jpeg,cc-by-nc,229717941,research,51.1708333333,36.2728638889,native
lythrum_virgatum_528.jpeg,https://inaturalist-open-data.s3.amazonaws.com/photos/407792266/medium.jpeg,cc-by-nc,229717941,research,51.1708333333,36.2728638889,native
lythrum_virgatum_529.jpeg,https://inaturalist-open-data.s3.amazonaws.com/photos/407792263/medium.jpeg,cc-by-nc,229717941,research,51.1708333333,36.2728638889,native
lythrum_virgatum_530.jpeg,https://inaturalist-open-data.s3.amazonaws.com/photos/407792275/medium.jpeg,cc-by-nc,229717941,research,51.1708333333,36.2728638889,native
lythrum_virgatum_531.jpeg,https://inaturalist-open-data.s3.amazonaws.com/photos/407376124/medium.jpeg,cc-by-nc,229496438,research,55.6928988021,66.9551989418,native
lythrum_virgatum_532.jpeg,https://inaturalist-open-data.s3.amazonaws.com/photos/407376863/medium.jpeg,cc-by-nc,229496438,research,55.6928988021,66.9551989418,native
lythrum_virgatum_533.jpeg,https://inaturalist-open-data.s3.amazonaws.com/photos/407376867/medium.jpeg,cc-by-nc,229496438,research,55.6928988021,66.9551989418,native
lythrum_virgatum_534.jpeg,https://inaturalist-open-data.s3.amazonaws.com/photos/407338373/medium.jpeg,cc-by-nc,229475035,research,47.55397,46.7618116667,native
lythrum_virgatum_535.jpeg,https://inaturalist-open-data.s3.amazonaws.com/photos/407336368/medium.jpeg,cc-by-nc,229473868,research,47.5452033333,46.7661533333,native
lythrum_virgatum_536.jpeg,https://inaturalist-open-data.s3.amazonaws.com/photos/407092616/medium.jpeg,cc-by-nc,229347871,research,48.434983315,21.8138093911,native
lythrum_virgatum_537.jpeg,https://inaturalist-open-data.s3.amazonaws.com/photos/407092636/medium.jpeg,cc-by-nc,229347871,research,48.434983315,21.8138093911,native
lythrum_virgatum_538.jpeg,https://inaturalist-open-data.s3.amazonaws.com/photos/407092631/medium.jpeg,cc-by-nc,229347871,research,48.434983315,21.8138093911,native
lythrum_virgatum_539.jpeg,https://inaturalist-open-data.s3.amazonaws.com/photos/407092652/medium.jpeg,cc-by-nc,229347871,research,48.434983315,21.8138093911,native
lythrum_virgatum_540.jpg,https://inaturalist-open-data.s3.amazonaws.com/photos/407005735/medium.jpg,cc-by-nc,229302136,research,54.3874171998,40.3291316861,native
lythrum_virgatum_541.jpeg,https://inaturalist-open-data.s3.amazonaws.com/photos/406945136/medium.jpeg,cc-by-nc,229267900,research,55.3436965833,73.1330184722,native
lythrum_virgatum_542.jpeg,https://inaturalist-open-data.s3.amazonaws.com/photos/406945197/medium.jpeg,cc-by-nc,229267900,research,55.3436965833,73.1330184722,native
lythrum_virgatum_543.jpeg,https://inaturalist-open-data.s3.amazonaws.com/photos/406945245/medium.jpeg,cc-by-nc,229267900,research,55.3436965833,73.1330184722,native
lythrum_virgatum_544.jpeg,https://inaturalist-open-data.s3.amazonaws.com/photos/406945295/medium.jpeg,cc-by-nc,229267900,research,55.3436965833,73.1330184722,native
lythrum_virgatum_545.jpeg,https://inaturalist-open-data.s3.amazonaws.com/photos/406945350/medium.jpeg,cc-by-nc,229267900,research,55.3436965833,73.1330184722,native
lythrum_virgatum_546.jpeg,https://inaturalist-open-data.s3.amazonaws.com/photos/406945394/medium.jpeg,cc-by-nc,229267900,research,55.3436965833,73.1330184722,native
lythrum_virgatum_547.jpeg,https://inaturalist-open-data.s3.amazonaws.com/photos/406945429/medium.jpeg,cc-by-nc,229267900,research,55.3436965833,73.1330184722,native
lythrum_virgatum_548.jpeg,https://inaturalist-open-data.s3.amazonaws.com/photos/406593759/medium.jpeg,cc-by-nc,229080808,research,51.2231533333,37.5910116667,native
lythrum_virgatum_549.jpeg,https://inaturalist-open-data.s3.amazonaws.com/photos/406593841/medium.jpeg,cc-by-nc,229080808,research,51.2231533333,37.5910116667,native
lythrum_virgatum_550.jpeg,https://inaturalist-open-data.s3.amazonaws.com/photos/406593364/medium.jpeg,cc-by-nc,229080607,research,51.2231416667,37.5910033333,native
lythrum_virgatum_551.jpeg,https://inaturalist-open-data.s3.amazonaws.com/photos/406593469/medium.jpeg,cc-by-nc,229080607,research,51.2231416667,37.5910033333,native
lythrum_virgatum_552.jpeg,https://inaturalist-open-data.s3.amazonaws.com/photos/406507451/medium.jpeg,cc-by-nc,229033809,research,48.0606117222,19.1955966944,native
lythrum_virgatum_553.jpeg,https://inaturalist-open-data.s3.amazonaws.com/photos/406507530/medium.jpeg,cc-by-nc,229033809,research,48.0606117222,19.1955966944,native
lythrum_virgatum_554.jpg,https://inaturalist-open-data.s3.amazonaws.com/photos/406247374/medium.jpg,cc-by-nc,228909127,research,53.8239231301,40.7070914845,native
lythrum_virgatum_555.jpg,https://inaturalist-open-data.s3.amazonaws.com/photos/406247028/medium.jpg,cc-by-nc,228909127,research,53.8239231301,40.7070914845,native
lythrum_virgatum_556.jpeg,https://inaturalist-open-data.s3.amazonaws.com/photos/406015012/medium.jpeg,cc-by,228773717,needs_id,47.5773,20.9825,native
lythrum_virgatum_557.jpeg,https://inaturalist-open-data.s3.amazonaws.com/photos/405281259/medium.jpeg,cc-by-nc,228387737,research,52.8453329,40.8226891,native
lythrum_virgatum_558.jpg,https://inaturalist-open-data.s3.amazonaws.com/photos/405072322/medium.jpg,cc-by-nc,228280546,research,57.2374283333,65.429025,native
lythrum_virgatum_559.jpg,https://inaturalist-open-data.s3.amazonaws.com/photos/405072362/medium.jpg,cc-by-nc,228280546,research,57.2374283333,65.429025,native
lythrum_virgatum_560.jpg,https://inaturalist-open-data.s3.amazonaws.com/photos/405063457/medium.jpg,cc-by-nc,228276105,research,46.2571380089,20.0721213438,native
lythrum_virgatum_561.jpg,https://inaturalist-open-data.s3.amazonaws.com/photos/405063501/medium.jpg,cc-by-nc,228276105,research,46.2571380089,20.0721213438,native
lythrum_virgatum_562.jpg,https://inaturalist-open-data.s3.amazonaws.com/photos/404988325/medium.jpg,cc-by,228234227,research,46.3843816443,20.2798920213,native
lythrum_virgatum_563.jpg,https://inaturalist-open-data.s3.amazonaws.com/photos/404677690/medium.jpg,cc-by-nc,228071246,research,53.0875055,34.1359361667,
lythrum_virgatum_564.jpg,https://inaturalist-open-data.s3.amazonaws.com/photos/404636354/medium.jpg,cc-by-nc,228049222,research,47.889158,18.761544,native
lythrum_virgatum_565.jpeg,https://inaturalist-open-data.s3.amazonaws.com/photos/404602829/medium.jpeg,cc-by-nc,228031031,needs_id,50.1822153521,30.3255177644,native
lythrum_virgatum_566.jpeg,https://inaturalist-open-data.s3.amazonaws.com/photos/404538386/medium.jpeg,cc-by-nc,227996002,research,55.2348518333,49.2160568056,native
lythrum_virgatum_567.jpeg,https://inaturalist-open-data.s3.amazonaws.com/photos/404538442/medium.jpeg,cc-by-nc,227996002,research,55.2348518333,49.2160568056,native
lythrum_virgatum_568.jpeg,https://inaturalist-open-data.s3.amazonaws.com/photos/404538499/medium.jpeg,cc-by-nc,227996002,research,55.2348518333,49.2160568056,native
lythrum_virgatum_569.jpg,https://inaturalist-open-data.s3.amazonaws.com/photos/404521622/medium.jpg,cc-by-nc,227987593,research,54.8265133333,39.8230133333,native
lythrum_virgatum_570.jpg,https://inaturalist-open-data.s3.amazonaws.com/photos/404521659/medium.jpg,cc-by-nc,227987593,research,54.8265133333,39.8230133333,native
lythrum_virgatum_571.jpeg,https://inaturalist-open-data.s3.amazonaws.com/photos/404515736/medium.jpeg,cc0,227984771,research,51.5650369629,43.1382539123,native
lythrum_virgatum_572.jpeg,https://inaturalist-open-data.s3.amazonaws.com/photos/404515779/medium.jpeg,cc0,227984771,research,51.5650369629,43.1382539123,native
lythrum_virgatum_573.jpeg,https://inaturalist-open-data.s3.amazonaws.com/photos/404513895/medium.jpeg,cc0,227983875,research,51.5639709009,43.1376795843,native
lythrum_virgatum_574.jpeg,https://inaturalist-open-data.s3.amazonaws.com/photos/404513913/medium.jpeg,cc0,227983875,research,51.5639709009,43.1376795843,native
lythrum_virgatum_575.jpeg,https://inaturalist-open-data.s3.amazonaws.com/photos/404508453/medium.jpeg,cc0,227981024,research,51.5653331215,43.1471762806,native
lythrum_virgatum_576.jpeg,https://inaturalist-open-data.s3.amazonaws.com/photos/404507251/medium.jpeg,cc0,227980523,research,51.5651886897,43.1485234201,native
lythrum_virgatum_577.jpeg,https://inaturalist-open-data.s3.amazonaws.com/photos/404507280/medium.jpeg,cc0,227980523,research,51.5651886897,43.1485234201,native
lythrum_virgatum_578.jpeg,https://inaturalist-open-data.s3.amazonaws.com/photos/404306253/medium.jpeg,cc-by-nc,227879443,research,44.57815,37.9810516667,native
lythrum_virgatum_579.jpeg,https://inaturalist-open-data.s3.amazonaws.com/photos/404298366/medium.jpeg,cc-by-nc,227874763,research,44.5778566667,37.9807433333,native
lythrum_virgatum_580.jpeg,https://inaturalist-open-data.s3.amazonaws.com/photos/404298454/medium.jpeg,cc-by-nc,227874763,research,44.5778566667,37.9807433333,native
lythrum_virgatum_581.jpeg,https://inaturalist-open-data.s3.amazonaws.com/photos/404298488/medium.jpeg,cc-by-nc,227874763,research,44.5778566667,37.9807433333,native
lythrum_virgatum_582.jpeg,https://inaturalist-open-data.s3.amazonaws.com/photos/404288199/medium.jpeg,cc-by-nc,227869084,research,44.5574616667,38.1032183333,native
lythrum_virgatum_583.jpeg,https://inaturalist-open-data.s3.amazonaws.com/photos/404288208/medium.jpeg,cc-by-nc,227869084,research,44.5574616667,38.1032183333,native
lythrum_virgatum_584.jpeg,https://inaturalist-open-data.s3.amazonaws.com/photos/404288257/medium.jpeg,cc-by-nc,227869084,research,44.5574616667,38.1032183333,native
lythrum_virgatum_585.jpeg,https://inaturalist-open-data.s3.amazonaws.com/photos/404260698/medium.jpeg,cc-by-nc,227854453,research,44.5574516667,38.10314,native
lythrum_virgatum_586.jpeg,https://inaturalist-open-data.s3.amazonaws.com/photos/404260770/medium.jpeg,cc-by-nc,227854453,research,44.5574516667,38.10314,native
lythrum_virgatum_587.jpg,https://inaturalist-open-data.s3.amazonaws.com/photos/404240172/medium.jpg,cc-by,227842063,research,45.0170138333,38.95628,native
lythrum_virgatum_588.jpg,https://inaturalist-open-data.s3.amazonaws.com/photos/404240356/medium.jpg,cc-by,227842063,research,45.0170138333,38.95628,native
lythrum_virgatum_589.jpeg,https://inaturalist-open-data.s3.amazonaws.com/photos/404215107/medium.jpeg,cc-by-nc,227832273,research,44.583590984,37.9758252654,native
lythrum_virgatum_590.jpeg,https://inaturalist-open-data.s3.amazonaws.com/photos/404215126/medium.jpeg,cc-by-nc,227832273,research,44.583590984,37.9758252654,native
lythrum_virgatum_591.jpeg,https://inaturalist-open-data.s3.amazonaws.com/photos/404215345/medium.jpeg,cc-by-nc,227832273,research,44.583590984,37.9758252654,native
lythrum_virgatum_592.jpeg,https://inaturalist-open-data.s3.amazonaws.com/photos/404194456/medium.jpeg,cc-by-nc,227818206,research,46.7475090025,21.3915405272,native
lythrum_virgatum_593.jpg,https://inaturalist-open-data.s3.amazonaws.com/photos/404185889/medium.jpg,cc-by-nc,227814091,research,52.4794361111,45.2442083333,native
lythrum_virgatum_594.jpg,https://inaturalist-open-data.s3.amazonaws.com/photos/404186448/medium.jpg,cc-by-nc,227814091,research,52.4794361111,45.2442083333,native
lythrum_virgatum_595.jpg,https://inaturalist-open-data.s3.amazonaws.com/photos/404186472/medium.jpg,cc-by-nc,227814091,research,52.4794361111,45.2442083333,native
lythrum_virgatum_596.jpg,https://inaturalist-open-data.s3.amazonaws.com/photos/404186487/medium.jpg,cc-by-nc,227814091,research,52.4794361111,45.2442083333,native
lythrum_virgatum_597.jpeg,https://inaturalist-open-data.s3.amazonaws.com/photos/403962049/medium.jpeg,cc-by,227692474,research,51.7732696389,69.4905242778,native
lythrum_virgatum_598.jpeg,https://inaturalist-open-data.s3.amazonaws.com/photos/403962244/medium.jpeg,cc-by,227692474,research,51.7732696389,69.4905242778,native
lythrum_virgatum_599.jpeg,https://inaturalist-open-data.s3.amazonaws.com/photos/403806960/medium.jpeg,cc-by,227613012,research,51.72882673,41.60402597,native
lythrum_virgatum_600.jpeg,https://inaturalist-open-data.s3.amazonaws.com/photos/403760629/medium.jpeg,cc-by,227596876,research,45.0511533333,39.176775,native
lythrum_virgatum_601.jpeg,https://inaturalist-open-data.s3.amazonaws.com/photos/403760689/medium.jpeg,cc-by,227596876,research,45.0511533333,39.176775,native
lythrum_virgatum_602.jpeg,https://inaturalist-open-data.s3.amazonaws.com/photos/403760748/medium.jpeg,cc-by,227596876,research,45.0511533333,39.176775,native
lythrum_virgatum_603.jpeg,https://inaturalist-open-data.s3.amazonaws.com/photos/403747612/medium.jpeg,cc-by,227596702,research,45.0543825262,39.1564954305,native
lythrum_virgatum_604.jpeg,https://inaturalist-open-data.s3.amazonaws.com/photos/403747591/medium.jpeg,cc-by,227596702,research,45.0543825262,39.1564954305,native
lythrum_virgatum_605.jpeg,https://inaturalist-open-data.s3.amazonaws.com/photos/403747682/medium.jpeg,cc-by,227596702,research,45.0543825262,39.1564954305,native
lythrum_virgatum_606.jpeg,https://inaturalist-open-data.s3.amazonaws.com/photos/403747735/medium.jpeg,cc-by,227596702,research,45.0543825262,39.1564954305,native
lythrum_virgatum_607.jpeg,https://inaturalist-open-data.s3.amazonaws.com/photos/403726073/medium.jpeg,cc-by-nc,227589419,research,52.0755958086,27.729695119,native
lythrum_virgatum_608.jpeg,https://inaturalist-open-data.s3.amazonaws.com/photos/403700699/medium.jpeg,cc-by-nc,227555546,needs_id,46.8202856,19.9857719,native
lythrum_virgatum_609.jpg,https://inaturalist-open-data.s3.amazonaws.com/photos/403678741/medium.jpg,cc-by,227543795,research,51.6523151656,41.9240710185,native
lythrum_virgatum_610.jpeg,https://inaturalist-open-data.s3.amazonaws.com/photos/403592183/medium.jpeg,cc-by-nc,227499541,research,57.2276090372,65.4216033957,native
lythrum_virgatum_611.jpeg,https://inaturalist-open-data.s3.amazonaws.com/photos/403592148/medium.jpeg,cc-by-nc,227499541,research,57.2276090372,65.4216033957,native
lythrum_virgatum_612.jpeg,https://inaturalist-open-data.s3.amazonaws.com/photos/403245940/medium.jpeg,cc-by-nc,227314723,research,52.4335087732,30.3556696959,native
lythrum_virgatum_613.jpeg,https://inaturalist-open-data.s3.amazonaws.com/photos/403243755/medium.jpeg,cc-by-nc,227313565,research,52.9248529873,30.0615886573,native
lythrum_virgatum_614.jpg,https://inaturalist-open-data.s3.amazonaws.com/photos/402741254/medium.jpg,cc-by,227045503,research,50.3865931813,42.3571443093,native
lythrum_virgatum_615.jpg,https://inaturalist-open-data.s3.amazonaws.com/photos/402735024/medium.jpg,cc-by,227042110,research,50.0677897039,41.8001043322,native
lythrum_virgatum_616.jpg,https://inaturalist-open-data.s3.amazonaws.com/photos/401784706/medium.jpg,cc-by-nc,226541366,research,51.4912116667,39.0363388333,native
lythrum_virgatum_617.jpeg,https://inaturalist-open-data.s3.amazonaws.com/photos/401757216/medium.jpeg,cc-by-nc,226526354,research,53.2399216667,34.3937566667,
lythrum_virgatum_618.jpg,https://inaturalist-open-data.s3.amazonaws.com/photos/401489195/medium.jpg,cc-by-nc,226385904,research,53.1982294924,34.3431269805,
lythrum_virgatum_619.jpg,https://inaturalist-open-data.s3.amazonaws.com/photos/401431321/medium.jpg,cc-by-nc,226353569,research,52.5825905514,45.3656132703,native
lythrum_virgatum_620.jpg,https://inaturalist-open-data.s3.amazonaws.com/photos/401207391/medium.jpg,cc-by-nc,226242106,research,55.004674,46.595202,native
lythrum_virgatum_621.jpeg,https://inaturalist-open-data.s3.amazonaws.com/photos/401198333/medium.jpeg,cc-by,226236752,research,45.0493716667,39.1657466667,native
lythrum_virgatum_622.jpeg,https://inaturalist-open-data.s3.amazonaws.com/photos/401198375/medium.jpeg,cc-by,226236752,research,45.0493716667,39.1657466667,native
lythrum_virgatum_623.jpeg,https://inaturalist-open-data.s3.amazonaws.com/photos/401198466/medium.jpeg,cc-by,226236752,research,45.0493716667,39.1657466667,native
lythrum_virgatum_624.jpeg,https://inaturalist-open-data.s3.amazonaws.com/photos/401198596/medium.jpeg,cc-by,226236752,research,45.0493716667,39.1657466667,native
lythrum_virgatum_625.jpeg,https://inaturalist-open-data.s3.amazonaws.com/photos/401179447/medium.jpeg,cc-by,226225725,research,51.38137871,41.17384554,native
lythrum_virgatum_626.jpeg,https://inaturalist-open-data.s3.amazonaws.com/photos/401180435/medium.jpeg,cc-by-nc,226225207,research,52.5044437997,43.1260212997,native
lythrum_virgatum_627.jpeg,https://inaturalist-open-data.s3.amazonaws.com/photos/401180493/medium.jpeg,cc-by-nc,226225207,research,52.5044437997,43.1260212997,native
lythrum_virgatum_628.jpeg,https://inaturalist-open-data.s3.amazonaws.com/photos/401180536/medium.jpeg,cc-by-nc,226225207,research,52.5044437997,43.1260212997,native
lythrum_virgatum_629.jpeg,https://inaturalist-open-data.s3.amazonaws.com/photos/400986879/medium.jpeg,cc0,226119312,research,48.6535366667,21.2472933333,native
lythrum_virgatum_630.jpeg,https://inaturalist-open-data.s3.amazonaws.com/photos/400986922/medium.jpeg,cc0,226119312,research,48.6535366667,21.2472933333,native
lythrum_virgatum_631.jpeg,https://inaturalist-open-data.s3.amazonaws.com/photos/400778089/medium.jpeg,cc-by-nc,226015010,research,52.5827424831,45.3659384985,native
lythrum_virgatum_632.jpeg,https://inaturalist-open-data.s3.amazonaws.com/photos/400778075/medium.jpeg,cc-by-nc,226015010,research,52.5827424831,45.3659384985,native
lythrum_virgatum_633.jpeg,https://inaturalist-open-data.s3.amazonaws.com/photos/400778117/medium.jpeg,cc-by-nc,226015010,research,52.5827424831,45.3659384985,native
lythrum_virgatum_634.jpeg,https://inaturalist-open-data.s3.amazonaws.com/photos/400778124/medium.jpeg,cc-by-nc,226015010,research,52.5827424831,45.3659384985,native
lythrum_virgatum_635.jpeg,https://inaturalist-open-data.s3.amazonaws.com/photos/400713906/medium.jpeg,cc-by-nc,225981113,research,48.4014955303,21.7650735069,native
lythrum_virgatum_636.jpeg,https://inaturalist-open-data.s3.amazonaws.com/photos/400713882/medium.jpeg,cc-by-nc,225981113,research,48.4014955303,21.7650735069,native
lythrum_virgatum_637.jpg,https://inaturalist-open-data.s3.amazonaws.com/photos/400645407/medium.jpg,cc-by-nc,225942516,research,51.577105,46.2675783333,native
lythrum_virgatum_638.jpg,https://inaturalist-open-data.s3.amazonaws.com/photos/400645460/medium.jpg,cc-by-nc,225942516,research,51.577105,46.2675783333,native
lythrum_virgatum_639.jpg,https://inaturalist-open-data.s3.amazonaws.com/photos/400645498/medium.jpg,cc-by-nc,225942516,research,51.577105,46.2675783333,native
lythrum_virgatum_640.jpg,https://inaturalist-open-data.s3.amazonaws.com/photos/400645537/medium.jpg,cc-by-nc,225942516,research,51.577105,46.2675783333,native
lythrum_virgatum_641.jpg,https://inaturalist-open-data.s3.amazonaws.com/photos/400645580/medium.jpg,cc-by-nc,225942516,research,51.577105,46.2675783333,native
lythrum_virgatum_642.jpeg,https://inaturalist-open-data.s3.amazonaws.com/photos/400636193/medium.jpeg,cc0,225937630,research,51.5601201561,43.1326638535,native
lythrum_virgatum_643.jpeg,https://inaturalist-open-data.s3.amazonaws.com/photos/400636253/medium.jpeg,cc0,225937630,research,51.5601201561,43.1326638535,native
lythrum_virgatum_644.jpeg,https://inaturalist-open-data.s3.amazonaws.com/photos/400636323/medium.jpeg,cc0,225937630,research,51.5601201561,43.1326638535,native
lythrum_virgatum_645.jpeg,https://inaturalist-open-data.s3.amazonaws.com/photos/400557674/medium.jpeg,cc-by-nc,225893815,research,51.8091176,40.9102944333,native
lythrum_virgatum_646.jpeg,https://inaturalist-open-data.s3.amazonaws.com/photos/400560915/medium.jpeg,cc-by-nc,225893815,research,51.8091176,40.9102944333,native
lythrum_virgatum_647.jpeg,https://inaturalist-open-data.s3.amazonaws.com/photos/400561007/medium.jpeg,cc-by-nc,225893815,research,51.8091176,40.9102944333,native
lythrum_virgatum_648.jpeg,https://inaturalist-open-data.s3.amazonaws.com/photos/401906040/medium.jpeg,cc-by,225891639,needs_id,50.1465835556,50.3468742222,native
lythrum_virgatum_649.jpeg,https://inaturalist-open-data.s3.amazonaws.com/photos/401906074/medium.jpeg,cc-by,225891639,needs_id,50.1465835556,50.3468742222,native
lythrum_virgatum_650.jpeg,https://inaturalist-open-data.s3.amazonaws.com/photos/400466594/medium.jpeg,cc-by-nc,225846827,needs_id,43.3316416667,76.989045,native
lythrum_virgatum_651.jpeg,https://inaturalist-open-data.s3.amazonaws.com/photos/400466606/medium.jpeg,cc-by-nc,225846827,needs_id,43.3316416667,76.989045,native
lythrum_virgatum_652.jpeg,https://inaturalist-open-data.s3.amazonaws.com/photos/400466631/medium.jpeg,cc-by-nc,225846827,needs_id,43.3316416667,76.989045,native
lythrum_virgatum_653.jpeg,https://inaturalist-open-data.s3.amazonaws.com/photos/400342684/medium.jpeg,cc-by-nc,225781093,research,54.6444632935,39.7596113384,native
lythrum_virgatum_654.jpeg,https://inaturalist-open-data.s3.amazonaws.com/photos/400304051/medium.jpeg,cc-by-nc,225760621,research,51.8089055901,40.9093529731,native
lythrum_virgatum_655.jpeg,https://inaturalist-open-data.s3.amazonaws.com/photos/400304070/medium.jpeg,cc-by-nc,225760621,research,51.8089055901,40.9093529731,native
lythrum_virgatum_656.jpg,https://inaturalist-open-data.s3.amazonaws.com/photos/400280629/medium.jpg,cc-by-nc,225748026,research,47.7521021308,16.8561901797,native
lythrum_virgatum_657.jpg,https://inaturalist-open-data.s3.amazonaws.com/photos/400280677/medium.jpg,cc-by-nc,225748026,research,47.7521021308,16.8561901797,native
lythrum_virgatum_658.jpg,https://inaturalist-open-data.s3.amazonaws.com/photos/400280736/medium.jpg,cc-by-nc,225748026,research,47.7521021308,16.8561901797,native
lythrum_virgatum_659.jpg,https://inaturalist-open-data.s3.amazonaws.com/photos/400280792/medium.jpg,cc-by-nc,225748026,research,47.7521021308,16.8561901797,native
lythrum_virgatum_660.jpg,https://inaturalist-open-data.s3.amazonaws.com/photos/400280842/medium.jpg,cc-by-nc,225748026,research,47.7521021308,16.8561901797,native
lythrum_virgatum_661.jpg,https://inaturalist-open-data.s3.amazonaws.com/photos/400280913/medium.jpg,cc-by-nc,225748026,research,47.7521021308,16.8561901797,native
lythrum_virgatum_662.jpg,https://inaturalist-open-data.s3.amazonaws.com/photos/400280971/medium.jpg,cc-by-nc,225748026,research,47.7521021308,16.8561901797,native
lythrum_virgatum_663.jpg,https://inaturalist-open-data.s3.amazonaws.com/photos/400281038/medium.jpg,cc-by-nc,225748026,research,47.7521021308,16.8561901797,native
lythrum_virgatum_664.jpg,https://inaturalist-open-data.s3.amazonaws.com/photos/399878364/medium.jpg,cc-by,225536193,research,50.0652357398,41.5845150873,native
lythrum_virgatum_665.jpeg,https://inaturalist-open-data.s3.amazonaws.com/photos/399875521/medium.jpeg,cc-by,225534659,research,53.9767036968,75.0378344581,native
lythrum_virgatum_666.jpg,https://inaturalist-open-data.s3.amazonaws.com/photos/399830022/medium.jpg,cc-by-nc,225516853,research,52.651783122,59.486978651,native
lythrum_virgatum_667.jpg,https://inaturalist-open-data.s3.amazonaws.com/photos/399830017/medium.jpg,cc-by-nc,225516853,research,52.651783122,59.486978651,native
lythrum_virgatum_668.jpg,https://inaturalist-open-data.s3.amazonaws.com/photos/399830034/medium.jpg,cc-by-nc,225516853,research,52.651783122,59.486978651,native
lythrum_virgatum_669.jpg,https://inaturalist-open-data.s3.amazonaws.com/photos/399830037/medium.jpg,cc-by-nc,225516853,research,52.651783122,59.486978651,native
lythrum_virgatum_670.jpg,https://inaturalist-open-data.s3.amazonaws.com/photos/399830040/medium.jpg,cc-by-nc,225516853,research,52.651783122,59.486978651,native
lythrum_virgatum_671.jpg,https://inaturalist-open-data.s3.amazonaws.com/photos/399830056/medium.jpg,cc-by-nc,225516853,research,52.651783122,59.486978651,native
lythrum_virgatum_672.jpg,https://inaturalist-open-data.s3.amazonaws.com/photos/399819721/medium.jpg,cc-by-nc,225504235,research,51.2765166667,29.732645,native
lythrum_virgatum_673.jpg,https://inaturalist-open-data.s3.amazonaws.com/photos/399819781/medium.jpg,cc-by-nc,225504235,research,51.2765166667,29.732645,native
lythrum_virgatum_674.jpg,https://inaturalist-open-data.s3.amazonaws.com/photos/399803843/medium.jpg,cc-by-nc,225495101,needs_id,51.2777333333,29.7579033333,native
lythrum_virgatum_675.jpg,https://inaturalist-open-data.s3.amazonaws.com/photos/399803875/medium.jpg,cc-by-nc,225495101,needs_id,51.2777333333,29.7579033333,native
lythrum_virgatum_676.jpg,https://inaturalist-open-data.s3.amazonaws.com/photos/399777846/medium.jpg,cc-by-nc,225480441,research,51.2743916667,29.8064116667,native
lythrum_virgatum_677.jpg,https://inaturalist-open-data.s3.amazonaws.com/photos/399777867/medium.jpg,cc-by-nc,225480441,research,51.2743916667,29.8064116667,native
lythrum_virgatum_678.jpeg,https://inaturalist-open-data.s3.amazonaws.com/photos/399773862/medium.jpeg,cc-by-nc,225479637,research,47.9207361111,19.0491472222,native
lythrum_virgatum_679.jpeg,https://inaturalist-open-data.s3.amazonaws.com/photos/399773861/medium.jpeg,cc-by-nc,225479637,research,47.9207361111,19.0491472222,native
lythrum_virgatum_680.jpeg,https://inaturalist-open-data.s3.amazonaws.com/photos/399735977/medium.jpeg,cc-by-nc,225458304,research,53.2735246,49.9514905,native
lythrum_virgatum_681.jpeg,https://inaturalist-open-data.s3.amazonaws.com/photos/399736065/medium.jpeg,cc-by-nc,225458304,research,53.2735246,49.9514905,native
lythrum_virgatum_682.jpg,https://inaturalist-open-data.s3.amazonaws.com/photos/399491448/medium.jpg,cc-by,225333017,research,53.9125928739,73.9500829874,native
lythrum_virgatum_683.jpg,https://inaturalist-open-data.s3.amazonaws.com/photos/399475470/medium.jpg,cc-by-nc,225324012,research,55.7163888889,42.1969444444,native
lythrum_virgatum_684.jpg,https://inaturalist-open-data.s3.amazonaws.com/photos/399475618/medium.jpg,cc-by-nc,225324012,research,55.7163888889,42.1969444444,native
lythrum_virgatum_685.jpg,https://inaturalist-open-data.s3.amazonaws.com/photos/399475742/medium.jpg,cc-by-nc,225324012,research,55.7163888889,42.1969444444,native
lythrum_virgatum_686.jpg,https://inaturalist-open-data.s3.amazonaws.com/photos/399475886/medium.jpg,cc-by-nc,225324012,research,55.7163888889,42.1969444444,native
lythrum_virgatum_687.jpg,https://inaturalist-open-data.s3.amazonaws.com/photos/399211986/medium.jpg,cc-by-nc,225185018,research,47.5122528056,18.8969116111,native
lythrum_virgatum_688.jpeg,https://inaturalist-open-data.s3.amazonaws.com/photos/399197548/medium.jpeg,cc-by-nc,225176919,research,47.409397433,22.5971087068,native
lythrum_virgatum_689.jpeg,https://inaturalist-open-data.s3.amazonaws.com/photos/399197597/medium.jpeg,cc-by-nc,225176919,research,47.409397433,22.5971087068,native
lythrum_virgatum_690.jpeg,https://inaturalist-open-data.s3.amazonaws.com/photos/399197647/medium.jpeg,cc-by-nc,225176919,research,47.409397433,22.5971087068,native
lythrum_virgatum_691.jpeg,https://inaturalist-open-data.s3.amazonaws.com/photos/399197704/medium.jpeg,cc-by-nc,225176919,research,47.409397433,22.5971087068,native
lythrum_virgatum_692.jpeg,https://inaturalist-open-data.s3.amazonaws.com/photos/399044360/medium.jpeg,cc-by-nc,225095023,needs_id,45.1406959997,18.4691493,native
lythrum_virgatum_693.jpeg,https://inaturalist-open-data.s3.amazonaws.com/photos/399044406/medium.jpeg,cc-by-nc,225095023,needs_id,45.1406959997,18.4691493,native
lythrum_virgatum_694.jpg,https://inaturalist-open-data.s3.amazonaws.com/photos/399041487/medium.jpg,cc-by,225093459,research,50.0150874148,41.4663266969,native
lythrum_virgatum_695.jpg,https://inaturalist-open-data.s3.amazonaws.com/photos/399039034/medium.jpg,cc-by,225092076,research,50.0169811157,41.4672583573,native
lythrum_virgatum_696.jpeg,https://inaturalist-open-data.s3.amazonaws.com/photos/399026969/medium.jpeg,cc0,225085482,research,47.1426534606,19.9821958132,native
lythrum_virgatum_697.jpeg,https://inaturalist-open-data.s3.amazonaws.com/photos/398672335/medium.jpeg,cc-by-nc,224904410,needs_id,46.7316064461,19.3479323387,native
lythrum_virgatum_698.jpeg,https://inaturalist-open-data.s3.amazonaws.com/photos/398608223/medium.jpeg,cc-by-nc,224869399,research,52.6004251795,43.3980684355,native
lythrum_virgatum_699.jpeg,https://inaturalist-open-data.s3.amazonaws.com/photos/398608260/medium.jpeg,cc-by-nc,224869399,research,52.6004251795,43.3980684355,native
lythrum_virgatum_700.jpeg,https://inaturalist-open-data.s3.amazonaws.com/photos/398396109/medium.jpeg,cc-by,224760987,research,47.9043485187,16.8696891253,native
lythrum_virgatum_701.jpeg,https://inaturalist-open-data.s3.amazonaws.com/photos/398396131/medium.jpeg,cc-by,224760987,research,47.9043485187,16.8696891253,native
lythrum_virgatum_702.jpeg,https://inaturalist-open-data.s3.amazonaws.com/photos/398396217/medium.jpeg,cc-by,224760987,research,47.9043485187,16.8696891253,native
lythrum_virgatum_703.jpeg,https://inaturalist-open-data.s3.amazonaws.com/photos/398396154/medium.jpeg,cc-by,224760987,research,47.9043485187,16.8696891253,native
lythrum_virgatum_704.jpeg,https://inaturalist-open-data.s3.amazonaws.com/photos/398396433/medium.jpeg,cc-by,224760982,research,47.90573074,16.87046945,native
lythrum_virgatum_705.jpeg,https://inaturalist-open-data.s3.amazonaws.com/photos/398396344/medium.jpeg,cc-by,224760982,research,47.90573074,16.87046945,native
lythrum_virgatum_706.jpeg,https://inaturalist-open-data.s3.amazonaws.com/photos/398396315/medium.jpeg,cc-by,224760982,research,47.90573074,16.87046945,native
lythrum_virgatum_707.jpeg,https://inaturalist-open-data.s3.amazonaws.com/photos/398396312/medium.jpeg,cc-by,224760982,research,47.90573074,16.87046945,native
lythrum_virgatum_708.jpg,https://inaturalist-open-data.s3.amazonaws.com/photos/398273777/medium.jpg,cc-by,224696582,research,50.8583217938,42.1250117928,native
lythrum_virgatum_709.jpg,https://inaturalist-open-data.s3.amazonaws.com/photos/398265167/medium.jpg,cc-by-nc,224692489,needs_id,52.4911925256,31.1125845061,native
lythrum_virgatum_710.jpg,https://inaturalist-open-data.s3.amazonaws.com/photos/398027951/medium.jpg,cc-by,224562626,needs_id,47.46208,21.0997721667,native
lythrum_virgatum_711.jpeg,https://inaturalist-open-data.s3.amazonaws.com/photos/397884866/medium.jpeg,cc-by,224495842,research,51.44457151,39.7925182699,native
lythrum_virgatum_712.jpeg,https://inaturalist-open-data.s3.amazonaws.com/photos/397750592/medium.jpeg,cc-by-nc,224420687,needs_id,48.077609078,19.0191491693,native
lythrum_virgatum_713.jpeg,https://inaturalist-open-data.s3.amazonaws.com/photos/401197210/medium.jpeg,cc-by-nc,224420687,needs_id,48.077609078,19.0191491693,native
lythrum_virgatum_714.jpeg,https://inaturalist-open-data.s3.amazonaws.com/photos/397600206/medium.jpeg,cc-by-nc,224338850,research,52.8230145,40.9188917,native
lythrum_virgatum_715.jpeg,https://inaturalist-open-data.s3.amazonaws.com/photos/397600359/medium.jpeg,cc-by-nc,224338850,research,52.8230145,40.9188917,native
lythrum_virgatum_716.jpg,https://inaturalist-open-data.s3.amazonaws.com/photos/394814655/medium.jpg,cc-by-nc,222859723,research,47.9043692612,16.8697058534,native
lythrum_virgatum_717.jpg,https://inaturalist-open-data.s3.amazonaws.com/photos/394814938/medium.jpg,cc-by-nc,222859723,research,47.9043692612,16.8697058534,native
lythrum_virgatum_718.jpeg,https://inaturalist-open-data.s3.amazonaws.com/photos/393154864/medium.jpeg,cc-by-nc,221974118,research,46.4012114385,19.5083381608,native
lythrum_virgatum_719.jpeg,https://inaturalist-open-data.s3.amazonaws.com/photos/393154890/medium.jpeg,cc-by-nc,221974118,research,46.4012114385,19.5083381608,native
lythrum_virgatum_720.jpeg,https://inaturalist-open-data.s3.amazonaws.com/photos/393154912/medium.jpeg,cc-by-nc,221974118,research,46.4012114385,19.5083381608,native
lythrum_virgatum_721.jpeg,https://inaturalist-open-data.s3.amazonaws.com/photos/393154930/medium.jpeg,cc-by-nc,221974118,research,46.4012114385,19.5083381608,native
lythrum_virgatum_722.jpeg,https://inaturalist-open-data.s3.amazonaws.com/photos/392026953/medium.jpeg,cc-by-nc,221374022,research,46.8991016,21.1673499997,native
lythrum_virgatum_723.jpeg,https://inaturalist-open-data.s3.amazonaws.com/photos/392027007/medium.jpeg,cc-by-nc,221374022,research,46.8991016,21.1673499997,native
lythrum_virgatum_724.jpeg,https://inaturalist-open-data.s3.amazonaws.com/photos/392027056/medium.jpeg,cc-by-nc,221374022,research,46.8991016,21.1673499997,native
lythrum_virgatum_725.jpeg,https://inaturalist-open-data.s3.amazonaws.com/photos/391583937/medium.jpeg,cc-by-nc,221133366,research,48.5238371943,21.8453141696,native
lythrum_virgatum_726.jpeg,https://inaturalist-open-data.s3.amazonaws.com/photos/391583871/medium.jpeg,cc-by-nc,221133366,research,48.5238371943,21.8453141696,native
lythrum_virgatum_727.jpeg,https://inaturalist-open-data.s3.amazonaws.com/photos/391583943/medium.jpeg,cc-by-nc,221133366,research,48.5238371943,21.8453141696,native
lythrum_virgatum_728.jpg,https://inaturalist-open-data.s3.amazonaws.com/photos/390073144/medium.jpg,cc-by-nc,220326722,research,47.7895966667,19.9623716667,native
lythrum_virgatum_729.jpg,https://inaturalist-open-data.s3.amazonaws.com/photos/390073210/medium.jpg,cc-by-nc,220326722,research,47.7895966667,19.9623716667,native
lythrum_virgatum_730.jpg,https://inaturalist-open-data.s3.amazonaws.com/photos/390073256/medium.jpg,cc-by-nc,220326722,research,47.7895966667,19.9623716667,native
lythrum_virgatum_731.jpg,https://inaturalist-open-data.s3.amazonaws.com/photos/390073313/medium.jpg,cc-by-nc,220326722,research,47.7895966667,19.9623716667,native
lythrum_virgatum_732.jpg,https://inaturalist-open-data.s3.amazonaws.com/photos/390073370/medium.jpg,cc-by-nc,220326722,research,47.7895966667,19.9623716667,native
lythrum_virgatum_733.jpeg,https://inaturalist-open-data.s3.amazonaws.com/photos/383494147/medium.jpeg,cc-by-nc,216820741,research,47.861152517,18.6390405195,native
lythrum_virgatum_734.jpeg,https://inaturalist-open-data.s3.amazonaws.com/photos/383494179/medium.jpeg,cc-by-nc,216820741,research,47.861152517,18.6390405195,native
lythrum_virgatum_735.jpg,https://inaturalist-open-data.s3.amazonaws.com/photos/381721596/medium.jpg,cc-by-nc,215875077,research,51.3348245397,33.2138654997,native
lythrum_virgatum_736.jpeg,https://inaturalist-open-data.s3.amazonaws.com/photos/368165888/medium.jpeg,cc-by-nc,208102769,research,47.9648019,18.764865,native
lythrum_virgatum_737.jpg,https://inaturalist-open-data.s3.amazonaws.com/photos/367212691/medium.jpg,cc-by-nc,207592324,needs_id,48.5138832698,35.1391964525,native
lythrum_virgatum_738.jpeg,https://inaturalist-open-data.s3.amazonaws.com/photos/362205362/medium.jpeg,cc-by-nc,204886756,research,47.7893069469,19.9604161084,native
lythrum_virgatum_739.jpg,https://inaturalist-open-data.s3.amazonaws.com/photos/361374077/medium.jpg,cc-by-nc,204447218,research,47.6489086234,19.0457150778,native
lythrum_virgatum_740.jpg,https://inaturalist-open-data.s3.amazonaws.com/photos/361150573/medium.jpg,cc-by-nc,204331337,research,47.5103364258,19.1610194106,native
lythrum_virgatum_741.jpeg,https://inaturalist-open-data.s3.amazonaws.com/photos/356929492/medium.jpeg,cc-by-nc,202129893,needs_id,47.3139582,19.473887,native
lythrum_virgatum_742.jpeg,https://inaturalist-open-data.s3.amazonaws.com/photos/356929508/medium.jpeg,cc-by-nc,202129893,needs_id,47.3139582,19.473887,native
lythrum_virgatum_743.jpeg,https://inaturalist-open-data.s3.amazonaws.com/photos/354952759/medium.jpeg,cc-by-nc,201109992,research,48.5032551076,44.6740690246,native
lythrum_virgatum_744.jpeg,https://inaturalist-open-data.s3.amazonaws.com/photos/354952785/medium.jpeg,cc-by-nc,201109992,research,48.5032551076,44.6740690246,native
lythrum_virgatum_745.jpg,https://inaturalist-open-data.s3.amazonaws.com/photos/354520006/medium.jpg,cc-by-nc,200890433,research,50.370945,80.4983133333,native
lythrum_virgatum_746.jpg,https://inaturalist-open-data.s3.amazonaws.com/photos/354520021/medium.jpg,cc-by-nc,200890433,research,50.370945,80.4983133333,native
lythrum_virgatum_747.jpeg,https://inaturalist-open-data.s3.amazonaws.com/photos/352078924/medium.jpeg,cc-by-nc,199629053,research,55.7223966169,70.278280962,native
lythrum_virgatum_748.jpeg,https://inaturalist-open-data.s3.amazonaws.com/photos/351714157/medium.jpeg,cc-by-nc,199438257,research,51.734275,69.9119333333,native
lythrum_virgatum_749.jpeg,https://inaturalist-open-data.s3.amazonaws.com/photos/351714091/medium.jpeg,cc-by-nc,199438251,research,49.2986027778,67.0007694444,native
lythrum_virgatum_750.jpeg,https://inaturalist-open-data.s3.amazonaws.com/photos/351714103/medium.jpeg,cc-by-nc,199438251,research,49.2986027778,67.0007694444,native
lythrum_virgatum_751.jpg,https://inaturalist-open-data.s3.amazonaws.com/photos/348477726/medium.jpg,cc-by-nc,197828939,research,50.5558952969,30.5506659951,native
lythrum_virgatum_752.jpg,https://inaturalist-open-data.s3.amazonaws.com/photos/348477730/medium.jpg,cc-by-nc,197828939,research,50.5558952969,30.5506659951,native
lythrum_virgatum_753.jpg,https://inaturalist-open-data.s3.amazonaws.com/photos/348477736/medium.jpg,cc-by-nc,197828939,research,50.5558952969,30.5506659951,native
lythrum_virgatum_754.jpg,https://inaturalist-open-data.s3.amazonaws.com/photos/348477741/medium.jpg,cc-by-nc,197828939,research,50.5558952969,30.5506659951,native
lythrum_virgatum_755.jpg,https://inaturalist-open-data.s3.amazonaws.com/photos/348477618/medium.jpg,cc-by-nc,197828928,research,50.5531431569,30.5502268349,native
lythrum_virgatum_756.jpg,https://inaturalist-open-data.s3.amazonaws.com/photos/348477615/medium.jpg,cc-by-nc,197828928,research,50.5531431569,30.5502268349,native
lythrum_virgatum_757.jpg,https://inaturalist-open-data.s3.amazonaws.com/photos/348477613/medium.jpg,cc-by-nc,197828928,research,50.5531431569,30.5502268349,native
lythrum_virgatum_758.jpg,https://inaturalist-open-data.s3.amazonaws.com/photos/348066869/medium.jpg,cc-by-nc,197596902,research,50.3756866667,80.4972383333,native
lythrum_virgatum_759.jpg,https://inaturalist-open-data.s3.amazonaws.com/photos/345799484/medium.jpg,cc-by-nc,196415180,research,55.0931281944,61.5481261944,native
lythrum_virgatum_760.jpg,https://inaturalist-open-data.s3.amazonaws.com/photos/345799446/medium.jpg,cc-by-nc,196415180,research,55.0931281944,61.5481261944,native
lythrum_virgatum_761.jpg,https://inaturalist-open-data.s3.amazonaws.com/photos/345645883/medium.jpg,cc-by-nc,196341327,needs_id,48.5138832698,35.1391964525,native
lythrum_virgatum_762.jpeg,https://inaturalist-open-data.s3.amazonaws.com/photos/343546781/medium.jpeg,cc-by-nc,195302559,needs_id,43.8343417674,28.5884062573,native
lythrum_virgatum_763.jpg,https://inaturalist-open-data.s3.amazonaws.com/photos/343303846/medium.jpg,cc-by-nc,195183350,research,51.3304333333,70.0747666667,native
lythrum_virgatum_764.jpg,https://inaturalist-open-data.s3.amazonaws.com/photos/343303855/medium.jpg,cc-by-nc,195183350,research,51.3304333333,70.0747666667,native
lythrum_virgatum_765.jpeg,https://inaturalist-open-data.s3.amazonaws.com/photos/342864717/medium.jpeg,cc-by-nc,194966839,research,56.574583,63.743306,native
lythrum_virgatum_766.jpeg,https://inaturalist-open-data.s3.amazonaws.com/photos/342864679/medium.jpeg,cc-by-nc,194966839,research,56.574583,63.743306,native
lythrum_virgatum_767.jpeg,https://inaturalist-open-data.s3.amazonaws.com/photos/342864682/medium.jpeg,cc-by-nc,194966839,research,56.574583,63.743306,native
lythrum_virgatum_768.jpeg,https://inaturalist-open-data.s3.amazonaws.com/photos/342864694/medium.jpeg,cc-by-nc,194966839,research,56.574583,63.743306,native
lythrum_virgatum_769.jpeg,https://inaturalist-open-data.s3.amazonaws.com/photos/342864705/medium.jpeg,cc-by-nc,194966839,research,56.574583,63.743306,native
lythrum_virgatum_770.jpeg,https://inaturalist-open-data.s3.amazonaws.com/photos/342864711/medium.jpeg,cc-by-nc,194966839,research,56.574583,63.743306,native
lythrum_virgatum_771.jpeg,https://inaturalist-open-data.s3.amazonaws.com/photos/342864724/medium.jpeg,cc-by-nc,194966839,research,56.574583,63.743306,native
lythrum_virgatum_772.jpeg,https://inaturalist-open-data.s3.amazonaws.com/photos/342864721/medium.jpeg,cc-by-nc,194966839,research,56.574583,63.743306,native
lythrum_virgatum_773.jpeg,https://inaturalist-open-data.s3.amazonaws.com/photos/342864728/medium.jpeg,cc-by-nc,194966839,research,56.574583,63.743306,native
lythrum_virgatum_774.jpg,https://inaturalist-open-data.s3.amazonaws.com/photos/341243932/medium.jpg,cc-by,194174936,research,46.2419924813,48.4838533262,native
lythrum_virgatum_775.jpg,https://inaturalist-open-data.s3.amazonaws.com/photos/341243934/medium.jpg,cc-by,194174936,research,46.2419924813,48.4838533262,native
lythrum_virgatum_776.jpg,https://inaturalist-open-data.s3.amazonaws.com/photos/341243935/medium.jpg,cc-by,194174936,research,46.2419924813,48.4838533262,native
lythrum_virgatum_777.jpg,https://inaturalist-open-data.s3.amazonaws.com/photos/341243940/medium.jpg,cc-by,194174936,research,46.2419924813,48.4838533262,native
lythrum_virgatum_778.jpg,https://inaturalist-open-data.s3.amazonaws.com/photos/341243928/medium.jpg,cc-by,194174935,research,46.2419924813,48.4838533262,native
lythrum_virgatum_779.jpg,https://inaturalist-open-data.s3.amazonaws.com/photos/341243925/medium.jpg,cc-by,194174933,research,46.2419924813,48.4838533262,native
lythrum_virgatum_780.jpg,https://inaturalist-open-data.s3.amazonaws.com/photos/341243920/medium.jpg,cc-by,194174932,research,46.2419924813,48.4838533262,native
lythrum_virgatum_781.jpg,https://inaturalist-open-data.s3.amazonaws.com/photos/341243918/medium.jpg,cc-by,194174932,research,46.2419924813,48.4838533262,native
lythrum_virgatum_782.jpg,https://inaturalist-open-data.s3.amazonaws.com/photos/341243921/medium.jpg,cc-by,194174932,research,46.2419924813,48.4838533262,native
lythrum_virgatum_783.jpeg,https://inaturalist-open-data.s3.amazonaws.com/photos/340461065/medium.jpeg,cc-by-nc,193786142,research,53.2086055556,80.6008833333,native
lythrum_virgatum_784.jpeg,https://inaturalist-open-data.s3.amazonaws.com/photos/340423035/medium.jpeg,cc-by-nc,193767198,research,53.2086194444,80.6008611111,native
lythrum_virgatum_785.jpg,https://inaturalist-open-data.s3.amazonaws.com/photos/339425327/medium.jpg,cc0,193237536,casual,54.3253963877,40.7003075405,native
lythrum_virgatum_786.jpg,https://inaturalist-open-data.s3.amazonaws.com/photos/339425329/medium.jpg,cc0,193237536,casual,54.3253963877,40.7003075405,native
lythrum_virgatum_787.jpeg,https://inaturalist-open-data.s3.amazonaws.com/photos/339175949/medium.jpeg,cc-by-nc,193112121,casual,47.94723,16.8458063889,native
lythrum_virgatum_788.jpeg,https://inaturalist-open-data.s3.amazonaws.com/photos/339175962/medium.jpeg,cc-by-nc,193112121,casual,47.94723,16.8458063889,native
lythrum_virgatum_789.jpeg,https://inaturalist-open-data.s3.amazonaws.com/photos/339175982/medium.jpeg,cc-by-nc,193112121,casual,47.94723,16.8458063889,native
lythrum_virgatum_790.jpeg,https://inaturalist-open-data.s3.amazonaws.com/photos/338528802/medium.jpeg,cc-by-nc,192793921,needs_id,48.6982180556,16.9145980556,native
lythrum_virgatum_791.jpeg,https://inaturalist-open-data.s3.amazonaws.com/photos/338528794/medium.jpeg,cc-by-nc,192793921,needs_id,48.6982180556,16.9145980556,native
lythrum_virgatum_792.jpeg,https://inaturalist-open-data.s3.amazonaws.com/photos/338526817/medium.jpeg,cc-by-nc,192793084,research,48.6982330556,16.91461,native
lythrum_virgatum_793.jpeg,https://inaturalist-open-data.s3.amazonaws.com/photos/338526832/medium.jpeg,cc-by-nc,192793084,research,48.6982330556,16.91461,native
lythrum_virgatum_794.jpeg,https://inaturalist-open-data.s3.amazonaws.com/photos/338526860/medium.jpeg,cc-by-nc,192793084,research,48.6982330556,16.91461,native
lythrum_virgatum_795.jpeg,https://inaturalist-open-data.s3.amazonaws.com/photos/338526861/medium.jpeg,cc-by-nc,192793084,research,48.6982330556,16.91461,native
lythrum_virgatum_796.jpeg,https://inaturalist-open-data.s3.amazonaws.com/photos/338527935/medium.jpeg,cc-by-nc,192793084,research,48.6982330556,16.91461,native
lythrum_virgatum_797.jpeg,https://inaturalist-open-data.s3.amazonaws.com/photos/334330418/medium.jpeg,cc-by,190682472,research,46.8369702162,23.6557872906,native
lythrum_virgatum_798.jpeg,https://inaturalist-open-data.s3.amazonaws.com/photos/334208266/medium.jpeg,cc-by-nc,190620995,research,49.184158559,34.8334407806,native
lythrum_virgatum_799.jpeg,https://inaturalist-open-data.s3.amazonaws.com/photos/334208267/medium.jpeg,cc-by-nc,190620995,research,49.184158559,34.8334407806,native
lythrum_virgatum_800.jpg,https://inaturalist-open-data.s3.amazonaws.com/photos/333080182/medium.jpg,cc-by-nc,190051779,needs_id,54.5656776389,82.7795333611,native
lythrum_virgatum_801.jpg,https://inaturalist-open-data.s3.amazonaws.com/photos/333080188/medium.jpg,cc-by-nc,190051779,needs_id,54.5656776389,82.7795333611,native
lythrum_virgatum_802.jpeg,https://inaturalist-open-data.s3.amazonaws.com/photos/332871503/medium.jpeg,cc-by-nc,189948090,research,48.8450175753,16.8094730314,native
lythrum_virgatum_803.jpeg,https://inaturalist-open-data.s3.amazonaws.com/photos/332871519/medium.jpeg,cc-by-nc,189948090,research,48.8450175753,16.8094730314,native
lythrum_virgatum_804.jpg,https://inaturalist-open-data.s3.amazonaws.com/photos/331374204/medium.jpg,cc-by-nc,189201737,research,56.1868382997,84.90603,native
lythrum_virgatum_805.jpg,https://inaturalist-open-data.s3.amazonaws.com/photos/331142040/medium.jpg,cc-by-nc,189090305,research,48.501663,45.117615,native
lythrum_virgatum_806.jpg,https://inaturalist-open-data.s3.amazonaws.com/photos/331142055/medium.jpg,cc-by-nc,189090305,research,48.501663,45.117615,native
lythrum_virgatum_807.jpeg,https://inaturalist-open-data.s3.amazonaws.com/photos/330237102/medium.jpeg,cc-by-nc,188644697,research,56.1961274,43.2562186997,native
lythrum_virgatum_808.jpeg,https://inaturalist-open-data.s3.amazonaws.com/photos/330237112/medium.jpeg,cc-by-nc,188644697,research,56.1961274,43.2562186997,native
lythrum_virgatum_809.jpg,https://inaturalist-open-data.s3.amazonaws.com/photos/329754457/medium.jpg,cc-by-nc,188418274,research,50.9921,29.753423,native
lythrum_virgatum_810.jpg,https://inaturalist-open-data.s3.amazonaws.com/photos/329754456/medium.jpg,cc-by-nc,188418274,research,50.9921,29.753423,native
lythrum_virgatum_811.jpg,https://inaturalist-open-data.s3.amazonaws.com/photos/329754493/medium.jpg,cc-by-nc,188418274,research,50.9921,29.753423,native
lythrum_virgatum_812.jpg,https://inaturalist-open-data.s3.amazonaws.com/photos/329754481/medium.jpg,cc-by-nc,188418274,research,50.9921,29.753423,native
lythrum_virgatum_813.jpg,https://inaturalist-open-data.s3.amazonaws.com/photos/329754490/medium.jpg,cc-by-nc,188418274,research,50.9921,29.753423,native
lythrum_virgatum_814.jpeg,https://inaturalist-open-data.s3.amazonaws.com/photos/325805543/medium.jpeg,cc-by-nc-nd,186433470,research,52.9987584891,30.040223217,native
lythrum_virgatum_815.jpeg,https://inaturalist-open-data.s3.amazonaws.com/photos/325472302/medium.jpeg,cc-by-nc,186262121,research,49.7367635457,31.5271789581,native
lythrum_virgatum_816.jpeg,https://inaturalist-open-data.s3.amazonaws.com/photos/325472361/medium.jpeg,cc-by-nc,186262121,research,49.7367635457,31.5271789581,native
lythrum_virgatum_817.jpeg,https://inaturalist-open-data.s3.amazonaws.com/photos/324123632/medium.jpeg,cc-by-nc,185575183,research,52.1136111111,28.1613888889,native
lythrum_virgatum_818.jpg,https://inaturalist-open-data.s3.amazonaws.com/photos/323244172/medium.jpg,cc-by-nc,185115028,research,54.561295,56.233637,native
lythrum_virgatum_819.jpg,https://inaturalist-open-data.s3.amazonaws.com/photos/323244174/medium.jpg,cc-by-nc,185115028,research,54.561295,56.233637,native
lythrum_virgatum_820.jpg,https://inaturalist-open-data.s3.amazonaws.com/photos/323244173/medium.jpg,cc-by-nc,185115028,research,54.561295,56.233637,native
lythrum_virgatum_821.jpeg,https://inaturalist-open-data.s3.amazonaws.com/photos/322559207/medium.jpeg,cc-by-nc,184762658,research,52.5250333333,33.6162666667,native
lythrum_virgatum_822.jpeg,https://inaturalist-open-data.s3.amazonaws.com/photos/322548768/medium.jpeg,cc-by-nc,184759219,research,52.544552246,33.6944209156,native
lythrum_virgatum_823.jpg,https://inaturalist-open-data.s3.amazonaws.com/photos/321657238/medium.jpg,cc-by-nc,184287702,research,46.412116099,30.1653199031,native
lythrum_virgatum_824.jpg,https://inaturalist-open-data.s3.amazonaws.com/photos/321657243/medium.jpg,cc-by-nc,184287702,research,46.412116099,30.1653199031,native
lythrum_virgatum_825.jpg,https://inaturalist-open-data.s3.amazonaws.com/photos/321657245/medium.jpg,cc-by-nc,184287702,research,46.412116099,30.1653199031,native
lythrum_virgatum_826.jpeg,https://inaturalist-open-data.s3.amazonaws.com/photos/321311071/medium.jpeg,cc-by-nc,184103101,research,49.3093916667,43.682095,native
lythrum_virgatum_827.jpeg,https://inaturalist-open-data.s3.amazonaws.com/photos/321085229/medium.jpeg,cc-by,183985197,research,53.4231216329,50.0156658143,native
lythrum_virgatum_828.jpeg,https://inaturalist-open-data.s3.amazonaws.com/photos/321085258/medium.jpeg,cc-by,183985197,research,53.4231216329,50.0156658143,native
lythrum_virgatum_829.jpg,https://inaturalist-open-data.s3.amazonaws.com/photos/320742150/medium.jpg,cc-by-nc,183813000,research,54.6886332724,40.898444418,native
lythrum_virgatum_830.jpg,https://inaturalist-open-data.s3.amazonaws.com/photos/320742155/medium.jpg,cc-by-nc,183813000,research,54.6886332724,40.898444418,native
lythrum_virgatum_831.jpg,https://inaturalist-open-data.s3.amazonaws.com/photos/320742151/medium.jpg,cc-by-nc,183813000,research,54.6886332724,40.898444418,native
lythrum_virgatum_832.jpg,https://inaturalist-open-data.s3.amazonaws.com/photos/320736919/medium.jpg,cc-by-nc,183809838,research,54.6883164307,40.8980988595,native
lythrum_virgatum_833.jpg,https://inaturalist-open-data.s3.amazonaws.com/photos/320736917/medium.jpg,cc-by-nc,183809838,research,54.6883164307,40.8980988595,native
lythrum_virgatum_834.jpg,https://inaturalist-open-data.s3.amazonaws.com/photos/320736915/medium.jpg,cc-by-nc,183809838,research,54.6883164307,40.8980988595,native
lythrum_virgatum_835.jpg,https://inaturalist-open-data.s3.amazonaws.com/photos/320736927/medium.jpg,cc-by-nc,183809838,research,54.6883164307,40.8980988595,native
lythrum_virgatum_836.jpg,https://inaturalist-open-data.s3.amazonaws.com/photos/320549791/medium.jpg,cc-by-nc,183710147,research,54.6975845865,40.8808142326,native
lythrum_virgatum_837.jpg,https://inaturalist-open-data.s3.amazonaws.com/photos/320549805/medium.jpg,cc-by-nc,183710147,research,54.6975845865,40.8808142326,native
lythrum_virgatum_838.jpeg,https://inaturalist-open-data.s3.amazonaws.com/photos/319349359/medium.jpeg,cc-by-nc,183084023,research,54.9455866667,46.66485,native
lythrum_virgatum_839.jpg,https://inaturalist-open-data.s3.amazonaws.com/photos/321356037/medium.jpg,cc-by-nc,183084023,research,54.9455866667,46.66485,native
lythrum_virgatum_840.jpg,https://inaturalist-open-data.s3.amazonaws.com/photos/321356043/medium.jpg,cc-by-nc,183084023,research,54.9455866667,46.66485,native
lythrum_virgatum_841.jpg,https://inaturalist-open-data.s3.amazonaws.com/photos/321356045/medium.jpg,cc-by-nc,183084023,research,54.9455866667,46.66485,native
lythrum_virgatum_842.jpg,https://inaturalist-open-data.s3.amazonaws.com/photos/321356044/medium.jpg,cc-by-nc,183084023,research,54.9455866667,46.66485,native
lythrum_virgatum_843.jpeg,https://inaturalist-open-data.s3.amazonaws.com/photos/319166510/medium.jpeg,cc-by-nc,182990772,research,54.6687319484,39.734765701,native
lythrum_virgatum_844.jpeg,https://inaturalist-open-data.s3.amazonaws.com/photos/319166537/medium.jpeg,cc-by-nc,182990772,research,54.6687319484,39.734765701,native
lythrum_virgatum_845.jpg,https://inaturalist-open-data.s3.amazonaws.com/photos/318477337/medium.jpg,cc-by-nc,182638552,research,50.3285220884,30.5758480323,native
lythrum_virgatum_846.jpg,https://inaturalist-open-data.s3.amazonaws.com/photos/318480422/medium.jpg,cc-by-nc,182638552,research,50.3285220884,30.5758480323,native
lythrum_virgatum_847.jpeg,https://inaturalist-open-data.s3.amazonaws.com/photos/318453305/medium.jpeg,cc-by-nc,182624509,research,50.366323,30.6481719722,native
lythrum_virgatum_848.jpeg,https://inaturalist-open-data.s3.amazonaws.com/photos/318224062/medium.jpeg,cc-by,182508183,research,51.60115807,39.95609532,native
lythrum_virgatum_849.jpeg,https://inaturalist-open-data.s3.amazonaws.com/photos/318224072/medium.jpeg,cc-by,182508183,research,51.60115807,39.95609532,native
lythrum_virgatum_850.jpeg,https://inaturalist-open-data.s3.amazonaws.com/photos/318216989/medium.jpeg,cc-by,182504053,research,51.81131582,40.09233275,native
lythrum_virgatum_851.jpeg,https://inaturalist-open-data.s3.amazonaws.com/photos/318216999/medium.jpeg,cc-by,182504053,research,51.81131582,40.09233275,native
lythrum_virgatum_852.jpg,https://inaturalist-open-data.s3.amazonaws.com/photos/318156154/medium.jpg,cc-by-nc,182463533,research,46.7714466667,20.4252716667,native
lythrum_virgatum_853.jpg,https://inaturalist-open-data.s3.amazonaws.com/photos/318156201/medium.jpg,cc-by-nc,182463533,research,46.7714466667,20.4252716667,native
lythrum_virgatum_854.jpeg,https://inaturalist-open-data.s3.amazonaws.com/photos/318135114/medium.jpeg,cc0,182458999,research,47.1657531895,20.1840529125,native
lythrum_virgatum_855.jpeg,https://inaturalist-open-data.s3.amazonaws.com/photos/318122830/medium.jpeg,cc-by-nc,182453182,research,43.2155332997,76.9190449997,native
lythrum_virgatum_856.jpeg,https://inaturalist-open-data.s3.amazonaws.com/photos/318122855/medium.jpeg,cc-by-nc,182453182,research,43.2155332997,76.9190449997,native
lythrum_virgatum_857.jpg,https://inaturalist-open-data.s3.amazonaws.com/photos/317943088/medium.jpg,cc-by-nc,182364987,research,53.2204271,34.3756910139,
lythrum_virgatum_858.jpg,https://inaturalist-open-data.s3.amazonaws.com/photos/317943080/medium.jpg,cc-by-nc,182364986,research,53.2204166472,34.3756566472,
lythrum_virgatum_859.jpg,https://inaturalist-open-data.s3.amazonaws.com/photos/317829260/medium.jpg,cc-by-nc,182301601,research,51.5416444444,45.9238805556,native
lythrum_virgatum_860.jpg,https://inaturalist-open-data.s3.amazonaws.com/photos/317829223/medium.jpg,cc-by-nc,182301601,research,51.5416444444,45.9238805556,native
lythrum_virgatum_861.jpg,https://inaturalist-open-data.s3.amazonaws.com/photos/317638379/medium.jpg,cc-by-nc,182204167,research,54.5711111111,41.0730555556,native
lythrum_virgatum_862.jpg,https://inaturalist-open-data.s3.amazonaws.com/photos/317627715/medium.jpg,cc-by,182197062,research,56.0537253997,38.8642308,native
lythrum_virgatum_863.jpg,https://inaturalist-open-data.s3.amazonaws.com/photos/317594015/medium.jpg,cc-by-nc,182178238,research,57.2088466667,65.4656366667,native
lythrum_virgatum_864.jpg,https://inaturalist-open-data.s3.amazonaws.com/photos/317594033/medium.jpg,cc-by-nc,182178238,research,57.2088466667,65.4656366667,native
lythrum_virgatum_865.jpg,https://inaturalist-open-data.s3.amazonaws.com/photos/317594067/medium.jpg,cc-by-nc,182178238,research,57.2088466667,65.4656366667,native
lythrum_virgatum_866.jpg,https://inaturalist-open-data.s3.amazonaws.com/photos/317594105/medium.jpg,cc-by-nc,182178238,research,57.2088466667,65.4656366667,native
lythrum_virgatum_867.jpeg,https://inaturalist-open-data.s3.amazonaws.com/photos/317076187/medium.jpeg,cc-by,181912713,research,53.8533790997,51.6250069997,native
lythrum_virgatum_868.jpeg,https://inaturalist-open-data.s3.amazonaws.com/photos/317076222/medium.jpeg,cc-by,181912713,research,53.8533790997,51.6250069997,native
lythrum_virgatum_869.jpg,https://inaturalist-open-data.s3.amazonaws.com/photos/316843391/medium.jpg,cc-by-nc,181795791,research,54.6620479997,40.8677855997,native
lythrum_virgatum_870.jpg,https://inaturalist-open-data.s3.amazonaws.com/photos/316843511/medium.jpg,cc-by-nc,181795791,research,54.6620479997,40.8677855997,native
lythrum_virgatum_871.jpeg,https://inaturalist-open-data.s3.amazonaws.com/photos/316375223/medium.jpeg,cc-by-nc,181546914,research,52.0727562,27.8218634,native
lythrum_virgatum_872.jpeg,https://inaturalist-open-data.s3.amazonaws.com/photos/316376023/medium.jpeg,cc-by-nc,181546914,research,52.0727562,27.8218634,native
lythrum_virgatum_873.jpeg,https://inaturalist-open-data.s3.amazonaws.com/photos/316376059/medium.jpeg,cc-by-nc,181546914,research,52.0727562,27.8218634,native
lythrum_virgatum_874.jpeg,https://inaturalist-open-data.s3.amazonaws.com/photos/316376087/medium.jpeg,cc-by-nc,181546914,research,52.0727562,27.8218634,native
lythrum_virgatum_875.jpeg,https://inaturalist-open-data.s3.amazonaws.com/photos/316195595/medium.jpeg,cc-by-nc,181452001,research,48.8450086776,16.8094441295,native
lythrum_virgatum_876.jpeg,https://inaturalist-open-data.s3.amazonaws.com/photos/316195675/medium.jpeg,cc-by-nc,181452001,research,48.8450086776,16.8094441295,native
lythrum_virgatum_877.jpeg,https://inaturalist-open-data.s3.amazonaws.com/photos/316195740/medium.jpeg,cc-by-nc,181452001,research,48.8450086776,16.8094441295,native
lythrum_virgatum_878.jpeg,https://inaturalist-open-data.s3.amazonaws.com/photos/316055539/medium.jpeg,cc-by,181376906,research,61.0252674463,69.0454465646,native
lythrum_virgatum_879.jpeg,https://inaturalist-open-data.s3.amazonaws.com/photos/316055534/medium.jpeg,cc-by,181376906,research,61.0252674463,69.0454465646,native
lythrum_virgatum_880.jpeg,https://inaturalist-open-data.s3.amazonaws.com/photos/316055543/medium.jpeg,cc-by,181376906,research,61.0252674463,69.0454465646,native
lythrum_virgatum_881.jpeg,https://inaturalist-open-data.s3.amazonaws.com/photos/316048167/medium.jpeg,cc-by,181362728,research,52.2576191172,43.9080752779,native
lythrum_virgatum_882.jpeg,https://inaturalist-open-data.s3.amazonaws.com/photos/316048418/medium.jpeg,cc-by,181362728,research,52.2576191172,43.9080752779,native
lythrum_virgatum_883.jpeg,https://inaturalist-open-data.s3.amazonaws.com/photos/316048422/medium.jpeg,cc-by,181362728,research,52.2576191172,43.9080752779,native
lythrum_virgatum_884.jpeg,https://inaturalist-open-data.s3.amazonaws.com/photos/316048436/medium.jpeg,cc-by,181362728,research,52.2576191172,43.9080752779,native
lythrum_virgatum_885.jpeg,https://inaturalist-open-data.s3.amazonaws.com/photos/315491754/medium.jpeg,cc-by-nc,181054226,research,53.2001697021,83.5531594232,native
lythrum_virgatum_886.jpeg,https://inaturalist-open-data.s3.amazonaws.com/photos/315474864/medium.jpeg,cc-by-nc,181049158,research,54.9089051109,73.2763226575,native
lythrum_virgatum_887.jpg,https://inaturalist-open-data.s3.amazonaws.com/photos/314758349/medium.jpg,cc-by-nc,180673864,research,50.2985069076,30.5968622234,native
lythrum_virgatum_888.jpg,https://inaturalist-open-data.s3.amazonaws.com/photos/314760625/medium.jpg,cc-by-nc,180673864,research,50.2985069076,30.5968622234,native
lythrum_virgatum_889.jpeg,https://inaturalist-open-data.s3.amazonaws.com/photos/314631071/medium.jpeg,cc-by-nc,180604967,research,47.0933516997,47.7438495,native
lythrum_virgatum_890.jpeg,https://inaturalist-open-data.s3.amazonaws.com/photos/314630623/medium.jpeg,cc-by-nc,180604768,research,47.0903611,47.7409584997,native
lythrum_virgatum_891.jpeg,https://inaturalist-open-data.s3.amazonaws.com/photos/314017885/medium.jpeg,cc-by-nc,180291597,research,53.6674916667,83.412435,native
lythrum_virgatum_892.jpeg,https://inaturalist-open-data.s3.amazonaws.com/photos/314018166/medium.jpeg,cc-by-nc,180291597,research,53.6674916667,83.412435,native
lythrum_virgatum_893.jpeg,https://inaturalist-open-data.s3.amazonaws.com/photos/313611445/medium.jpeg,cc-by-nc,180073973,research,48.5918533333,44.65473,native
lythrum_virgatum_894.jpeg,https://inaturalist-open-data.s3.amazonaws.com/photos/313611464/medium.jpeg,cc-by-nc,180073973,research,48.5918533333,44.65473,native
lythrum_virgatum_895.jpeg,https://inaturalist-open-data.s3.amazonaws.com/photos/313611487/medium.jpeg,cc-by-nc,180073973,research,48.5918533333,44.65473,native
lythrum_virgatum_896.jpeg,https://inaturalist-open-data.s3.amazonaws.com/photos/313611514/medium.jpeg,cc-by-nc,180073973,research,48.5918533333,44.65473,native
lythrum_virgatum_897.jpeg,https://inaturalist-open-data.s3.amazonaws.com/photos/313480323/medium.jpeg,cc-by-nc-nd,180006816,research,52.6916149627,29.631515682,native
lythrum_virgatum_898.jpg,https://inaturalist-open-data.s3.amazonaws.com/photos/313463581/medium.jpg,cc-by-nc,179999663,needs_id,47.1664390997,20.1970604,native
lythrum_virgatum_899.jpeg,https://inaturalist-open-data.s3.amazonaws.com/photos/313363329/medium.jpeg,cc-by-nc,179944772,research,55.0067713547,46.5799043366,native
lythrum_virgatum_900.jpeg,https://inaturalist-open-data.s3.amazonaws.com/photos/313113803/medium.jpeg,cc-by-nc,179812081,research,54.6529872615,39.7941803187,native
lythrum_virgatum_901.jpeg,https://inaturalist-open-data.s3.amazonaws.com/photos/313113812/medium.jpeg,cc-by-nc,179812081,research,54.6529872615,39.7941803187,native
lythrum_virgatum_902.jpeg,https://inaturalist-open-data.s3.amazonaws.com/photos/313112694/medium.jpeg,cc-by-nc,179811520,research,54.653629285,39.7918223217,native
lythrum_virgatum_903.jpeg,https://inaturalist-open-data.s3.amazonaws.com/photos/313066740/medium.jpeg,cc-by-nc,179787261,research,54.6536261816,39.7898958251,native
lythrum_virgatum_904.jpeg,https://inaturalist-open-data.s3.amazonaws.com/photos/313066762/medium.jpeg,cc-by-nc,179787261,research,54.6536261816,39.7898958251,native
lythrum_virgatum_905.jpeg,https://inaturalist-open-data.s3.amazonaws.com/photos/312941034/medium.jpeg,cc-by-nc,179725204,research,50.0909300062,33.1298178588,native
lythrum_virgatum_906.jpeg,https://inaturalist-open-data.s3.amazonaws.com/photos/312938124/medium.jpeg,cc-by-nc,179723900,research,50.0912572221,33.1317740126,native
lythrum_virgatum_907.jpeg,https://inaturalist-open-data.s3.amazonaws.com/photos/312938914/medium.jpeg,cc-by-nc,179723900,research,50.0912572221,33.1317740126,native
lythrum_virgatum_908.jpeg,https://inaturalist-open-data.s3.amazonaws.com/photos/312933831/medium.jpeg,cc-by-nc,179721770,research,50.0941829565,33.1346048173,native
lythrum_virgatum_909.jpeg,https://inaturalist-open-data.s3.amazonaws.com/photos/312871955/medium.jpeg,cc-by-nc,179688252,research,53.27401661,34.3741748482,
lythrum_virgatum_910.jpeg,https://inaturalist-open-data.s3.amazonaws.com/photos/312871976/medium.jpeg,cc-by-nc,179688252,research,53.27401661,34.3741748482,
lythrum_virgatum_911.jpeg,https://inaturalist-open-data.s3.amazonaws.com/photos/312769111/medium.jpeg,cc-by-nc,179634054,research,54.6431174421,39.7469085671,native
lythrum_virgatum_912.jpg,https://inaturalist-open-data.s3.amazonaws.com/photos/312665185/medium.jpg,cc-by,179579890,research,55.3397407,38.8256514997,native
lythrum_virgatum_913.jpg,https://inaturalist-open-data.s3.amazonaws.com/photos/312665263/medium.jpg,cc-by,179579890,research,55.3397407,38.8256514997,native
lythrum_virgatum_914.jpg,https://inaturalist-open-data.s3.amazonaws.com/photos/312665347/medium.jpg,cc-by,179579890,research,55.3397407,38.8256514997,native
lythrum_virgatum_915.jpg,https://inaturalist-open-data.s3.amazonaws.com/photos/312665427/medium.jpg,cc-by,179579890,research,55.3397407,38.8256514997,native
lythrum_virgatum_916.jpg,https://inaturalist-open-data.s3.amazonaws.com/photos/312665425/medium.jpg,cc-by,179579890,research,55.3397407,38.8256514997,native
lythrum_virgatum_917.jpg,https://inaturalist-open-data.s3.amazonaws.com/photos/312665428/medium.jpg,cc-by,179579890,research,55.3397407,38.8256514997,native
lythrum_virgatum_918.jpeg,https://inaturalist-open-data.s3.amazonaws.com/photos/312650229/medium.jpeg,cc-by-nc,179572124,research,54.6601234318,39.7025647759,native
lythrum_virgatum_919.jpeg,https://inaturalist-open-data.s3.amazonaws.com/photos/312650264/medium.jpeg,cc-by-nc,179572124,research,54.6601234318,39.7025647759,native
lythrum_virgatum_920.jpg,https://inaturalist-open-data.s3.amazonaws.com/photos/312632354/medium.jpg,cc-by-nc,179562650,research,54.0791866499,43.2637842569,native
lythrum_virgatum_921.jpg,https://inaturalist-open-data.s3.amazonaws.com/photos/312632343/medium.jpg,cc-by-nc,179562650,research,54.0791866499,43.2637842569,native
lythrum_virgatum_922.jpg,https://inaturalist-open-data.s3.amazonaws.com/photos/312620082/medium.jpg,cc-by-nc,179556276,needs_id,46.2550146388,18.8639520395,native
lythrum_virgatum_923.jpg,https://inaturalist-open-data.s3.amazonaws.com/photos/312620323/medium.jpg,cc-by-nc,179556276,needs_id,46.2550146388,18.8639520395,native
lythrum_virgatum_924.jpg,https://inaturalist-open-data.s3.amazonaws.com/photos/312620393/medium.jpg,cc-by-nc,179556276,needs_id,46.2550146388,18.8639520395,native
lythrum_virgatum_925.jpeg,https://inaturalist-open-data.s3.amazonaws.com/photos/312463036/medium.jpeg,cc-by-nc,179473629,research,54.6438629369,39.7479800042,native
lythrum_virgatum_926.jpg,https://inaturalist-open-data.s3.amazonaws.com/photos/312166299/medium.jpg,cc-by-nc,179320742,research,54.20267353,78.3781266501,native
lythrum_virgatum_927.jpg,https://inaturalist-open-data.s3.amazonaws.com/photos/312166332/medium.jpg,cc-by-nc,179320742,research,54.20267353,78.3781266501,native
lythrum_virgatum_928.jpg,https://inaturalist-open-data.s3.amazonaws.com/photos/311870761/medium.jpg,cc-by-nc,179165207,research,53.1958788,34.2817389472,
lythrum_virgatum_929.jpg,https://inaturalist-open-data.s3.amazonaws.com/photos/311870789/medium.jpg,cc-by-nc,179165207,research,53.1958788,34.2817389472,
lythrum_virgatum_930.jpg,https://inaturalist-open-data.s3.amazonaws.com/photos/311826113/medium.jpg,cc-by-nc,179135118,research,47.4165309722,31.670024,native
lythrum_virgatum_931.jpeg,https://inaturalist-open-data.s3.amazonaws.com/photos/311580876/medium.jpeg,cc-by-nc,179003293,needs_id,50.9391930731,34.7488874942,native
lythrum_virgatum_932.jpg,https://inaturalist-open-data.s3.amazonaws.com/photos/311340350/medium.jpg,cc-by-nc,178878328,research,47.8524699166,16.6511937105,native
lythrum_virgatum_933.jpg,https://inaturalist-open-data.s3.amazonaws.com/photos/311340406/medium.jpg,cc-by-nc,178878328,research,47.8524699166,16.6511937105,native
lythrum_virgatum_934.jpg,https://inaturalist-open-data.s3.amazonaws.com/photos/311340466/medium.jpg,cc-by-nc,178878328,research,47.8524699166,16.6511937105,native
lythrum_virgatum_935.jpg,https://inaturalist-open-data.s3.amazonaws.com/photos/311340508/medium.jpg,cc-by-nc,178878328,research,47.8524699166,16.6511937105,native
lythrum_virgatum_936.jpg,https://inaturalist-open-data.s3.amazonaws.com/photos/311340557/medium.jpg,cc-by-nc,178878328,research,47.8524699166,16.6511937105,native
lythrum_virgatum_937.jpeg,https://inaturalist-open-data.s3.amazonaws.com/photos/311287678/medium.jpeg,cc-by,178855690,research,57.1839416667,65.5285722222,native
lythrum_virgatum_938.jpeg,https://inaturalist-open-data.s3.amazonaws.com/photos/311287717/medium.jpeg,cc-by,178855690,research,57.1839416667,65.5285722222,native
lythrum_virgatum_939.jpg,https://inaturalist-open-data.s3.amazonaws.com/photos/311067934/medium.jpg,cc-by-nc,178736789,research,47.8206493683,16.6697472839,native
lythrum_virgatum_940.jpg,https://inaturalist-open-data.s3.amazonaws.com/photos/311067996/medium.jpg,cc-by-nc,178736789,research,47.8206493683,16.6697472839,native
lythrum_virgatum_941.jpg,https://inaturalist-open-data.s3.amazonaws.com/photos/311068016/medium.jpg,cc-by-nc,178736789,research,47.8206493683,16.6697472839,native
lythrum_virgatum_942.jpg,https://inaturalist-open-data.s3.amazonaws.com/photos/311068054/medium.jpg,cc-by-nc,178736789,research,47.8206493683,16.6697472839,native
lythrum_virgatum_943.jpg,https://inaturalist-open-data.s3.amazonaws.com/photos/311068088/medium.jpg,cc-by-nc,178736789,research,47.8206493683,16.6697472839,native
lythrum_virgatum_944.jpg,https://inaturalist-open-data.s3.amazonaws.com/photos/311068123/medium.jpg,cc-by-nc,178736789,research,47.8206493683,16.6697472839,native
lythrum_virgatum_945.jpeg,https://inaturalist-open-data.s3.amazonaws.com/photos/311056612/medium.jpeg,cc-by-nc,178730725,research,54.6616001991,39.6820844337,native
lythrum_virgatum_946.jpeg,https://inaturalist-open-data.s3.amazonaws.com/photos/311056652/medium.jpeg,cc-by-nc,178730725,research,54.6616001991,39.6820844337,native
lythrum_virgatum_947.jpeg,https://inaturalist-open-data.s3.amazonaws.com/photos/311034105/medium.jpeg,cc-by-nc,178718960,needs_id,52.1176534068,29.1498553008,native
lythrum_virgatum_948.jpeg,https://inaturalist-open-data.s3.amazonaws.com/photos/311034177/medium.jpeg,cc-by-nc,178718960,needs_id,52.1176534068,29.1498553008,native
lythrum_virgatum_949.jpeg,https://inaturalist-open-data.s3.amazonaws.com/photos/311034244/medium.jpeg,cc-by-nc,178718960,needs_id,52.1176534068,29.1498553008,native
lythrum_virgatum_950.jpeg,https://inaturalist-open-data.s3.amazonaws.com/photos/311034357/medium.jpeg,cc-by-nc,178718960,needs_id,52.1176534068,29.1498553008,native
lythrum_virgatum_951.jpeg,https://inaturalist-open-data.s3.amazonaws.com/photos/310938119/medium.jpeg,cc-by-nc,178666394,research,56.2477413644,44.1750188917,native
lythrum_virgatum_952.jpeg,https://inaturalist-open-data.s3.amazonaws.com/photos/310938137/medium.jpeg,cc-by-nc,178666394,research,56.2477413644,44.1750188917,native
lythrum_virgatum_953.jpeg,https://inaturalist-open-data.s3.amazonaws.com/photos/310922434/medium.jpeg,cc-by-nc,178658518,research,48.68894,45.2681016667,native
lythrum_virgatum_954.jpeg,https://inaturalist-open-data.s3.amazonaws.com/photos/310922455/medium.jpeg,cc-by-nc,178658518,research,48.68894,45.2681016667,native
lythrum_virgatum_955.jpeg,https://inaturalist-open-data.s3.amazonaws.com/photos/310922470/medium.jpeg,cc-by-nc,178658518,research,48.68894,45.2681016667,native
lythrum_virgatum_956.jpeg,https://inaturalist-open-data.s3.amazonaws.com/photos/310922490/medium.jpeg,cc-by-nc,178658518,research,48.68894,45.2681016667,native
lythrum_virgatum_957.jpeg,https://inaturalist-open-data.s3.amazonaws.com/photos/310922511/medium.jpeg,cc-by-nc,178658518,research,48.68894,45.2681016667,native
lythrum_virgatum_958.jpeg,https://inaturalist-open-data.s3.amazonaws.com/photos/310736498/medium.jpeg,cc-by-nc,178561878,research,52.1182232872,29.1397077414,native
lythrum_virgatum_959.jpeg,https://inaturalist-open-data.s3.amazonaws.com/photos/310689341/medium.jpeg,cc-by-nc,178547884,research,55.259284631,72.9894053784,native
lythrum_virgatum_960.jpeg,https://inaturalist-open-data.s3.amazonaws.com/photos/310668369/medium.jpeg,cc-by-nc-nd,178525518,needs_id,52.1184282266,29.14063845,native
lythrum_virgatum_961.jpeg,https://inaturalist-open-data.s3.amazonaws.com/photos/309365629/medium.jpeg,cc-by-nc,177843142,research,49.211605,43.820475,native
lythrum_virgatum_962.jpeg,https://inaturalist-open-data.s3.amazonaws.com/photos/309385157/medium.jpeg,cc-by-nc,177843142,research,49.211605,43.820475,native
lythrum_virgatum_963.jpeg,https://inaturalist-open-data.s3.amazonaws.com/photos/309354398/medium.jpeg,cc-by-nc-nd,177836480,needs_id,52.6130172324,30.2693572806,native
lythrum_virgatum_964.jpg,https://inaturalist-open-data.s3.amazonaws.com/photos/308825948/medium.jpg,cc-by-nc,177557355,research,51.9869353961,47.2487978013,native
lythrum_virgatum_965.jpeg,https://inaturalist-open-data.s3.amazonaws.com/photos/308724649/medium.jpeg,cc-by-nc,177501209,research,51.4166883429,40.0930280238,native
lythrum_virgatum_966.jpeg,https://inaturalist-open-data.s3.amazonaws.com/photos/308724720/medium.jpeg,cc-by-nc,177501209,research,51.4166883429,40.0930280238,native
lythrum_virgatum_967.jpeg,https://inaturalist-open-data.s3.amazonaws.com/photos/308726369/medium.jpeg,cc-by-nc,177501209,research,51.4166883429,40.0930280238,native
lythrum_virgatum_968.jpg,https://inaturalist-open-data.s3.amazonaws.com/photos/308481785/medium.jpg,cc-by-nc,177373186,research,51.4954364523,31.3867018825,native
lythrum_virgatum_969.jpg,https://inaturalist-open-data.s3.amazonaws.com/photos/308483836/medium.jpg,cc-by-nc,177373186,research,51.4954364523,31.3867018825,native
lythrum_virgatum_970.jpg,https://inaturalist-open-data.s3.amazonaws.com/photos/308162562/medium.jpg,cc-by-nc,177205237,research,51.5805888889,46.2608861111,native
lythrum_virgatum_971.jpg,https://inaturalist-open-data.s3.amazonaws.com/photos/307724097/medium.jpg,cc-by-nc,176966301,research,56.5988729059,84.8702039029,native
lythrum_virgatum_972.jpg,https://inaturalist-open-data.s3.amazonaws.com/photos/307724148/medium.jpg,cc-by-nc,176966301,research,56.5988729059,84.8702039029,native
lythrum_virgatum_973.jpeg,https://inaturalist-open-data.s3.amazonaws.com/photos/307618927/medium.jpeg,cc-by-nc,176908143,research,55.3765982513,65.7640263811,native
lythrum_virgatum_974.jpeg,https://inaturalist-open-data.s3.amazonaws.com/photos/307618953/medium.jpeg,cc-by-nc,176908143,research,55.3765982513,65.7640263811,native
lythrum_virgatum_975.jpeg,https://inaturalist-open-data.s3.amazonaws.com/photos/307618976/medium.jpeg,cc-by-nc,176908143,research,55.3765982513,65.7640263811,native
lythrum_virgatum_976.jpg,https://inaturalist-open-data.s3.amazonaws.com/photos/307422921/medium.jpg,cc-by-nc,176802145,research,48.7043865621,45.5121286721,native
lythrum_virgatum_977.jpg,https://inaturalist-open-data.s3.amazonaws.com/photos/307423021/medium.jpg,cc-by-nc,176802145,research,48.7043865621,45.5121286721,native
lythrum_virgatum_978.jpeg,https://inaturalist-open-data.s3.amazonaws.com/photos/307360559/medium.jpeg,cc-by-nc,176766488,research,50.094079133,33.1345876563,native
lythrum_virgatum_979.jpeg,https://inaturalist-open-data.s3.amazonaws.com/photos/307360772/medium.jpeg,cc-by-nc,176766488,research,50.094079133,33.1345876563,native
lythrum_virgatum_980.jpeg,https://inaturalist-open-data.s3.amazonaws.com/photos/307360793/medium.jpeg,cc-by-nc,176766488,research,50.094079133,33.1345876563,native
lythrum_virgatum_981.jpeg,https://inaturalist-open-data.s3.amazonaws.com/photos/307360844/medium.jpeg,cc-by-nc,176766488,research,50.094079133,33.1345876563,native
lythrum_virgatum_982.jpeg,https://inaturalist-open-data.s3.amazonaws.com/photos/307360910/medium.jpeg,cc-by-nc,176766488,research,50.094079133,33.1345876563,native
lythrum_virgatum_983.jpeg,https://inaturalist-open-data.s3.amazonaws.com/photos/307351043/medium.jpeg,cc-by-nc,176760940,research,46.9671376391,21.6774784774,native
lythrum_virgatum_984.jpeg,https://inaturalist-open-data.s3.amazonaws.com/photos/307351082/medium.jpeg,cc-by-nc,176760940,research,46.9671376391,21.6774784774,native
lythrum_virgatum_985.jpeg,https://inaturalist-open-data.s3.amazonaws.com/photos/307351134/medium.jpeg,cc-by-nc,176760940,research,46.9671376391,21.6774784774,native
lythrum_virgatum_986.jpeg,https://inaturalist-open-data.s3.amazonaws.com/photos/307322633/medium.jpeg,cc-by-nc,176744967,needs_id,47.1869400495,20.3255497308,native
lythrum_virgatum_987.jpeg,https://inaturalist-open-data.s3.amazonaws.com/photos/307322711/medium.jpeg,cc-by-nc,176744967,needs_id,47.1869400495,20.3255497308,native
lythrum_virgatum_988.jpeg,https://inaturalist-open-data.s3.amazonaws.com/photos/307322724/medium.jpeg,cc-by-nc,176744967,needs_id,47.1869400495,20.3255497308,native
lythrum_virgatum_989.jpg,https://inaturalist-open-data.s3.amazonaws.com/photos/307289012/medium.jpg,cc0,176727423,casual,46.7922517154,7.157032017,
lythrum_virgatum_990.jpg,https://inaturalist-open-data.s3.amazonaws.com/photos/307289016/medium.jpg,cc0,176727423,casual,46.7922517154,7.157032017,
lythrum_virgatum_991.jpg,https://inaturalist-open-data.s3.amazonaws.com/photos/307289013/medium.jpg,cc0,176727423,casual,46.7922517154,7.157032017,
lythrum_virgatum_992.jpg,https://inaturalist-open-data.s3.amazonaws.com/photos/307289024/medium.jpg,cc0,176727423,casual,46.7922517154,7.157032017,
lythrum_virgatum_993.jpg,https://inaturalist-open-data.s3.amazonaws.com/photos/307289026/medium.jpg,cc0,176727423,casual,46.7922517154,7.157032017,
lythrum_virgatum_994.jpeg,https://inaturalist-open-data.s3.amazonaws.com/photos/307191443/medium.jpeg,cc-by-nc,176677111,research,56.252183336,44.1440501064,native
lythrum_virgatum_995.jpeg,https://inaturalist-open-data.s3.amazonaws.com/photos/307191482/medium.jpeg,cc-by-nc,176677111,research,56.252183336,44.1440501064,native
lythrum_virgatum_996.jpeg,https://inaturalist-open-data.s3.amazonaws.com/photos/307191515/medium.jpeg,cc-by-nc,176677111,research,56.252183336,44.1440501064,native
lythrum_virgatum_997.jpg,https://inaturalist-open-data.s3.amazonaws.com/photos/307167058/medium.jpg,cc-by-nc,176664702,research,52.0468521111,44.2807426389,native
lythrum_virgatum_998.jpg,https://inaturalist-open-data.s3.amazonaws.com/photos/307167105/medium.jpg,cc-by-nc,176664702,research,52.0468521111,44.2807426389,native
lythrum_virgatum_999.jpeg,https://inaturalist-open-data.s3.amazonaws.com/photos/307148903/medium.jpeg,cc-by-nc,176654628,research,56.2470143997,44.1813695,native
lythrum_virgatum_1000.jpeg,https://inaturalist-open-data.s3.amazonaws.com/photos/307148959/medium.jpeg,cc-by-nc,176654628,research,56.2470143997,44.1813695,native
lythrum_virgatum_1001.jpeg,https://inaturalist-open-data.s3.amazonaws.com/photos/307028164/medium.jpeg,cc-by-nc,176588441,research,56.4037912171,84.9670544551,native
lythrum_virgatum_1002.jpg,https://inaturalist-open-data.s3.amazonaws.com/photos/307020892/medium.jpg,cc-by-nc,176584594,research,55.3782648997,86.1947382997,native
lythrum_virgatum_1003.jpeg,https://inaturalist-open-data.s3.amazonaws.com/photos/306813234/medium.jpeg,cc-by-nc,176475167,research,56.2580358855,44.1712996736,native
lythrum_virgatum_1004.jpeg,https://inaturalist-open-data.s3.amazonaws.com/photos/306813272/medium.jpeg,cc-by-nc,176475167,research,56.2580358855,44.1712996736,native
lythrum_virgatum_1005.jpeg,https://inaturalist-open-data.s3.amazonaws.com/photos/306750664/medium.jpeg,cc-by-nc,176439774,research,54.2716674722,79.6152191111,native
lythrum_virgatum_1006.jpeg,https://inaturalist-open-data.s3.amazonaws.com/photos/306695644/medium.jpeg,cc-by-nc,176407702,research,56.4083333333,93.6827777778,native
lythrum_virgatum_1007.jpeg,https://inaturalist-open-data.s3.amazonaws.com/photos/306695789/medium.jpeg,cc-by-nc,176407702,research,56.4083333333,93.6827777778,native
lythrum_virgatum_1008.jpg,https://inaturalist-open-data.s3.amazonaws.com/photos/306656036/medium.jpg,cc-by-nc,176386805,research,53.6756103188,87.1964372851,native
lythrum_virgatum_1009.jpg,https://inaturalist-open-data.s3.amazonaws.com/photos/306656066/medium.jpg,cc-by-nc,176386805,research,53.6756103188,87.1964372851,native
lythrum_virgatum_1010.jpg,https://inaturalist-open-data.s3.amazonaws.com/photos/306656084/medium.jpg,cc-by-nc,176386805,research,53.6756103188,87.1964372851,native
lythrum_virgatum_1011.jpg,https://inaturalist-open-data.s3.amazonaws.com/photos/306656113/medium.jpg,cc-by-nc,176386805,research,53.6756103188,87.1964372851,native
lythrum_virgatum_1012.jpeg,https://inaturalist-open-data.s3.amazonaws.com/photos/306427483/medium.jpeg,cc-by-nc,176265413,research,55.2326277225,61.6046138853,native
lythrum_virgatum_1013.jpeg,https://inaturalist-open-data.s3.amazonaws.com/photos/306427515/medium.jpeg,cc-by-nc,176265413,research,55.2326277225,61.6046138853,native
lythrum_virgatum_1014.jpeg,https://inaturalist-open-data.s3.amazonaws.com/photos/306427546/medium.jpeg,cc-by-nc,176265413,research,55.2326277225,61.6046138853,native
lythrum_virgatum_1015.jpeg,https://inaturalist-open-data.s3.amazonaws.com/photos/306427574/medium.jpeg,cc-by-nc,176265413,research,55.2326277225,61.6046138853,native
lythrum_virgatum_1016.jpeg,https://inaturalist-open-data.s3.amazonaws.com/photos/306361381/medium.jpeg,cc-by-nc,176232989,research,52.7768816086,82.5339125699,native
lythrum_virgatum_1017.jpeg,https://inaturalist-open-data.s3.amazonaws.com/photos/306361368/medium.jpeg,cc-by-nc,176232989,research,52.7768816086,82.5339125699,native
lythrum_virgatum_1018.jpeg,https://inaturalist-open-data.s3.amazonaws.com/photos/306083495/medium.jpeg,cc-by,176081266,research,53.83729906,87.15333303,native
lythrum_virgatum_1019.jpeg,https://inaturalist-open-data.s3.amazonaws.com/photos/306083511/medium.jpeg,cc-by,176081266,research,53.83729906,87.15333303,native
lythrum_virgatum_1020.jpeg,https://inaturalist-open-data.s3.amazonaws.com/photos/306083526/medium.jpeg,cc-by,176081266,research,53.83729906,87.15333303,native
lythrum_virgatum_1021.jpeg,https://inaturalist-open-data.s3.amazonaws.com/photos/306083542/medium.jpeg,cc-by,176081266,research,53.83729906,87.15333303,native
lythrum_virgatum_1022.jpeg,https://inaturalist-open-data.s3.amazonaws.com/photos/305878171/medium.jpeg,cc-by-nc,175973582,research,47.5852494503,46.7531102818,native
lythrum_virgatum_1023.jpeg,https://inaturalist-open-data.s3.amazonaws.com/photos/305878209/medium.jpeg,cc-by-nc,175973582,research,47.5852494503,46.7531102818,native
lythrum_virgatum_1024.jpeg,https://inaturalist-open-data.s3.amazonaws.com/photos/305878257/medium.jpeg,cc-by-nc,175973582,research,47.5852494503,46.7531102818,native
lythrum_virgatum_1025.jpeg,https://inaturalist-open-data.s3.amazonaws.com/photos/305878306/medium.jpeg,cc-by-nc,175973582,research,47.5852494503,46.7531102818,native
lythrum_virgatum_1026.jpeg,https://inaturalist-open-data.s3.amazonaws.com/photos/305878346/medium.jpeg,cc-by-nc,175973582,research,47.5852494503,46.7531102818,native
lythrum_virgatum_1027.jpg,https://inaturalist-open-data.s3.amazonaws.com/photos/305853085/medium.jpg,cc-by-nc,175958652,research,54.6463394167,82.9483489722,native
lythrum_virgatum_1028.jpeg,https://inaturalist-open-data.s3.amazonaws.com/photos/305548588/medium.jpeg,cc-by-nc,175796277,research,47.5924045,21.1961729,native
lythrum_virgatum_1029.jpeg,https://inaturalist-open-data.s3.amazonaws.com/photos/305548631/medium.jpeg,cc-by-nc,175796277,research,47.5924045,21.1961729,native
lythrum_virgatum_1030.jpeg,https://inaturalist-open-data.s3.amazonaws.com/photos/305195372/medium.jpeg,cc-by,175605069,research,52.01716997,41.22458783,native
lythrum_virgatum_1031.jpeg,https://inaturalist-open-data.s3.amazonaws.com/photos/305195395/medium.jpeg,cc-by,175605069,research,52.01716997,41.22458783,native
lythrum_virgatum_1032.jpeg,https://inaturalist-open-data.s3.amazonaws.com/photos/305195256/medium.jpeg,cc-by-nc,175604499,research,47.3186229767,19.8026036193,native
lythrum_virgatum_1033.jpeg,https://inaturalist-open-data.s3.amazonaws.com/photos/305195300/medium.jpeg,cc-by-nc,175604499,research,47.3186229767,19.8026036193,native
lythrum_virgatum_1034.jpeg,https://inaturalist-open-data.s3.amazonaws.com/photos/305190111/medium.jpeg,cc-by-nc,175601600,research,53.0984452,44.9842573997,native
lythrum_virgatum_1035.jpeg,https://inaturalist-open-data.s3.amazonaws.com/photos/305190165/medium.jpeg,cc-by-nc,175601600,research,53.0984452,44.9842573997,native
lythrum_virgatum_1036.jpeg,https://inaturalist-open-data.s3.amazonaws.com/photos/305190221/medium.jpeg,cc-by-nc,175601600,research,53.0984452,44.9842573997,native
lythrum_virgatum_1037.jpeg,https://inaturalist-open-data.s3.amazonaws.com/photos/305158273/medium.jpeg,cc-by-nc,175583684,research,53.089708,44.987538,native
lythrum_virgatum_1038.jpeg,https://inaturalist-open-data.s3.amazonaws.com/photos/305158316/medium.jpeg,cc-by-nc,175583684,research,53.089708,44.987538,native
lythrum_virgatum_1039.jpeg,https://inaturalist-open-data.s3.amazonaws.com/photos/305158380/medium.jpeg,cc-by-nc,175583684,research,53.089708,44.987538,native
lythrum_virgatum_1040.jpeg,https://inaturalist-open-data.s3.amazonaws.com/photos/305158440/medium.jpeg,cc-by-nc,175583684,research,53.089708,44.987538,native
lythrum_virgatum_1041.jpg,https://inaturalist-open-data.s3.amazonaws.com/photos/305082614/medium.jpg,cc-by-nc,175541115,research,51.6251935624,30.5046640523,native
lythrum_virgatum_1042.jpeg,https://inaturalist-open-data.s3.amazonaws.com/photos/305058856/medium.jpeg,cc-by-nc,175527608,research,55.67353767,73.28746203,native
lythrum_virgatum_1043.jpeg,https://inaturalist-open-data.s3.amazonaws.com/photos/305058910/medium.jpeg,cc-by-nc,175527608,research,55.67353767,73.28746203,native
lythrum_virgatum_1044.jpg,https://inaturalist-open-data.s3.amazonaws.com/photos/304855605/medium.jpg,cc-by-nc,175417822,research,47.917708607,16.7120044323,native
lythrum_virgatum_1045.jpg,https://inaturalist-open-data.s3.amazonaws.com/photos/304855629/medium.jpg,cc-by-nc,175417822,research,47.917708607,16.7120044323,native
lythrum_virgatum_1046.jpg,https://inaturalist-open-data.s3.amazonaws.com/photos/304855654/medium.jpg,cc-by-nc,175417822,research,47.917708607,16.7120044323,native
lythrum_virgatum_1047.jpg,https://inaturalist-open-data.s3.amazonaws.com/photos/304855688/medium.jpg,cc-by-nc,175417822,research,47.917708607,16.7120044323,native
lythrum_virgatum_1048.jpg,https://inaturalist-open-data.s3.amazonaws.com/photos/304787731/medium.jpg,cc-by,175381160,research,48.5987805121,44.4562360737,native
lythrum_virgatum_1049.jpeg,https://inaturalist-open-data.s3.amazonaws.com/photos/304778045/medium.jpeg,cc-by-nc,175375894,research,52.0576502988,27.9592361715,native
lythrum_virgatum_1050.jpeg,https://inaturalist-open-data.s3.amazonaws.com/photos/304746991/medium.jpeg,cc-by-nc,175358305,research,47.07483374,20.07963284,native
lythrum_virgatum_1051.jpeg,https://inaturalist-open-data.s3.amazonaws.com/photos/304747045/medium.jpeg,cc-by-nc,175358305,research,47.07483374,20.07963284,native
lythrum_virgatum_1052.jpg,https://inaturalist-open-data.s3.amazonaws.com/photos/304437373/medium.jpg,cc-by,175190572,research,57.1830666667,65.5280083333,native
lythrum_virgatum_1053.jpg,https://inaturalist-open-data.s3.amazonaws.com/photos/304283569/medium.jpg,cc-by,175106076,research,49.6727947465,42.240310369,native
lythrum_virgatum_1054.jpg,https://inaturalist-open-data.s3.amazonaws.com/photos/304283610/medium.jpg,cc-by,175106076,research,49.6727947465,42.240310369,native
lythrum_virgatum_1055.jpg,https://inaturalist-open-data.s3.amazonaws.com/photos/304281999/medium.jpg,cc-by,175105256,research,49.6689217947,42.2148729874,native
lythrum_virgatum_1056.jpg,https://inaturalist-open-data.s3.amazonaws.com/photos/304282029/medium.jpg,cc-by,175105256,research,49.6689217947,42.2148729874,native
lythrum_virgatum_1057.jpg,https://inaturalist-open-data.s3.amazonaws.com/photos/304282071/medium.jpg,cc-by,175105256,research,49.6689217947,42.2148729874,native
lythrum_virgatum_1058.jpg,https://inaturalist-open-data.s3.amazonaws.com/photos/304223236/medium.jpg,cc-by,175072589,research,49.6602785953,42.1289261142,native
lythrum_virgatum_1059.jpg,https://inaturalist-open-data.s3.amazonaws.com/photos/304222880/medium.jpg,cc-by,175072589,research,49.6602785953,42.1289261142,native
lythrum_virgatum_1060.jpg,https://inaturalist-open-data.s3.amazonaws.com/photos/304137996/medium.jpg,cc-by-nc,175025433,research,52.1504888333,45.0260195,native
lythrum_virgatum_1061.jpg,https://inaturalist-open-data.s3.amazonaws.com/photos/304138045/medium.jpg,cc-by-nc,175025433,research,52.1504888333,45.0260195,native
lythrum_virgatum_1062.jpeg,https://inaturalist-open-data.s3.amazonaws.com/photos/304063845/medium.jpeg,cc-by-nc,174985060,research,57.3167465189,64.9891663715,native
lythrum_virgatum_1063.jpeg,https://inaturalist-open-data.s3.amazonaws.com/photos/303811234/medium.jpeg,cc-by-nc,174850349,research,55.3462482302,65.780268833,native
lythrum_virgatum_1064.jpeg,https://inaturalist-open-data.s3.amazonaws.com/photos/303811263/medium.jpeg,cc-by-nc,174850349,research,55.3462482302,65.780268833,native
lythrum_virgatum_1065.jpeg,https://inaturalist-open-data.s3.amazonaws.com/photos/303811280/medium.jpeg,cc-by-nc,174850349,research,55.3462482302,65.780268833,native
lythrum_virgatum_1066.jpg,https://inaturalist-open-data.s3.amazonaws.com/photos/303417302/medium.jpg,cc-by-nc,174638472,research,52.5660458953,76.7935582252,native
lythrum_virgatum_1067.jpeg,https://inaturalist-open-data.s3.amazonaws.com/photos/303188923/medium.jpeg,cc-by,174517305,research,51.60439184,41.12579696,native
lythrum_virgatum_1068.jpeg,https://inaturalist-open-data.s3.amazonaws.com/photos/303188962/medium.jpeg,cc-by,174517305,research,51.60439184,41.12579696,native
lythrum_virgatum_1069.jpg,https://inaturalist-open-data.s3.amazonaws.com/photos/303120535/medium.jpg,cc-by,174477247,research,50.4306613245,41.8012930138,native
lythrum_virgatum_1070.jpg,https://inaturalist-open-data.s3.amazonaws.com/photos/303120581/medium.jpg,cc-by,174477247,research,50.4306613245,41.8012930138,native
lythrum_virgatum_1071.jpeg,https://inaturalist-open-data.s3.amazonaws.com/photos/303081839/medium.jpeg,cc-by-nc,174455818,research,47.9133402,19.048045,native
lythrum_virgatum_1072.jpeg,https://inaturalist-open-data.s3.amazonaws.com/photos/303081872/medium.jpeg,cc-by-nc,174455818,research,47.9133402,19.048045,native
lythrum_virgatum_1073.jpeg,https://inaturalist-open-data.s3.amazonaws.com/photos/302961597/medium.jpeg,cc-by-nc,174391925,research,55.29990634,73.01025903,native
lythrum_virgatum_1074.jpeg,https://inaturalist-open-data.s3.amazonaws.com/photos/302824044/medium.jpeg,cc-by-nc,174319161,research,52.8803428517,30.0613332912,native
lythrum_virgatum_1075.jpeg,https://inaturalist-open-data.s3.amazonaws.com/photos/302824198/medium.jpeg,cc-by-nc,174319161,research,52.8803428517,30.0613332912,native
lythrum_virgatum_1076.jpeg,https://inaturalist-open-data.s3.amazonaws.com/photos/302797794/medium.jpeg,cc-by-nc,174304239,research,52.8797305878,30.0641030073,native
lythrum_virgatum_1077.jpeg,https://inaturalist-open-data.s3.amazonaws.com/photos/302745446/medium.jpeg,cc-by-nc,174274705,research,52.8800891254,30.0662095472,native
lythrum_virgatum_1078.jpeg,https://inaturalist-open-data.s3.amazonaws.com/photos/302704339/medium.jpeg,cc-by-nc,174251124,research,52.8796589608,30.0690349191,native
lythrum_virgatum_1079.jpg,https://inaturalist-open-data.s3.amazonaws.com/photos/302662582/medium.jpg,cc-by-nc,174229946,research,52.6881845045,59.5565549261,native
lythrum_virgatum_1080.jpg,https://inaturalist-open-data.s3.amazonaws.com/photos/302662589/medium.jpg,cc-by-nc,174229946,research,52.6881845045,59.5565549261,native
lythrum_virgatum_1081.jpg,https://inaturalist-open-data.s3.amazonaws.com/photos/302662595/medium.jpg,cc-by-nc,174229946,research,52.6881845045,59.5565549261,native
lythrum_virgatum_1082.jpg,https://inaturalist-open-data.s3.amazonaws.com/photos/302662602/medium.jpg,cc-by-nc,174229946,research,52.6881845045,59.5565549261,native
lythrum_virgatum_1083.jpg,https://inaturalist-open-data.s3.amazonaws.com/photos/302662609/medium.jpg,cc-by-nc,174229946,research,52.6881845045,59.5565549261,native
lythrum_virgatum_1084.jpg,https://inaturalist-open-data.s3.amazonaws.com/photos/302662614/medium.jpg,cc-by-nc,174229946,research,52.6881845045,59.5565549261,native
lythrum_virgatum_1085.jpg,https://inaturalist-open-data.s3.amazonaws.com/photos/302662620/medium.jpg,cc-by-nc,174229946,research,52.6881845045,59.5565549261,native
lythrum_virgatum_1086.jpeg,https://inaturalist-open-data.s3.amazonaws.com/photos/302652491/medium.jpeg,cc-by-nc,174222625,needs_id,52.8787506643,30.0556211919,native
lythrum_virgatum_1087.jpg,https://inaturalist-open-data.s3.amazonaws.com/photos/302388041/medium.jpg,cc-by-nc,174081005,research,51.5044833333,46.186875,native
lythrum_virgatum_1088.jpg,https://inaturalist-open-data.s3.amazonaws.com/photos/302388056/medium.jpg,cc-by-nc,174081005,research,51.5044833333,46.186875,native
lythrum_virgatum_1089.jpg,https://inaturalist-open-data.s3.amazonaws.com/photos/302088270/medium.jpg,cc-by-nc,173921424,needs_id,51.3988298,33.3510039445,native
lythrum_virgatum_1090.jpeg,https://inaturalist-open-data.s3.amazonaws.com/photos/302081968/medium.jpeg,cc-by-nc,173913481,needs_id,51.3249661784,33.1590650216,native
lythrum_virgatum_1091.jpg,https://inaturalist-open-data.s3.amazonaws.com/photos/301896558/medium.jpg,cc-by,173817281,research,50.0628313829,41.6273034631,native
lythrum_virgatum_1092.jpeg,https://inaturalist-open-data.s3.amazonaws.com/photos/301863614/medium.jpeg,cc-by,173804537,research,47.4308469875,74.7966569999,native
lythrum_virgatum_1093.jpeg,https://inaturalist-open-data.s3.amazonaws.com/photos/301863666/medium.jpeg,cc-by,173804537,research,47.4308469875,74.7966569999,native
lythrum_virgatum_1094.jpeg,https://inaturalist-open-data.s3.amazonaws.com/photos/301860904/medium.jpeg,cc-by,173804363,needs_id,47.4122858999,74.7891583933,native
lythrum_virgatum_1095.jpeg,https://inaturalist-open-data.s3.amazonaws.com/photos/301860950/medium.jpeg,cc-by,173804363,needs_id,47.4122858999,74.7891583933,native
lythrum_virgatum_1096.jpeg,https://inaturalist-open-data.s3.amazonaws.com/photos/301861062/medium.jpeg,cc-by,173804363,needs_id,47.4122858999,74.7891583933,native
lythrum_virgatum_1097.jpg,https://inaturalist-open-data.s3.amazonaws.com/photos/301811132/medium.jpg,cc-by-nc,173788178,research,56.5988692985,84.8690132225,native
lythrum_virgatum_1098.jpg,https://inaturalist-open-data.s3.amazonaws.com/photos/301811147/medium.jpg,cc-by-nc,173788178,research,56.5988692985,84.8690132225,native
lythrum_virgatum_1099.jpeg,https://inaturalist-open-data.s3.amazonaws.com/photos/301757204/medium.jpeg,cc-by-nc,173740699,research,55.2939213938,86.249711886,native
lythrum_virgatum_1100.jpeg,https://inaturalist-open-data.s3.amazonaws.com/photos/301757229/medium.jpeg,cc-by-nc,173740699,research,55.2939213938,86.249711886,native
lythrum_virgatum_1101.jpeg,https://inaturalist-open-data.s3.amazonaws.com/photos/301757268/medium.jpeg,cc-by-nc,173740699,research,55.2939213938,86.249711886,native
lythrum_virgatum_1102.jpeg,https://inaturalist-open-data.s3.amazonaws.com/photos/301733441/medium.jpeg,cc-by-nc,173728730,research,51.4767689735,80.7784170541,native
lythrum_virgatum_1103.jpeg,https://inaturalist-open-data.s3.amazonaws.com/photos/301733452/medium.jpeg,cc-by-nc,173728730,research,51.4767689735,80.7784170541,native
lythrum_virgatum_1104.jpeg,https://inaturalist-open-data.s3.amazonaws.com/photos/301522255/medium.jpeg,cc-by,173620410,research,48.2286111813,74.1340113063,native
lythrum_virgatum_1105.jpeg,https://inaturalist-open-data.s3.amazonaws.com/photos/301457983/medium.jpeg,cc-by-nc,173580337,research,54.6120266667,43.2160066667,native
lythrum_virgatum_1106.jpeg,https://inaturalist-open-data.s3.amazonaws.com/photos/301458009/medium.jpeg,cc-by-nc,173580337,research,54.6120266667,43.2160066667,native
lythrum_virgatum_1107.jpeg,https://inaturalist-open-data.s3.amazonaws.com/photos/301436899/medium.jpeg,cc-by-nc,173568411,research,57.0028629722,40.991973,native
lythrum_virgatum_1108.jpeg,https://inaturalist-open-data.s3.amazonaws.com/photos/301436914/medium.jpeg,cc-by-nc,173568411,research,57.0028629722,40.991973,native
lythrum_virgatum_1109.jpg,https://inaturalist-open-data.s3.amazonaws.com/photos/301427970/medium.jpg,cc-by-nc,173563571,research,51.3693291,33.3081012,native
lythrum_virgatum_1110.jpeg,https://inaturalist-open-data.s3.amazonaws.com/photos/301148868/medium.jpeg,cc-by-nc,173411312,research,50.1038012,41.60106827,native
lythrum_virgatum_1111.jpeg,https://inaturalist-open-data.s3.amazonaws.com/photos/301148949/medium.jpeg,cc-by-nc,173411312,research,50.1038012,41.60106827,native
lythrum_virgatum_1112.jpeg,https://inaturalist-open-data.s3.amazonaws.com/photos/301149034/medium.jpeg,cc-by-nc,173411312,research,50.1038012,41.60106827,native
lythrum_virgatum_1113.jpeg,https://inaturalist-open-data.s3.amazonaws.com/photos/300812604/medium.jpeg,cc-by,173233629,research,51.44274753,39.73784443,native
lythrum_virgatum_1114.jpeg,https://inaturalist-open-data.s3.amazonaws.com/photos/300812627/medium.jpeg,cc-by,173233629,research,51.44274753,39.73784443,native
lythrum_virgatum_1115.jpeg,https://inaturalist-open-data.s3.amazonaws.com/photos/300771634/medium.jpeg,cc-by,173208999,research,51.5699107258,32.7385383099,native
lythrum_virgatum_1116.jpeg,https://inaturalist-open-data.s3.amazonaws.com/photos/300771677/medium.jpeg,cc-by,173208999,research,51.5699107258,32.7385383099,native
lythrum_virgatum_1117.jpeg,https://inaturalist-open-data.s3.amazonaws.com/photos/300746680/medium.jpeg,cc-by-nc,173194477,research,56.62363,66.29248,native
lythrum_virgatum_1118.jpeg,https://inaturalist-open-data.s3.amazonaws.com/photos/300746715/medium.jpeg,cc-by-nc,173194477,research,56.62363,66.29248,native
lythrum_virgatum_1119.jpeg,https://inaturalist-open-data.s3.amazonaws.com/photos/300746749/medium.jpeg,cc-by-nc,173194477,research,56.62363,66.29248,native
lythrum_virgatum_1120.jpg,https://inaturalist-open-data.s3.amazonaws.com/photos/300446240/medium.jpg,cc-by-nc,173030141,research,54.6342520462,55.9020640595,native
lythrum_virgatum_1121.jpeg,https://inaturalist-open-data.s3.amazonaws.com/photos/300091965/medium.jpeg,cc-by-nc,172843438,research,52.9572595049,80.8453910726,native
lythrum_virgatum_1122.jpeg,https://inaturalist-open-data.s3.amazonaws.com/photos/300091715/medium.jpeg,cc-by-nc,172843438,research,52.9572595049,80.8453910726,native
lythrum_virgatum_1123.jpg,https://inaturalist-open-data.s3.amazonaws.com/photos/300083504/medium.jpg,cc-by-nc,172832976,research,55.0954093931,61.5511932372,native
lythrum_virgatum_1124.jpg,https://inaturalist-open-data.s3.amazonaws.com/photos/300083710/medium.jpg,cc-by-nc,172832976,research,55.0954093931,61.5511932372,native
lythrum_virgatum_1125.jpeg,https://inaturalist-open-data.s3.amazonaws.com/photos/299829786/medium.jpeg,cc-by-nc,172698466,research,50.8219337073,30.7550489902,native
lythrum_virgatum_1126.jpeg,https://inaturalist-open-data.s3.amazonaws.com/photos/299826732/medium.jpeg,cc-by-nc,172696833,research,50.8193903095,30.755132126,native
lythrum_virgatum_1127.jpeg,https://inaturalist-open-data.s3.amazonaws.com/photos/299566025/medium.jpeg,cc-by-nc,172554819,research,50.16638376,31.0089795291,native
lythrum_virgatum_1128.jpeg,https://inaturalist-open-data.s3.amazonaws.com/photos/299566070/medium.jpeg,cc-by-nc,172554819,research,50.16638376,31.0089795291,native
lythrum_virgatum_1129.jpeg,https://inaturalist-open-data.s3.amazonaws.com/photos/299566122/medium.jpeg,cc-by-nc,172554819,research,50.16638376,31.0089795291,native
lythrum_virgatum_1130.jpg,https://inaturalist-open-data.s3.amazonaws.com/photos/299466451/medium.jpg,cc-by-nc,172508626,research,50.1663489722,31.0090329722,native
lythrum_virgatum_1131.jpg,https://inaturalist-open-data.s3.amazonaws.com/photos/299466432/medium.jpg,cc-by-nc,172508626,research,50.1663489722,31.0090329722,native
lythrum_virgatum_1132.jpg,https://inaturalist-open-data.s3.amazonaws.com/photos/299466532/medium.jpg,cc-by-nc,172508626,research,50.1663489722,31.0090329722,native
lythrum_virgatum_1133.jpg,https://inaturalist-open-data.s3.amazonaws.com/photos/299466600/medium.jpg,cc-by-nc,172508626,research,50.1663489722,31.0090329722,native
lythrum_virgatum_1134.jpg,https://inaturalist-open-data.s3.amazonaws.com/photos/299466666/medium.jpg,cc-by-nc,172508626,research,50.1663489722,31.0090329722,native
lythrum_virgatum_1135.jpg,https://inaturalist-open-data.s3.amazonaws.com/photos/299408594/medium.jpg,cc-by-nc,172467764,needs_id,50.356503316,30.570880436,native
lythrum_virgatum_1136.jpg,https://inaturalist-open-data.s3.amazonaws.com/photos/299408619/medium.jpg,cc-by-nc,172467764,needs_id,50.356503316,30.570880436,native
lythrum_virgatum_1137.jpg,https://inaturalist-open-data.s3.amazonaws.com/photos/299408639/medium.jpg,cc-by-nc,172467764,needs_id,50.356503316,30.570880436,native
lythrum_virgatum_1138.jpg,https://inaturalist-open-data.s3.amazonaws.com/photos/299408651/medium.jpg,cc-by-nc,172467764,needs_id,50.356503316,30.570880436,native
lythrum_virgatum_1139.jpg,https://inaturalist-open-data.s3.amazonaws.com/photos/299255185/medium.jpg,cc-by-nc,172387883,needs_id,50.3505113291,30.5710581692,native
lythrum_virgatum_1140.jpg,https://inaturalist-open-data.s3.amazonaws.com/photos/299253807/medium.jpg,cc-by,172387103,research,50.1040951214,41.4685784791,native
lythrum_virgatum_1141.jpg,https://inaturalist-open-data.s3.amazonaws.com/photos/299253875/medium.jpg,cc-by,172387103,research,50.1040951214,41.4685784791,native
lythrum_virgatum_1142.jpg,https://inaturalist-open-data.s3.amazonaws.com/photos/299151858/medium.jpg,cc-by-nc,172330958,research,50.3728666667,80.4917833333,native
lythrum_virgatum_1143.jpg,https://inaturalist-open-data.s3.amazonaws.com/photos/298939104/medium.jpg,cc-by-nc,172221731,research,53.2174723418,34.3728832893,
lythrum_virgatum_1144.jpg,https://inaturalist-open-data.s3.amazonaws.com/photos/298923668/medium.jpg,cc-by-nc,172213488,research,53.1948961,34.2782915833,
lythrum_virgatum_1145.jpg,https://inaturalist-open-data.s3.amazonaws.com/photos/298893200/medium.jpg,cc-by-nc,172195642,research,56.140625,69.60247,native
lythrum_virgatum_1146.jpg,https://inaturalist-open-data.s3.amazonaws.com/photos/298893270/medium.jpg,cc-by-nc,172195642,research,56.140625,69.60247,native
lythrum_virgatum_1147.jpeg,https://inaturalist-open-data.s3.amazonaws.com/photos/298757849/medium.jpeg,cc-by-nc,172122642,research,50.3566422,30.56851756,native
lythrum_virgatum_1148.jpeg,https://inaturalist-open-data.s3.amazonaws.com/photos/298757865/medium.jpeg,cc-by-nc,172122642,research,50.3566422,30.56851756,native
lythrum_virgatum_1149.jpeg,https://inaturalist-open-data.s3.amazonaws.com/photos/298758242/medium.jpeg,cc-by-nc,172122642,research,50.3566422,30.56851756,native
lythrum_virgatum_1150.jpg,https://inaturalist-open-data.s3.amazonaws.com/photos/298348579/medium.jpg,cc-by-nc,171906060,research,52.0727541292,27.842604006,native
lythrum_virgatum_1151.jpg,https://inaturalist-open-data.s3.amazonaws.com/photos/298348592/medium.jpg,cc-by-nc,171906060,research,52.0727541292,27.842604006,native
lythrum_virgatum_1152.jpeg,https://inaturalist-open-data.s3.amazonaws.com/photos/298174821/medium.jpeg,cc-by,171812944,research,51.57538557,39.54646118,native
lythrum_virgatum_1153.jpeg,https://inaturalist-open-data.s3.amazonaws.com/photos/298174959/medium.jpeg,cc-by,171812944,research,51.57538557,39.54646118,native
lythrum_virgatum_1154.jpg,https://inaturalist-open-data.s3.amazonaws.com/photos/298135649/medium.jpg,cc-by-nc,171789782,research,55.4592383333,69.4412,native
lythrum_virgatum_1155.jpeg,https://inaturalist-open-data.s3.amazonaws.com/photos/298131403/medium.jpeg,cc-by-nc,171787427,research,46.39795543,19.50949989,native
lythrum_virgatum_1156.jpg,https://inaturalist-open-data.s3.amazonaws.com/photos/298070121/medium.jpg,cc-by-nc,171752387,research,55.45335,69.3537,native
lythrum_virgatum_1157.jpg,https://inaturalist-open-data.s3.amazonaws.com/photos/297674377/medium.jpg,cc-by-nc,171538054,research,55.5638366667,69.0980611667,native
lythrum_virgatum_1158.jpeg,https://inaturalist-open-data.s3.amazonaws.com/photos/297643932/medium.jpeg,cc-by-nc,171521158,research,55.3753005634,65.7282996923,native
lythrum_virgatum_1159.jpeg,https://inaturalist-open-data.s3.amazonaws.com/photos/297643941/medium.jpeg,cc-by-nc,171521158,research,55.3753005634,65.7282996923,native
lythrum_virgatum_1160.jpeg,https://inaturalist-open-data.s3.amazonaws.com/photos/297643951/medium.jpeg,cc-by-nc,171521158,research,55.3753005634,65.7282996923,native
lythrum_virgatum_1161.jpeg,https://inaturalist-open-data.s3.amazonaws.com/photos/297643964/medium.jpeg,cc-by-nc,171521158,research,55.3753005634,65.7282996923,native
lythrum_virgatum_1162.jpeg,https://inaturalist-open-data.s3.amazonaws.com/photos/297643977/medium.jpeg,cc-by-nc,171521158,research,55.3753005634,65.7282996923,native
lythrum_virgatum_1163.jpeg,https://inaturalist-open-data.s3.amazonaws.com/photos/297387473/medium.jpeg,cc-by-nc,171382517,research,54.6422046012,39.7275686637,native
lythrum_virgatum_1164.jpg,https://inaturalist-open-data.s3.amazonaws.com/photos/297325635/medium.jpg,cc-by,171348437,research,51.1026442,40.3333396,native
lythrum_virgatum_1165.jpg,https://inaturalist-open-data.s3.amazonaws.com/photos/297321183/medium.jpg,cc-by-nc,171345381,needs_id,48.1668608574,18.2877849665,native
lythrum_virgatum_1166.jpg,https://inaturalist-open-data.s3.amazonaws.com/photos/297092876/medium.jpg,cc-by-nc,171225505,research,55.5859280885,42.1375640849,native
lythrum_virgatum_1167.jpeg,https://inaturalist-open-data.s3.amazonaws.com/photos/296730260/medium.jpeg,cc-by-nc,171029206,research,49.2864683333,43.9539516667,native
lythrum_virgatum_1168.jpeg,https://inaturalist-open-data.s3.amazonaws.com/photos/296735915/medium.jpeg,cc-by-nc,171029206,research,49.2864683333,43.9539516667,native
lythrum_virgatum_1169.jpeg,https://inaturalist-open-data.s3.amazonaws.com/photos/296736154/medium.jpeg,cc-by-nc,171029206,research,49.2864683333,43.9539516667,native
lythrum_virgatum_1170.jpeg,https://inaturalist-open-data.s3.amazonaws.com/photos/296651637/medium.jpeg,cc0,170987665,research,51.7598976192,55.1870727531,native
lythrum_virgatum_1171.jpg,https://inaturalist-open-data.s3.amazonaws.com/photos/296645049/medium.jpg,cc-by,170983912,research,53.73054,77.8650916667,native
lythrum_virgatum_1172.jpg,https://inaturalist-open-data.s3.amazonaws.com/photos/296645063/medium.jpg,cc-by,170983912,research,53.73054,77.8650916667,native
lythrum_virgatum_1173.jpg,https://inaturalist-open-data.s3.amazonaws.com/photos/296047509/medium.jpg,cc-by,170672253,research,51.1053677,40.3409309997,native
lythrum_virgatum_1174.jpg,https://inaturalist-open-data.s3.amazonaws.com/photos/295915017/medium.jpg,cc-by-nc,170490303,research,47.9026135381,16.8695869669,native
lythrum_virgatum_1175.jpeg,https://inaturalist-open-data.s3.amazonaws.com/photos/295709131/medium.jpeg,cc-by-nc,170490303,research,47.9026135381,16.8695869669,native
lythrum_virgatum_1176.jpeg,https://inaturalist-open-data.s3.amazonaws.com/photos/295709172/medium.jpeg,cc-by-nc,170490303,research,47.9026135381,16.8695869669,native
lythrum_virgatum_1177.jpeg,https://inaturalist-open-data.s3.amazonaws.com/photos/295709219/medium.jpeg,cc-by-nc,170490303,research,47.9026135381,16.8695869669,native
lythrum_virgatum_1178.jpeg,https://inaturalist-open-data.s3.amazonaws.com/photos/295709266/medium.jpeg,cc-by-nc,170490303,research,47.9026135381,16.8695869669,native
lythrum_virgatum_1179.jpeg,https://inaturalist-open-data.s3.amazonaws.com/photos/295709315/medium.jpeg,cc-by-nc,170490303,research,47.9026135381,16.8695869669,native
lythrum_virgatum_1180.jpeg,https://inaturalist-open-data.s3.amazonaws.com/photos/295709354/medium.jpeg,cc-by-nc,170490303,research,47.9026135381,16.8695869669,native
lythrum_virgatum_1181.jpeg,https://inaturalist-open-data.s3.amazonaws.com/photos/295709393/medium.jpeg,cc-by-nc,170490303,research,47.9026135381,16.8695869669,native
lythrum_virgatum_1182.jpeg,https://inaturalist-open-data.s3.amazonaws.com/photos/295709439/medium.jpeg,cc-by-nc,170490303,research,47.9026135381,16.8695869669,native
lythrum_virgatum_1183.jpeg,https://inaturalist-open-data.s3.amazonaws.com/photos/295709485/medium.jpeg,cc-by-nc,170490303,research,47.9026135381,16.8695869669,native
lythrum_virgatum_1184.jpeg,https://inaturalist-open-data.s3.amazonaws.com/photos/295709550/medium.jpeg,cc-by-nc,170490303,research,47.9026135381,16.8695869669,native
lythrum_virgatum_1185.jpeg,https://inaturalist-open-data.s3.amazonaws.com/photos/295709588/medium.jpeg,cc-by-nc,170490303,research,47.9026135381,16.8695869669,native
lythrum_virgatum_1186.jpeg,https://inaturalist-open-data.s3.amazonaws.com/photos/295709632/medium.jpeg,cc-by-nc,170490303,research,47.9026135381,16.8695869669,native
lythrum_virgatum_1187.jpeg,https://inaturalist-open-data.s3.amazonaws.com/photos/295588037/medium.jpeg,cc-by-nc,170424341,research,54.7404278881,56.03467796,native
lythrum_virgatum_1188.jpg,https://inaturalist-open-data.s3.amazonaws.com/photos/295392867/medium.jpg,cc-by-nc,170323451,research,49.0328833333,35.425675,native
lythrum_virgatum_1189.jpeg,https://inaturalist-open-data.s3.amazonaws.com/photos/295352881/medium.jpeg,cc-by-nc,170301734,research,54.6011283333,43.2300216667,native
lythrum_virgatum_1190.jpeg,https://inaturalist-open-data.s3.amazonaws.com/photos/294794396/medium.jpeg,cc-by-nc,170004035,research,56.2585239921,44.1457613558,native
lythrum_virgatum_1191.jpeg,https://inaturalist-open-data.s3.amazonaws.com/photos/294794448/medium.jpeg,cc-by-nc,170004035,research,56.2585239921,44.1457613558,native
lythrum_virgatum_1192.jpg,https://inaturalist-open-data.s3.amazonaws.com/photos/294683306/medium.jpg,cc-by,169944158,research,49.0650948997,44.1270092,native
lythrum_virgatum_1193.jpeg,https://inaturalist-open-data.s3.amazonaws.com/photos/294632342/medium.jpeg,cc-by-nc,169916278,needs_id,55.218403,64.498592,native
lythrum_virgatum_1194.jpg,https://inaturalist-open-data.s3.amazonaws.com/photos/294417603/medium.jpg,cc-by-nc,169800970,needs_id,50.250078992,30.7366572801,native
lythrum_virgatum_1195.jpg,https://inaturalist-open-data.s3.amazonaws.com/photos/294375162/medium.jpg,cc-by-nc,169777653,research,51.4678187109,31.3186322808,native
lythrum_virgatum_1196.jpg,https://inaturalist-open-data.s3.amazonaws.com/photos/293953344/medium.jpg,cc-by,169544117,research,51.1208704,40.3698108,native
lythrum_virgatum_1197.jpg,https://inaturalist-open-data.s3.amazonaws.com/photos/293331790/medium.jpg,cc-by-nc,169207786,needs_id,50.2512636721,30.7330943235,native
lythrum_virgatum_1198.jpg,https://inaturalist-open-data.s3.amazonaws.com/photos/293331829/medium.jpg,cc-by-nc,169207786,needs_id,50.2512636721,30.7330943235,native
lythrum_virgatum_1199.jpeg,https://inaturalist-open-data.s3.amazonaws.com/photos/292731479/medium.jpeg,cc-by-nc,168880613,needs_id,42.920686145,22.9660361633,native
lythrum_virgatum_1200.jpeg,https://inaturalist-open-data.s3.amazonaws.com/photos/292118318/medium.jpeg,cc-by-nc,168549299,research,44.20194625,43.0631561111,native
lythrum_virgatum_1201.jpeg,https://inaturalist-open-data.s3.amazonaws.com/photos/292118370/medium.jpeg,cc-by-nc,168549299,research,44.20194625,43.0631561111,native
lythrum_virgatum_1202.jpeg,https://inaturalist-open-data.s3.amazonaws.com/photos/291961298/medium.jpeg,cc0,168462993,research,47.41151202,19.83792358,native
lythrum_virgatum_1203.jpeg,https://inaturalist-open-data.s3.amazonaws.com/photos/291338362/medium.jpeg,cc-by-nc,168131368,research,47.6038585,21.089987,native
lythrum_virgatum_1204.jpeg,https://inaturalist-open-data.s3.amazonaws.com/photos/291338416/medium.jpeg,cc-by-nc,168131368,research,47.6038585,21.089987,native
lythrum_virgatum_1205.jpeg,https://inaturalist-open-data.s3.amazonaws.com/photos/291340669/medium.jpeg,cc-by-nc,168131368,research,47.6038585,21.089987,native
lythrum_virgatum_1206.jpeg,https://inaturalist-open-data.s3.amazonaws.com/photos/291003382/medium.jpeg,cc-by,167953251,research,51.92153278,40.25745646,native
lythrum_virgatum_1207.jpeg,https://inaturalist-open-data.s3.amazonaws.com/photos/291003424/medium.jpeg,cc-by,167953251,research,51.92153278,40.25745646,native
lythrum_virgatum_1208.jpeg,https://inaturalist-open-data.s3.amazonaws.com/photos/290830846/medium.jpeg,cc-by,167854129,research,56.16179605,47.42580625,native
lythrum_virgatum_1209.jpeg,https://inaturalist-open-data.s3.amazonaws.com/photos/289655885/medium.jpeg,cc-by-nc,167221117,research,48.0772037533,21.2669519708,native
lythrum_virgatum_1210.jpeg,https://inaturalist-open-data.s3.amazonaws.com/photos/280685894/medium.jpeg,cc-by-nc,162335792,research,55.2136873919,62.0329499245,native
lythrum_virgatum_1211.jpg,https://inaturalist-open-data.s3.amazonaws.com/photos/271104574/medium.jpg,cc-by-nc,156763918,casual,,,
lythrum_virgatum_1212.jpeg,https://inaturalist-open-data.s3.amazonaws.com/photos/268482079/medium.jpeg,cc-by-nc,155327155,research,50.9631460222,39.2914774028,native
lythrum_virgatum_1213.jpeg,https://inaturalist-open-data.s3.amazonaws.com/photos/268413888/medium.jpeg,cc-by-nc,155290469,research,53.3159103333,83.8316345,native
lythrum_virgatum_1214.jpeg,https://inaturalist-open-data.s3.amazonaws.com/photos/268413902/medium.jpeg,cc-by-nc,155290469,research,53.3159103333,83.8316345,native
lythrum_virgatum_1215.jpeg,https://inaturalist-open-data.s3.amazonaws.com/photos/268413910/medium.jpeg,cc-by-nc,155290469,research,53.3159103333,83.8316345,native
lythrum_virgatum_1216.jpeg,https://inaturalist-open-data.s3.amazonaws.com/photos/268413924/medium.jpeg,cc-by-nc,155290469,research,53.3159103333,83.8316345,native
lythrum_virgatum_1217.jpeg,https://inaturalist-open-data.s3.amazonaws.com/photos/268413934/medium.jpeg,cc-by-nc,155290469,research,53.3159103333,83.8316345,native
lythrum_virgatum_1218.jpeg,https://inaturalist-open-data.s3.amazonaws.com/photos/268413946/medium.jpeg,cc-by-nc,155290469,research,53.3159103333,83.8316345,native
lythrum_virgatum_1219.jpeg,https://inaturalist-open-data.s3.amazonaws.com/photos/268413959/medium.jpeg,cc-by-nc,155290469,research,53.3159103333,83.8316345,native
lythrum_virgatum_1220.jpeg,https://inaturalist-open-data.s3.amazonaws.com/photos/263641687/medium.jpeg,cc-by-nc,152702399,research,48.2069724382,22.6565879434,native
lythrum_virgatum_1221.jpeg,https://inaturalist-open-data.s3.amazonaws.com/photos/263641695/medium.jpeg,cc-by-nc,152702399,research,48.2069724382,22.6565879434,native
lythrum_virgatum_1222.jpeg,https://inaturalist-open-data.s3.amazonaws.com/photos/263641698/medium.jpeg,cc-by-nc,152702399,research,48.2069724382,22.6565879434,native
lythrum_virgatum_1223.jpeg,https://inaturalist-open-data.s3.amazonaws.com/photos/263641703/medium.jpeg,cc-by-nc,152702399,research,48.2069724382,22.6565879434,native
lythrum_virgatum_1224.jpeg,https://inaturalist-open-data.s3.amazonaws.com/photos/263247222/medium.jpeg,cc-by-nc,152488882,research,48.2318744131,22.7442953481,native
lythrum_virgatum_1225.jpeg,https://inaturalist-open-data.s3.amazonaws.com/photos/263247226/medium.jpeg,cc-by-nc,152488882,research,48.2318744131,22.7442953481,native
lythrum_virgatum_1226.jpeg,https://inaturalist-open-data.s3.amazonaws.com/photos/263247526/medium.jpeg,cc-by-nc,152488882,research,48.2318744131,22.7442953481,native
lythrum_virgatum_1227.jpeg,https://inaturalist-open-data.s3.amazonaws.com/photos/263247542/medium.jpeg,cc-by-nc,152488882,research,48.2318744131,22.7442953481,native
lythrum_virgatum_1228.jpeg,https://inaturalist-open-data.s3.amazonaws.com/photos/262996122/medium.jpeg,cc-by-nc,152353116,research,52.1194023803,30.7144346952,native
lythrum_virgatum_1229.jpeg,https://inaturalist-open-data.s3.amazonaws.com/photos/262996207/medium.jpeg,cc-by-nc,152353116,research,52.1194023803,30.7144346952,native
lythrum_virgatum_1230.jpeg,https://inaturalist-open-data.s3.amazonaws.com/photos/262996258/medium.jpeg,cc-by-nc,152353116,research,52.1194023803,30.7144346952,native
lythrum_virgatum_1231.jpg,https://inaturalist-open-data.s3.amazonaws.com/photos/258868570/medium.jpg,cc-by-nc,150162089,research,50.3527004024,30.5713659934,native
lythrum_virgatum_1232.jpg,https://inaturalist-open-data.s3.amazonaws.com/photos/258508485/medium.jpg,cc-by-nc,149968973,research,49.9774686177,82.5421579022,native
lythrum_virgatum_1233.jpg,https://inaturalist-open-data.s3.amazonaws.com/photos/258508479/medium.jpg,cc-by-nc,149968973,research,49.9774686177,82.5421579022,native
lythrum_virgatum_1234.jpg,https://inaturalist-open-data.s3.amazonaws.com/photos/252515203/medium.jpg,cc-by-nc,146821615,research,55.0536689722,61.4695014722,native
lythrum_virgatum_1235.jpg,https://inaturalist-open-data.s3.amazonaws.com/photos/252504505/medium.jpg,cc-by-nc,146816073,research,55.0568046389,61.4822578333,native
lythrum_virgatum_1236.jpg,https://inaturalist-open-data.s3.amazonaws.com/photos/252504516/medium.jpg,cc-by-nc,146816073,research,55.0568046389,61.4822578333,native
lythrum_virgatum_1237.jpg,https://inaturalist-open-data.s3.amazonaws.com/photos/252504524/medium.jpg,cc-by-nc,146816073,research,55.0568046389,61.4822578333,native
lythrum_virgatum_1238.jpeg,https://inaturalist-open-data.s3.amazonaws.com/photos/252496056/medium.jpeg,cc-by-nc,146811379,research,54.8479761352,87.0660131549,native
lythrum_virgatum_1239.jpg,https://inaturalist-open-data.s3.amazonaws.com/photos/250684037/medium.jpg,cc-by-nc,145885637,research,46.7754852093,33.1549959776,native
lythrum_virgatum_1240.jpeg,https://inaturalist-open-data.s3.amazonaws.com/photos/250331511/medium.jpeg,cc-by-nc,145705439,research,55.5045948242,68.9034543143,native
lythrum_virgatum_1241.jpeg,https://inaturalist-open-data.s3.amazonaws.com/photos/250054647/medium.jpeg,cc-by-nc,145561820,research,56.10991,69.61716,native
lythrum_virgatum_1242.jpeg,https://inaturalist-open-data.s3.amazonaws.com/photos/249873681/medium.jpeg,cc-by-nc,145469619,research,55.6715948741,68.8380441105,native
lythrum_virgatum_1243.jpeg,https://inaturalist-open-data.s3.amazonaws.com/photos/249761363/medium.jpeg,cc-by-nc,145414196,casual,50.0291549521,36.2300393295,native
lythrum_virgatum_1244.jpeg,https://inaturalist-open-data.s3.amazonaws.com/photos/248988100/medium.jpeg,cc-by-nc,144997256,research,55.6595,68.83455,native
lythrum_virgatum_1245.jpeg,https://inaturalist-open-data.s3.amazonaws.com/photos/248646690/medium.jpeg,cc-by-nc,144822023,research,55.5563558523,70.3237958307,native
lythrum_virgatum_1246.jpeg,https://inaturalist-open-data.s3.amazonaws.com/photos/247396547/medium.jpeg,cc-by-nc,144173883,research,48.0515191276,19.0811408715,native
lythrum_virgatum_1247.jpg,https://inaturalist-open-data.s3.amazonaws.com/photos/245129765/medium.jpg,cc-by-nc,142941721,research,55.206529,61.6224109717,native
lythrum_virgatum_1248.jpeg,https://inaturalist-open-data.s3.amazonaws.com/photos/241404625/medium.jpeg,cc-by-nc,140976110,research,50.1908577643,32.6036447922,native
lythrum_virgatum_1249.jpeg,https://inaturalist-open-data.s3.amazonaws.com/photos/239837721/medium.jpeg,cc-by-nc,140139501,research,56.5992287389,84.8732624375,native
lythrum_virgatum_1250.jpeg,https://inaturalist-open-data.s3.amazonaws.com/photos/239837758/medium.jpeg,cc-by-nc,140139501,research,56.5992287389,84.8732624375,native
lythrum_virgatum_1251.jpeg,https://inaturalist-open-data.s3.amazonaws.com/photos/239837769/medium.jpeg,cc-by-nc,140139501,research,56.5992287389,84.8732624375,native
lythrum_virgatum_1252.jpeg,https://inaturalist-open-data.s3.amazonaws.com/photos/239837779/medium.jpeg,cc-by-nc,140139501,research,56.5992287389,84.8732624375,native
lythrum_virgatum_1253.jpg,https://inaturalist-open-data.s3.amazonaws.com/photos/239010494/medium.jpg,cc-by-nc,139709731,casual,52.2448530375,104.2772529927,
lythrum_virgatum_1254.jpg,https://inaturalist-open-data.s3.amazonaws.com/photos/239010511/medium.jpg,cc-by-nc,139709731,casual,52.2448530375,104.2772529927,
lythrum_virgatum_1255.jpeg,https://inaturalist-open-data.s3.amazonaws.com/photos/234696606/medium.jpeg,cc-by-nc,137418706,research,47.5769789743,21.2438604981,native
lythrum_virgatum_1256.jpeg,https://inaturalist-open-data.s3.amazonaws.com/photos/234696692/medium.jpeg,cc-by-nc,137418706,research,47.5769789743,21.2438604981,native
lythrum_virgatum_1257.jpeg,https://inaturalist-open-data.s3.amazonaws.com/photos/234696750/medium.jpeg,cc-by-nc,137418706,research,47.5769789743,21.2438604981,native
lythrum_virgatum_1258.jpeg,https://inaturalist-open-data.s3.amazonaws.com/photos/234503915/medium.jpeg,cc-by-nc,137321536,research,47.6347916534,20.6255151042,native
lythrum_virgatum_1259.jpg,https://inaturalist-open-data.s3.amazonaws.com/photos/233506131/medium.jpg,cc-by-nc,136786068,research,47.085012608,20.9432217943,native
lythrum_virgatum_1260.jpg,https://inaturalist-open-data.s3.amazonaws.com/photos/233506866/medium.jpg,cc-by-nc,136786068,research,47.085012608,20.9432217943,native
lythrum_virgatum_1261.jpeg,https://inaturalist-open-data.s3.amazonaws.com/photos/232781733/medium.jpeg,cc-by,136397578,research,47.580219,21.1887573,native
lythrum_virgatum_1262.jpeg,https://inaturalist-open-data.s3.amazonaws.com/photos/232781751/medium.jpeg,cc-by,136397578,research,47.580219,21.1887573,native
lythrum_virgatum_1263.jpeg,https://inaturalist-open-data.s3.amazonaws.com/photos/232781771/medium.jpeg,cc-by,136397578,research,47.580219,21.1887573,native
lythrum_virgatum_1264.jpeg,https://inaturalist-open-data.s3.amazonaws.com/photos/231422923/medium.jpeg,cc-by-nc,135667749,research,56.3835454489,68.4075091376,native
lythrum_virgatum_1265.jpeg,https://inaturalist-open-data.s3.amazonaws.com/photos/231422950/medium.jpeg,cc-by-nc,135667749,research,56.3835454489,68.4075091376,native
lythrum_virgatum_1266.jpeg,https://inaturalist-open-data.s3.amazonaws.com/photos/231422856/medium.jpeg,cc-by-nc,135667743,research,56.3835672732,68.4074799675,native
lythrum_virgatum_1267.jpeg,https://inaturalist-open-data.s3.amazonaws.com/photos/231422876/medium.jpeg,cc-by-nc,135667743,research,56.3835672732,68.4074799675,native
lythrum_virgatum_1268.jpeg,https://inaturalist-open-data.s3.amazonaws.com/photos/231422710/medium.jpeg,cc-by-nc,135667738,research,56.3835873931,68.4074457904,native
lythrum_virgatum_1269.jpg,https://inaturalist-open-data.s3.amazonaws.com/photos/231384584/medium.jpg,cc-by-nc,135643747,research,37.7752834425,23.9000667224,native
lythrum_virgatum_1270.jpeg,https://inaturalist-open-data.s3.amazonaws.com/photos/231107636/medium.jpeg,cc0,135495698,research,48.6992111111,44.6995305556,native
lythrum_virgatum_1271.jpg,https://inaturalist-open-data.s3.amazonaws.com/photos/230836709/medium.jpg,cc-by-nc,135348087,research,55.270375,63.3246783,native
lythrum_virgatum_1272.jpeg,https://inaturalist-open-data.s3.amazonaws.com/photos/230646027/medium.jpeg,cc-by-nc,135244843,needs_id,41.1231709942,20.8016480505,native
lythrum_virgatum_1273.jpg,https://inaturalist-open-data.s3.amazonaws.com/photos/230591485/medium.jpg,cc-by-nc,135215311,research,51.5572915997,46.3207049,native
lythrum_virgatum_1274.jpeg,https://inaturalist-open-data.s3.amazonaws.com/photos/230352242/medium.jpeg,cc-by-nc,135089223,research,56.6533364911,66.3322790691,native
lythrum_virgatum_1275.jpeg,https://inaturalist-open-data.s3.amazonaws.com/photos/230352218/medium.jpeg,cc-by-nc,135089223,research,56.6533364911,66.3322790691,native
lythrum_virgatum_1276.jpeg,https://inaturalist-open-data.s3.amazonaws.com/photos/230350994/medium.jpeg,cc-by-nc,135089118,research,56.6533450249,66.3389352513,native
lythrum_virgatum_1277.jpeg,https://inaturalist-open-data.s3.amazonaws.com/photos/230351000/medium.jpeg,cc-by-nc,135089118,research,56.6533450249,66.3389352513,native
lythrum_virgatum_1278.jpeg,https://inaturalist-open-data.s3.amazonaws.com/photos/230351006/medium.jpeg,cc-by-nc,135089118,research,56.6533450249,66.3389352513,native
lythrum_virgatum_1279.jpg,https://inaturalist-open-data.s3.amazonaws.com/photos/229975988/medium.jpg,cc-by-nc,134879121,research,50.9527398997,44.8293365997,native
lythrum_virgatum_1280.jpg,https://inaturalist-open-data.s3.amazonaws.com/photos/229455589/medium.jpg,cc-by,134600687,research,44.97947,39.0754666667,native
lythrum_virgatum_1281.jpg,https://inaturalist-open-data.s3.amazonaws.com/photos/229455632/medium.jpg,cc-by,134600687,research,44.97947,39.0754666667,native
lythrum_virgatum_1282.jpg,https://inaturalist-open-data.s3.amazonaws.com/photos/229455675/medium.jpg,cc-by,134600687,research,44.97947,39.0754666667,native
lythrum_virgatum_1283.jpeg,https://inaturalist-open-data.s3.amazonaws.com/photos/228684509/medium.jpeg,cc-by-nc,134188454,research,50.4747259292,40.1071684935,native
lythrum_virgatum_1284.jpeg,https://inaturalist-open-data.s3.amazonaws.com/photos/228684688/medium.jpeg,cc-by-nc,134188454,research,50.4747259292,40.1071684935,native
lythrum_virgatum_1285.jpeg,https://inaturalist-open-data.s3.amazonaws.com/photos/228684828/medium.jpeg,cc-by-nc,134188454,research,50.4747259292,40.1071684935,native
lythrum_virgatum_1286.jpeg,https://inaturalist-open-data.s3.amazonaws.com/photos/228684970/medium.jpeg,cc-by-nc,134188454,research,50.4747259292,40.1071684935,native
lythrum_virgatum_1287.jpg,https://inaturalist-open-data.s3.amazonaws.com/photos/228421014/medium.jpg,cc-by-nc,134045078,research,56.9676933056,65.8850478889,native
lythrum_virgatum_1288.jpg,https://inaturalist-open-data.s3.amazonaws.com/photos/228122619/medium.jpg,cc-by-nc,133885086,needs_id,45.3789891975,20.3171473961,native
lythrum_virgatum_1289.jpg,https://inaturalist-open-data.s3.amazonaws.com/photos/228122728/medium.jpg,cc-by-nc,133885086,needs_id,45.3789891975,20.3171473961,native
lythrum_virgatum_1290.jpg,https://inaturalist-open-data.s3.amazonaws.com/photos/228122771/medium.jpg,cc-by-nc,133885086,needs_id,45.3789891975,20.3171473961,native
lythrum_virgatum_1291.jpg,https://inaturalist-open-data.s3.amazonaws.com/photos/228122804/medium.jpg,cc-by-nc,133885086,needs_id,45.3789891975,20.3171473961,native
lythrum_virgatum_1292.jpeg,https://inaturalist-open-data.s3.amazonaws.com/photos/227835480/medium.jpeg,cc-by-nc,133730761,research,50.215244552,32.6256619021,native
lythrum_virgatum_1293.jpg,https://inaturalist-open-data.s3.amazonaws.com/photos/227710672/medium.jpg,cc-by-nc,133666092,research,47.0502778333,21.91565,native
lythrum_virgatum_1294.jpg,https://inaturalist-open-data.s3.amazonaws.com/photos/227599208/medium.jpg,cc-by-nc,133603986,research,51.9194677856,47.1843785685,native
lythrum_virgatum_1295.jpg,https://inaturalist-open-data.s3.amazonaws.com/photos/227542104/medium.jpg,cc-by-nc,133572775,research,51.919045,47.1853333333,native
lythrum_virgatum_1296.jpeg,https://inaturalist-open-data.s3.amazonaws.com/photos/227356459/medium.jpeg,cc-by-nc,133473118,research,50.81725,30.7240789722,native
lythrum_virgatum_1297.jpeg,https://inaturalist-open-data.s3.amazonaws.com/photos/227096912/medium.jpeg,cc-by-nc,133345910,research,56.4434343556,84.9684727634,native
lythrum_virgatum_1298.jpeg,https://inaturalist-open-data.s3.amazonaws.com/photos/227104267/medium.jpeg,cc-by-nc,133345910,research,56.4434343556,84.9684727634,native
lythrum_virgatum_1299.jpeg,https://inaturalist-open-data.s3.amazonaws.com/photos/226848621/medium.jpeg,cc-by,133199660,research,55.0257111111,62.5269388889,native
lythrum_virgatum_1300.jpeg,https://inaturalist-open-data.s3.amazonaws.com/photos/226848662/medium.jpeg,cc-by,133199660,research,55.0257111111,62.5269388889,native
lythrum_virgatum_1301.jpeg,https://inaturalist-open-data.s3.amazonaws.com/photos/226848681/medium.jpeg,cc-by,133199660,research,55.0257111111,62.5269388889,native
lythrum_virgatum_1302.jpeg,https://inaturalist-open-data.s3.amazonaws.com/photos/226839052/medium.jpeg,cc-by-nc,133194406,research,53.8378829956,83.7801971433,native
lythrum_virgatum_1303.jpeg,https://inaturalist-open-data.s3.amazonaws.com/photos/226839080/medium.jpeg,cc-by-nc,133194406,research,53.8378829956,83.7801971433,native
lythrum_virgatum_1304.jpeg,https://inaturalist-open-data.s3.amazonaws.com/photos/226839109/medium.jpeg,cc-by-nc,133194406,research,53.8378829956,83.7801971433,native
lythrum_virgatum_1305.jpg,https://inaturalist-open-data.s3.amazonaws.com/photos/226700601/medium.jpg,cc-by-nc,133123281,research,52.500807267,33.5772410093,native
lythrum_virgatum_1306.jpg,https://inaturalist-open-data.s3.amazonaws.com/photos/226660123/medium.jpg,cc-by-nc,133101857,research,53.2178256162,34.3799100814,
lythrum_virgatum_1307.jpeg,https://inaturalist-open-data.s3.amazonaws.com/photos/226348478/medium.jpeg,cc-by,132928529,research,55.0371277778,62.4045,native
lythrum_virgatum_1308.jpeg,https://inaturalist-open-data.s3.amazonaws.com/photos/226348496/medium.jpeg,cc-by,132928529,research,55.0371277778,62.4045,native
lythrum_virgatum_1309.jpeg,https://inaturalist-open-data.s3.amazonaws.com/photos/226167031/medium.jpeg,cc-by-nc,132833780,research,52.771045,45.9716499722,native
lythrum_virgatum_1310.jpeg,https://inaturalist-open-data.s3.amazonaws.com/photos/226167110/medium.jpeg,cc-by-nc,132833780,research,52.771045,45.9716499722,native
lythrum_virgatum_1311.jpeg,https://inaturalist-open-data.s3.amazonaws.com/photos/226167179/medium.jpeg,cc-by-nc,132833780,research,52.771045,45.9716499722,native
lythrum_virgatum_1312.jpeg,https://inaturalist-open-data.s3.amazonaws.com/photos/226167230/medium.jpeg,cc-by-nc,132833780,research,52.771045,45.9716499722,native
lythrum_virgatum_1313.jpeg,https://inaturalist-open-data.s3.amazonaws.com/photos/226121423/medium.jpeg,cc-by,132808534,research,55.0482416667,62.3793666667,native
lythrum_virgatum_1314.jpeg,https://inaturalist-open-data.s3.amazonaws.com/photos/226121460/medium.jpeg,cc-by,132808534,research,55.0482416667,62.3793666667,native
lythrum_virgatum_1315.jpeg,https://inaturalist-open-data.s3.amazonaws.com/photos/226121498/medium.jpeg,cc-by,132808534,research,55.0482416667,62.3793666667,native
lythrum_virgatum_1316.jpeg,https://inaturalist-open-data.s3.amazonaws.com/photos/226091982/medium.jpeg,cc-by-nc,132792578,research,53.9273414611,83.3461303708,native
lythrum_virgatum_1317.jpeg,https://inaturalist-open-data.s3.amazonaws.com/photos/226092012/medium.jpeg,cc-by-nc,132792578,research,53.9273414611,83.3461303708,native
lythrum_virgatum_1318.jpg,https://inaturalist-open-data.s3.amazonaws.com/photos/226044805/medium.jpg,cc-by-nc,132765453,research,51.1196419722,40.123089,native
lythrum_virgatum_1319.jpg,https://inaturalist-open-data.s3.amazonaws.com/photos/226044691/medium.jpg,cc-by-nc,132765453,research,51.1196419722,40.123089,native
lythrum_virgatum_1320.jpg,https://inaturalist-open-data.s3.amazonaws.com/photos/225661840/medium.jpg,cc-by-nc,132545945,research,56.8418872,86.7829976997,native
lythrum_virgatum_1321.jpg,https://inaturalist-open-data.s3.amazonaws.com/photos/225695154/medium.jpg,cc-by-nc,132545945,research,56.8418872,86.7829976997,native
lythrum_virgatum_1322.jpeg,https://inaturalist-open-data.s3.amazonaws.com/photos/225446660/medium.jpeg,cc-by-nc,132389311,research,53.2769366667,34.3692733333,
lythrum_virgatum_1323.jpeg,https://inaturalist-open-data.s3.amazonaws.com/photos/225428852/medium.jpeg,cc-by-nc,132379847,research,54.8055181869,56.1827141046,native
lythrum_virgatum_1324.jpg,https://inaturalist-open-data.s3.amazonaws.com/photos/225395469/medium.jpg,cc-by-nc,132362594,research,56.4360934551,84.9714339138,native
lythrum_virgatum_1325.jpg,https://inaturalist-open-data.s3.amazonaws.com/photos/225395492/medium.jpg,cc-by-nc,132362594,research,56.4360934551,84.9714339138,native
lythrum_virgatum_1326.jpeg,https://inaturalist-open-data.s3.amazonaws.com/photos/225220135/medium.jpeg,cc-by-nc,132267994,research,53.1593882696,34.1206876843,
lythrum_virgatum_1327.jpeg,https://inaturalist-open-data.s3.amazonaws.com/photos/224962153/medium.jpeg,cc-by,132128054,research,54.8962305556,62.4374111111,native
lythrum_virgatum_1328.jpeg,https://inaturalist-open-data.s3.amazonaws.com/photos/224962192/medium.jpeg,cc-by,132128054,research,54.8962305556,62.4374111111,native
lythrum_virgatum_1329.jpeg,https://inaturalist-open-data.s3.amazonaws.com/photos/224962243/medium.jpeg,cc-by,132128054,research,54.8962305556,62.4374111111,native
lythrum_virgatum_1330.jpeg,https://inaturalist-open-data.s3.amazonaws.com/photos/224962279/medium.jpeg,cc-by,132128054,research,54.8962305556,62.4374111111,native
lythrum_virgatum_1331.jpeg,https://inaturalist-open-data.s3.amazonaws.com/photos/224499366/medium.jpeg,cc-by,131881205,research,54.8537111111,62.3000083333,native
lythrum_virgatum_1332.jpeg,https://inaturalist-open-data.s3.amazonaws.com/photos/224499387/medium.jpeg,cc-by,131881205,research,54.8537111111,62.3000083333,native
lythrum_virgatum_1333.jpeg,https://inaturalist-open-data.s3.amazonaws.com/photos/224499415/medium.jpeg,cc-by,131881205,research,54.8537111111,62.3000083333,native
lythrum_virgatum_1334.jpeg,https://inaturalist-open-data.s3.amazonaws.com/photos/224173631/medium.jpeg,cc-by-nc,131705063,research,52.7710647581,45.9716377256,native
lythrum_virgatum_1335.jpeg,https://inaturalist-open-data.s3.amazonaws.com/photos/224174675/medium.jpeg,cc-by-nc,131705063,research,52.7710647581,45.9716377256,native
lythrum_virgatum_1336.jpeg,https://inaturalist-open-data.s3.amazonaws.com/photos/224174694/medium.jpeg,cc-by-nc,131705063,research,52.7710647581,45.9716377256,native
lythrum_virgatum_1337.jpeg,https://inaturalist-open-data.s3.amazonaws.com/photos/224174713/medium.jpeg,cc-by-nc,131705063,research,52.7710647581,45.9716377256,native
lythrum_virgatum_1338.jpeg,https://inaturalist-open-data.s3.amazonaws.com/photos/224214102/medium.jpeg,cc-by-nc,131701337,research,52.1217651367,29.2089977264,native
lythrum_virgatum_1339.jpg,https://inaturalist-open-data.s3.amazonaws.com/photos/223661740/medium.jpg,cc-by-nc,131427357,research,52.6623033333,81.543145,native
lythrum_virgatum_1340.jpg,https://inaturalist-open-data.s3.amazonaws.com/photos/224689743/medium.jpg,cc-by-nc,131427357,research,52.6623033333,81.543145,native
lythrum_virgatum_1341.jpeg,https://inaturalist-open-data.s3.amazonaws.com/photos/223403427/medium.jpeg,cc-by,131290396,research,52.62655,76.655754,native
lythrum_virgatum_1342.jpeg,https://inaturalist-open-data.s3.amazonaws.com/photos/223403494/medium.jpeg,cc-by,131290396,research,52.62655,76.655754,native
lythrum_virgatum_1343.jpeg,https://inaturalist-open-data.s3.amazonaws.com/photos/223403550/medium.jpeg,cc-by,131290396,research,52.62655,76.655754,native
lythrum_virgatum_1344.jpeg,https://inaturalist-open-data.s3.amazonaws.com/photos/223403612/medium.jpeg,cc-by,131290396,research,52.62655,76.655754,native
lythrum_virgatum_1345.jpg,https://inaturalist-open-data.s3.amazonaws.com/photos/223273587/medium.jpg,cc-by-nc,131221614,research,54.6463019722,82.948373,native
lythrum_virgatum_1346.jpg,https://inaturalist-open-data.s3.amazonaws.com/photos/223273479/medium.jpg,cc-by-nc,131221610,research,54.6463529722,82.948389,native
lythrum_virgatum_1347.jpg,https://inaturalist-open-data.s3.amazonaws.com/photos/223273460/medium.jpg,cc-by-nc,131221610,research,54.6463529722,82.948389,native
lythrum_virgatum_1348.jpg,https://inaturalist-open-data.s3.amazonaws.com/photos/223273493/medium.jpg,cc-by-nc,131221610,research,54.6463529722,82.948389,native
lythrum_virgatum_1349.jpeg,https://inaturalist-open-data.s3.amazonaws.com/photos/223051733/medium.jpeg,cc-by-nc,131101406,research,46.7648944444,20.0735111111,native
lythrum_virgatum_1350.jpeg,https://inaturalist-open-data.s3.amazonaws.com/photos/223051785/medium.jpeg,cc-by-nc,131101406,research,46.7648944444,20.0735111111,native
lythrum_virgatum_1351.jpeg,https://inaturalist-open-data.s3.amazonaws.com/photos/223051836/medium.jpeg,cc-by-nc,131101406,research,46.7648944444,20.0735111111,native
lythrum_virgatum_1352.jpeg,https://inaturalist-open-data.s3.amazonaws.com/photos/223051897/medium.jpeg,cc-by-nc,131101406,research,46.7648944444,20.0735111111,native
lythrum_virgatum_1353.jpeg,https://inaturalist-open-data.s3.amazonaws.com/photos/223051947/medium.jpeg,cc-by-nc,131101406,research,46.7648944444,20.0735111111,native
lythrum_virgatum_1354.jpeg,https://inaturalist-open-data.s3.amazonaws.com/photos/222952591/medium.jpeg,cc-by,131045603,research,50.255997,30.3035589722,native
lythrum_virgatum_1355.jpeg,https://inaturalist-open-data.s3.amazonaws.com/photos/222952613/medium.jpeg,cc-by,131045603,research,50.255997,30.3035589722,native
lythrum_virgatum_1356.jpeg,https://inaturalist-open-data.s3.amazonaws.com/photos/222952624/medium.jpeg,cc-by,131045603,research,50.255997,30.3035589722,native
lythrum_virgatum_1357.jpg,https://inaturalist-open-data.s3.amazonaws.com/photos/222532548/medium.jpg,cc-by-nc,130820951,research,55.963336175,44.4343129606,native
lythrum_virgatum_1358.jpeg,https://inaturalist-open-data.s3.amazonaws.com/photos/222480624/medium.jpeg,cc-by,130791346,research,57.1212777778,65.8226638889,native
lythrum_virgatum_1359.jpeg,https://inaturalist-open-data.s3.amazonaws.com/photos/222480660/medium.jpeg,cc-by,130791346,research,57.1212777778,65.8226638889,native
lythrum_virgatum_1360.jpeg,https://inaturalist-open-data.s3.amazonaws.com/photos/222244237/medium.jpeg,cc-by-nc,130664341,research,55.2524663646,62.0696341619,native
lythrum_virgatum_1361.jpeg,https://inaturalist-open-data.s3.amazonaws.com/photos/222244264/medium.jpeg,cc-by-nc,130664341,research,55.2524663646,62.0696341619,native
lythrum_virgatum_1362.jpeg,https://inaturalist-open-data.s3.amazonaws.com/photos/222244294/medium.jpeg,cc-by-nc,130664341,research,55.2524663646,62.0696341619,native
lythrum_virgatum_1363.jpeg,https://inaturalist-open-data.s3.amazonaws.com/photos/222244327/medium.jpeg,cc-by-nc,130664341,research,55.2524663646,62.0696341619,native
lythrum_virgatum_1364.jpeg,https://inaturalist-open-data.s3.amazonaws.com/photos/222185830/medium.jpeg,cc-by-nc,130630708,research,56.4083333082,93.6826575547,native
lythrum_virgatum_1365.jpeg,https://inaturalist-open-data.s3.amazonaws.com/photos/222185857/medium.jpeg,cc-by-nc,130630708,research,56.4083333082,93.6826575547,native
lythrum_virgatum_1366.png,https://inaturalist-open-data.s3.amazonaws.com/photos/222171634/medium.png,cc-by-nc,130624111,research,46.2762799644,20.033206789,native
lythrum_virgatum_1367.jpeg,https://inaturalist-open-data.s3.amazonaws.com/photos/221554821/medium.jpeg,cc-by,130301550,research,52.0233405217,48.7712177321,native
lythrum_virgatum_1368.jpeg,https://inaturalist-open-data.s3.amazonaws.com/photos/221554775/medium.jpeg,cc-by,130301550,research,52.0233405217,48.7712177321,native
lythrum_virgatum_1369.jpeg,https://inaturalist-open-data.s3.amazonaws.com/photos/221527410/medium.jpeg,cc-by-nc-nd,130277105,research,53.10294473,26.90531337,native
lythrum_virgatum_1370.jpeg,https://inaturalist-open-data.s3.amazonaws.com/photos/221525131/medium.jpeg,cc-by-nc,130276111,research,50.1099361934,27.713264626,native
lythrum_virgatum_1371.jpeg,https://inaturalist-open-data.s3.amazonaws.com/photos/221525151/medium.jpeg,cc-by-nc,130276111,research,50.1099361934,27.713264626,native
lythrum_virgatum_1372.jpeg,https://inaturalist-open-data.s3.amazonaws.com/photos/221525170/medium.jpeg,cc-by-nc,130276111,research,50.1099361934,27.713264626,native
lythrum_virgatum_1373.jpeg,https://inaturalist-open-data.s3.amazonaws.com/photos/221525199/medium.jpeg,cc-by-nc,130276111,research,50.1099361934,27.713264626,native
lythrum_virgatum_1374.jpg,https://inaturalist-open-data.s3.amazonaws.com/photos/221147200/medium.jpg,cc-by-nc,130073066,research,47.2744321498,40.4018465896,native
lythrum_virgatum_1375.jpg,https://inaturalist-open-data.s3.amazonaws.com/photos/221147219/medium.jpg,cc-by-nc,130073066,research,47.2744321498,40.4018465896,native
lythrum_virgatum_1376.jpg,https://inaturalist-open-data.s3.amazonaws.com/photos/221147247/medium.jpg,cc-by-nc,130073066,research,47.2744321498,40.4018465896,native
lythrum_virgatum_1377.jpeg,https://inaturalist-open-data.s3.amazonaws.com/photos/221040251/medium.jpeg,cc-by-nc,130016294,research,53.0744781389,30.05722425,native
lythrum_virgatum_1378.jpeg,https://inaturalist-open-data.s3.amazonaws.com/photos/220927341/medium.jpeg,cc-by,129954465,research,61.0236473056,69.0307845833,native
lythrum_virgatum_1379.jpg,https://inaturalist-open-data.s3.amazonaws.com/photos/220926470/medium.jpg,cc-by-nc,129954049,research,51.57038,46.256805,native
lythrum_virgatum_1380.jpg,https://inaturalist-open-data.s3.amazonaws.com/photos/220926985/medium.jpg,cc-by-nc,129954049,research,51.57038,46.256805,native
lythrum_virgatum_1381.jpg,https://inaturalist-open-data.s3.amazonaws.com/photos/220877520/medium.jpg,cc-by-nc,129929182,research,51.5704033333,46.2567533333,native
lythrum_virgatum_1382.jpg,https://inaturalist-open-data.s3.amazonaws.com/photos/220877455/medium.jpg,cc-by-nc,129929182,research,51.5704033333,46.2567533333,native
lythrum_virgatum_1383.jpeg,https://inaturalist-open-data.s3.amazonaws.com/photos/220624516/medium.jpeg,cc-by,129793532,research,51.6561840666,53.3102878556,native
lythrum_virgatum_1384.jpeg,https://inaturalist-open-data.s3.amazonaws.com/photos/220624541/medium.jpeg,cc-by,129793532,research,51.6561840666,53.3102878556,native
lythrum_virgatum_1385.jpeg,https://inaturalist-open-data.s3.amazonaws.com/photos/220459768/medium.jpeg,cc-by-nc,129705513,research,51.30545,41.4943361111,native
lythrum_virgatum_1386.jpeg,https://inaturalist-open-data.s3.amazonaws.com/photos/220459945/medium.jpeg,cc-by-nc,129705513,research,51.30545,41.4943361111,native
lythrum_virgatum_1387.jpg,https://inaturalist-open-data.s3.amazonaws.com/photos/220416957/medium.jpg,cc-by-nc,129680725,research,50.3665883333,80.48558,native
lythrum_virgatum_1388.jpg,https://inaturalist-open-data.s3.amazonaws.com/photos/220106722/medium.jpg,cc-by-nc,129513355,research,56.2657666667,44.1346695,native
lythrum_virgatum_1389.jpg,https://inaturalist-open-data.s3.amazonaws.com/photos/220106736/medium.jpg,cc-by-nc,129513355,research,56.2657666667,44.1346695,native
lythrum_virgatum_1390.jpg,https://inaturalist-open-data.s3.amazonaws.com/photos/220106752/medium.jpg,cc-by-nc,129513355,research,56.2657666667,44.1346695,native
lythrum_virgatum_1391.jpg,https://inaturalist-open-data.s3.amazonaws.com/photos/220089024/medium.jpg,cc-by-nc,129505061,research,55.3589984997,66.2974786997,native
lythrum_virgatum_1392.jpg,https://inaturalist-open-data.s3.amazonaws.com/photos/219887409/medium.jpg,cc-by-nc,129395727,research,55.35673665,66.1785281167,native
lythrum_virgatum_1393.jpg,https://inaturalist-open-data.s3.amazonaws.com/photos/219860601/medium.jpg,cc-by-nc,129380057,research,55.3780620972,66.0429107611,native
lythrum_virgatum_1394.jpg,https://inaturalist-open-data.s3.amazonaws.com/photos/219860594/medium.jpg,cc-by-nc,129380057,research,55.3780620972,66.0429107611,native
lythrum_virgatum_1395.jpg,https://inaturalist-open-data.s3.amazonaws.com/photos/219631351/medium.jpg,cc-by-nc,129253420,research,55.3878525222,65.8445638694,native
lythrum_virgatum_1396.jpeg,https://inaturalist-open-data.s3.amazonaws.com/photos/219456463/medium.jpeg,cc-by-nc-sa,129158216,research,55.0810483333,48.9072683333,native
lythrum_virgatum_1397.jpeg,https://inaturalist-open-data.s3.amazonaws.com/photos/219456536/medium.jpeg,cc-by-nc-sa,129158216,research,55.0810483333,48.9072683333,native
lythrum_virgatum_1398.jpg,https://inaturalist-open-data.s3.amazonaws.com/photos/219358280/medium.jpg,cc-by-nc,129103036,research,56.378475,43.9656966667,native
lythrum_virgatum_1399.jpg,https://inaturalist-open-data.s3.amazonaws.com/photos/219358316/medium.jpg,cc-by-nc,129103036,research,56.378475,43.9656966667,native
lythrum_virgatum_1400.jpeg,https://inaturalist-open-data.s3.amazonaws.com/photos/218911821/medium.jpeg,cc-by,128859157,research,51.34784639,41.40266958,native
lythrum_virgatum_1401.jpeg,https://inaturalist-open-data.s3.amazonaws.com/photos/218911851/medium.jpeg,cc-by,128859157,research,51.34784639,41.40266958,native
lythrum_virgatum_1402.jpeg,https://inaturalist-open-data.s3.amazonaws.com/photos/218856075/medium.jpeg,cc-by,128827121,needs_id,45.4742641332,14.8841612041,native
lythrum_virgatum_1403.jpeg,https://inaturalist-open-data.s3.amazonaws.com/photos/218171901/medium.jpeg,cc-by,128442850,research,46.50100508,48.07332141,native
lythrum_virgatum_1404.jpg,https://inaturalist-open-data.s3.amazonaws.com/photos/218136518/medium.jpg,cc-by-nc,128423189,research,52.813835,80.912048,native
lythrum_virgatum_1405.jpeg,https://inaturalist-open-data.s3.amazonaws.com/photos/218129686/medium.jpeg,cc-by-nc,128419268,research,51.2817333333,58.1467805556,native
lythrum_virgatum_1406.jpeg,https://inaturalist-open-data.s3.amazonaws.com/photos/218126244/medium.jpeg,cc-by-nc,128417280,research,51.2818444444,58.147025,native
lythrum_virgatum_1407.jpeg,https://inaturalist-open-data.s3.amazonaws.com/photos/218126701/medium.jpeg,cc-by-nc,128417280,research,51.2818444444,58.147025,native
lythrum_virgatum_1408.jpeg,https://inaturalist-open-data.s3.amazonaws.com/photos/217936764/medium.jpeg,cc0,128315250,research,53.3864021626,46.3571503468,native
lythrum_virgatum_1409.jpeg,https://inaturalist-open-data.s3.amazonaws.com/photos/217936710/medium.jpeg,cc0,128315250,research,53.3864021626,46.3571503468,native
lythrum_virgatum_1410.jpeg,https://inaturalist-open-data.s3.amazonaws.com/photos/217847098/medium.jpeg,cc-by-nc,128267994,research,51.3931581362,33.5034592307,native
lythrum_virgatum_1411.jpeg,https://inaturalist-open-data.s3.amazonaws.com/photos/217847086/medium.jpeg,cc-by-nc,128267994,research,51.3931581362,33.5034592307,native
lythrum_virgatum_1412.jpeg,https://inaturalist-open-data.s3.amazonaws.com/photos/217682826/medium.jpeg,cc-by-nc,128170441,needs_id,50.328539171,30.5745948874,native
lythrum_virgatum_1413.jpeg,https://inaturalist-open-data.s3.amazonaws.com/photos/216699946/medium.jpeg,cc-by-nc,127636393,research,52.7788718145,82.5304108702,native
lythrum_virgatum_1414.jpeg,https://inaturalist-open-data.s3.amazonaws.com/photos/216699962/medium.jpeg,cc-by-nc,127636393,research,52.7788718145,82.5304108702,native
lythrum_virgatum_1415.jpeg,https://inaturalist-open-data.s3.amazonaws.com/photos/216699978/medium.jpeg,cc-by-nc,127636393,research,52.7788718145,82.5304108702,native
lythrum_virgatum_1416.jpg,https://inaturalist-open-data.s3.amazonaws.com/photos/216284507/medium.jpg,cc-by-nc,127400222,research,52.4367972222,43.7458333333,native
lythrum_virgatum_1417.jpg,https://inaturalist-open-data.s3.amazonaws.com/photos/216284800/medium.jpg,cc-by-nc,127400222,research,52.4367972222,43.7458333333,native
lythrum_virgatum_1418.jpg,https://inaturalist-open-data.s3.amazonaws.com/photos/216284944/medium.jpg,cc-by-nc,127400222,research,52.4367972222,43.7458333333,native
lythrum_virgatum_1419.jpg,https://inaturalist-open-data.s3.amazonaws.com/photos/216285000/medium.jpg,cc-by-nc,127400222,research,52.4367972222,43.7458333333,native
lythrum_virgatum_1420.jpg,https://inaturalist-open-data.s3.amazonaws.com/photos/215951344/medium.jpg,cc-by-nc,127212332,research,54.681296018,55.9256002307,native
lythrum_virgatum_1421.jpg,https://inaturalist-open-data.s3.amazonaws.com/photos/216027212/medium.jpg,cc-by-nc,127212332,research,54.681296018,55.9256002307,native
lythrum_virgatum_1422.jpeg,https://inaturalist-open-data.s3.amazonaws.com/photos/215902628/medium.jpeg,cc-by-nc,127189309,research,48.7188805865,16.8778043379,native
lythrum_virgatum_1423.jpeg,https://inaturalist-open-data.s3.amazonaws.com/photos/215435268/medium.jpeg,cc-by-nc,126934505,research,50.327766749,30.5756289829,native
lythrum_virgatum_1424.jpeg,https://inaturalist-open-data.s3.amazonaws.com/photos/215210245/medium.jpeg,cc-by,126812620,research,51.6018121463,53.3520894125,native
lythrum_virgatum_1425.jpeg,https://inaturalist-open-data.s3.amazonaws.com/photos/215210286/medium.jpeg,cc-by,126812620,research,51.6018121463,53.3520894125,native
lythrum_virgatum_1426.jpeg,https://inaturalist-open-data.s3.amazonaws.com/photos/215210318/medium.jpeg,cc-by,126812620,research,51.6018121463,53.3520894125,native
lythrum_virgatum_1427.jpg,https://inaturalist-open-data.s3.amazonaws.com/photos/214959984/medium.jpg,cc-by-nc,126676077,research,52.0780833333,27.8190416667,native
lythrum_virgatum_1428.jpg,https://inaturalist-open-data.s3.amazonaws.com/photos/214960093/medium.jpg,cc-by-nc,126676077,research,52.0780833333,27.8190416667,native
lythrum_virgatum_1429.jpg,https://inaturalist-open-data.s3.amazonaws.com/photos/214903511/medium.jpg,cc-by-nc,126643807,research,52.6275833333,33.9661783333,
lythrum_virgatum_1430.jpg,https://inaturalist-open-data.s3.amazonaws.com/photos/214903706/medium.jpg,cc-by-nc,126643807,research,52.6275833333,33.9661783333,
lythrum_virgatum_1431.jpeg,https://inaturalist-open-data.s3.amazonaws.com/photos/214893268/medium.jpeg,cc-by-nc,126638183,research,51.3410861111,41.2636611111,native
lythrum_virgatum_1432.jpeg,https://inaturalist-open-data.s3.amazonaws.com/photos/214893596/medium.jpeg,cc-by-nc,126638183,research,51.3410861111,41.2636611111,native
lythrum_virgatum_1433.jpeg,https://inaturalist-open-data.s3.amazonaws.com/photos/214876308/medium.jpeg,cc0,126629709,research,53.7620944444,87.7465777778,native
lythrum_virgatum_1434.jpeg,https://inaturalist-open-data.s3.amazonaws.com/photos/214876323/medium.jpeg,cc0,126629709,research,53.7620944444,87.7465777778,native
lythrum_virgatum_1435.jpeg,https://inaturalist-open-data.s3.amazonaws.com/photos/214876343/medium.jpeg,cc0,126629709,research,53.7620944444,87.7465777778,native
lythrum_virgatum_1436.jpeg,https://inaturalist-open-data.s3.amazonaws.com/photos/214876189/medium.jpeg,cc0,126629703,research,53.7620638889,87.7465444444,native
lythrum_virgatum_1437.jpeg,https://inaturalist-open-data.s3.amazonaws.com/photos/214876208/medium.jpeg,cc0,126629703,research,53.7620638889,87.7465444444,native
lythrum_virgatum_1438.jpeg,https://inaturalist-open-data.s3.amazonaws.com/photos/214698170/medium.jpeg,cc-by-nc,126531696,research,55.6847076389,42.1449394167,native
lythrum_virgatum_1439.jpeg,https://inaturalist-open-data.s3.amazonaws.com/photos/214698594/medium.jpeg,cc-by-nc,126531696,research,55.6847076389,42.1449394167,native
lythrum_virgatum_1440.jpeg,https://inaturalist-open-data.s3.amazonaws.com/photos/214698601/medium.jpeg,cc-by-nc,126531696,research,55.6847076389,42.1449394167,native
lythrum_virgatum_1441.jpeg,https://inaturalist-open-data.s3.amazonaws.com/photos/214662092/medium.jpeg,cc-by-nc,126511296,research,44.9045544983,20.2635570243,native
lythrum_virgatum_1442.jpeg,https://inaturalist-open-data.s3.amazonaws.com/photos/214642587/medium.jpeg,cc-by,126501517,research,48.7188928673,16.8777777986,native
lythrum_virgatum_1443.jpeg,https://inaturalist-open-data.s3.amazonaws.com/photos/214642609/medium.jpeg,cc-by,126501517,research,48.7188928673,16.8777777986,native
lythrum_virgatum_1444.jpeg,https://inaturalist-open-data.s3.amazonaws.com/photos/214642626/medium.jpeg,cc-by,126501517,research,48.7188928673,16.8777777986,native
lythrum_virgatum_1445.jpeg,https://inaturalist-open-data.s3.amazonaws.com/photos/214642556/medium.jpeg,cc-by,126501517,research,48.7188928673,16.8777777986,native
lythrum_virgatum_1446.jpeg,https://inaturalist-open-data.s3.amazonaws.com/photos/214642617/medium.jpeg,cc-by,126501517,research,48.7188928673,16.8777777986,native
lythrum_virgatum_1447.jpg,https://inaturalist-open-data.s3.amazonaws.com/photos/214624888/medium.jpg,cc-by-nc,126490451,research,55.1088416667,75.2544116667,native
lythrum_virgatum_1448.jpg,https://inaturalist-open-data.s3.amazonaws.com/photos/214624835/medium.jpg,cc-by-nc,126490451,research,55.1088416667,75.2544116667,native
lythrum_virgatum_1449.jpg,https://inaturalist-open-data.s3.amazonaws.com/photos/214624928/medium.jpg,cc-by-nc,126490451,research,55.1088416667,75.2544116667,native
lythrum_virgatum_1450.jpg,https://inaturalist-open-data.s3.amazonaws.com/photos/214590650/medium.jpg,cc-by-nc,126470649,research,52.6248957,33.9407069,
lythrum_virgatum_1451.jpg,https://inaturalist-open-data.s3.amazonaws.com/photos/214554803/medium.jpg,cc-by-nc,126450009,research,56.1122259374,84.9824930546,native
lythrum_virgatum_1452.jpg,https://inaturalist-open-data.s3.amazonaws.com/photos/214554814/medium.jpg,cc-by-nc,126450009,research,56.1122259374,84.9824930546,native
lythrum_virgatum_1453.jpg,https://inaturalist-open-data.s3.amazonaws.com/photos/214554828/medium.jpg,cc-by-nc,126450009,research,56.1122259374,84.9824930546,native
lythrum_virgatum_1454.jpeg,https://inaturalist-open-data.s3.amazonaws.com/photos/214549430/medium.jpeg,cc-by-nc,126446903,research,52.8747705346,34.0080982254,
lythrum_virgatum_1455.jpeg,https://inaturalist-open-data.s3.amazonaws.com/photos/214549450/medium.jpeg,cc-by-nc,126446903,research,52.8747705346,34.0080982254,
lythrum_virgatum_1456.jpeg,https://inaturalist-open-data.s3.amazonaws.com/photos/214548434/medium.jpeg,cc-by-nc,126446282,research,52.8747760563,34.0086310913,
lythrum_virgatum_1457.jpg,https://inaturalist-open-data.s3.amazonaws.com/photos/214489668/medium.jpg,cc-by-nc,126415328,research,51.6514466667,81.3109583333,native
lythrum_virgatum_1458.jpg,https://inaturalist-open-data.s3.amazonaws.com/photos/214125817/medium.jpg,cc-by-nc,126213391,research,52.6275666667,33.966195,
lythrum_virgatum_1459.jpg,https://inaturalist-open-data.s3.amazonaws.com/photos/214125907/medium.jpg,cc-by-nc,126213391,research,52.6275666667,33.966195,
lythrum_virgatum_1460.jpeg,https://inaturalist-open-data.s3.amazonaws.com/photos/214095658/medium.jpeg,cc-by-nc,126199808,research,53.7519993542,87.3044220352,native
lythrum_virgatum_1461.jpeg,https://inaturalist-open-data.s3.amazonaws.com/photos/214095669/medium.jpeg,cc-by-nc,126199808,research,53.7519993542,87.3044220352,native
lythrum_virgatum_1462.jpeg,https://inaturalist-open-data.s3.amazonaws.com/photos/214060573/medium.jpeg,cc-by-nc,126177878,research,52.9534136745,80.8268716161,native
lythrum_virgatum_1463.jpeg,https://inaturalist-open-data.s3.amazonaws.com/photos/214060489/medium.jpeg,cc-by-nc,126177878,research,52.9534136745,80.8268716161,native
lythrum_virgatum_1464.jpeg,https://inaturalist-open-data.s3.amazonaws.com/photos/214036637/medium.jpeg,cc-by-nc,126163905,research,52.9367148621,80.7588096204,native
lythrum_virgatum_1465.jpeg,https://inaturalist-open-data.s3.amazonaws.com/photos/214036718/medium.jpeg,cc-by-nc,126163905,research,52.9367148621,80.7588096204,native
lythrum_virgatum_1466.jpg,https://inaturalist-open-data.s3.amazonaws.com/photos/213966130/medium.jpg,cc-by-nc,126127970,research,51.0984167941,42.1448531239,native
lythrum_virgatum_1467.jpeg,https://inaturalist-open-data.s3.amazonaws.com/photos/213713596/medium.jpeg,cc-by-sa,125986631,research,48.8279048,16.8489059,native
lythrum_virgatum_1468.jpeg,https://inaturalist-open-data.s3.amazonaws.com/photos/213713643/medium.jpeg,cc-by-sa,125986631,research,48.8279048,16.8489059,native
lythrum_virgatum_1469.jpeg,https://inaturalist-open-data.s3.amazonaws.com/photos/213713679/medium.jpeg,cc-by-sa,125986631,research,48.8279048,16.8489059,native
lythrum_virgatum_1470.jpeg,https://inaturalist-open-data.s3.amazonaws.com/photos/213639825/medium.jpeg,cc-by-nc,125945236,research,51.3255166,33.8705505,native
lythrum_virgatum_1471.jpeg,https://inaturalist-open-data.s3.amazonaws.com/photos/213584684/medium.jpeg,cc0,125914728,research,52.6330419215,44.3946497328,native
lythrum_virgatum_1472.jpeg,https://inaturalist-open-data.s3.amazonaws.com/photos/212991104/medium.jpeg,cc-by-nc,125587587,research,51.2313694444,41.4287694444,native
lythrum_virgatum_1473.jpeg,https://inaturalist-open-data.s3.amazonaws.com/photos/212991283/medium.jpeg,cc-by-nc,125587587,research,51.2313694444,41.4287694444,native
lythrum_virgatum_1474.jpg,https://inaturalist-open-data.s3.amazonaws.com/photos/212977484/medium.jpg,cc-by,125579880,research,48.5712326134,39.2127305586,native
lythrum_virgatum_1475.jpeg,https://inaturalist-open-data.s3.amazonaws.com/photos/212725799/medium.jpeg,cc-by-nc,125438898,research,53.6289232026,87.2594287992,native
lythrum_virgatum_1476.jpeg,https://inaturalist-open-data.s3.amazonaws.com/photos/212725830/medium.jpeg,cc-by-nc,125438898,research,53.6289232026,87.2594287992,native
lythrum_virgatum_1477.jpeg,https://inaturalist-open-data.s3.amazonaws.com/photos/212725869/medium.jpeg,cc-by-nc,125438898,research,53.6289232026,87.2594287992,native
lythrum_virgatum_1478.jpg,https://inaturalist-open-data.s3.amazonaws.com/photos/212547536/medium.jpg,cc-by-nc,125341018,research,52.9735371,34.0202561972,
lythrum_virgatum_1479.jpg,https://inaturalist-open-data.s3.amazonaws.com/photos/212539434/medium.jpg,cc-by-nc,125336162,research,52.9757392222,34.0177056806,
lythrum_virgatum_1480.jpg,https://inaturalist-open-data.s3.amazonaws.com/photos/212004218/medium.jpg,cc-by-nc,125037223,research,55.1105805,75.25245,native
lythrum_virgatum_1481.jpg,https://inaturalist-open-data.s3.amazonaws.com/photos/212004137/medium.jpg,cc-by-nc,125037223,research,55.1105805,75.25245,native
lythrum_virgatum_1482.jpg,https://inaturalist-open-data.s3.amazonaws.com/photos/212004275/medium.jpg,cc-by-nc,125037223,research,55.1105805,75.25245,native
lythrum_virgatum_1483.jpg,https://inaturalist-open-data.s3.amazonaws.com/photos/212004310/medium.jpg,cc-by-nc,125037223,research,55.1105805,75.25245,native
lythrum_virgatum_1484.jpeg,https://inaturalist-open-data.s3.amazonaws.com/photos/211686059/medium.jpeg,cc-by-nc,124862132,research,54.6051522565,39.9157675356,native
lythrum_virgatum_1485.jpg,https://inaturalist-open-data.s3.amazonaws.com/photos/211652773/medium.jpg,cc-by-nc,124843490,research,51.2866554167,38.9813575556,native
lythrum_virgatum_1486.jpeg,https://inaturalist-open-data.s3.amazonaws.com/photos/211163719/medium.jpeg,cc-by-nc,124575467,research,48.8396326036,17.091986686,native
lythrum_virgatum_1487.jpeg,https://inaturalist-open-data.s3.amazonaws.com/photos/211163758/medium.jpeg,cc-by-nc,124575467,research,48.8396326036,17.091986686,native
lythrum_virgatum_1488.jpeg,https://inaturalist-open-data.s3.amazonaws.com/photos/211163807/medium.jpeg,cc-by-nc,124575467,research,48.8396326036,17.091986686,native
lythrum_virgatum_1489.jpeg,https://inaturalist-open-data.s3.amazonaws.com/photos/211163844/medium.jpeg,cc-by-nc,124575467,research,48.8396326036,17.091986686,native
lythrum_virgatum_1490.jpeg,https://inaturalist-open-data.s3.amazonaws.com/photos/210812889/medium.jpeg,cc-by-nc,124377896,research,49.668801,42.330738,native
lythrum_virgatum_1491.jpeg,https://inaturalist-open-data.s3.amazonaws.com/photos/210279833/medium.jpeg,cc-by-nc,124081873,research,56.0183882834,92.9182993993,native
lythrum_virgatum_1492.jpeg,https://inaturalist-open-data.s3.amazonaws.com/photos/209863042/medium.jpeg,cc-by-nc,123853909,research,53.4759121,81.8421854,native
lythrum_virgatum_1493.jpg,https://inaturalist-open-data.s3.amazonaws.com/photos/209384050/medium.jpg,cc-by-nc,123591953,research,50.532701,30.503692,native
lythrum_virgatum_1494.jpg,https://inaturalist-open-data.s3.amazonaws.com/photos/209384087/medium.jpg,cc-by-nc,123591953,research,50.532701,30.503692,native
lythrum_virgatum_1495.jpg,https://inaturalist-open-data.s3.amazonaws.com/photos/209384134/medium.jpg,cc-by-nc,123591953,research,50.532701,30.503692,native
lythrum_virgatum_1496.jpeg,https://inaturalist-open-data.s3.amazonaws.com/photos/209252157/medium.jpeg,cc-by,123515798,research,51.5591713325,32.7483199909,native
lythrum_virgatum_1497.jpeg,https://inaturalist-open-data.s3.amazonaws.com/photos/209252233/medium.jpeg,cc-by,123515798,research,51.5591713325,32.7483199909,native
lythrum_virgatum_1498.jpeg,https://inaturalist-open-data.s3.amazonaws.com/photos/209246158/medium.jpeg,cc-by-nc,123512291,research,52.4855983333,31.1562433333,native
lythrum_virgatum_1499.jpeg,https://inaturalist-open-data.s3.amazonaws.com/photos/209246361/medium.jpeg,cc-by-nc,123512291,research,52.4855983333,31.1562433333,native
lythrum_virgatum_1500.jpg,https://inaturalist-open-data.s3.amazonaws.com/photos/209012948/medium.jpg,cc-by-nc,123384323,research,50.5172839722,30.520783,native
lythrum_virgatum_1501.jpg,https://inaturalist-open-data.s3.amazonaws.com/photos/209012995/medium.jpg,cc-by-nc,123384323,research,50.5172839722,30.520783,native
lythrum_virgatum_1502.jpg,https://inaturalist-open-data.s3.amazonaws.com/photos/209013033/medium.jpg,cc-by-nc,123384323,research,50.5172839722,30.520783,native
lythrum_virgatum_1503.jpg,https://inaturalist-open-data.s3.amazonaws.com/photos/209013079/medium.jpg,cc-by-nc,123384323,research,50.5172839722,30.520783,native
lythrum_virgatum_1504.jpg,https://inaturalist-open-data.s3.amazonaws.com/photos/209013135/medium.jpg,cc-by-nc,123384323,research,50.5172839722,30.520783,native
lythrum_virgatum_1505.jpeg,https://inaturalist-open-data.s3.amazonaws.com/photos/208936299/medium.jpeg,cc0,123342182,research,53.565825,87.7822972222,native
lythrum_virgatum_1506.jpeg,https://inaturalist-open-data.s3.amazonaws.com/photos/208936301/medium.jpeg,cc0,123342182,research,53.565825,87.7822972222,native
lythrum_virgatum_1507.jpeg,https://inaturalist-open-data.s3.amazonaws.com/photos/208936312/medium.jpeg,cc0,123342182,research,53.565825,87.7822972222,native
lythrum_virgatum_1508.jpeg,https://inaturalist-open-data.s3.amazonaws.com/photos/208936317/medium.jpeg,cc0,123342182,research,53.565825,87.7822972222,native
lythrum_virgatum_1509.jpeg,https://inaturalist-open-data.s3.amazonaws.com/photos/208936285/medium.jpeg,cc0,123342182,research,53.565825,87.7822972222,native
lythrum_virgatum_1510.jpeg,https://inaturalist-open-data.s3.amazonaws.com/photos/208935741/medium.jpeg,cc0,123342146,research,53.5658361111,87.7819305556,native
lythrum_virgatum_1511.jpeg,https://inaturalist-open-data.s3.amazonaws.com/photos/208935701/medium.jpeg,cc0,123342146,research,53.5658361111,87.7819305556,native
lythrum_virgatum_1512.jpeg,https://inaturalist-open-data.s3.amazonaws.com/photos/208935707/medium.jpeg,cc0,123342146,research,53.5658361111,87.7819305556,native
lythrum_virgatum_1513.jpeg,https://inaturalist-open-data.s3.amazonaws.com/photos/203634508/medium.jpeg,cc-by,120401901,research,51.5698909283,32.7355902269,native
lythrum_virgatum_1514.jpg,https://inaturalist-open-data.s3.amazonaws.com/photos/201493297/medium.jpg,cc-by-nc,119206736,research,51.1926388,29.7130061,native
lythrum_virgatum_1515.jpg,https://inaturalist-open-data.s3.amazonaws.com/photos/201493416/medium.jpg,cc-by-nc,119206736,research,51.1926388,29.7130061,native
lythrum_virgatum_1516.jpg,https://inaturalist-open-data.s3.amazonaws.com/photos/200686106/medium.jpg,cc-by-nc,118758825,research,51.2501958608,29.7866783185,native
lythrum_virgatum_1517.jpg,https://inaturalist-open-data.s3.amazonaws.com/photos/200686197/medium.jpg,cc-by-nc,118758825,research,51.2501958608,29.7866783185,native
lythrum_virgatum_1518.jpg,https://inaturalist-open-data.s3.amazonaws.com/photos/200686206/medium.jpg,cc-by-nc,118758825,research,51.2501958608,29.7866783185,native
lythrum_virgatum_1519.jpg,https://inaturalist-open-data.s3.amazonaws.com/photos/200686219/medium.jpg,cc-by-nc,118758825,research,51.2501958608,29.7866783185,native
lythrum_virgatum_1520.jpg,https://inaturalist-open-data.s3.amazonaws.com/photos/198301425/medium.jpg,cc-by-nc,117419312,research,51.1187356944,40.3864290833,native
lythrum_virgatum_1521.jpg,https://inaturalist-open-data.s3.amazonaws.com/photos/198301402/medium.jpg,cc-by-nc,117419312,research,51.1187356944,40.3864290833,native
lythrum_virgatum_1522.jpg,https://inaturalist-open-data.s3.amazonaws.com/photos/194214086/medium.jpg,cc-by-nc,115051400,research,55.1121673333,61.4637222222,native
lythrum_virgatum_1523.jpg,https://inaturalist-open-data.s3.amazonaws.com/photos/188900955/medium.jpg,cc-by,111868520,research,44.6440765149,37.946330527,native
lythrum_virgatum_1524.jpg,https://inaturalist-open-data.s3.amazonaws.com/photos/188771940/medium.jpg,cc-by,111796957,research,44.6408763422,37.9592901768,native
lythrum_virgatum_1525.jpg,https://inaturalist-open-data.s3.amazonaws.com/photos/188771800/medium.jpg,cc-by,111796957,research,44.6408763422,37.9592901768,native
lythrum_virgatum_1526.jpg,https://inaturalist-open-data.s3.amazonaws.com/photos/188771874/medium.jpg,cc-by,111796957,research,44.6408763422,37.9592901768,native
lythrum_virgatum_1527.jpg,https://inaturalist-open-data.s3.amazonaws.com/photos/188771907/medium.jpg,cc-by,111796957,research,44.6408763422,37.9592901768,native
lythrum_virgatum_1528.jpg,https://inaturalist-open-data.s3.amazonaws.com/photos/183568459/medium.jpg,cc-by-nc,108974250,research,55.0722808611,61.5111045833,native
lythrum_virgatum_1529.jpg,https://inaturalist-open-data.s3.amazonaws.com/photos/183568384/medium.jpg,cc-by-nc,108974250,research,55.0722808611,61.5111045833,native
lythrum_virgatum_1530.jpg,https://inaturalist-open-data.s3.amazonaws.com/photos/180443542/medium.jpg,cc-by-nc,107302500,research,53.0316106745,83.6055221403,native
lythrum_virgatum_1531.jpg,https://inaturalist-open-data.s3.amazonaws.com/photos/179827876/medium.jpg,cc-by-nc,106976355,research,51.0696130212,32.206124961,native
lythrum_virgatum_1532.jpg,https://inaturalist-open-data.s3.amazonaws.com/photos/179827885/medium.jpg,cc-by-nc,106976355,research,51.0696130212,32.206124961,native
lythrum_virgatum_1533.jpg,https://inaturalist-open-data.s3.amazonaws.com/photos/179827892/medium.jpg,cc-by-nc,106976355,research,51.0696130212,32.206124961,native
lythrum_virgatum_1534.jpg,https://inaturalist-open-data.s3.amazonaws.com/photos/179827899/medium.jpg,cc-by-nc,106976355,research,51.0696130212,32.206124961,native
lythrum_virgatum_1535.jpg,https://inaturalist-open-data.s3.amazonaws.com/photos/179827955/medium.jpg,cc-by-nc,106976355,research,51.0696130212,32.206124961,native
lythrum_virgatum_1536.jpeg,https://inaturalist-open-data.s3.amazonaws.com/photos/179423291/medium.jpeg,cc-by-nc,106764479,research,54.7902541757,89.8563039782,native
lythrum_virgatum_1537.jpeg,https://inaturalist-open-data.s3.amazonaws.com/photos/179362831/medium.jpeg,cc-by-nc,106733276,research,52.7864083333,33.9997233333,
lythrum_virgatum_1538.jpeg,https://inaturalist-open-data.s3.amazonaws.com/photos/179263815/medium.jpeg,cc-by-nc,106682137,research,52.8095150493,33.9823991426,
lythrum_virgatum_1539.jpg,https://inaturalist-open-data.s3.amazonaws.com/photos/178236911/medium.jpg,cc-by-nc,106135759,research,46.5747949775,34.4394756983,native
lythrum_virgatum_1540.jpeg,https://inaturalist-open-data.s3.amazonaws.com/photos/178197421/medium.jpeg,cc-by-nc,106114272,research,51.364246972,33.1475379418,native
lythrum_virgatum_1541.jpg,https://inaturalist-open-data.s3.amazonaws.com/photos/177917916/medium.jpg,cc-by-nc,105966127,research,51.4061473597,33.4569295597,native
lythrum_virgatum_1542.jpg,https://inaturalist-open-data.s3.amazonaws.com/photos/175918662/medium.jpg,cc-by-nc,104920617,research,56.4393083056,84.9681729444,native
lythrum_virgatum_1543.jpg,https://inaturalist-open-data.s3.amazonaws.com/photos/175918724/medium.jpg,cc-by-nc,104920617,research,56.4393083056,84.9681729444,native
lythrum_virgatum_1544.jpeg,https://inaturalist-open-data.s3.amazonaws.com/photos/175602497/medium.jpeg,cc-by-nc,104756654,research,49.6030944947,36.3939639163,native
lythrum_virgatum_1545.jpeg,https://inaturalist-open-data.s3.amazonaws.com/photos/175602496/medium.jpeg,cc-by-nc,104756654,research,49.6030944947,36.3939639163,native
lythrum_virgatum_1546.jpeg,https://inaturalist-open-data.s3.amazonaws.com/photos/175249739/medium.jpeg,cc-by-nc,104571840,research,52.8600766667,33.9966216667,
lythrum_virgatum_1547.jpg,https://inaturalist-open-data.s3.amazonaws.com/photos/174108766/medium.jpg,cc-by-nc,103948917,research,46.9916666667,21.9866666667,native
lythrum_virgatum_1548.jpg,https://inaturalist-open-data.s3.amazonaws.com/photos/170593065/medium.jpg,cc-by-nc,102090513,research,55.2979146667,78.1578749444,native
lythrum_virgatum_1549.jpg,https://inaturalist-open-data.s3.amazonaws.com/photos/170569136/medium.jpg,cc-by-nc,102077223,research,48.1657031161,22.7755030987,native
lythrum_virgatum_1550.jpg,https://inaturalist-open-data.s3.amazonaws.com/photos/170568900/medium.jpg,cc-by-nc,102077223,research,48.1657031161,22.7755030987,native
lythrum_virgatum_1551.jpg,https://inaturalist-open-data.s3.amazonaws.com/photos/170569077/medium.jpg,cc-by-nc,102077223,research,48.1657031161,22.7755030987,native
lythrum_virgatum_1552.jpg,https://inaturalist-open-data.s3.amazonaws.com/photos/170303056/medium.jpg,cc-by-nc,101935375,research,56.4364063889,84.9731311111,native
lythrum_virgatum_1553.jpg,https://inaturalist-open-data.s3.amazonaws.com/photos/170303090/medium.jpg,cc-by-nc,101935375,research,56.4364063889,84.9731311111,native
lythrum_virgatum_1554.jpg,https://inaturalist-open-data.s3.amazonaws.com/photos/168938713/medium.jpg,cc-by-nc,101177985,research,52.0573180159,29.2760086691,native
lythrum_virgatum_1555.jpg,https://inaturalist-open-data.s3.amazonaws.com/photos/168938725/medium.jpg,cc-by-nc,101177985,research,52.0573180159,29.2760086691,native
lythrum_virgatum_1556.jpeg,https://inaturalist-open-data.s3.amazonaws.com/photos/168412200/medium.jpeg,cc-by-nc,100877743,research,49.6505538448,34.6111752461,native
lythrum_virgatum_1557.jpeg,https://inaturalist-open-data.s3.amazonaws.com/photos/168414431/medium.jpeg,cc-by-nc,100877743,research,49.6505538448,34.6111752461,native
lythrum_virgatum_1558.jpg,https://inaturalist-open-data.s3.amazonaws.com/photos/168227131/medium.jpg,cc-by-nc,100779155,research,55.0798072778,61.5262031389,native
lythrum_virgatum_1559.jpg,https://inaturalist-open-data.s3.amazonaws.com/photos/168227097/medium.jpg,cc-by-nc,100779155,research,55.0798072778,61.5262031389,native
lythrum_virgatum_1560.jpg,https://inaturalist-open-data.s3.amazonaws.com/photos/164518959/medium.jpg,cc-by,98768678,research,48.6319801563,39.4064985967,native
lythrum_virgatum_1561.jpeg,https://inaturalist-open-data.s3.amazonaws.com/photos/161247506/medium.jpeg,cc-by-nc,97009031,research,44.5812683333,37.9659583333,native
lythrum_virgatum_1562.jpeg,https://inaturalist-open-data.s3.amazonaws.com/photos/161247406/medium.jpeg,cc-by-nc,97009031,research,44.5812683333,37.9659583333,native
lythrum_virgatum_1563.jpeg,https://inaturalist-open-data.s3.amazonaws.com/photos/161247270/medium.jpeg,cc-by-nc,97009031,research,44.5812683333,37.9659583333,native
lythrum_virgatum_1564.jpeg,https://inaturalist-open-data.s3.amazonaws.com/photos/161247565/medium.jpeg,cc-by-nc,97009031,research,44.5812683333,37.9659583333,native
lythrum_virgatum_1565.jpeg,https://inaturalist-open-data.s3.amazonaws.com/photos/161247616/medium.jpeg,cc-by-nc,97009031,research,44.5812683333,37.9659583333,native
lythrum_virgatum_1566.jpeg,https://inaturalist-open-data.s3.amazonaws.com/photos/161247660/medium.jpeg,cc-by-nc,97009031,research,44.5812683333,37.9659583333,native
lythrum_virgatum_1567.jpeg,https://inaturalist-open-data.s3.amazonaws.com/photos/161247176/medium.jpeg,cc-by-nc,97009031,research,44.5812683333,37.9659583333,native
lythrum_virgatum_1568.jpeg,https://inaturalist-open-data.s3.amazonaws.com/photos/161247110/medium.jpeg,cc-by-nc,97009031,research,44.5812683333,37.9659583333,native
lythrum_virgatum_1569.jpeg,https://inaturalist-open-data.s3.amazonaws.com/photos/161247019/medium.jpeg,cc-by-nc,97009031,research,44.5812683333,37.9659583333,native
lythrum_virgatum_1570.jpg,https://inaturalist-open-data.s3.amazonaws.com/photos/161070136/medium.jpg,cc-by-nc,96913686,research,49.9549995948,36.1893163359,native
lythrum_virgatum_1571.jpg,https://inaturalist-open-data.s3.amazonaws.com/photos/159224625/medium.jpg,cc-by-nc,95881168,research,53.0727190333,34.0755576667,
lythrum_virgatum_1572.jpeg,https://inaturalist-open-data.s3.amazonaws.com/photos/156949609/medium.jpeg,cc-by-nc,94610942,research,52.8503615758,33.9855880518,
lythrum_virgatum_1573.jpeg,https://inaturalist-open-data.s3.amazonaws.com/photos/156949639/medium.jpeg,cc-by-nc,94610942,research,52.8503615758,33.9855880518,
lythrum_virgatum_1574.jpg,https://inaturalist-open-data.s3.amazonaws.com/photos/156920801/medium.jpg,cc-by-nc,94593518,research,52.8276350582,33.9932075038,
lythrum_virgatum_1575.jpeg,https://inaturalist-open-data.s3.amazonaws.com/photos/156519929/medium.jpeg,cc-by-nc,94361575,research,47.9129656234,19.047415074,native
lythrum_virgatum_1576.jpeg,https://inaturalist-open-data.s3.amazonaws.com/photos/156519971/medium.jpeg,cc-by-nc,94361575,research,47.9129656234,19.047415074,native
lythrum_virgatum_1577.jpeg,https://inaturalist-open-data.s3.amazonaws.com/photos/156424774/medium.jpeg,cc-by-nc,94305154,needs_id,54.7492672624,43.0835328251,native
lythrum_virgatum_1578.jpeg,https://inaturalist-open-data.s3.amazonaws.com/photos/156424785/medium.jpeg,cc-by-nc,94305154,needs_id,54.7492672624,43.0835328251,native
lythrum_virgatum_1579.jpeg,https://inaturalist-open-data.s3.amazonaws.com/photos/156424799/medium.jpeg,cc-by-nc,94305154,needs_id,54.7492672624,43.0835328251,native
lythrum_virgatum_1580.jpeg,https://inaturalist-open-data.s3.amazonaws.com/photos/155840115/medium.jpeg,cc-by-nc,93990830,research,46.8302413889,21.687025,native
lythrum_virgatum_1581.jpg,https://inaturalist-open-data.s3.amazonaws.com/photos/155573548/medium.jpg,cc-by-nc,93833202,research,54.4004724807,40.2455795981,native
lythrum_virgatum_1582.jpg,https://inaturalist-open-data.s3.amazonaws.com/photos/155573569/medium.jpg,cc-by-nc,93833202,research,54.4004724807,40.2455795981,native
lythrum_virgatum_1583.jpg,https://inaturalist-open-data.s3.amazonaws.com/photos/155573591/medium.jpg,cc-by-nc,93833202,research,54.4004724807,40.2455795981,native
lythrum_virgatum_1584.jpeg,https://inaturalist-open-data.s3.amazonaws.com/photos/155332597/medium.jpeg,cc-by-nc,93698326,research,53.135151,34.1888379722,
lythrum_virgatum_1585.jpeg,https://inaturalist-open-data.s3.amazonaws.com/photos/155331136/medium.jpeg,cc-by-nc,93697524,research,53.137117,34.1895069722,
lythrum_virgatum_1586.jpeg,https://inaturalist-open-data.s3.amazonaws.com/photos/155331159/medium.jpeg,cc-by-nc,93697524,research,53.137117,34.1895069722,
lythrum_virgatum_1587.jpg,https://inaturalist-open-data.s3.amazonaws.com/photos/155167797/medium.jpg,cc-by-nc,93610748,research,53.1515960556,34.1417550639,
lythrum_virgatum_1588.jpeg,https://inaturalist-open-data.s3.amazonaws.com/photos/154154093/medium.jpeg,cc-by,93145960,casual,55.5369540958,85.8481957917,native
lythrum_virgatum_1589.jpeg,https://inaturalist-open-data.s3.amazonaws.com/photos/154122202/medium.jpeg,cc-by,93029245,research,61.023298786,69.0307901695,native
lythrum_virgatum_1590.jpg,https://inaturalist-open-data.s3.amazonaws.com/photos/153997063/medium.jpg,cc-by-nc,92964072,research,52.5773864472,33.7911648806,native
lythrum_virgatum_1591.jpeg,https://inaturalist-open-data.s3.amazonaws.com/photos/153985272/medium.jpeg,cc-by,92953660,research,51.86919345,39.31187656,native
lythrum_virgatum_1592.jpeg,https://inaturalist-open-data.s3.amazonaws.com/photos/153985303/medium.jpeg,cc-by,92953660,research,51.86919345,39.31187656,native
lythrum_virgatum_1593.jpeg,https://inaturalist-open-data.s3.amazonaws.com/photos/153871508/medium.jpeg,cc-by-nc,92888462,research,53.777062,87.307478,native
lythrum_virgatum_1594.jpeg,https://inaturalist-open-data.s3.amazonaws.com/photos/153871525/medium.jpeg,cc-by-nc,92888462,research,53.777062,87.307478,native
lythrum_virgatum_1595.jpeg,https://inaturalist-open-data.s3.amazonaws.com/photos/153871550/medium.jpeg,cc-by-nc,92888462,research,53.777062,87.307478,native
lythrum_virgatum_1596.jpg,https://inaturalist-open-data.s3.amazonaws.com/photos/153662925/medium.jpg,cc-by-nc,92774157,needs_id,51.7346294444,36.0947686944,native
lythrum_virgatum_1597.jpg,https://inaturalist-open-data.s3.amazonaws.com/photos/153101094/medium.jpg,cc-by-nc,92463188,research,54.9705860632,82.8103030064,native
lythrum_virgatum_1598.jpg,https://inaturalist-open-data.s3.amazonaws.com/photos/153101111/medium.jpg,cc-by-nc,92463188,research,54.9705860632,82.8103030064,native
lythrum_virgatum_1599.jpg,https://inaturalist-open-data.s3.amazonaws.com/photos/152973382/medium.jpg,cc-by-nc,92391485,research,51.4410743611,39.0749168333,native
lythrum_virgatum_1600.jpg,https://inaturalist-open-data.s3.amazonaws.com/photos/152754800/medium.jpg,cc-by-nc,92275814,research,52.3532905578,44.1173400878,native
lythrum_virgatum_1601.jpg,https://inaturalist-open-data.s3.amazonaws.com/photos/152754827/medium.jpg,cc-by-nc,92275814,research,52.3532905578,44.1173400878,native
lythrum_virgatum_1602.jpg,https://inaturalist-open-data.s3.amazonaws.com/photos/152754859/medium.jpg,cc-by-nc,92275814,research,52.3532905578,44.1173400878,native
lythrum_virgatum_1603.jpeg,https://inaturalist-open-data.s3.amazonaws.com/photos/152711469/medium.jpeg,cc-by,92248382,research,49.87850328,33.97531159,native
lythrum_virgatum_1604.jpeg,https://inaturalist-open-data.s3.amazonaws.com/photos/152711517/medium.jpeg,cc-by,92248382,research,49.87850328,33.97531159,native
lythrum_virgatum_1605.jpeg,https://inaturalist-open-data.s3.amazonaws.com/photos/152711581/medium.jpeg,cc-by,92248382,research,49.87850328,33.97531159,native
lythrum_virgatum_1606.jpeg,https://inaturalist-open-data.s3.amazonaws.com/photos/152664800/medium.jpeg,cc-by-nc,92227301,research,56.2039859155,94.1108595628,native
lythrum_virgatum_1607.jpeg,https://inaturalist-open-data.s3.amazonaws.com/photos/152664793/medium.jpeg,cc-by-nc,92227301,research,56.2039859155,94.1108595628,native
lythrum_virgatum_1608.jpeg,https://inaturalist-open-data.s3.amazonaws.com/photos/152664789/medium.jpeg,cc-by-nc,92227301,research,56.2039859155,94.1108595628,native
lythrum_virgatum_1609.jpeg,https://inaturalist-open-data.s3.amazonaws.com/photos/152519710/medium.jpeg,cc-by,92145261,research,51.14643604,39.24928122,native
lythrum_virgatum_1610.jpeg,https://inaturalist-open-data.s3.amazonaws.com/photos/152519744/medium.jpeg,cc-by,92145261,research,51.14643604,39.24928122,native
lythrum_virgatum_1611.jpeg,https://inaturalist-open-data.s3.amazonaws.com/photos/152468423/medium.jpeg,cc-by-nc,92116250,research,51.9917999289,30.7561318725,native
lythrum_virgatum_1612.jpeg,https://inaturalist-open-data.s3.amazonaws.com/photos/152465899/medium.jpeg,cc-by-nc,92114934,research,51.9657945746,30.8026902844,native
lythrum_virgatum_1613.jpeg,https://inaturalist-open-data.s3.amazonaws.com/photos/152463207/medium.jpeg,cc-by-nc,92113395,research,53.1508256749,34.0954567865,
lythrum_virgatum_1614.jpeg,https://inaturalist-open-data.s3.amazonaws.com/photos/152463261/medium.jpeg,cc-by-nc,92113395,research,53.1508256749,34.0954567865,
lythrum_virgatum_1615.jpg,https://inaturalist-open-data.s3.amazonaws.com/photos/152452163/medium.jpg,cc-by-nc,92107074,research,48.31682,18.0997333333,native
lythrum_virgatum_1616.jpg,https://inaturalist-open-data.s3.amazonaws.com/photos/152452193/medium.jpg,cc-by-nc,92107074,research,48.31682,18.0997333333,native
lythrum_virgatum_1617.jpg,https://inaturalist-open-data.s3.amazonaws.com/photos/152432194/medium.jpg,cc-by-nc,92095782,research,51.43717575,39.0193443056,native
lythrum_virgatum_1618.jpg,https://inaturalist-open-data.s3.amazonaws.com/photos/152424788/medium.jpg,cc-by-nc,92091328,research,50.4040839,30.6825201972,native
lythrum_virgatum_1619.jpeg,https://inaturalist-open-data.s3.amazonaws.com/photos/152396362/medium.jpeg,cc-by-nc,92074661,research,51.99179379,30.75605983,native
lythrum_virgatum_1620.jpeg,https://inaturalist-open-data.s3.amazonaws.com/photos/152388753/medium.jpeg,cc-by-nc,92070436,research,51.96627938,30.80262676,native
lythrum_virgatum_1621.jpg,https://inaturalist-open-data.s3.amazonaws.com/photos/152150275/medium.jpg,cc-by-nc,91941936,research,55.382573375,85.9630419317,native
lythrum_virgatum_1622.jpeg,https://inaturalist-open-data.s3.amazonaws.com/photos/152045917/medium.jpeg,cc-by-nc-sa,91881213,casual,50.9359353,4.3294598,
lythrum_virgatum_1623.jpeg,https://inaturalist-open-data.s3.amazonaws.com/photos/152045823/medium.jpeg,cc-by-nc-sa,91881210,casual,50.9359353,4.3294598,
lythrum_virgatum_1624.jpeg,https://inaturalist-open-data.s3.amazonaws.com/photos/152045884/medium.jpeg,cc-by-nc-sa,91881210,casual,50.9359353,4.3294598,
lythrum_virgatum_1625.jpeg,https://inaturalist-open-data.s3.amazonaws.com/photos/152045852/medium.jpeg,cc-by-nc-sa,91881210,casual,50.9359353,4.3294598,
lythrum_virgatum_1626.jpeg,https://inaturalist-open-data.s3.amazonaws.com/photos/151995194/medium.jpeg,cc-by-nc-nd,91850384,research,51.96904166,30.79617864,native
lythrum_virgatum_1627.jpeg,https://inaturalist-open-data.s3.amazonaws.com/photos/151985787/medium.jpeg,cc-by-nc,91845090,research,51.84063672,30.63255452,native
lythrum_virgatum_1628.jpeg,https://inaturalist-open-data.s3.amazonaws.com/photos/151801739/medium.jpeg,cc-by-nc,91743714,research,52.9759616667,49.913805,native
lythrum_virgatum_1629.jpeg,https://inaturalist-open-data.s3.amazonaws.com/photos/151568608/medium.jpeg,cc-by-nc-nd,91612173,research,51.83294744,29.14817572,native
lythrum_virgatum_1630.jpeg,https://inaturalist-open-data.s3.amazonaws.com/photos/151566618/medium.jpeg,cc-by-nc,91611248,research,56.5034408569,84.9399108887,native
lythrum_virgatum_1631.jpeg,https://inaturalist-open-data.s3.amazonaws.com/photos/151421989/medium.jpeg,cc-by-nc,91531363,research,55.0585555833,61.4860801667,native
lythrum_virgatum_1632.jpeg,https://inaturalist-open-data.s3.amazonaws.com/photos/151281998/medium.jpeg,cc-by-nc,91458170,research,53.2390981208,34.374055496,
lythrum_virgatum_1633.jpeg,https://inaturalist-open-data.s3.amazonaws.com/photos/151176347/medium.jpeg,cc-by-nc,91399228,research,53.748682,87.18609,native
lythrum_virgatum_1634.jpeg,https://inaturalist-open-data.s3.amazonaws.com/photos/151176372/medium.jpeg,cc-by-nc,91399228,research,53.748682,87.18609,native
lythrum_virgatum_1635.jpeg,https://inaturalist-open-data.s3.amazonaws.com/photos/151176405/medium.jpeg,cc-by-nc,91399228,research,53.748682,87.18609,native
lythrum_virgatum_1636.jpeg,https://inaturalist-open-data.s3.amazonaws.com/photos/151176428/medium.jpeg,cc-by-nc,91399228,research,53.748682,87.18609,native
lythrum_virgatum_1637.jpeg,https://inaturalist-open-data.s3.amazonaws.com/photos/151176449/medium.jpeg,cc-by-nc,91399228,research,53.748682,87.18609,native
lythrum_virgatum_1638.jpg,https://inaturalist-open-data.s3.amazonaws.com/photos/150917492/medium.jpg,cc-by-nc,91257261,research,55.1358866667,86.3334216667,native
lythrum_virgatum_1639.jpeg,https://inaturalist-open-data.s3.amazonaws.com/photos/150875384/medium.jpeg,cc-by-nc,91232207,research,46.9381577217,21.2275695801,native
lythrum_virgatum_1640.jpeg,https://inaturalist-open-data.s3.amazonaws.com/photos/150875400/medium.jpeg,cc-by-nc,91232207,research,46.9381577217,21.2275695801,native
lythrum_virgatum_1641.jpeg,https://inaturalist-open-data.s3.amazonaws.com/photos/150865774/medium.jpeg,cc-by-nc,91228648,research,52.8321904314,33.9978296499,
lythrum_virgatum_1642.jpeg,https://inaturalist-open-data.s3.amazonaws.com/photos/150865264/medium.jpeg,cc-by-nc,91228614,research,52.8321904314,33.9978296499,
lythrum_virgatum_1643.jpeg,https://inaturalist-open-data.s3.amazonaws.com/photos/150855291/medium.jpeg,cc-by-nc,91221382,research,50.7137166028,30.7010136545,native
lythrum_virgatum_1644.jpeg,https://inaturalist-open-data.s3.amazonaws.com/photos/150465037/medium.jpeg,cc-by-nc,91004396,research,50.4138781389,30.5693859072,native
lythrum_virgatum_1645.jpeg,https://inaturalist-open-data.s3.amazonaws.com/photos/150229712/medium.jpeg,cc-by-nc,90871695,research,51.7001744466,46.2023258802,native
lythrum_virgatum_1646.jpeg,https://inaturalist-open-data.s3.amazonaws.com/photos/150229731/medium.jpeg,cc-by-nc,90871695,research,51.7001744466,46.2023258802,native
lythrum_virgatum_1647.jpeg,https://inaturalist-open-data.s3.amazonaws.com/photos/150229743/medium.jpeg,cc-by-nc,90871695,research,51.7001744466,46.2023258802,native
lythrum_virgatum_1648.jpg,https://inaturalist-open-data.s3.amazonaws.com/photos/150051857/medium.jpg,cc-by-nc,90773177,research,53.7239044573,78.1731565936,native
lythrum_virgatum_1649.jpg,https://inaturalist-open-data.s3.amazonaws.com/photos/150051878/medium.jpg,cc-by-nc,90773177,research,53.7239044573,78.1731565936,native
lythrum_virgatum_1650.jpeg,https://inaturalist-open-data.s3.amazonaws.com/photos/149662877/medium.jpeg,cc-by-nc,90548861,research,55.235508,64.669302,native
lythrum_virgatum_1651.jpeg,https://inaturalist-open-data.s3.amazonaws.com/photos/149349490/medium.jpeg,cc-by-nc,90368134,research,48.8066474,16.8160763,native
lythrum_virgatum_1652.jpeg,https://inaturalist-open-data.s3.amazonaws.com/photos/149349512/medium.jpeg,cc-by-nc,90368134,research,48.8066474,16.8160763,native
lythrum_virgatum_1653.jpeg,https://inaturalist-open-data.s3.amazonaws.com/photos/149349627/medium.jpeg,cc-by-nc,90368134,research,48.8066474,16.8160763,native
lythrum_virgatum_1654.jpg,https://inaturalist-open-data.s3.amazonaws.com/photos/149013992/medium.jpg,cc-by-nc,90182444,research,50.1288321697,40.0116941897,native
lythrum_virgatum_1655.jpeg,https://inaturalist-open-data.s3.amazonaws.com/photos/149000232/medium.jpeg,cc-by-nc,90174883,research,53.1345133783,34.1482190788,
lythrum_virgatum_1656.jpeg,https://inaturalist-open-data.s3.amazonaws.com/photos/148954308/medium.jpeg,cc-by-nc,90148788,research,51.3210527778,41.4587138889,native
lythrum_virgatum_1657.jpeg,https://inaturalist-open-data.s3.amazonaws.com/photos/148955305/medium.jpeg,cc-by-nc,90148788,research,51.3210527778,41.4587138889,native
lythrum_virgatum_1658.jpeg,https://inaturalist-open-data.s3.amazonaws.com/photos/148711209/medium.jpeg,cc-by-nc,90015750,research,49.9143020929,31.122648185,native
lythrum_virgatum_1659.jpeg,https://inaturalist-open-data.s3.amazonaws.com/photos/148653957/medium.jpeg,cc-by-nc,89985466,research,50.3143827,30.5871606833,native
lythrum_virgatum_1660.jpeg,https://inaturalist-open-data.s3.amazonaws.com/photos/148653096/medium.jpeg,cc-by-nc,89985441,research,50.31948,30.5836567,native
lythrum_virgatum_1661.jpeg,https://inaturalist-open-data.s3.amazonaws.com/photos/148653007/medium.jpeg,cc-by-nc,89985441,research,50.31948,30.5836567,native
lythrum_virgatum_1662.jpeg,https://inaturalist-open-data.s3.amazonaws.com/photos/148649890/medium.jpeg,cc-by-nc,89985348,research,50.3224826,30.57578725,native
lythrum_virgatum_1663.jpeg,https://inaturalist-open-data.s3.amazonaws.com/photos/148649475/medium.jpeg,cc-by-nc,89985336,research,50.3221890667,30.5752301167,native
lythrum_virgatum_1664.jpeg,https://inaturalist-open-data.s3.amazonaws.com/photos/148647727/medium.jpeg,cc-by-nc,89985292,research,50.3218695,30.5738947667,native
lythrum_virgatum_1665.jpeg,https://inaturalist-open-data.s3.amazonaws.com/photos/148647835/medium.jpeg,cc-by-nc,89985292,research,50.3218695,30.5738947667,native
lythrum_virgatum_1666.jpeg,https://inaturalist-open-data.s3.amazonaws.com/photos/148251488/medium.jpeg,cc0,89754854,research,53.565125,87.779739,native
lythrum_virgatum_1667.jpeg,https://inaturalist-open-data.s3.amazonaws.com/photos/148251495/medium.jpeg,cc0,89754854,research,53.565125,87.779739,native
lythrum_virgatum_1668.jpeg,https://inaturalist-open-data.s3.amazonaws.com/photos/148251507/medium.jpeg,cc0,89754854,research,53.565125,87.779739,native
lythrum_virgatum_1669.jpeg,https://inaturalist-open-data.s3.amazonaws.com/photos/148251518/medium.jpeg,cc0,89754854,research,53.565125,87.779739,native
lythrum_virgatum_1670.jpeg,https://inaturalist-open-data.s3.amazonaws.com/photos/148251520/medium.jpeg,cc0,89754854,research,53.565125,87.779739,native
lythrum_virgatum_1671.jpg,https://inaturalist-open-data.s3.amazonaws.com/photos/148005682/medium.jpg,cc-by-nc,89613912,research,55.655008824,51.4502145759,native
lythrum_virgatum_1672.jpg,https://inaturalist-open-data.s3.amazonaws.com/photos/148005591/medium.jpg,cc-by-nc,89613912,research,55.655008824,51.4502145759,native
lythrum_virgatum_1673.jpg,https://inaturalist-open-data.s3.amazonaws.com/photos/147706596/medium.jpg,cc-by-nc,89443227,research,47.9173121792,16.7115952102,native
lythrum_virgatum_1674.jpg,https://inaturalist-open-data.s3.amazonaws.com/photos/147706762/medium.jpg,cc-by-nc,89443227,research,47.9173121792,16.7115952102,native
lythrum_virgatum_1675.jpg,https://inaturalist-open-data.s3.amazonaws.com/photos/147706798/medium.jpg,cc-by-nc,89443227,research,47.9173121792,16.7115952102,native
lythrum_virgatum_1676.jpg,https://inaturalist-open-data.s3.amazonaws.com/photos/147706832/medium.jpg,cc-by-nc,89443227,research,47.9173121792,16.7115952102,native
lythrum_virgatum_1677.jpg,https://inaturalist-open-data.s3.amazonaws.com/photos/147706862/medium.jpg,cc-by-nc,89443227,research,47.9173121792,16.7115952102,native
lythrum_virgatum_1678.jpeg,https://inaturalist-open-data.s3.amazonaws.com/photos/147706739/medium.jpeg,cc-by-nc,89443209,research,53.3901104906,83.5807992518,native
lythrum_virgatum_1679.jpeg,https://inaturalist-open-data.s3.amazonaws.com/photos/147706759/medium.jpeg,cc-by-nc,89443209,research,53.3901104906,83.5807992518,native
lythrum_virgatum_1680.jpeg,https://inaturalist-open-data.s3.amazonaws.com/photos/147211064/medium.jpeg,cc-by-nc,89162417,research,52.1973712237,84.1617476195,native
lythrum_virgatum_1681.jpeg,https://inaturalist-open-data.s3.amazonaws.com/photos/147211100/medium.jpeg,cc-by-nc,89162417,research,52.1973712237,84.1617476195,native
lythrum_virgatum_1682.jpg,https://inaturalist-open-data.s3.amazonaws.com/photos/146978948/medium.jpg,cc-by-nc,89032223,research,55.0016972338,82.5382633453,native
lythrum_virgatum_1683.jpg,https://inaturalist-open-data.s3.amazonaws.com/photos/146979064/medium.jpg,cc-by-nc,89032223,research,55.0016972338,82.5382633453,native
lythrum_virgatum_1684.jpeg,https://inaturalist-open-data.s3.amazonaws.com/photos/146817408/medium.jpeg,cc-by-nc,88942691,research,49.2699752774,43.9579727055,native
lythrum_virgatum_1685.jpeg,https://inaturalist-open-data.s3.amazonaws.com/photos/146817654/medium.jpeg,cc-by-nc,88942691,research,49.2699752774,43.9579727055,native
lythrum_virgatum_1686.jpeg,https://inaturalist-open-data.s3.amazonaws.com/photos/146817916/medium.jpeg,cc-by-nc,88942691,research,49.2699752774,43.9579727055,native
lythrum_virgatum_1687.jpeg,https://inaturalist-open-data.s3.amazonaws.com/photos/146770217/medium.jpeg,cc-by,88914481,research,52.301095,43.6644883333,native
lythrum_virgatum_1688.jpeg,https://inaturalist-open-data.s3.amazonaws.com/photos/146770319/medium.jpeg,cc-by,88914481,research,52.301095,43.6644883333,native
lythrum_virgatum_1689.jpeg,https://inaturalist-open-data.s3.amazonaws.com/photos/146700957/medium.jpeg,cc-by,88877669,research,48.38759922,16.8490917799,native
lythrum_virgatum_1690.jpeg,https://inaturalist-open-data.s3.amazonaws.com/photos/146700979/medium.jpeg,cc-by,88877669,research,48.38759922,16.8490917799,native
lythrum_virgatum_1691.jpeg,https://inaturalist-open-data.s3.amazonaws.com/photos/146700870/medium.jpeg,cc-by,88877669,research,48.38759922,16.8490917799,native
lythrum_virgatum_1692.jpeg,https://inaturalist-open-data.s3.amazonaws.com/photos/146700931/medium.jpeg,cc-by,88877669,research,48.38759922,16.8490917799,native
lythrum_virgatum_1693.jpeg,https://inaturalist-open-data.s3.amazonaws.com/photos/146700836/medium.jpeg,cc-by,88877669,research,48.38759922,16.8490917799,native
lythrum_virgatum_1694.jpg,https://inaturalist-open-data.s3.amazonaws.com/photos/146677851/medium.jpg,cc-by-nc,88865062,research,51.0171493799,30.8940328899,native
lythrum_virgatum_1695.jpeg,https://inaturalist-open-data.s3.amazonaws.com/photos/146677903/medium.jpeg,cc-by-nc,88865062,research,51.0171493799,30.8940328899,native
lythrum_virgatum_1696.jpeg,https://inaturalist-open-data.s3.amazonaws.com/photos/146678001/medium.jpeg,cc-by-nc,88865062,research,51.0171493799,30.8940328899,native
lythrum_virgatum_1697.jpeg,https://inaturalist-open-data.s3.amazonaws.com/photos/146638073/medium.jpeg,cc-by-nc,88842788,research,50.5540023056,42.6668516111,native
lythrum_virgatum_1698.jpeg,https://inaturalist-open-data.s3.amazonaws.com/photos/146638107/medium.jpeg,cc-by-nc,88842788,research,50.5540023056,42.6668516111,native
lythrum_virgatum_1699.jpeg,https://inaturalist-open-data.s3.amazonaws.com/photos/146638142/medium.jpeg,cc-by-nc,88842788,research,50.5540023056,42.6668516111,native
lythrum_virgatum_1700.jpeg,https://inaturalist-open-data.s3.amazonaws.com/photos/146638173/medium.jpeg,cc-by-nc,88842788,research,50.5540023056,42.6668516111,native
lythrum_virgatum_1701.jpeg,https://inaturalist-open-data.s3.amazonaws.com/photos/146638217/medium.jpeg,cc-by-nc,88842788,research,50.5540023056,42.6668516111,native
lythrum_virgatum_1702.jpeg,https://inaturalist-open-data.s3.amazonaws.com/photos/146638259/medium.jpeg,cc-by-nc,88842788,research,50.5540023056,42.6668516111,native
lythrum_virgatum_1703.jpeg,https://inaturalist-open-data.s3.amazonaws.com/photos/146471545/medium.jpeg,cc-by-nc,88750079,research,52.7374877928,45.4225158689,native
lythrum_virgatum_1704.jpeg,https://inaturalist-open-data.s3.amazonaws.com/photos/146471584/medium.jpeg,cc-by-nc,88750079,research,52.7374877928,45.4225158689,native
lythrum_virgatum_1705.jpeg,https://inaturalist-open-data.s3.amazonaws.com/photos/146471612/medium.jpeg,cc-by-nc,88750079,research,52.7374877928,45.4225158689,native
lythrum_virgatum_1706.jpeg,https://inaturalist-open-data.s3.amazonaws.com/photos/146458017/medium.jpeg,cc-by-nc,88742694,research,52.7346191406,45.4272804258,native
lythrum_virgatum_1707.jpeg,https://inaturalist-open-data.s3.amazonaws.com/photos/146458049/medium.jpeg,cc-by-nc,88742694,research,52.7346191406,45.4272804258,native
lythrum_virgatum_1708.jpeg,https://inaturalist-open-data.s3.amazonaws.com/photos/146458069/medium.jpeg,cc-by-nc,88742694,research,52.7346191406,45.4272804258,native
lythrum_virgatum_1709.jpeg,https://inaturalist-open-data.s3.amazonaws.com/photos/146139715/medium.jpeg,cc-by-nc,88566149,research,55.7229398542,73.0805821095,native
lythrum_virgatum_1710.jpg,https://inaturalist-open-data.s3.amazonaws.com/photos/146087233/medium.jpg,cc-by-nc,88535582,research,55.7031116667,85.4091466667,native
lythrum_virgatum_1711.jpeg,https://inaturalist-open-data.s3.amazonaws.com/photos/145792065/medium.jpeg,cc-by,88367419,research,53.9287966667,78.52592,native
lythrum_virgatum_1712.jpeg,https://inaturalist-open-data.s3.amazonaws.com/photos/145792084/medium.jpeg,cc-by,88367419,research,53.9287966667,78.52592,native
lythrum_virgatum_1713.jpg,https://inaturalist-open-data.s3.amazonaws.com/photos/145761791/medium.jpg,cc0,88350015,research,52.5937843322,45.7729697225,native
lythrum_virgatum_1714.jpg,https://inaturalist-open-data.s3.amazonaws.com/photos/145761853/medium.jpg,cc0,88350015,research,52.5937843322,45.7729697225,native
lythrum_virgatum_1715.jpg,https://inaturalist-open-data.s3.amazonaws.com/photos/145761837/medium.jpg,cc0,88350015,research,52.5937843322,45.7729697225,native
lythrum_virgatum_1716.jpeg,https://inaturalist-open-data.s3.amazonaws.com/photos/145621751/medium.jpeg,cc-by-nc,88272308,research,50.3774377447,37.3258674531,native
lythrum_virgatum_1717.jpeg,https://inaturalist-open-data.s3.amazonaws.com/photos/145621846/medium.jpeg,cc-by-nc,88272308,research,50.3774377447,37.3258674531,native
lythrum_virgatum_1718.jpeg,https://inaturalist-open-data.s3.amazonaws.com/photos/145621879/medium.jpeg,cc-by-nc,88272308,research,50.3774377447,37.3258674531,native
lythrum_virgatum_1719.jpg,https://inaturalist-open-data.s3.amazonaws.com/photos/145598686/medium.jpg,cc0,88259071,research,52.5860381125,45.7751369475,native
lythrum_virgatum_1720.jpg,https://inaturalist-open-data.s3.amazonaws.com/photos/145598630/medium.jpg,cc0,88259071,research,52.5860381125,45.7751369475,native
lythrum_virgatum_1721.jpeg,https://inaturalist-open-data.s3.amazonaws.com/photos/145332134/medium.jpeg,cc-by,88105776,research,53.7825016667,78.1432183333,native
lythrum_virgatum_1722.jpeg,https://inaturalist-open-data.s3.amazonaws.com/photos/145332145/medium.jpeg,cc-by,88105776,research,53.7825016667,78.1432183333,native
lythrum_virgatum_1723.jpeg,https://inaturalist-open-data.s3.amazonaws.com/photos/145332166/medium.jpeg,cc-by,88105776,research,53.7825016667,78.1432183333,native
lythrum_virgatum_1724.jpg,https://inaturalist-open-data.s3.amazonaws.com/photos/145313847/medium.jpg,cc-by-nc,88095714,research,54.8068049709,56.1797851324,native
lythrum_virgatum_1725.jpg,https://inaturalist-open-data.s3.amazonaws.com/photos/145313729/medium.jpg,cc-by-nc,88095714,research,54.8068049709,56.1797851324,native
lythrum_virgatum_1726.jpg,https://inaturalist-open-data.s3.amazonaws.com/photos/145313752/medium.jpg,cc-by-nc,88095714,research,54.8068049709,56.1797851324,native
lythrum_virgatum_1727.jpg,https://inaturalist-open-data.s3.amazonaws.com/photos/145313791/medium.jpg,cc-by-nc,88095714,research,54.8068049709,56.1797851324,native
lythrum_virgatum_1728.jpg,https://inaturalist-open-data.s3.amazonaws.com/photos/145314297/medium.jpg,cc-by-nc,88095714,research,54.8068049709,56.1797851324,native
lythrum_virgatum_1729.jpeg,https://inaturalist-open-data.s3.amazonaws.com/photos/144398721/medium.jpeg,cc-by-nc,87574738,research,54.5977966667,43.1998483333,native
lythrum_virgatum_1730.jpeg,https://inaturalist-open-data.s3.amazonaws.com/photos/144398796/medium.jpeg,cc-by-nc,87574738,research,54.5977966667,43.1998483333,native
lythrum_virgatum_1731.jpeg,https://inaturalist-open-data.s3.amazonaws.com/photos/144323745/medium.jpeg,cc-by-nc,87529885,research,55.6168133333,73.7048683333,native
lythrum_virgatum_1732.jpeg,https://inaturalist-open-data.s3.amazonaws.com/photos/144323762/medium.jpeg,cc-by-nc,87529885,research,55.6168133333,73.7048683333,native
lythrum_virgatum_1733.jpeg,https://inaturalist-open-data.s3.amazonaws.com/photos/144025477/medium.jpeg,cc-by-nc,87361130,research,51.9368387256,29.502095273,native
lythrum_virgatum_1734.jpeg,https://inaturalist-open-data.s3.amazonaws.com/photos/143933802/medium.jpeg,cc-by-nc,87314299,research,51.2169242818,33.9173816222,native
lythrum_virgatum_1735.jpeg,https://inaturalist-open-data.s3.amazonaws.com/photos/143906934/medium.jpeg,cc-by-nc,87298633,research,50.4562074,40.0891783,native
lythrum_virgatum_1736.jpeg,https://inaturalist-open-data.s3.amazonaws.com/photos/143907063/medium.jpeg,cc-by-nc,87298633,research,50.4562074,40.0891783,native
lythrum_virgatum_1737.jpeg,https://inaturalist-open-data.s3.amazonaws.com/photos/143907144/medium.jpeg,cc-by-nc,87298633,research,50.4562074,40.0891783,native
lythrum_virgatum_1738.jpeg,https://inaturalist-open-data.s3.amazonaws.com/photos/143907275/medium.jpeg,cc-by-nc,87298633,research,50.4562074,40.0891783,native
lythrum_virgatum_1739.jpeg,https://inaturalist-open-data.s3.amazonaws.com/photos/143818805/medium.jpeg,cc-by,87250319,research,48.3858081877,16.8490624397,native
lythrum_virgatum_1740.jpeg,https://inaturalist-open-data.s3.amazonaws.com/photos/143818791/medium.jpeg,cc-by,87250319,research,48.3858081877,16.8490624397,native
lythrum_virgatum_1741.jpeg,https://inaturalist-open-data.s3.amazonaws.com/photos/143818664/medium.jpeg,cc-by,87250319,research,48.3858081877,16.8490624397,native
lythrum_virgatum_1742.jpeg,https://inaturalist-open-data.s3.amazonaws.com/photos/143818690/medium.jpeg,cc-by,87250319,research,48.3858081877,16.8490624397,native
lythrum_virgatum_1743.jpeg,https://inaturalist-open-data.s3.amazonaws.com/photos/143818741/medium.jpeg,cc-by,87250319,research,48.3858081877,16.8490624397,native
lythrum_virgatum_1744.jpeg,https://inaturalist-open-data.s3.amazonaws.com/photos/143818767/medium.jpeg,cc-by,87250319,research,48.3858081877,16.8490624397,native
lythrum_virgatum_1745.jpeg,https://inaturalist-open-data.s3.amazonaws.com/photos/143818639/medium.jpeg,cc-by,87250319,research,48.3858081877,16.8490624397,native
lythrum_virgatum_1746.jpeg,https://inaturalist-open-data.s3.amazonaws.com/photos/143802038/medium.jpeg,cc-by-nc,87240377,research,51.93681655,29.50211979,native
lythrum_virgatum_1747.jpeg,https://inaturalist-open-data.s3.amazonaws.com/photos/143570316/medium.jpeg,cc-by-nc,87094554,research,52.9551982554,80.8268185816,native
lythrum_virgatum_1748.jpeg,https://inaturalist-open-data.s3.amazonaws.com/photos/143570337/medium.jpeg,cc-by-nc,87094554,research,52.9551982554,80.8268185816,native
lythrum_virgatum_1749.jpeg,https://inaturalist-open-data.s3.amazonaws.com/photos/143570329/medium.jpeg,cc-by-nc,87094554,research,52.9551982554,80.8268185816,native
lythrum_virgatum_1750.jpeg,https://inaturalist-open-data.s3.amazonaws.com/photos/143570195/medium.jpeg,cc-by-nc,87094548,research,52.9551935397,80.8259072898,native
lythrum_virgatum_1751.jpeg,https://inaturalist-open-data.s3.amazonaws.com/photos/143570205/medium.jpeg,cc-by-nc,87094548,research,52.9551935397,80.8259072898,native
lythrum_virgatum_1752.jpeg,https://inaturalist-open-data.s3.amazonaws.com/photos/143570184/medium.jpeg,cc-by-nc,87094548,research,52.9551935397,80.8259072898,native
lythrum_virgatum_1753.jpeg,https://inaturalist-open-data.s3.amazonaws.com/photos/143570172/medium.jpeg,cc-by-nc,87094548,research,52.9551935397,80.8259072898,native
lythrum_virgatum_1754.jpeg,https://inaturalist-open-data.s3.amazonaws.com/photos/143171246/medium.jpeg,cc-by-nc,86863738,research,54.5986916667,43.2105266667,native
lythrum_virgatum_1755.jpeg,https://inaturalist-open-data.s3.amazonaws.com/photos/143171283/medium.jpeg,cc-by-nc,86863738,research,54.5986916667,43.2105266667,native
lythrum_virgatum_1756.jpeg,https://inaturalist-open-data.s3.amazonaws.com/photos/143092856/medium.jpeg,cc-by-nc,86819103,research,52.670132,82.0690606,native
lythrum_virgatum_1757.jpeg,https://inaturalist-open-data.s3.amazonaws.com/photos/143092883/medium.jpeg,cc-by-nc,86819103,research,52.670132,82.0690606,native
lythrum_virgatum_1758.jpeg,https://inaturalist-open-data.s3.amazonaws.com/photos/143092930/medium.jpeg,cc-by-nc,86819103,research,52.670132,82.0690606,native
lythrum_virgatum_1759.jpeg,https://inaturalist-open-data.s3.amazonaws.com/photos/142934642/medium.jpeg,cc-by-nc,86734523,research,53.7577281931,87.178347297,native
lythrum_virgatum_1760.jpeg,https://inaturalist-open-data.s3.amazonaws.com/photos/142934677/medium.jpeg,cc-by-nc,86734523,research,53.7577281931,87.178347297,native
lythrum_virgatum_1761.jpeg,https://inaturalist-open-data.s3.amazonaws.com/photos/142934709/medium.jpeg,cc-by-nc,86734523,research,53.7577281931,87.178347297,native
lythrum_virgatum_1762.jpg,https://inaturalist-open-data.s3.amazonaws.com/photos/142875928/medium.jpg,cc0,86702707,research,52.5077976,45.2348469897,native
lythrum_virgatum_1763.jpg,https://inaturalist-open-data.s3.amazonaws.com/photos/142875943/medium.jpg,cc0,86702707,research,52.5077976,45.2348469897,native
lythrum_virgatum_1764.jpg,https://inaturalist-open-data.s3.amazonaws.com/photos/142876001/medium.jpg,cc0,86702707,research,52.5077976,45.2348469897,native
lythrum_virgatum_1765.jpeg,https://inaturalist-open-data.s3.amazonaws.com/photos/142600433/medium.jpeg,cc-by-nc,86550517,research,54.4547166667,75.6675283333,native
lythrum_virgatum_1766.jpg,https://inaturalist-open-data.s3.amazonaws.com/photos/142536253/medium.jpg,cc-by-nc,86515055,research,53.59369,81.510066,native
lythrum_virgatum_1767.jpg,https://inaturalist-open-data.s3.amazonaws.com/photos/142536271/medium.jpg,cc-by-nc,86515055,research,53.59369,81.510066,native
lythrum_virgatum_1768.jpeg,https://inaturalist-open-data.s3.amazonaws.com/photos/142219023/medium.jpeg,cc-by-nc,86341463,research,50.309075,30.6169083,native
lythrum_virgatum_1769.jpeg,https://inaturalist-open-data.s3.amazonaws.com/photos/142218187/medium.jpeg,cc-by-nc,86341423,research,50.3076119667,30.6026207,native
lythrum_virgatum_1770.jpeg,https://inaturalist-open-data.s3.amazonaws.com/photos/141991142/medium.jpeg,cc-by-nc,86214849,research,52.8893661497,44.5636825561,native
lythrum_virgatum_1771.jpeg,https://inaturalist-open-data.s3.amazonaws.com/photos/141991174/medium.jpeg,cc-by-nc,86214849,research,52.8893661497,44.5636825561,native
lythrum_virgatum_1772.jpeg,https://inaturalist-open-data.s3.amazonaws.com/photos/141991189/medium.jpeg,cc-by-nc,86214849,research,52.8893661497,44.5636825561,native
lythrum_virgatum_1773.jpeg,https://inaturalist-open-data.s3.amazonaws.com/photos/141991218/medium.jpeg,cc-by-nc,86214849,research,52.8893661497,44.5636825561,native
lythrum_virgatum_1774.jpeg,https://inaturalist-open-data.s3.amazonaws.com/photos/141692828/medium.jpeg,cc-by-nc,86052667,research,54.6194933333,43.2059316667,native
lythrum_virgatum_1775.jpeg,https://inaturalist-open-data.s3.amazonaws.com/photos/141692855/medium.jpeg,cc-by-nc,86052667,research,54.6194933333,43.2059316667,native
lythrum_virgatum_1776.jpeg,https://inaturalist-open-data.s3.amazonaws.com/photos/141692892/medium.jpeg,cc-by-nc,86052667,research,54.6194933333,43.2059316667,native
lythrum_virgatum_1777.jpeg,https://inaturalist-open-data.s3.amazonaws.com/photos/140912430/medium.jpeg,cc-by-nc,85625175,research,52.2525291442,83.0112380981,native
lythrum_virgatum_1778.jpeg,https://inaturalist-open-data.s3.amazonaws.com/photos/140912474/medium.jpeg,cc-by-nc,85625175,research,52.2525291442,83.0112380981,native
lythrum_virgatum_1779.jpeg,https://inaturalist-open-data.s3.amazonaws.com/photos/140912526/medium.jpeg,cc-by-nc,85625175,research,52.2525291442,83.0112380981,native
lythrum_virgatum_1780.jpeg,https://inaturalist-open-data.s3.amazonaws.com/photos/140912580/medium.jpeg,cc-by-nc,85625175,research,52.2525291442,83.0112380981,native
lythrum_virgatum_1781.jpg,https://inaturalist-open-data.s3.amazonaws.com/photos/140850040/medium.jpg,cc-by-nc,85589318,research,53.3405648681,87.2386520363,native
lythrum_virgatum_1782.jpg,https://inaturalist-open-data.s3.amazonaws.com/photos/140850122/medium.jpg,cc-by-nc,85589318,research,53.3405648681,87.2386520363,native
lythrum_virgatum_1783.jpg,https://inaturalist-open-data.s3.amazonaws.com/photos/140850203/medium.jpg,cc-by-nc,85589318,research,53.3405648681,87.2386520363,native
lythrum_virgatum_1784.jpeg,https://inaturalist-open-data.s3.amazonaws.com/photos/139197360/medium.jpeg,cc-by-nc,84676156,research,53.3791016667,52.85925,native
lythrum_virgatum_1785.jpeg,https://inaturalist-open-data.s3.amazonaws.com/photos/139197387/medium.jpeg,cc-by-nc,84676156,research,53.3791016667,52.85925,native
lythrum_virgatum_1786.jpg,https://inaturalist-open-data.s3.amazonaws.com/photos/138587426/medium.jpg,cc-by,84328102,research,51.8438416667,59.69978,native
lythrum_virgatum_1787.jpeg,https://inaturalist-open-data.s3.amazonaws.com/photos/138579779/medium.jpeg,cc-by-nc,84323614,research,55.1505229568,58.774888085,native
lythrum_virgatum_1788.jpeg,https://inaturalist-open-data.s3.amazonaws.com/photos/138579815/medium.jpeg,cc-by-nc,84323614,research,55.1505229568,58.774888085,native
lythrum_virgatum_1789.jpeg,https://inaturalist-open-data.s3.amazonaws.com/photos/138579837/medium.jpeg,cc-by-nc,84323614,research,55.1505229568,58.774888085,native
lythrum_virgatum_1790.jpeg,https://inaturalist-open-data.s3.amazonaws.com/photos/137970258/medium.jpeg,cc-by-nc,83978490,research,50.3421061275,30.5702513763,native
lythrum_virgatum_1791.jpeg,https://inaturalist-open-data.s3.amazonaws.com/photos/137970276/medium.jpeg,cc-by-nc,83978490,research,50.3421061275,30.5702513763,native
lythrum_virgatum_1792.jpeg,https://inaturalist-open-data.s3.amazonaws.com/photos/137970301/medium.jpeg,cc-by-nc,83978490,research,50.3421061275,30.5702513763,native
lythrum_virgatum_1793.jpeg,https://inaturalist-open-data.s3.amazonaws.com/photos/137970243/medium.jpeg,cc-by-nc,83978490,research,50.3421061275,30.5702513763,native
lythrum_virgatum_1794.jpeg,https://inaturalist-open-data.s3.amazonaws.com/photos/137970218/medium.jpeg,cc-by-nc,83978490,research,50.3421061275,30.5702513763,native
lythrum_virgatum_1795.jpeg,https://inaturalist-open-data.s3.amazonaws.com/photos/137167964/medium.jpeg,cc-by,83513816,research,53.1555284,50.1580391,native
lythrum_virgatum_1796.jpeg,https://inaturalist-open-data.s3.amazonaws.com/photos/137167991/medium.jpeg,cc-by,83513816,research,53.1555284,50.1580391,native
lythrum_virgatum_1797.jpg,https://inaturalist-open-data.s3.amazonaws.com/photos/136935167/medium.jpg,cc-by-nc,83379582,research,48.5500076214,45.1525337398,native
lythrum_virgatum_1798.jpeg,https://inaturalist-open-data.s3.amazonaws.com/photos/133395383/medium.jpeg,cc-by-nc,81333773,needs_id,52.4143714903,31.0836925506,native
lythrum_virgatum_1799.jpeg,https://inaturalist-open-data.s3.amazonaws.com/photos/133395405/medium.jpeg,cc-by-nc,81333773,needs_id,52.4143714903,31.0836925506,native
lythrum_virgatum_1800.jpeg,https://inaturalist-open-data.s3.amazonaws.com/photos/133395729/medium.jpeg,cc-by-nc,81333773,needs_id,52.4143714903,31.0836925506,native
lythrum_virgatum_1801.jpeg,https://inaturalist-open-data.s3.amazonaws.com/photos/128035466/medium.jpeg,cc-by-nc,78250135,research,44.213956914,43.2051134301,native
lythrum_virgatum_1802.jpeg,https://inaturalist-open-data.s3.amazonaws.com/photos/128035483/medium.jpeg,cc-by-nc,78250135,research,44.213956914,43.2051134301,native
lythrum_virgatum_1803.jpeg,https://inaturalist-open-data.s3.amazonaws.com/photos/128035509/medium.jpeg,cc-by-nc,78250135,research,44.213956914,43.2051134301,native
lythrum_virgatum_1804.jpeg,https://inaturalist-open-data.s3.amazonaws.com/photos/128035532/medium.jpeg,cc-by-nc,78250135,research,44.213956914,43.2051134301,native
lythrum_virgatum_1805.jpeg,https://inaturalist-open-data.s3.amazonaws.com/photos/128035556/medium.jpeg,cc-by-nc,78250135,research,44.213956914,43.2051134301,native
lythrum_virgatum_1806.jpeg,https://inaturalist-open-data.s3.amazonaws.com/photos/128035261/medium.jpeg,cc-by-nc,78250001,research,44.1753515054,43.04098963,native
lythrum_virgatum_1807.jpeg,https://inaturalist-open-data.s3.amazonaws.com/photos/128035282/medium.jpeg,cc-by-nc,78250001,research,44.1753515054,43.04098963,native
lythrum_virgatum_1808.jpeg,https://inaturalist-open-data.s3.amazonaws.com/photos/128035305/medium.jpeg,cc-by-nc,78250001,research,44.1753515054,43.04098963,native
lythrum_virgatum_1809.jpeg,https://inaturalist-open-data.s3.amazonaws.com/photos/128035342/medium.jpeg,cc-by-nc,78250001,research,44.1753515054,43.04098963,native
lythrum_virgatum_1810.jpeg,https://inaturalist-open-data.s3.amazonaws.com/photos/127527171/medium.jpeg,cc-by-nc,77959819,research,54.932035216,55.9671555021,native
lythrum_virgatum_1811.jpeg,https://inaturalist-open-data.s3.amazonaws.com/photos/124208432/medium.jpeg,cc-by-nc-nd,75910926,research,52.4148989045,31.0846986249,native
lythrum_virgatum_1812.jpeg,https://inaturalist-open-data.s3.amazonaws.com/photos/124222281/medium.jpeg,cc-by-nc-nd,75910926,research,52.4148989045,31.0846986249,native
lythrum_virgatum_1813.jpg,https://inaturalist-open-data.s3.amazonaws.com/photos/122400465/medium.jpg,cc-by-nc-nd,74858104,research,52.4148968605,31.0846987413,native
lythrum_virgatum_1814.jpg,https://inaturalist-open-data.s3.amazonaws.com/photos/122399155/medium.jpg,cc-by-nc-nd,74858104,research,52.4148968605,31.0846987413,native
lythrum_virgatum_1815.jpg,https://inaturalist-open-data.s3.amazonaws.com/photos/122400519/medium.jpg,cc-by-nc-nd,74858104,research,52.4148968605,31.0846987413,native
lythrum_virgatum_1816.jpg,https://inaturalist-open-data.s3.amazonaws.com/photos/117320185/medium.jpg,cc-by-nc,72001968,research,53.7187933333,87.2175316667,native
lythrum_virgatum_1817.jpg,https://inaturalist-open-data.s3.amazonaws.com/photos/115772044/medium.jpg,cc-by-nc,71138646,research,54.3548951,48.8453426,native
lythrum_virgatum_1818.jpg,https://inaturalist-open-data.s3.amazonaws.com/photos/115772058/medium.jpg,cc-by-nc,71138646,research,54.3548951,48.8453426,native
lythrum_virgatum_1819.jpg,https://inaturalist-open-data.s3.amazonaws.com/photos/115772098/medium.jpg,cc-by-nc,71138646,research,54.3548951,48.8453426,native
lythrum_virgatum_1820.jpeg,https://inaturalist-open-data.s3.amazonaws.com/photos/114161652/medium.jpeg,cc-by-nc,70249024,research,50.3495233333,44.949595,native
lythrum_virgatum_1821.jpeg,https://inaturalist-open-data.s3.amazonaws.com/photos/114147299/medium.jpeg,cc-by-nc,70241322,research,46.67632,38.800862,native
lythrum_virgatum_1822.jpeg,https://inaturalist-open-data.s3.amazonaws.com/photos/114147402/medium.jpeg,cc-by-nc,70241322,research,46.67632,38.800862,native
lythrum_virgatum_1823.jpeg,https://inaturalist-open-data.s3.amazonaws.com/photos/114147404/medium.jpeg,cc-by-nc,70241322,research,46.67632,38.800862,native
lythrum_virgatum_1824.jpeg,https://inaturalist-open-data.s3.amazonaws.com/photos/113216519/medium.jpeg,cc-by-nc,69733093,research,47.7129336026,46.7922036825,native
lythrum_virgatum_1825.jpeg,https://inaturalist-open-data.s3.amazonaws.com/photos/113216261/medium.jpeg,cc-by-nc,69733087,research,47.7100748598,46.7931049048,native
lythrum_virgatum_1826.jpeg,https://inaturalist-open-data.s3.amazonaws.com/photos/110915217/medium.jpeg,cc-by-nc,68492772,research,55.5755837501,38.2330645491,native
lythrum_virgatum_1827.jpeg,https://inaturalist-open-data.s3.amazonaws.com/photos/110915228/medium.jpeg,cc-by-nc,68492772,research,55.5755837501,38.2330645491,native
lythrum_virgatum_1828.jpeg,https://inaturalist-open-data.s3.amazonaws.com/photos/110915234/medium.jpeg,cc-by-nc,68492772,research,55.5755837501,38.2330645491,native
lythrum_virgatum_1829.jpeg,https://inaturalist-open-data.s3.amazonaws.com/photos/110915244/medium.jpeg,cc-by-nc,68492772,research,55.5755837501,38.2330645491,native
lythrum_virgatum_1830.jpg,https://inaturalist-open-data.s3.amazonaws.com/photos/110760066/medium.jpg,cc-by-nc,68407598,research,56.9521115556,86.4468091667,native
lythrum_virgatum_1831.jpg,https://inaturalist-open-data.s3.amazonaws.com/photos/110490722/medium.jpg,cc-by-nc,68264437,research,51.471389,80.803333,native
lythrum_virgatum_1832.jpg,https://inaturalist-open-data.s3.amazonaws.com/photos/110490728/medium.jpg,cc-by-nc,68264437,research,51.471389,80.803333,native
lythrum_virgatum_1833.jpg,https://inaturalist-open-data.s3.amazonaws.com/photos/110282862/medium.jpg,cc-by-nc,68152241,research,57.2983026111,85.9245905556,native
lythrum_virgatum_1834.jpg,https://inaturalist-open-data.s3.amazonaws.com/photos/110282968/medium.jpg,cc-by-nc,68152241,research,57.2983026111,85.9245905556,native
lythrum_virgatum_1835.jpg,https://inaturalist-open-data.s3.amazonaws.com/photos/109712690/medium.jpg,cc-by-nc,67841492,research,56.3557130232,44.0428202875,native
lythrum_virgatum_1836.jpg,https://inaturalist-open-data.s3.amazonaws.com/photos/109074847/medium.jpg,cc-by-nc,67502235,research,56.8546557222,86.7575984444,native
lythrum_virgatum_1837.jpg,https://inaturalist-open-data.s3.amazonaws.com/photos/109074895/medium.jpg,cc-by-nc,67502235,research,56.8546557222,86.7575984444,native
lythrum_virgatum_1838.jpeg,https://inaturalist-open-data.s3.amazonaws.com/photos/109031054/medium.jpeg,cc-by-nc,67478510,research,48.4094003727,16.8485298094,native
lythrum_virgatum_1839.jpg,https://inaturalist-open-data.s3.amazonaws.com/photos/108906009/medium.jpg,cc-by-nc,67410597,research,41.0948827197,24.7464613005,native
lythrum_virgatum_1840.jpg,https://inaturalist-open-data.s3.amazonaws.com/photos/108906252/medium.jpg,cc-by-nc,67410597,research,41.0948827197,24.7464613005,native
lythrum_virgatum_1841.jpg,https://inaturalist-open-data.s3.amazonaws.com/photos/108906263/medium.jpg,cc-by-nc,67410597,research,41.0948827197,24.7464613005,native
lythrum_virgatum_1842.jpg,https://inaturalist-open-data.s3.amazonaws.com/photos/108686899/medium.jpg,cc-by-nc,67292789,research,51.1861086008,36.3892671248,native
lythrum_virgatum_1843.jpeg,https://inaturalist-open-data.s3.amazonaws.com/photos/108329477/medium.jpeg,cc-by-nc,67102815,research,48.5999611606,16.9128234227,native
lythrum_virgatum_1844.jpeg,https://inaturalist-open-data.s3.amazonaws.com/photos/107935283/medium.jpeg,cc-by-nc,66889551,research,47.1216810131,38.5811110294,native
lythrum_virgatum_1845.jpeg,https://inaturalist-open-data.s3.amazonaws.com/photos/105775780/medium.jpeg,cc-by-nc,65693300,research,53.0395413478,56.4231609807,native
lythrum_virgatum_1846.jpg,https://inaturalist-open-data.s3.amazonaws.com/photos/105489607/medium.jpg,cc-by-nc,65534385,research,56.076484,69.418509,native
lythrum_virgatum_1847.jpg,https://inaturalist-open-data.s3.amazonaws.com/photos/105495740/medium.jpg,cc-by-nc,65534385,research,56.076484,69.418509,native
lythrum_virgatum_1848.jpeg,https://inaturalist-open-data.s3.amazonaws.com/photos/102476515/medium.jpeg,cc-by-nc,63810695,research,47.714236,46.7948979167,native
lythrum_virgatum_1849.jpeg,https://inaturalist-open-data.s3.amazonaws.com/photos/100642624/medium.jpeg,cc-by-nc,62776695,research,53.003615,34.0510866667,
lythrum_virgatum_1850.jpg,https://inaturalist-open-data.s3.amazonaws.com/photos/100229849/medium.jpg,cc-by-nc,62544686,research,50.5225767785,31.2273083819,native
lythrum_virgatum_1851.jpg,https://inaturalist-open-data.s3.amazonaws.com/photos/100087795/medium.jpg,cc-by,62465290,research,48.12518,46.84551,native
lythrum_virgatum_1852.jpg,https://inaturalist-open-data.s3.amazonaws.com/photos/100087790/medium.jpg,cc-by,62465289,research,48.1252,46.84523,native
lythrum_virgatum_1853.jpg,https://inaturalist-open-data.s3.amazonaws.com/photos/100087786/medium.jpg,cc-by,62465288,research,48.12512,46.84557,native
lythrum_virgatum_1854.jpg,https://inaturalist-open-data.s3.amazonaws.com/photos/100087778/medium.jpg,cc-by,62465287,research,48.12522,46.84557,native
lythrum_virgatum_1855.jpg,https://inaturalist-open-data.s3.amazonaws.com/photos/99605577/medium.jpg,cc-by-nc,62186518,research,51.49579806,80.78678265,native
lythrum_virgatum_1856.jpeg,https://inaturalist-open-data.s3.amazonaws.com/photos/98084184/medium.jpeg,cc-by-nc,61304986,casual,54.0087286,80.9845453,native
lythrum_virgatum_1857.jpeg,https://inaturalist-open-data.s3.amazonaws.com/photos/98083975/medium.jpeg,cc-by-nc,61304986,casual,54.0087286,80.9845453,native
lythrum_virgatum_1858.jpeg,https://inaturalist-open-data.s3.amazonaws.com/photos/98057351/medium.jpeg,cc-by-nc,61287805,research,57.0691753377,72.9604514043,native
lythrum_virgatum_1859.jpg,https://inaturalist-open-data.s3.amazonaws.com/photos/97073752/medium.jpg,cc-by,60696017,research,47.8573055556,35.4107083333,native
lythrum_virgatum_1860.jpg,https://inaturalist-open-data.s3.amazonaws.com/photos/97073744/medium.jpg,cc-by,60696017,research,47.8573055556,35.4107083333,native
lythrum_virgatum_1861.jpg,https://inaturalist-open-data.s3.amazonaws.com/photos/97073747/medium.jpg,cc-by,60696017,research,47.8573055556,35.4107083333,native
lythrum_virgatum_1862.jpg,https://inaturalist-open-data.s3.amazonaws.com/photos/96774344/medium.jpg,cc-by-nc,60516304,research,53.6369579722,79.6656729722,native
lythrum_virgatum_1863.jpg,https://inaturalist-open-data.s3.amazonaws.com/photos/96774353/medium.jpg,cc-by-nc,60516304,research,53.6369579722,79.6656729722,native
lythrum_virgatum_1864.jpg,https://inaturalist-open-data.s3.amazonaws.com/photos/96774340/medium.jpg,cc-by-nc,60516304,research,53.6369579722,79.6656729722,native
lythrum_virgatum_1865.jpeg,https://inaturalist-open-data.s3.amazonaws.com/photos/95603273/medium.jpeg,cc-by-nc,59815865,research,55.1663131711,73.1687545775,native
lythrum_virgatum_1866.jpeg,https://inaturalist-open-data.s3.amazonaws.com/photos/95203326/medium.jpeg,cc-by,59577205,research,55.0348391944,66.1266975278,native
lythrum_virgatum_1867.jpeg,https://inaturalist-open-data.s3.amazonaws.com/photos/95203345/medium.jpeg,cc-by,59577205,research,55.0348391944,66.1266975278,native
lythrum_virgatum_1868.jpeg,https://inaturalist-open-data.s3.amazonaws.com/photos/95203367/medium.jpeg,cc-by,59577205,research,55.0348391944,66.1266975278,native
lythrum_virgatum_1869.jpeg,https://inaturalist-open-data.s3.amazonaws.com/photos/95200424/medium.jpeg,cc-by,59575465,research,55.0166528333,66.1146159167,native
lythrum_virgatum_1870.jpeg,https://inaturalist-open-data.s3.amazonaws.com/photos/95200449/medium.jpeg,cc-by,59575465,research,55.0166528333,66.1146159167,native
lythrum_virgatum_1871.jpeg,https://inaturalist-open-data.s3.amazonaws.com/photos/95200480/medium.jpeg,cc-by,59575465,research,55.0166528333,66.1146159167,native
lythrum_virgatum_1872.jpeg,https://inaturalist-open-data.s3.amazonaws.com/photos/95015005/medium.jpeg,cc-by-nc,59465709,research,54.1964109757,56.3949050298,native
lythrum_virgatum_1873.jpeg,https://inaturalist-open-data.s3.amazonaws.com/photos/95015050/medium.jpeg,cc-by-nc,59465709,research,54.1964109757,56.3949050298,native
lythrum_virgatum_1874.jpeg,https://inaturalist-open-data.s3.amazonaws.com/photos/94761874/medium.jpeg,cc-by,59311673,research,54.9237143611,66.1100542778,native
lythrum_virgatum_1875.jpeg,https://inaturalist-open-data.s3.amazonaws.com/photos/94761889/medium.jpeg,cc-by,59311673,research,54.9237143611,66.1100542778,native
lythrum_virgatum_1876.jpeg,https://inaturalist-open-data.s3.amazonaws.com/photos/94615594/medium.jpeg,cc-by,59223447,research,54.8767664167,66.0454764444,native
lythrum_virgatum_1877.jpeg,https://inaturalist-open-data.s3.amazonaws.com/photos/94615610/medium.jpeg,cc-by,59223447,research,54.8767664167,66.0454764444,native
lythrum_virgatum_1878.jpeg,https://inaturalist-open-data.s3.amazonaws.com/photos/94615623/medium.jpeg,cc-by,59223447,research,54.8767664167,66.0454764444,native
lythrum_virgatum_1879.jpg,https://inaturalist-open-data.s3.amazonaws.com/photos/93816544/medium.jpg,cc-by,58749819,research,52.3002470981,43.6631858546,native
lythrum_virgatum_1880.jpeg,https://inaturalist-open-data.s3.amazonaws.com/photos/92420629/medium.jpeg,cc-by-nc,57914446,research,54.78516228,56.105533949,native
lythrum_virgatum_1881.jpeg,https://inaturalist-open-data.s3.amazonaws.com/photos/92420650/medium.jpeg,cc-by-nc,57914446,research,54.78516228,56.105533949,native
lythrum_virgatum_1882.jpeg,https://inaturalist-open-data.s3.amazonaws.com/photos/92420672/medium.jpeg,cc-by-nc,57914446,research,54.78516228,56.105533949,native
lythrum_virgatum_1883.jpeg,https://inaturalist-open-data.s3.amazonaws.com/photos/92420695/medium.jpeg,cc-by-nc,57914446,research,54.78516228,56.105533949,native
lythrum_virgatum_1884.jpeg,https://inaturalist-open-data.s3.amazonaws.com/photos/92420713/medium.jpeg,cc-by-nc,57914446,research,54.78516228,56.105533949,native
lythrum_virgatum_1885.jpeg,https://inaturalist-open-data.s3.amazonaws.com/photos/91404006/medium.jpeg,cc-by-nc,57310495,research,52.0788459778,82.6418991089,native
lythrum_virgatum_1886.jpeg,https://inaturalist-open-data.s3.amazonaws.com/photos/91404028/medium.jpeg,cc-by-nc,57310495,research,52.0788459778,82.6418991089,native
lythrum_virgatum_1887.jpeg,https://inaturalist-open-data.s3.amazonaws.com/photos/91081552/medium.jpeg,cc-by-nc,57117513,needs_id,49.8177073066,84.0727650002,native
lythrum_virgatum_1888.jpeg,https://inaturalist-open-data.s3.amazonaws.com/photos/91081747/medium.jpeg,cc-by-nc,57117513,needs_id,49.8177073066,84.0727650002,native
lythrum_virgatum_1889.jpeg,https://inaturalist-open-data.s3.amazonaws.com/photos/90572594/medium.jpeg,cc-by-nc,56817513,research,52.9645576477,83.5604171753,native
lythrum_virgatum_1890.jpeg,https://inaturalist-open-data.s3.amazonaws.com/photos/90572694/medium.jpeg,cc-by-nc,56817513,research,52.9645576477,83.5604171753,native
lythrum_virgatum_1891.jpeg,https://inaturalist-open-data.s3.amazonaws.com/photos/90277345/medium.jpeg,cc-by,56603168,research,61.0225639173,69.0172899074,native
lythrum_virgatum_1892.jpeg,https://inaturalist-open-data.s3.amazonaws.com/photos/90215607/medium.jpeg,cc-by,56603168,research,61.0225639173,69.0172899074,native
lythrum_virgatum_1893.jpeg,https://inaturalist-open-data.s3.amazonaws.com/photos/90277336/medium.jpeg,cc-by,56603168,research,61.0225639173,69.0172899074,native
lythrum_virgatum_1894.jpeg,https://inaturalist-open-data.s3.amazonaws.com/photos/90277339/medium.jpeg,cc-by,56603168,research,61.0225639173,69.0172899074,native
lythrum_virgatum_1895.jpeg,https://inaturalist-open-data.s3.amazonaws.com/photos/90277338/medium.jpeg,cc-by,56603168,research,61.0225639173,69.0172899074,native
lythrum_virgatum_1896.jpeg,https://inaturalist-open-data.s3.amazonaws.com/photos/90277342/medium.jpeg,cc-by,56603168,research,61.0225639173,69.0172899074,native
lythrum_virgatum_1897.jpeg,https://inaturalist-open-data.s3.amazonaws.com/photos/90277350/medium.jpeg,cc-by,56603168,research,61.0225639173,69.0172899074,native
lythrum_virgatum_1898.jpeg,https://inaturalist-open-data.s3.amazonaws.com/photos/90277372/medium.jpeg,cc-by,56603168,research,61.0225639173,69.0172899074,native
lythrum_virgatum_1899.jpeg,https://inaturalist-open-data.s3.amazonaws.com/photos/90277388/medium.jpeg,cc-by,56603168,research,61.0225639173,69.0172899074,native
lythrum_virgatum_1900.jpg,https://inaturalist-open-data.s3.amazonaws.com/photos/89370230/medium.jpg,cc-by-nc,56098784,research,52.2258333333,83.0977777778,native
lythrum_virgatum_1901.jpg,https://inaturalist-open-data.s3.amazonaws.com/photos/89370239/medium.jpg,cc-by-nc,56098784,research,52.2258333333,83.0977777778,native
lythrum_virgatum_1902.jpg,https://inaturalist-open-data.s3.amazonaws.com/photos/89370256/medium.jpg,cc-by-nc,56098784,research,52.2258333333,83.0977777778,native
lythrum_virgatum_1903.jpeg,https://inaturalist-open-data.s3.amazonaws.com/photos/89016562/medium.jpeg,cc-by-nc,55884992,research,54.0355616667,74.8941366667,native
lythrum_virgatum_1904.jpeg,https://inaturalist-open-data.s3.amazonaws.com/photos/88468084/medium.jpeg,cc-by-nc,55555250,research,55.0418313236,61.6923683009,native
lythrum_virgatum_1905.jpeg,https://inaturalist-open-data.s3.amazonaws.com/photos/88468096/medium.jpeg,cc-by-nc,55555250,research,55.0418313236,61.6923683009,native
lythrum_virgatum_1906.jpeg,https://inaturalist-open-data.s3.amazonaws.com/photos/88468115/medium.jpeg,cc-by-nc,55555250,research,55.0418313236,61.6923683009,native
lythrum_virgatum_1907.jpeg,https://inaturalist-open-data.s3.amazonaws.com/photos/88468127/medium.jpeg,cc-by-nc,55555250,research,55.0418313236,61.6923683009,native
lythrum_virgatum_1908.jpg,https://inaturalist-open-data.s3.amazonaws.com/photos/88368868/medium.jpg,cc-by,55493333,research,54.5189674167,63.6515561111,native
lythrum_virgatum_1909.jpg,https://inaturalist-open-data.s3.amazonaws.com/photos/88368890/medium.jpg,cc-by,55493333,research,54.5189674167,63.6515561111,native
lythrum_virgatum_1910.jpg,https://inaturalist-open-data.s3.amazonaws.com/photos/88368913/medium.jpg,cc-by,55493333,research,54.5189674167,63.6515561111,native
lythrum_virgatum_1911.jpg,https://inaturalist-open-data.s3.amazonaws.com/photos/88355831/medium.jpg,cc-by,55485438,research,54.5735208056,63.6286538889,native
lythrum_virgatum_1912.jpg,https://inaturalist-open-data.s3.amazonaws.com/photos/88355843/medium.jpg,cc-by,55485438,research,54.5735208056,63.6286538889,native
lythrum_virgatum_1913.jpg,https://inaturalist-open-data.s3.amazonaws.com/photos/88355867/medium.jpg,cc-by,55485438,research,54.5735208056,63.6286538889,native
lythrum_virgatum_1914.jpeg,https://inaturalist-open-data.s3.amazonaws.com/photos/88223215/medium.jpeg,cc-by-nc,55406618,research,52.9641433333,45.0372466667,native
lythrum_virgatum_1915.jpeg,https://inaturalist-open-data.s3.amazonaws.com/photos/88211269/medium.jpeg,cc-by-nc,55398967,research,52.9639533333,45.038225,native
lythrum_virgatum_1916.jpeg,https://inaturalist-open-data.s3.amazonaws.com/photos/88160430/medium.jpeg,cc-by-nc,55368498,research,52.9639683333,45.0423016667,native
lythrum_virgatum_1917.jpeg,https://inaturalist-open-data.s3.amazonaws.com/photos/88160336/medium.jpeg,cc-by-nc,55368484,research,52.9674633333,45.051015,native
lythrum_virgatum_1918.jpeg,https://inaturalist-open-data.s3.amazonaws.com/photos/88160305/medium.jpeg,cc-by-nc,55368484,research,52.9674633333,45.051015,native
lythrum_virgatum_1919.jpeg,https://inaturalist-open-data.s3.amazonaws.com/photos/88160184/medium.jpeg,cc-by-nc,55368477,research,52.9672583333,45.0508,native
lythrum_virgatum_1920.jpeg,https://inaturalist-open-data.s3.amazonaws.com/photos/88160513/medium.jpeg,cc-by-nc,55367800,research,54.44,48.7002777778,native
lythrum_virgatum_1921.jpeg,https://inaturalist-open-data.s3.amazonaws.com/photos/88152367/medium.jpeg,cc-by-nc,55363423,research,52.9434116667,45.0313683333,native
lythrum_virgatum_1922.jpg,https://inaturalist-open-data.s3.amazonaws.com/photos/88000953/medium.jpg,cc-by,55271695,research,54.7354980833,63.5266728333,native
lythrum_virgatum_1923.jpg,https://inaturalist-open-data.s3.amazonaws.com/photos/88000968/medium.jpg,cc-by,55271695,research,54.7354980833,63.5266728333,native
lythrum_virgatum_1924.jpg,https://inaturalist-open-data.s3.amazonaws.com/photos/88000985/medium.jpg,cc-by,55271695,research,54.7354980833,63.5266728333,native
lythrum_virgatum_1925.jpg,https://inaturalist-open-data.s3.amazonaws.com/photos/88000995/medium.jpg,cc-by,55271695,research,54.7354980833,63.5266728333,native
lythrum_virgatum_1926.jpeg,https://inaturalist-open-data.s3.amazonaws.com/photos/87904142/medium.jpeg,cc-by-nc,55215922,research,56.156562995,42.6463167125,native
lythrum_virgatum_1927.jpeg,https://inaturalist-open-data.s3.amazonaws.com/photos/87904163/medium.jpeg,cc-by-nc,55215922,research,56.156562995,42.6463167125,native
lythrum_virgatum_1928.jpeg,https://inaturalist-open-data.s3.amazonaws.com/photos/87904177/medium.jpeg,cc-by-nc,55215922,research,56.156562995,42.6463167125,native
lythrum_virgatum_1929.jpeg,https://inaturalist-open-data.s3.amazonaws.com/photos/87866360/medium.jpeg,cc-by-nc,55193956,research,54.1508313501,56.8290106912,native
lythrum_virgatum_1930.jpg,https://inaturalist-open-data.s3.amazonaws.com/photos/87769151/medium.jpg,cc-by-nc,55132758,research,56.244124991,44.1833371993,native
lythrum_virgatum_1931.jpg,https://inaturalist-open-data.s3.amazonaws.com/photos/87769143/medium.jpg,cc-by-nc,55132758,research,56.244124991,44.1833371993,native
lythrum_virgatum_1932.jpg,https://inaturalist-open-data.s3.amazonaws.com/photos/87769130/medium.jpg,cc-by-nc,55132758,research,56.244124991,44.1833371993,native
lythrum_virgatum_1933.jpg,https://inaturalist-open-data.s3.amazonaws.com/photos/87571699/medium.jpg,cc-by-nc,55013021,research,53.9142354517,80.8386716992,native
lythrum_virgatum_1934.jpg,https://inaturalist-open-data.s3.amazonaws.com/photos/87571705/medium.jpg,cc-by-nc,55013021,research,53.9142354517,80.8386716992,native
lythrum_virgatum_1935.jpeg,https://inaturalist-open-data.s3.amazonaws.com/photos/87560560/medium.jpeg,cc-by-nc,55006882,research,55.0079853686,46.5819493365,native
lythrum_virgatum_1936.jpg,https://inaturalist-open-data.s3.amazonaws.com/photos/87543786/medium.jpg,cc-by,54997009,research,54.9525523889,63.4315062222,native
lythrum_virgatum_1937.jpg,https://inaturalist-open-data.s3.amazonaws.com/photos/87543798/medium.jpg,cc-by,54997009,research,54.9525523889,63.4315062222,native
lythrum_virgatum_1938.jpg,https://inaturalist-open-data.s3.amazonaws.com/photos/87543813/medium.jpg,cc-by,54997009,research,54.9525523889,63.4315062222,native
lythrum_virgatum_1939.jpg,https://inaturalist-open-data.s3.amazonaws.com/photos/87543832/medium.jpg,cc-by,54997009,research,54.9525523889,63.4315062222,native
lythrum_virgatum_1940.jpg,https://inaturalist-open-data.s3.amazonaws.com/photos/87543844/medium.jpg,cc-by,54997009,research,54.9525523889,63.4315062222,native
lythrum_virgatum_1941.jpg,https://inaturalist-open-data.s3.amazonaws.com/photos/87543857/medium.jpg,cc-by,54997009,research,54.9525523889,63.4315062222,native
lythrum_virgatum_1942.jpg,https://inaturalist-open-data.s3.amazonaws.com/photos/87468694/medium.jpg,cc-by,54951403,research,54.9591000278,63.4154957222,native
lythrum_virgatum_1943.jpg,https://inaturalist-open-data.s3.amazonaws.com/photos/87468708/medium.jpg,cc-by,54951403,research,54.9591000278,63.4154957222,native
lythrum_virgatum_1944.jpg,https://inaturalist-open-data.s3.amazonaws.com/photos/87468720/medium.jpg,cc-by,54951403,research,54.9591000278,63.4154957222,native
lythrum_virgatum_1945.jpeg,https://inaturalist-open-data.s3.amazonaws.com/photos/87400437/medium.jpeg,cc-by-nc,54910077,research,53.19958094,34.22497235,
lythrum_virgatum_1946.jpeg,https://inaturalist-open-data.s3.amazonaws.com/photos/87400445/medium.jpeg,cc-by-nc,54910077,research,53.19958094,34.22497235,
lythrum_virgatum_1947.jpeg,https://inaturalist-open-data.s3.amazonaws.com/photos/87339847/medium.jpeg,cc-by-nc,54874597,research,56.3855207495,43.7969055399,native
lythrum_virgatum_1948.jpeg,https://inaturalist-open-data.s3.amazonaws.com/photos/87339866/medium.jpeg,cc-by-nc,54874597,research,56.3855207495,43.7969055399,native
lythrum_virgatum_1949.jpeg,https://inaturalist-open-data.s3.amazonaws.com/photos/87131120/medium.jpeg,cc-by-nc,54746830,research,52.02666364,29.32224339,native
lythrum_virgatum_1950.jpeg,https://inaturalist-open-data.s3.amazonaws.com/photos/87049605/medium.jpeg,cc-by-nc,54699921,research,53.9750407078,74.9550814845,native
lythrum_virgatum_1951.jpeg,https://inaturalist-open-data.s3.amazonaws.com/photos/87049822/medium.jpeg,cc-by-nc,54699921,research,53.9750407078,74.9550814845,native
lythrum_virgatum_1952.jpg,https://inaturalist-open-data.s3.amazonaws.com/photos/86726451/medium.jpg,cc-by-nc,54502246,research,55.4447936944,61.3282394167,native
lythrum_virgatum_1953.jpg,https://inaturalist-open-data.s3.amazonaws.com/photos/86726437/medium.jpg,cc-by-nc,54502246,research,55.4447936944,61.3282394167,native
lythrum_virgatum_1954.jpg,https://inaturalist-open-data.s3.amazonaws.com/photos/86726418/medium.jpg,cc-by-nc,54502246,research,55.4447936944,61.3282394167,native
lythrum_virgatum_1955.jpg,https://inaturalist-open-data.s3.amazonaws.com/photos/86726477/medium.jpg,cc-by-nc,54502246,research,55.4447936944,61.3282394167,native
lythrum_virgatum_1956.jpeg,https://inaturalist-open-data.s3.amazonaws.com/photos/86317901/medium.jpeg,cc-by-nc,54253201,research,54.0356845131,74.8740257315,native
lythrum_virgatum_1957.jpeg,https://inaturalist-open-data.s3.amazonaws.com/photos/86317961/medium.jpeg,cc-by-nc,54253201,research,54.0356845131,74.8740257315,native
lythrum_virgatum_1958.jpeg,https://inaturalist-open-data.s3.amazonaws.com/photos/86315647/medium.jpeg,cc-by-nc,54250938,research,53.9408508337,74.2364622301,native
lythrum_virgatum_1959.jpeg,https://inaturalist-open-data.s3.amazonaws.com/photos/86123565/medium.jpeg,cc-by-nc,54136352,research,51.4684919785,39.017829895,native
lythrum_virgatum_1960.jpeg,https://inaturalist-open-data.s3.amazonaws.com/photos/86123581/medium.jpeg,cc-by-nc,54136352,research,51.4684919785,39.017829895,native
lythrum_virgatum_1961.jpeg,https://inaturalist-open-data.s3.amazonaws.com/photos/86123599/medium.jpeg,cc-by-nc,54136352,research,51.4684919785,39.017829895,native
lythrum_virgatum_1962.jpg,https://inaturalist-open-data.s3.amazonaws.com/photos/86026663/medium.jpg,cc-by-nc,54077021,research,51.4702787268,39.0171252764,native
lythrum_virgatum_1963.jpg,https://inaturalist-open-data.s3.amazonaws.com/photos/86027120/medium.jpg,cc-by-nc,54077021,research,51.4702787268,39.0171252764,native
lythrum_virgatum_1964.jpg,https://inaturalist-open-data.s3.amazonaws.com/photos/85868557/medium.jpg,cc-by-nc,53980269,research,55.1402649089,61.3318306116,native
lythrum_virgatum_1965.jpeg,https://inaturalist-open-data.s3.amazonaws.com/photos/85784528/medium.jpeg,cc0,53925991,research,53.6621037,87.1872795,native
lythrum_virgatum_1966.jpeg,https://inaturalist-open-data.s3.amazonaws.com/photos/85608089/medium.jpeg,cc-by-nc,53816973,research,54.0503501146,74.9013844802,native
lythrum_virgatum_1967.jpeg,https://inaturalist-open-data.s3.amazonaws.com/photos/85459993/medium.jpeg,cc-by-nc,53723847,research,48.165688922,22.7755155874,native
lythrum_virgatum_1968.jpeg,https://inaturalist-open-data.s3.amazonaws.com/photos/85460552/medium.jpeg,cc-by-nc,53723847,research,48.165688922,22.7755155874,native
lythrum_virgatum_1969.jpeg,https://inaturalist-open-data.s3.amazonaws.com/photos/85460624/medium.jpeg,cc-by-nc,53723847,research,48.165688922,22.7755155874,native
lythrum_virgatum_1970.jpeg,https://inaturalist-open-data.s3.amazonaws.com/photos/85444677/medium.jpeg,cc-by-nc,53714184,research,47.7691066667,16.91529,native
lythrum_virgatum_1971.jpeg,https://inaturalist-open-data.s3.amazonaws.com/photos/85444728/medium.jpeg,cc-by-nc,53714184,research,47.7691066667,16.91529,native
lythrum_virgatum_1972.jpeg,https://inaturalist-open-data.s3.amazonaws.com/photos/85444735/medium.jpeg,cc-by-nc,53714184,research,47.7691066667,16.91529,native
lythrum_virgatum_1973.jpg,https://inaturalist-open-data.s3.amazonaws.com/photos/84586575/medium.jpg,cc-by-nc,53191999,research,56.2024378071,44.175406113,native
lythrum_virgatum_1974.jpg,https://inaturalist-open-data.s3.amazonaws.com/photos/84586556/medium.jpg,cc-by-nc,53191999,research,56.2024378071,44.175406113,native
lythrum_virgatum_1975.jpg,https://inaturalist-open-data.s3.amazonaws.com/photos/84586614/medium.jpg,cc-by-nc,53191999,research,56.2024378071,44.175406113,native
lythrum_virgatum_1976.jpg,https://inaturalist-open-data.s3.amazonaws.com/photos/84586600/medium.jpg,cc-by-nc,53191999,research,56.2024378071,44.175406113,native
lythrum_virgatum_1977.jpeg,https://inaturalist-open-data.s3.amazonaws.com/photos/84555658/medium.jpeg,cc-by-nc,53175151,research,53.9744666667,74.9522616667,native
lythrum_virgatum_1978.jpeg,https://inaturalist-open-data.s3.amazonaws.com/photos/84555863/medium.jpeg,cc-by-nc,53175151,research,53.9744666667,74.9522616667,native
lythrum_virgatum_1979.jpg,https://inaturalist-open-data.s3.amazonaws.com/photos/84331915/medium.jpg,cc-by-nc,53031321,research,53.7050595435,88.042425105,native
lythrum_virgatum_1980.jpeg,https://inaturalist-open-data.s3.amazonaws.com/photos/84154723/medium.jpeg,cc-by-nc,52923727,research,54.33771523,80.67080364,native
lythrum_virgatum_1981.jpeg,https://inaturalist-open-data.s3.amazonaws.com/photos/84154709/medium.jpeg,cc-by-nc,52923727,research,54.33771523,80.67080364,native
lythrum_virgatum_1982.jpeg,https://inaturalist-open-data.s3.amazonaws.com/photos/84154758/medium.jpeg,cc-by-nc,52923727,research,54.33771523,80.67080364,native
lythrum_virgatum_1983.jpeg,https://inaturalist-open-data.s3.amazonaws.com/photos/84154018/medium.jpeg,cc-by-nc,52923681,research,54.33280594,80.68720255,native
lythrum_virgatum_1984.jpeg,https://inaturalist-open-data.s3.amazonaws.com/photos/84154037/medium.jpeg,cc-by-nc,52923681,research,54.33280594,80.68720255,native
lythrum_virgatum_1985.jpeg,https://inaturalist-open-data.s3.amazonaws.com/photos/84154061/medium.jpeg,cc-by-nc,52923681,research,54.33280594,80.68720255,native
lythrum_virgatum_1986.jpeg,https://inaturalist-open-data.s3.amazonaws.com/photos/84149557/medium.jpeg,cc-by-nc,52920008,research,54.33360019,80.67090343,native
lythrum_virgatum_1987.jpeg,https://inaturalist-open-data.s3.amazonaws.com/photos/84149545/medium.jpeg,cc-by-nc,52920008,research,54.33360019,80.67090343,native
lythrum_virgatum_1988.jpg,https://inaturalist-open-data.s3.amazonaws.com/photos/83798321/medium.jpg,cc-by-nc,52704433,research,54.43679667,42.13075283,native
lythrum_virgatum_1989.jpeg,https://inaturalist-open-data.s3.amazonaws.com/photos/83718395/medium.jpeg,cc-by-nc,52654857,research,53.9711216667,74.937835,native
lythrum_virgatum_1990.jpeg,https://inaturalist-open-data.s3.amazonaws.com/photos/83716351/medium.jpeg,cc-by-nc,52653408,research,54.2930466546,73.9127224491,native
lythrum_virgatum_1991.jpeg,https://inaturalist-open-data.s3.amazonaws.com/photos/83439282/medium.jpeg,cc-by-nc,52487325,research,52.4763870239,82.7427749634,native
lythrum_virgatum_1992.jpeg,https://inaturalist-open-data.s3.amazonaws.com/photos/83118178/medium.jpeg,cc-by-nc,52292946,research,47.1579725524,19.1737734186,native
lythrum_virgatum_1993.jpeg,https://inaturalist-open-data.s3.amazonaws.com/photos/83095292/medium.jpeg,cc-by-nc,52278846,research,53.9414571194,74.4099345069,native
lythrum_virgatum_1994.jpg,https://inaturalist-open-data.s3.amazonaws.com/photos/83056498/medium.jpg,cc-by-nc,52254527,research,51.3737436939,42.0521849955,native
lythrum_virgatum_1995.jpeg,https://inaturalist-open-data.s3.amazonaws.com/photos/82886529/medium.jpeg,cc-by-nc,52151477,research,53.3340225219,81.5065917967,native
lythrum_virgatum_1996.jpeg,https://inaturalist-open-data.s3.amazonaws.com/photos/82657549/medium.jpeg,cc-by-nc,52008790,research,54.03404,74.8727766667,native
lythrum_virgatum_1997.jpeg,https://inaturalist-open-data.s3.amazonaws.com/photos/82657644/medium.jpeg,cc-by-nc,52008790,research,54.03404,74.8727766667,native
lythrum_virgatum_1998.jpeg,https://inaturalist-open-data.s3.amazonaws.com/photos/82605150/medium.jpeg,cc-by-nc,51976030,research,52.95375,80.8242472222,native
lythrum_virgatum_1999.jpeg,https://inaturalist-open-data.s3.amazonaws.com/photos/82605241/medium.jpeg,cc-by-nc,51976030,research,52.95375,80.8242472222,native
lythrum_virgatum_2000.jpeg,https://inaturalist-open-data.s3.amazonaws.com/photos/82605292/medium.jpeg,cc-by-nc,51976030,research,52.95375,80.8242472222,native
lythrum_virgatum_2001.jpeg,https://inaturalist-open-data.s3.amazonaws.com/photos/82605332/medium.jpeg,cc-by-nc,51976030,research,52.95375,80.8242472222,native
lythrum_virgatum_2002.jpg,https://inaturalist-open-data.s3.amazonaws.com/photos/82468934/medium.jpg,cc-by-nc,51891084,research,50.5255383333,30.6308783333,native
lythrum_virgatum_2003.jpg,https://inaturalist-open-data.s3.amazonaws.com/photos/82472720/medium.jpg,cc-by-nc,51891084,research,50.5255383333,30.6308783333,native
lythrum_virgatum_2004.jpg,https://inaturalist-open-data.s3.amazonaws.com/photos/82472744/medium.jpg,cc-by-nc,51891084,research,50.5255383333,30.6308783333,native
lythrum_virgatum_2005.jpeg,https://inaturalist-open-data.s3.amazonaws.com/photos/81781670/medium.jpeg,cc-by-nc,51472210,research,51.185915,36.374505,native
lythrum_virgatum_2006.jpeg,https://inaturalist-open-data.s3.amazonaws.com/photos/81405256/medium.jpeg,cc-by-nc,51251599,research,53.9768119033,74.255515836,native
lythrum_virgatum_2007.jpg,https://inaturalist-open-data.s3.amazonaws.com/photos/81137150/medium.jpg,cc-by,51073459,research,49.95508667,36.19033,native
lythrum_virgatum_2008.jpg,https://inaturalist-open-data.s3.amazonaws.com/photos/81130560/medium.jpg,cc-by,51073459,research,49.95508667,36.19033,native
lythrum_virgatum_2009.jpg,https://inaturalist-open-data.s3.amazonaws.com/photos/81137132/medium.jpg,cc-by,51073459,research,49.95508667,36.19033,native
lythrum_virgatum_2010.jpeg,https://inaturalist-open-data.s3.amazonaws.com/photos/80719739/medium.jpeg,cc-by-nc,50823257,research,51.8505861658,52.6959088526,native
lythrum_virgatum_2011.jpeg,https://inaturalist-open-data.s3.amazonaws.com/photos/80719749/medium.jpeg,cc-by-nc,50823257,research,51.8505861658,52.6959088526,native
lythrum_virgatum_2012.jpeg,https://inaturalist-open-data.s3.amazonaws.com/photos/80718908/medium.jpeg,cc-by-nc,50823256,research,51.8504485299,52.6961519204,native
lythrum_virgatum_2013.jpeg,https://inaturalist-open-data.s3.amazonaws.com/photos/80718931/medium.jpeg,cc-by-nc,50823256,research,51.8504485299,52.6961519204,native
lythrum_virgatum_2014.jpeg,https://inaturalist-open-data.s3.amazonaws.com/photos/80671420/medium.jpeg,cc-by-nc,50791602,research,53.9262066667,74.02747,native
lythrum_virgatum_2015.jpeg,https://inaturalist-open-data.s3.amazonaws.com/photos/80664396/medium.jpeg,cc-by-nc,50787846,research,53.9277984595,74.0296958386,native
lythrum_virgatum_2016.jpeg,https://inaturalist-open-data.s3.amazonaws.com/photos/80460870/medium.jpeg,cc-by-nc,50660926,research,55.0437479321,74.5466244221,native
lythrum_virgatum_2017.jpeg,https://inaturalist-open-data.s3.amazonaws.com/photos/80603446/medium.jpeg,cc-by-nc,50660926,research,55.0437479321,74.5466244221,native
lythrum_virgatum_2018.jpeg,https://inaturalist-open-data.s3.amazonaws.com/photos/80603450/medium.jpeg,cc-by-nc,50660926,research,55.0437479321,74.5466244221,native
lythrum_virgatum_2019.jpg,https://inaturalist-open-data.s3.amazonaws.com/photos/80447711/medium.jpg,cc-by-nc,50656917,research,51.3270036687,33.8403109191,native
lythrum_virgatum_2020.jpeg,https://inaturalist-open-data.s3.amazonaws.com/photos/80443350/medium.jpeg,cc-by-nc,50653661,research,54.8179138873,46.0219741823,native
lythrum_virgatum_2021.jpeg,https://inaturalist-open-data.s3.amazonaws.com/photos/80443354/medium.jpeg,cc-by-nc,50653661,research,54.8179138873,46.0219741823,native
lythrum_virgatum_2022.jpeg,https://inaturalist-open-data.s3.amazonaws.com/photos/80082901/medium.jpeg,cc-by-nc,50436672,research,53.895655,74.0291316667,native
lythrum_virgatum_2023.jpeg,https://inaturalist-open-data.s3.amazonaws.com/photos/79438960/medium.jpeg,cc-by-nc,50029612,research,54.048806006,74.9007633757,native
lythrum_virgatum_2024.jpeg,https://inaturalist-open-data.s3.amazonaws.com/photos/79439034/medium.jpeg,cc-by-nc,50029612,research,54.048806006,74.9007633757,native
lythrum_virgatum_2025.jpeg,https://inaturalist-open-data.s3.amazonaws.com/photos/79260245/medium.jpeg,cc-by-nc,49919415,research,50.8657548207,30.7921842476,native
lythrum_virgatum_2026.jpeg,https://inaturalist-open-data.s3.amazonaws.com/photos/79260573/medium.jpeg,cc-by-nc,49919415,research,50.8657548207,30.7921842476,native
lythrum_virgatum_2027.jpeg,https://inaturalist-open-data.s3.amazonaws.com/photos/79064523/medium.jpeg,cc-by-nc,49801287,research,53.94971,74.3375833333,native
lythrum_virgatum_2028.jpeg,https://inaturalist-open-data.s3.amazonaws.com/photos/79064607/medium.jpeg,cc-by-nc,49801287,research,53.94971,74.3375833333,native
lythrum_virgatum_2029.jpeg,https://inaturalist-open-data.s3.amazonaws.com/photos/79064681/medium.jpeg,cc-by-nc,49801287,research,53.94971,74.3375833333,native
lythrum_virgatum_2030.png,https://inaturalist-open-data.s3.amazonaws.com/photos/78980598/medium.png,cc-by-nc,49749237,research,53.4173762182,34.465585872,
lythrum_virgatum_2031.jpeg,https://inaturalist-open-data.s3.amazonaws.com/photos/78299273/medium.jpeg,cc-by-nc,49324701,research,46.4173022864,34.9753205851,native
lythrum_virgatum_2032.jpeg,https://inaturalist-open-data.s3.amazonaws.com/photos/78299329/medium.jpeg,cc-by-nc,49324701,research,46.4173022864,34.9753205851,native
lythrum_virgatum_2033.jpg,https://inaturalist-open-data.s3.amazonaws.com/photos/77375216/medium.jpg,cc0,48753568,research,55.4383367954,51.1605886519,native
lythrum_virgatum_2034.jpeg,https://inaturalist-open-data.s3.amazonaws.com/photos/76652977/medium.jpeg,cc-by-nc,48312868,research,52.1064518076,28.5480057714,native
lythrum_virgatum_2035.jpeg,https://inaturalist-open-data.s3.amazonaws.com/photos/70499047/medium.jpeg,cc-by-nc,44463732,research,52.026788804,47.8328186794,native
lythrum_virgatum_2036.jpeg,https://inaturalist-open-data.s3.amazonaws.com/photos/70327283/medium.jpeg,cc-by-nc,44356669,research,52.0098860847,47.8273255153,native
lythrum_virgatum_2037.jpeg,https://inaturalist-open-data.s3.amazonaws.com/photos/67506770/medium.jpeg,cc-by-nc,42514786,research,54.6911,39.85464,native
lythrum_virgatum_2038.jpeg,https://inaturalist-open-data.s3.amazonaws.com/photos/67506789/medium.jpeg,cc-by-nc,42514786,research,54.6911,39.85464,native
lythrum_virgatum_2039.jpeg,https://inaturalist-open-data.s3.amazonaws.com/photos/67448831/medium.jpeg,cc-by-nc,42478445,research,54.65361,39.79873,native
lythrum_virgatum_2040.jpeg,https://inaturalist-open-data.s3.amazonaws.com/photos/67448836/medium.jpeg,cc-by-nc,42478445,research,54.65361,39.79873,native
lythrum_virgatum_2041.jpeg,https://inaturalist-open-data.s3.amazonaws.com/photos/67448857/medium.jpeg,cc-by-nc,42478445,research,54.65361,39.79873,native
lythrum_virgatum_2042.jpeg,https://inaturalist-open-data.s3.amazonaws.com/photos/67448856/medium.jpeg,cc-by-nc,42478445,research,54.65361,39.79873,native
lythrum_virgatum_2043.jpeg,https://inaturalist-open-data.s3.amazonaws.com/photos/67448862/medium.jpeg,cc-by-nc,42478445,research,54.65361,39.79873,native
lythrum_virgatum_2044.jpg,https://inaturalist-open-data.s3.amazonaws.com/photos/67333225/medium.jpg,cc-by-nc,42408407,research,54.7002703889,37.2380606944,native
lythrum_virgatum_2045.jpg,https://inaturalist-open-data.s3.amazonaws.com/photos/67333245/medium.jpg,cc-by-nc,42408407,research,54.7002703889,37.2380606944,native
lythrum_virgatum_2046.jpg,https://inaturalist-open-data.s3.amazonaws.com/photos/67333322/medium.jpg,cc-by-nc,42408407,research,54.7002703889,37.2380606944,native
lythrum_virgatum_2047.jpg,https://inaturalist-open-data.s3.amazonaws.com/photos/67333378/medium.jpg,cc-by-nc,42408407,research,54.7002703889,37.2380606944,native
lythrum_virgatum_2048.jpg,https://inaturalist-open-data.s3.amazonaws.com/photos/65725305/medium.jpg,cc-by-nc,41430020,needs_id,47.1726329887,20.1988648982,native
lythrum_virgatum_2049.jpg,https://inaturalist-open-data.s3.amazonaws.com/photos/64418372/medium.jpg,cc-by-nc,40639630,research,56.441419256,84.9720268427,native
lythrum_virgatum_2050.jpg,https://inaturalist-open-data.s3.amazonaws.com/photos/63270397/medium.jpg,cc-by-nc,39853223,research,51.7780260649,39.8840544373,native
lythrum_virgatum_2051.jpeg,https://inaturalist-open-data.s3.amazonaws.com/photos/62154577/medium.jpeg,cc-by,39197972,research,48.5701641053,44.5293859748,native
lythrum_virgatum_2052.jpeg,https://inaturalist-open-data.s3.amazonaws.com/photos/62154579/medium.jpeg,cc-by,39197972,research,48.5701641053,44.5293859748,native
lythrum_virgatum_2053.jpeg,https://inaturalist-open-data.s3.amazonaws.com/photos/62091584/medium.jpeg,cc-by-nc,39139354,research,51.1868271865,36.4006883818,native
lythrum_virgatum_2054.jpeg,https://inaturalist-open-data.s3.amazonaws.com/photos/61125129/medium.jpeg,cc-by-nc,38459110,research,51.6844790841,41.5483328689,native
lythrum_virgatum_2055.jpeg,https://inaturalist-open-data.s3.amazonaws.com/photos/61125538/medium.jpeg,cc-by-nc,38459110,research,51.6844790841,41.5483328689,native
lythrum_virgatum_2056.jpeg,https://inaturalist-open-data.s3.amazonaws.com/photos/61121312/medium.jpeg,cc-by-nc,38456719,research,51.1990361304,41.7222891422,native
lythrum_virgatum_2057.jpeg,https://inaturalist-open-data.s3.amazonaws.com/photos/60995962/medium.jpeg,cc-by,38383610,research,48.5605140056,44.5415107835,native
lythrum_virgatum_2058.jpeg,https://inaturalist-open-data.s3.amazonaws.com/photos/60867055/medium.jpeg,cc-by-nc,38308998,research,48.3144003006,19.6875800912,native
lythrum_virgatum_2059.jpeg,https://inaturalist-open-data.s3.amazonaws.com/photos/60477858/medium.jpeg,cc-by-nc,38084585,needs_id,50.370405736,80.4919170588,native
lythrum_virgatum_2060.jpeg,https://inaturalist-open-data.s3.amazonaws.com/photos/60477860/medium.jpeg,cc-by-nc,38084585,needs_id,50.370405736,80.4919170588,native
lythrum_virgatum_2061.jpeg,https://inaturalist-open-data.s3.amazonaws.com/photos/59487835/medium.jpeg,cc-by-nc,37516470,research,47.6938906787,46.7963471264,native
lythrum_virgatum_2062.jpeg,https://inaturalist-open-data.s3.amazonaws.com/photos/58914717/medium.jpeg,cc-by-nc,37189108,research,48.3142271344,19.6870424432,native
lythrum_virgatum_2063.jpg,https://inaturalist-open-data.s3.amazonaws.com/photos/58748069/medium.jpg,cc-by-nc,37094814,research,51.1208038328,40.3670043944,native
lythrum_virgatum_2064.jpg,https://inaturalist-open-data.s3.amazonaws.com/photos/57895672/medium.jpg,cc-by-nc,36612254,research,48.714993,44.78808,native
lythrum_virgatum_2065.jpg,https://inaturalist-open-data.s3.amazonaws.com/photos/57895534/medium.jpg,cc-by-nc,36612243,research,48.7146077918,44.7875690511,native
lythrum_virgatum_2066.jpeg,https://inaturalist-open-data.s3.amazonaws.com/photos/57755040/medium.jpeg,cc-by-nc,36528869,research,51.4776194112,80.7759431919,native
lythrum_virgatum_2067.jpeg,https://inaturalist-open-data.s3.amazonaws.com/photos/57718556/medium.jpeg,cc-by-nc,36507993,research,53.2773693637,34.374048631,
lythrum_virgatum_2068.jpg,https://inaturalist-open-data.s3.amazonaws.com/photos/57353486/medium.jpg,cc-by-nc,36294082,research,49.1420108889,44.0390053889,native
lythrum_virgatum_2069.jpg,https://inaturalist-open-data.s3.amazonaws.com/photos/57353477/medium.jpg,cc-by-nc,36294082,research,49.1420108889,44.0390053889,native
lythrum_virgatum_2070.jpg,https://inaturalist-open-data.s3.amazonaws.com/photos/57353494/medium.jpg,cc-by-nc,36294082,research,49.1420108889,44.0390053889,native
lythrum_virgatum_2071.jpeg,https://inaturalist-open-data.s3.amazonaws.com/photos/54391394/medium.jpeg,cc-by-nc,34554235,research,53.1376895293,34.2045264233,
lythrum_virgatum_2072.jpeg,https://inaturalist-open-data.s3.amazonaws.com/photos/51408003/medium.jpeg,cc-by-nc,32762887,research,52.6464456441,34.0187649909,
lythrum_virgatum_2073.jpg,https://inaturalist-open-data.s3.amazonaws.com/photos/49686239/medium.jpg,cc-by-nc,31727025,research,53.4876431707,81.0356269777,native
lythrum_virgatum_2074.jpg,https://inaturalist-open-data.s3.amazonaws.com/photos/49122910/medium.jpg,cc-by-nc,31388725,research,47.1356721667,39.8752716667,native
lythrum_virgatum_2075.jpeg,https://inaturalist-open-data.s3.amazonaws.com/photos/48859609/medium.jpeg,cc-by-nc,31230444,research,50.3809833269,80.5225411803,native
lythrum_virgatum_2076.jpeg,https://inaturalist-open-data.s3.amazonaws.com/photos/48711880/medium.jpeg,cc-by-nc,31142675,research,52.4725671764,33.5370394774,native
lythrum_virgatum_2077.jpeg,https://inaturalist-open-data.s3.amazonaws.com/photos/48437974/medium.jpeg,cc-by-nc,30978178,research,50.366159197,80.4809293896,native
lythrum_virgatum_2078.jpeg,https://inaturalist-open-data.s3.amazonaws.com/photos/48141419/medium.jpeg,cc-by-nc,30799851,research,50.3733017701,80.4933899269,native
lythrum_virgatum_2079.jpeg,https://inaturalist-open-data.s3.amazonaws.com/photos/48012630/medium.jpeg,cc-by-nc,30721928,research,54.3251638087,73.5757184314,native
lythrum_virgatum_2080.jpeg,https://inaturalist-open-data.s3.amazonaws.com/photos/47971345/medium.jpeg,cc-by-nc,30698187,research,53.9395379478,74.2118791905,native
lythrum_virgatum_2081.jpeg,https://inaturalist-open-data.s3.amazonaws.com/photos/47963763/medium.jpeg,cc-by-nc,30693308,research,53.99355,74.142395,native
lythrum_virgatum_2082.jpeg,https://inaturalist-open-data.s3.amazonaws.com/photos/47929923/medium.jpeg,cc-by-nc,30670890,research,50.3744915243,80.4945737869,native
lythrum_virgatum_2083.jpeg,https://inaturalist-open-data.s3.amazonaws.com/photos/47929939/medium.jpeg,cc-by-nc,30670890,research,50.3744915243,80.4945737869,native
lythrum_virgatum_2084.jpeg,https://inaturalist-open-data.s3.amazonaws.com/photos/47814385/medium.jpeg,cc-by-nc,30598646,research,53.951231114,74.1304397254,native
lythrum_virgatum_2085.jpeg,https://inaturalist-open-data.s3.amazonaws.com/photos/47814465/medium.jpeg,cc-by-nc,30598646,research,53.951231114,74.1304397254,native
lythrum_virgatum_2086.jpeg,https://inaturalist-open-data.s3.amazonaws.com/photos/47796725/medium.jpeg,cc-by-nc,30588708,needs_id,50.3702558294,80.4920102656,native
lythrum_virgatum_2087.jpeg,https://inaturalist-open-data.s3.amazonaws.com/photos/47605722/medium.jpeg,cc-by-nc,30464213,research,48.5661858972,45.3221185505,native
lythrum_virgatum_2088.jpeg,https://inaturalist-open-data.s3.amazonaws.com/photos/47597804/medium.jpeg,cc-by-nc,30464213,research,48.5661858972,45.3221185505,native
lythrum_virgatum_2089.jpeg,https://inaturalist-open-data.s3.amazonaws.com/photos/47597816/medium.jpeg,cc-by-nc,30464213,research,48.5661858972,45.3221185505,native
lythrum_virgatum_2090.jpeg,https://inaturalist-open-data.s3.amazonaws.com/photos/47529023/medium.jpeg,cc-by-nc,30421941,research,47.1428323155,19.1524079697,native
lythrum_virgatum_2091.jpeg,https://inaturalist-open-data.s3.amazonaws.com/photos/47529031/medium.jpeg,cc-by-nc,30421941,research,47.1428323155,19.1524079697,native
lythrum_virgatum_2092.jpeg,https://inaturalist-open-data.s3.amazonaws.com/photos/47529043/medium.jpeg,cc-by-nc,30421941,research,47.1428323155,19.1524079697,native
lythrum_virgatum_2093.jpg,https://inaturalist-open-data.s3.amazonaws.com/photos/47464310/medium.jpg,cc-by-nc,30381579,research,56.2422641444,44.183229428,native
lythrum_virgatum_2094.jpg,https://inaturalist-open-data.s3.amazonaws.com/photos/47464305/medium.jpg,cc-by-nc,30381579,research,56.2422641444,44.183229428,native
lythrum_virgatum_2095.jpeg,https://inaturalist-open-data.s3.amazonaws.com/photos/47424762/medium.jpeg,cc-by-nc,30357207,research,53.6270103455,83.3470993042,native
lythrum_virgatum_2096.jpeg,https://inaturalist-open-data.s3.amazonaws.com/photos/47415496/medium.jpeg,cc-by-nc,30351747,research,53.661075592,83.3689422607,native
lythrum_virgatum_2097.jpg,https://inaturalist-open-data.s3.amazonaws.com/photos/47241773/medium.jpg,cc-by-nc,30244209,research,53.456763,85.432515,native
lythrum_virgatum_2098.jpg,https://inaturalist-open-data.s3.amazonaws.com/photos/47229414/medium.jpg,cc-by-nc,30236515,research,51.1210489722,40.3699444444,native
lythrum_virgatum_2099.jpeg,https://inaturalist-open-data.s3.amazonaws.com/photos/47195312/medium.jpeg,cc-by-nc,30216097,research,50.3630890572,80.4725303873,native
lythrum_virgatum_2100.jpeg,https://inaturalist-open-data.s3.amazonaws.com/photos/47151041/medium.jpeg,cc-by-nc,30189566,research,48.4777327251,45.6508688629,native
lythrum_virgatum_2101.jpeg,https://inaturalist-open-data.s3.amazonaws.com/photos/47194689/medium.jpeg,cc-by-nc,30174691,research,50.3628696164,80.4721072689,native
lythrum_virgatum_2102.jpeg,https://inaturalist-open-data.s3.amazonaws.com/photos/47194964/medium.jpeg,cc-by-nc,30174691,research,50.3628696164,80.4721072689,native
lythrum_virgatum_2103.jpeg,https://inaturalist-open-data.s3.amazonaws.com/photos/47195118/medium.jpeg,cc-by-nc,30174691,research,50.3628696164,80.4721072689,native
lythrum_virgatum_2104.jpeg,https://inaturalist-open-data.s3.amazonaws.com/photos/47126433/medium.jpeg,cc-by-nc,30174358,research,50.3628687608,80.4721371084,native
lythrum_virgatum_2105.jpeg,https://inaturalist-open-data.s3.amazonaws.com/photos/47126804/medium.jpeg,cc-by-nc,30174358,research,50.3628687608,80.4721371084,native
lythrum_virgatum_2106.jpeg,https://inaturalist-open-data.s3.amazonaws.com/photos/47112948/medium.jpeg,cc-by-nc,30165832,research,52.4427146912,33.5214233398,native
lythrum_virgatum_2107.jpeg,https://inaturalist-open-data.s3.amazonaws.com/photos/46987974/medium.jpeg,cc-by,30087618,research,55.7009530524,48.920860514,native
lythrum_virgatum_2108.jpeg,https://inaturalist-open-data.s3.amazonaws.com/photos/46987980/medium.jpeg,cc-by,30087618,research,55.7009530524,48.920860514,native
lythrum_virgatum_2109.jpeg,https://inaturalist-open-data.s3.amazonaws.com/photos/46815917/medium.jpeg,cc-by-nc,29979623,research,52.6625635144,82.0945240502,native
lythrum_virgatum_2110.jpeg,https://inaturalist-open-data.s3.amazonaws.com/photos/46815931/medium.jpeg,cc-by-nc,29979623,research,52.6625635144,82.0945240502,native
lythrum_virgatum_2111.jpeg,https://inaturalist-open-data.s3.amazonaws.com/photos/46373437/medium.jpeg,cc-by-nc,29705253,research,53.9541466667,74.2509166667,native
lythrum_virgatum_2112.jpeg,https://inaturalist-open-data.s3.amazonaws.com/photos/46241404/medium.jpeg,cc-by-nc,29623143,research,54.607436708,83.446016969,native
lythrum_virgatum_2113.jpeg,https://inaturalist-open-data.s3.amazonaws.com/photos/46241420/medium.jpeg,cc-by-nc,29623143,research,54.607436708,83.446016969,native
lythrum_virgatum_2114.jpg,https://inaturalist-open-data.s3.amazonaws.com/photos/46087748/medium.jpg,cc-by-nc,29529751,research,53.0870916667,34.11646,
lythrum_virgatum_2115.jpeg,https://inaturalist-open-data.s3.amazonaws.com/photos/45905819/medium.jpeg,cc-by-nc,29414704,research,54.96024656,82.8356126309,native
lythrum_virgatum_2116.jpeg,https://inaturalist-open-data.s3.amazonaws.com/photos/45507140/medium.jpeg,cc-by-nc,29165411,research,50.368839071,80.4920595512,native
lythrum_virgatum_2117.jpeg,https://inaturalist-open-data.s3.amazonaws.com/photos/45513515/medium.jpeg,cc-by-nc,29165411,research,50.368839071,80.4920595512,native
lythrum_virgatum_2118.jpeg,https://inaturalist-open-data.s3.amazonaws.com/photos/45130199/medium.jpeg,cc-by-nc,28934302,research,50.375981027,80.4964238405,native
lythrum_virgatum_2119.jpeg,https://inaturalist-open-data.s3.amazonaws.com/photos/45130263/medium.jpeg,cc-by-nc,28934302,research,50.375981027,80.4964238405,native
lythrum_virgatum_2120.jpeg,https://inaturalist-open-data.s3.amazonaws.com/photos/44222167/medium.jpeg,cc-by-nc,28374127,research,52.4241485811,33.2359134407,native
lythrum_virgatum_2121.jpg,https://inaturalist-open-data.s3.amazonaws.com/photos/43542450/medium.jpg,cc-by-nc,27955861,research,52.8913039603,33.9766318772,
lythrum_virgatum_2122.jpeg,https://inaturalist-open-data.s3.amazonaws.com/photos/43453369/medium.jpeg,cc-by-nc,27899959,research,53.3195395779,34.1938000421,
lythrum_virgatum_2123.jpg,https://inaturalist-open-data.s3.amazonaws.com/photos/42899723/medium.jpg,cc-by-nc,27563188,research,56.1701742475,42.9241132749,native
lythrum_virgatum_2124.jpeg,https://inaturalist-open-data.s3.amazonaws.com/photos/42347923/medium.jpeg,cc-by-nc,27231963,research,53.1668926765,34.1282410947,
lythrum_virgatum_2125.jpeg,https://inaturalist-open-data.s3.amazonaws.com/photos/42347988/medium.jpeg,cc-by-nc,27231963,research,53.1668926765,34.1282410947,
lythrum_virgatum_2126.jpeg,https://inaturalist-open-data.s3.amazonaws.com/photos/39863708/medium.jpeg,cc-by-nc,25716923,research,53.9956272345,74.3404395712,native
lythrum_virgatum_2127.jpeg,https://inaturalist-open-data.s3.amazonaws.com/photos/39863774/medium.jpeg,cc-by-nc,25716923,research,53.9956272345,74.3404395712,native
lythrum_virgatum_2128.jpeg,https://inaturalist-open-data.s3.amazonaws.com/photos/39863865/medium.jpeg,cc-by-nc,25716923,research,53.9956272345,74.3404395712,native
lythrum_virgatum_2129.jpg,https://inaturalist-open-data.s3.amazonaws.com/photos/32040696/medium.jpg,cc-by-nc,20776540,research,47.2679027319,39.3697184674,native
lythrum_virgatum_2130.jpg,https://inaturalist-open-data.s3.amazonaws.com/photos/32040697/medium.jpg,cc-by-nc,20776540,research,47.2679027319,39.3697184674,native
lythrum_virgatum_2131.jpg,https://inaturalist-open-data.s3.amazonaws.com/photos/31443403/medium.jpg,cc-by-nc,20363097,research,55.1547471,86.6163826,native
lythrum_virgatum_2132.jpg,https://inaturalist-open-data.s3.amazonaws.com/photos/31443413/medium.jpg,cc-by-nc,20363097,research,55.1547471,86.6163826,native
lythrum_virgatum_2133.jpg,https://inaturalist-open-data.s3.amazonaws.com/photos/31377529/medium.jpg,cc-by-nc,20320722,research,55.2592789183,49.2754434287,native
lythrum_virgatum_2134.jpg,https://inaturalist-open-data.s3.amazonaws.com/photos/31377531/medium.jpg,cc-by-nc,20320722,research,55.2592789183,49.2754434287,native
lythrum_virgatum_2135.jpg,https://inaturalist-open-data.s3.amazonaws.com/photos/30922250/medium.jpg,cc-by-nc,20030733,research,53.129263,87.175993,native
lythrum_virgatum_2136.jpeg,https://inaturalist-open-data.s3.amazonaws.com/photos/30268374/medium.jpeg,cc-by-nc,19654338,research,51.2158850074,37.5656828723,native
lythrum_virgatum_2137.jpeg,https://inaturalist-open-data.s3.amazonaws.com/photos/29102478/medium.jpeg,cc-by-nc,18981776,research,52.4730137774,82.7768434097,native
lythrum_virgatum_2138.jpeg,https://inaturalist-open-data.s3.amazonaws.com/photos/23369804/medium.jpeg,cc-by,15641992,research,47.58651282,21.01306915,native
lythrum_virgatum_2139.jpeg,https://inaturalist-open-data.s3.amazonaws.com/photos/18134414/medium.jpeg,cc-by-nc,12553369,research,47.9224061487,20.5085762982,native
lythrum_virgatum_2140.jpeg,https://inaturalist-open-data.s3.amazonaws.com/photos/13770282/medium.jpeg,cc-by-nc,10013025,casual,-43.5306653014,172.6249149442,
lythrum_virgatum_2141.jpeg,https://inaturalist-open-data.s3.amazonaws.com/photos/9084592/medium.jpeg,cc-by-nc,7073670,research,47.5493125916,20.9299755096,native
lythrum_virgatum_2142.jpeg,https://inaturalist-open-data.s3.amazonaws.com/photos/9084595/medium.jpeg,cc-by-nc,7073670,research,47.5493125916,20.9299755096,native
lythrum_virgatum_2143.jpeg,https://inaturalist-open-data.s3.amazonaws.com/photos/9084001/medium.jpeg,cc-by-nc,7073257,research,47.5493812561,20.9301700592,native
lythrum_virgatum_2144.jpeg,https://inaturalist-open-data.s3.amazonaws.com/photos/9084005/medium.jpeg,cc-by-nc,7073257,research,47.5493812561,20.9301700592,native
lythrum_virgatum_2145.jpeg,https://inaturalist-open-data.s3.amazonaws.com/photos/9084007/medium.jpeg,cc-by-nc,7073257,research,47.5493812561,20.9301700592,native
