filename,url,license_code,observation_id,quality_grade,latitude,longitude
lythrum_portula_001.jpg,https://inaturalist-open-data.s3.amazonaws.com/photos/523212273/medium.jpg,cc-by-nc,290825993,research,45.5983545128,-122.8089849373
lythrum_portula_002.jpg,https://inaturalist-open-data.s3.amazonaws.com/photos/523212304/medium.jpg,cc-by-nc,290825993,research,45.5983545128,-122.8089849373
lythrum_portula_003.jpg,https://inaturalist-open-data.s3.amazonaws.com/photos/523212484/medium.jpg,cc-by-nc,290825993,research,45.5983545128,-122.8089849373
lythrum_portula_004.jpg,https://inaturalist-open-data.s3.amazonaws.com/photos/523212333/medium.jpg,cc-by-nc,290825993,research,45.5983545128,-122.8089849373
lythrum_portula_005.jpg,https://inaturalist-open-data.s3.amazonaws.com/photos/523212352/medium.jpg,cc-by-nc,290825993,research,45.5983545128,-122.8089849373
lythrum_portula_006.jpg,https://inaturalist-open-data.s3.amazonaws.com/photos/523212386/medium.jpg,cc-by-nc,290825993,research,45.5983545128,-122.8089849373
lythrum_portula_007.jpg,https://inaturalist-open-data.s3.amazonaws.com/photos/523212416/medium.jpg,cc-by-nc,290825993,research,45.5983545128,-122.8089849373
lythrum_portula_008.jpg,https://inaturalist-open-data.s3.amazonaws.com/photos/523212447/medium.jpg,cc-by-nc,290825993,research,45.5983545128,-122.8089849373
lythrum_portula_009.jpg,https://inaturalist-open-data.s3.amazonaws.com/photos/523212463/medium.jpg,cc-by-nc,290825993,research,45.5983545128,-122.8089849373
lythrum_portula_010.jpg,https://inaturalist-open-data.s3.amazonaws.com/photos/523212510/medium.jpg,cc-by-nc,290825993,research,45.5983545128,-122.8089849373
lythrum_portula_011.jpg,https://inaturalist-open-data.s3.amazonaws.com/photos/523212544/medium.jpg,cc-by-nc,290825993,research,45.5983545128,-122.8089849373
lythrum_portula_012.jpg,https://inaturalist-open-data.s3.amazonaws.com/photos/522533114/medium.jpg,cc-by-nc,290465151,research,48.5913969073,15.2147461474
lythrum_portula_013.jpg,https://inaturalist-open-data.s3.amazonaws.com/photos/522533259/medium.jpg,cc-by-nc,290465151,research,48.5913969073,15.2147461474
lythrum_portula_014.jpg,https://inaturalist-open-data.s3.amazonaws.com/photos/522533365/medium.jpg,cc-by-nc,290465151,research,48.5913969073,15.2147461474
lythrum_portula_015.jpg,https://inaturalist-open-data.s3.amazonaws.com/photos/522533464/medium.jpg,cc-by-nc,290465151,research,48.5913969073,15.2147461474
lythrum_portula_016.jpg,https://inaturalist-open-data.s3.amazonaws.com/photos/522354344/medium.jpg,cc-by-nc,290372069,research,47.9978867078,-1.4250307624
lythrum_portula_017.jpg,https://inaturalist-open-data.s3.amazonaws.com/photos/522354354/medium.jpg,cc-by-nc,290372069,research,47.9978867078,-1.4250307624
lythrum_portula_018.jpg,https://inaturalist-open-data.s3.amazonaws.com/photos/522354356/medium.jpg,cc-by-nc,290372069,research,47.9978867078,-1.4250307624
lythrum_portula_019.jpg,https://inaturalist-open-data.s3.amazonaws.com/photos/522354263/medium.jpg,cc-by-nc,290372052,research,47.9976013007,-1.4252186468
lythrum_portula_020.jpg,https://inaturalist-open-data.s3.amazonaws.com/photos/522279224/medium.jpg,cc-by-nc,290329554,research,49.3075145964,13.8386165968
lythrum_portula_021.jpg,https://inaturalist-open-data.s3.amazonaws.com/photos/522185193/medium.jpg,cc-by-nc,290282344,needs_id,44.0260305,-124.0861278333
lythrum_portula_022.jpg,https://inaturalist-open-data.s3.amazonaws.com/photos/522077393/medium.jpg,cc-by-nc,290234763,needs_id,48.8212849722,2.768235
lythrum_portula_023.jpg,https://inaturalist-open-data.s3.amazonaws.com/photos/522077390/medium.jpg,cc-by-nc,290234763,needs_id,48.8212849722,2.768235
lythrum_portula_024.jpg,https://inaturalist-open-data.s3.amazonaws.com/photos/522077005/medium.jpg,cc-by-nc,290234763,needs_id,48.8212849722,2.768235
lythrum_portula_025.jpg,https://inaturalist-open-data.s3.amazonaws.com/photos/521166682/medium.jpg,cc-by,289744609,needs_id,45.6365,-122.4591966667
lythrum_portula_026.jpg,https://inaturalist-open-data.s3.amazonaws.com/photos/521166687/medium.jpg,cc-by,289744609,needs_id,45.6365,-122.4591966667
lythrum_portula_027.jpg,https://inaturalist-open-data.s3.amazonaws.com/photos/521166685/medium.jpg,cc-by,289744609,needs_id,45.6365,-122.4591966667
lythrum_portula_028.jpg,https://inaturalist-open-data.s3.amazonaws.com/photos/520885006/medium.jpg,cc-by-nc,289597371,needs_id,55.60599059,38.28820847
lythrum_portula_029.jpg,https://inaturalist-open-data.s3.amazonaws.com/photos/520885014/medium.jpg,cc-by-nc,289597371,needs_id,55.60599059,38.28820847
lythrum_portula_030.jpg,https://inaturalist-open-data.s3.amazonaws.com/photos/520777182/medium.jpg,cc-by-nc,289538125,needs_id,50.612370622,4.1822868686
lythrum_portula_031.jpg,https://inaturalist-open-data.s3.amazonaws.com/photos/520475517/medium.jpg,cc-by-nc,289377664,needs_id,38.9284413,-119.9944193997
lythrum_portula_032.jpg,https://inaturalist-open-data.s3.amazonaws.com/photos/520475565/medium.jpg,cc-by-nc,289377664,needs_id,38.9284413,-119.9944193997
lythrum_portula_033.jpg,https://inaturalist-open-data.s3.amazonaws.com/photos/520475603/medium.jpg,cc-by-nc,289377664,needs_id,38.9284413,-119.9944193997
lythrum_portula_034.jpg,https://inaturalist-open-data.s3.amazonaws.com/photos/520475659/medium.jpg,cc-by-nc,289377664,needs_id,38.9284413,-119.9944193997
lythrum_portula_035.jpg,https://inaturalist-open-data.s3.amazonaws.com/photos/519873270/medium.jpg,cc-by-nc,289058184,needs_id,45.9883908,-122.8374403
lythrum_portula_036.jpg,https://inaturalist-open-data.s3.amazonaws.com/photos/519337243/medium.jpg,cc-by-nc,288790087,needs_id,52.018625,5.0838083333
lythrum_portula_037.jpg,https://inaturalist-open-data.s3.amazonaws.com/photos/519337255/medium.jpg,cc-by-nc,288790087,needs_id,52.018625,5.0838083333
lythrum_portula_038.jpg,https://inaturalist-open-data.s3.amazonaws.com/photos/519337276/medium.jpg,cc-by-nc,288790087,needs_id,52.018625,5.0838083333
lythrum_portula_039.jpg,https://inaturalist-open-data.s3.amazonaws.com/photos/519337291/medium.jpg,cc-by-nc,288790087,needs_id,52.018625,5.0838083333
lythrum_portula_040.jpg,https://inaturalist-open-data.s3.amazonaws.com/photos/519337297/medium.jpg,cc-by-nc,288790087,needs_id,52.018625,5.0838083333
lythrum_portula_041.jpg,https://inaturalist-open-data.s3.amazonaws.com/photos/519337314/medium.jpg,cc-by-nc,288790087,needs_id,52.018625,5.0838083333
lythrum_portula_042.jpg,https://inaturalist-open-data.s3.amazonaws.com/photos/519050183/medium.jpg,cc-by-nc,288615694,needs_id,48.4749425819,2.6650299352
lythrum_portula_043.jpg,https://inaturalist-open-data.s3.amazonaws.com/photos/519037714/medium.jpg,cc-by-nc,288609407,needs_id,48.3766695093,2.4877354
lythrum_portula_044.jpg,https://inaturalist-open-data.s3.amazonaws.com/photos/519037748/medium.jpg,cc-by-nc,288609407,needs_id,48.3766695093,2.4877354
lythrum_portula_045.jpg,https://inaturalist-open-data.s3.amazonaws.com/photos/518660111/medium.jpg,cc-by-nc,288408415,needs_id,48.4173569345,22.3175810021
lythrum_portula_046.jpg,https://inaturalist-open-data.s3.amazonaws.com/photos/518659914/medium.jpg,cc-by-nc,288408401,needs_id,48.4142607258,22.3254615906
lythrum_portula_047.jpg,https://inaturalist-open-data.s3.amazonaws.com/photos/518659922/medium.jpg,cc-by-nc,288408401,needs_id,48.4142607258,22.3254615906
lythrum_portula_048.jpg,https://inaturalist-open-data.s3.amazonaws.com/photos/517322226/medium.jpg,cc-by-nc,287703667,needs_id,52.693781,-1.9616377
lythrum_portula_049.jpg,https://inaturalist-open-data.s3.amazonaws.com/photos/517322271/medium.jpg,cc-by-nc,287703667,needs_id,52.693781,-1.9616377
lythrum_portula_050.jpg,https://inaturalist-open-data.s3.amazonaws.com/photos/517322309/medium.jpg,cc-by-nc,287703667,needs_id,52.693781,-1.9616377
lythrum_portula_051.jpg,https://inaturalist-open-data.s3.amazonaws.com/photos/517322360/medium.jpg,cc-by-nc,287703667,needs_id,52.693781,-1.9616377
lythrum_portula_052.jpg,https://inaturalist-open-data.s3.amazonaws.com/photos/516648861/medium.jpg,cc-by-nc,287340392,research,50.0981116508,16.0772815347
lythrum_portula_053.jpg,https://inaturalist-open-data.s3.amazonaws.com/photos/516648960/medium.jpg,cc-by-nc,287340392,research,50.0981116508,16.0772815347
lythrum_portula_054.jpg,https://inaturalist-open-data.s3.amazonaws.com/photos/517191437/medium.jpg,cc-by-nc,287320111,needs_id,55.6202735901,39.4254570007
lythrum_portula_055.jpg,https://inaturalist-open-data.s3.amazonaws.com/photos/516383937/medium.jpg,cc-by-nc,287211605,research,49.29546,-123.1473483333
lythrum_portula_056.jpg,https://inaturalist-open-data.s3.amazonaws.com/photos/516383933/medium.jpg,cc-by-nc,287211605,research,49.29546,-123.1473483333
lythrum_portula_057.jpg,https://inaturalist-open-data.s3.amazonaws.com/photos/516139869/medium.jpg,cc-by-nc,287068424,needs_id,44.829965,4.5100266667
lythrum_portula_058.jpg,https://inaturalist-open-data.s3.amazonaws.com/photos/516140235/medium.jpg,cc-by-nc,287068424,needs_id,44.829965,4.5100266667
lythrum_portula_059.jpg,https://inaturalist-open-data.s3.amazonaws.com/photos/516042578/medium.jpg,cc-by-nc,287015305,needs_id,40.5432929645,-4.0180558554
lythrum_portula_060.jpg,https://inaturalist-open-data.s3.amazonaws.com/photos/515101428/medium.jpg,cc-by-nc,286519596,needs_id,42.9491849722,-8.3279479722
lythrum_portula_061.jpg,https://inaturalist-open-data.s3.amazonaws.com/photos/515101492/medium.jpg,cc-by-nc,286519596,needs_id,42.9491849722,-8.3279479722
lythrum_portula_062.jpg,https://inaturalist-open-data.s3.amazonaws.com/photos/515101460/medium.jpg,cc-by-nc,286519596,needs_id,42.9491849722,-8.3279479722
lythrum_portula_063.jpg,https://inaturalist-open-data.s3.amazonaws.com/photos/514426912/medium.jpg,cc-by-nc,286166318,needs_id,49.2956754964,-123.1463531032
lythrum_portula_064.jpg,https://inaturalist-open-data.s3.amazonaws.com/photos/513954271/medium.jpg,cc-by-nc-nd,285921923,needs_id,45.7158480711,4.9246288828
lythrum_portula_065.jpg,https://inaturalist-open-data.s3.amazonaws.com/photos/513954298/medium.jpg,cc-by-nc-nd,285921923,needs_id,45.7158480711,4.9246288828
lythrum_portula_066.jpg,https://inaturalist-open-data.s3.amazonaws.com/photos/513937158/medium.jpg,cc-by-nc,285907541,needs_id,51.7478807997,5.5675675
lythrum_portula_067.jpg,https://inaturalist-open-data.s3.amazonaws.com/photos/513290174/medium.jpg,cc-by-nc,285559776,needs_id,48.8829504908,0.3048881535
lythrum_portula_068.jpg,https://inaturalist-open-data.s3.amazonaws.com/photos/513014855/medium.jpg,cc-by-nc,285414995,needs_id,50.8960336435,8.772412887
lythrum_portula_069.jpg,https://inaturalist-open-data.s3.amazonaws.com/photos/513014961/medium.jpg,cc-by-nc,285414995,needs_id,50.8960336435,8.772412887
lythrum_portula_070.jpg,https://inaturalist-open-data.s3.amazonaws.com/photos/513015053/medium.jpg,cc-by-nc,285414995,needs_id,50.8960336435,8.772412887
lythrum_portula_071.jpg,https://inaturalist-open-data.s3.amazonaws.com/photos/511801449/medium.jpg,cc-by-nc,284761423,research,50.0968539332,15.7819035181
lythrum_portula_072.jpg,https://inaturalist-open-data.s3.amazonaws.com/photos/511626349/medium.jpg,cc-by-nc,284673031,research,45.981525,-122.8675972222
lythrum_portula_073.jpg,https://inaturalist-open-data.s3.amazonaws.com/photos/511626433/medium.jpg,cc-by-nc,284673031,research,45.981525,-122.8675972222
lythrum_portula_074.jpg,https://inaturalist-open-data.s3.amazonaws.com/photos/511626512/medium.jpg,cc-by-nc,284673031,research,45.981525,-122.8675972222
lythrum_portula_075.jpg,https://inaturalist-open-data.s3.amazonaws.com/photos/511626615/medium.jpg,cc-by-nc,284673031,research,45.981525,-122.8675972222
lythrum_portula_076.jpg,https://inaturalist-open-data.s3.amazonaws.com/photos/511626683/medium.jpg,cc-by-nc,284673031,research,45.981525,-122.8675972222
lythrum_portula_077.jpg,https://inaturalist-open-data.s3.amazonaws.com/photos/511465139/medium.jpg,cc0,284588106,needs_id,43.0615183056,-4.7668016667
lythrum_portula_078.jpg,https://inaturalist-open-data.s3.amazonaws.com/photos/511460837/medium.jpg,cc-by-nc,284583962,research,49.0471797303,15.122506991
lythrum_portula_079.jpg,https://inaturalist-open-data.s3.amazonaws.com/photos/511460993/medium.jpg,cc-by-nc,284583962,research,49.0471797303,15.122506991
lythrum_portula_080.jpg,https://inaturalist-open-data.s3.amazonaws.com/photos/510795492/medium.jpg,cc-by-nc,284232319,needs_id,54.0269789,-1.0095076997
lythrum_portula_081.jpg,https://inaturalist-open-data.s3.amazonaws.com/photos/510056774/medium.jpg,cc-by-nc,283841786,needs_id,48.0883147222,-122.199902239
lythrum_portula_082.jpg,https://inaturalist-open-data.s3.amazonaws.com/photos/509858021/medium.jpg,cc-by-nc,283739769,needs_id,36.5492033333,-5.3860466667
lythrum_portula_083.jpg,https://inaturalist-open-data.s3.amazonaws.com/photos/509704441/medium.jpg,cc-by-nc-nd,283657362,needs_id,49.1325152494,-123.9384894359
lythrum_portula_084.jpg,https://inaturalist-open-data.s3.amazonaws.com/photos/509537187/medium.jpg,cc-by-nc,283562228,needs_id,49.15460138,5.03473685
lythrum_portula_085.jpg,https://inaturalist-open-data.s3.amazonaws.com/photos/509301514/medium.jpg,cc-by-nc,283442144,needs_id,47.656774,18.304725
lythrum_portula_086.jpg,https://inaturalist-open-data.s3.amazonaws.com/photos/509302440/medium.jpg,cc-by-nc,283442144,needs_id,47.656774,18.304725
lythrum_portula_087.jpg,https://inaturalist-open-data.s3.amazonaws.com/photos/509229442/medium.jpg,cc-by-nc,283402933,research,53.8895252254,9.5027564932
lythrum_portula_088.jpg,https://inaturalist-open-data.s3.amazonaws.com/photos/509229492/medium.jpg,cc-by-nc,283402933,research,53.8895252254,9.5027564932
lythrum_portula_089.jpg,https://inaturalist-open-data.s3.amazonaws.com/photos/509078686/medium.jpg,cc-by-nc,283320296,needs_id,39.6474883333,-4.1005861667
lythrum_portula_090.jpg,https://inaturalist-open-data.s3.amazonaws.com/photos/509078685/medium.jpg,cc-by-nc,283320296,needs_id,39.6474883333,-4.1005861667
lythrum_portula_091.jpg,https://inaturalist-open-data.s3.amazonaws.com/photos/509078683/medium.jpg,cc-by-nc,283320296,needs_id,39.6474883333,-4.1005861667
lythrum_portula_092.jpg,https://inaturalist-open-data.s3.amazonaws.com/photos/508821537/medium.jpg,cc-by-nc,283185441,research,53.2558055556,7.5426027778
lythrum_portula_093.jpg,https://inaturalist-open-data.s3.amazonaws.com/photos/508821593/medium.jpg,cc-by-nc,283185441,research,53.2558055556,7.5426027778
lythrum_portula_094.jpg,https://inaturalist-open-data.s3.amazonaws.com/photos/508285504/medium.jpg,cc-by-nc,282894704,research,43.3612626212,6.420354917
lythrum_portula_095.jpg,https://inaturalist-open-data.s3.amazonaws.com/photos/508124419/medium.jpg,cc0,282807717,research,49.132542,-123.94529
lythrum_portula_096.jpg,https://inaturalist-open-data.s3.amazonaws.com/photos/508124335/medium.jpg,cc0,282807709,research,49.1329229999,-123.947144
lythrum_portula_097.jpg,https://inaturalist-open-data.s3.amazonaws.com/photos/508124345/medium.jpg,cc0,282807709,research,49.1329229999,-123.947144
lythrum_portula_098.jpg,https://inaturalist-open-data.s3.amazonaws.com/photos/507256735/medium.jpg,cc-by-nc,282339548,research,44.5134773254,3.7790868282
lythrum_portula_099.jpg,https://inaturalist-open-data.s3.amazonaws.com/photos/507056937/medium.jpg,cc-by-nc,282236684,research,39.0523416667,-6.4244366667
lythrum_portula_100.jpg,https://inaturalist-open-data.s3.amazonaws.com/photos/507056943/medium.jpg,cc-by-nc,282236684,research,39.0523416667,-6.4244366667
lythrum_portula_101.jpg,https://inaturalist-open-data.s3.amazonaws.com/photos/506142018/medium.jpg,cc-by-nc,281746940,needs_id,43.3510731949,6.4051688427
lythrum_portula_102.jpg,https://inaturalist-open-data.s3.amazonaws.com/photos/506089281/medium.jpg,cc-by-nc,281713937,research,40.2217616667,-4.9390616667
lythrum_portula_103.jpg,https://inaturalist-open-data.s3.amazonaws.com/photos/505373969/medium.jpg,cc-by-nc,281291989,needs_id,47.5590555415,-122.9146145615
lythrum_portula_104.jpeg,https://inaturalist-open-data.s3.amazonaws.com/photos/504159786/medium.jpeg,cc-by-nc,280693489,needs_id,44.5372200585,-123.2526119526
lythrum_portula_105.jpeg,https://inaturalist-open-data.s3.amazonaws.com/photos/504160169/medium.jpeg,cc-by-nc,280693489,needs_id,44.5372200585,-123.2526119526
lythrum_portula_106.jpeg,https://inaturalist-open-data.s3.amazonaws.com/photos/504159256/medium.jpeg,cc-by-nc,280693487,needs_id,44.5372200585,-123.2526119526
lythrum_portula_107.jpeg,https://inaturalist-open-data.s3.amazonaws.com/photos/504159273/medium.jpeg,cc-by-nc,280693487,needs_id,44.5372200585,-123.2526119526
lythrum_portula_108.jpeg,https://inaturalist-open-data.s3.amazonaws.com/photos/504159289/medium.jpeg,cc-by-nc,280693487,needs_id,44.5372200585,-123.2526119526
lythrum_portula_109.jpeg,https://inaturalist-open-data.s3.amazonaws.com/photos/503487516/medium.jpeg,cc-by-nc,280345260,needs_id,43.918198747,11.3430968902
lythrum_portula_110.jpeg,https://inaturalist-open-data.s3.amazonaws.com/photos/503487627/medium.jpeg,cc-by-nc,280345260,needs_id,43.918198747,11.3430968902
lythrum_portula_111.jpg,https://inaturalist-open-data.s3.amazonaws.com/photos/502801176/medium.jpg,cc-by-nc,279982424,needs_id,49.6850261827,22.9844498634
lythrum_portula_112.jpeg,https://inaturalist-open-data.s3.amazonaws.com/photos/502627630/medium.jpeg,cc-by-nc-nd,279878609,needs_id,48.5469275905,26.4415534213
lythrum_portula_113.jpeg,https://inaturalist-open-data.s3.amazonaws.com/photos/501769135/medium.jpeg,cc-by-nc,279421841,research,48.6783117,8.0043801997
lythrum_portula_114.jpg,https://inaturalist-open-data.s3.amazonaws.com/photos/501321107/medium.jpg,cc-by-nc-nd,279185751,needs_id,45.716737,4.923766
lythrum_portula_115.jpg,https://inaturalist-open-data.s3.amazonaws.com/photos/501321080/medium.jpg,cc-by-nc-nd,279185751,needs_id,45.716737,4.923766
lythrum_portula_116.jpg,https://inaturalist-open-data.s3.amazonaws.com/photos/501321105/medium.jpg,cc-by-nc-nd,279185751,needs_id,45.716737,4.923766
lythrum_portula_117.jpg,https://inaturalist-open-data.s3.amazonaws.com/photos/500660608/medium.jpg,cc-by-nc,278823273,research,51.2277163324,16.7359206998
lythrum_portula_118.jpeg,https://inaturalist-open-data.s3.amazonaws.com/photos/500486375/medium.jpeg,cc-by-nc,278727037,needs_id,44.8292433333,4.53059
lythrum_portula_119.jpeg,https://inaturalist-open-data.s3.amazonaws.com/photos/500486424/medium.jpeg,cc-by-nc,278727037,needs_id,44.8292433333,4.53059
lythrum_portula_120.jpeg,https://inaturalist-open-data.s3.amazonaws.com/photos/500486459/medium.jpeg,cc-by-nc,278727037,needs_id,44.8292433333,4.53059
lythrum_portula_121.jpeg,https://inaturalist-open-data.s3.amazonaws.com/photos/500164299/medium.jpeg,cc-by,278553347,needs_id,50.87330625,14.4738845556
lythrum_portula_122.jpeg,https://inaturalist-open-data.s3.amazonaws.com/photos/500164358/medium.jpeg,cc-by,278553347,needs_id,50.87330625,14.4738845556
lythrum_portula_123.jpg,https://inaturalist-open-data.s3.amazonaws.com/photos/499948936/medium.jpg,cc-by-nc,278434933,research,48.0979241153,-2.4673835971
lythrum_portula_124.jpeg,https://inaturalist-open-data.s3.amazonaws.com/photos/499289248/medium.jpeg,cc-by-nc,278070534,needs_id,43.1607741796,77.079595356
lythrum_portula_125.jpeg,https://inaturalist-open-data.s3.amazonaws.com/photos/499289325/medium.jpeg,cc-by-nc,278070534,needs_id,43.1607741796,77.079595356
lythrum_portula_126.jpeg,https://inaturalist-open-data.s3.amazonaws.com/photos/498180528/medium.jpeg,cc-by-nc,277453053,needs_id,54.0415041256,-1.0039109395
lythrum_portula_127.jpeg,https://inaturalist-open-data.s3.amazonaws.com/photos/498115577/medium.jpeg,cc-by-nc,277432503,research,48.6056034507,-2.0824032781
lythrum_portula_128.jpeg,https://inaturalist-open-data.s3.amazonaws.com/photos/498157309/medium.jpeg,cc-by-nc,277432503,research,48.6056034507,-2.0824032781
lythrum_portula_129.jpeg,https://inaturalist-open-data.s3.amazonaws.com/photos/498157373/medium.jpeg,cc-by-nc,277432503,research,48.6056034507,-2.0824032781
lythrum_portula_130.jpg,https://inaturalist-open-data.s3.amazonaws.com/photos/497316275/medium.jpg,cc0,276954396,needs_id,51.5918283333,-4.1939616667
lythrum_portula_131.jpg,https://inaturalist-open-data.s3.amazonaws.com/photos/497316345/medium.jpg,cc0,276954396,needs_id,51.5918283333,-4.1939616667
lythrum_portula_132.jpg,https://inaturalist-open-data.s3.amazonaws.com/photos/497316329/medium.jpg,cc0,276954396,needs_id,51.5918283333,-4.1939616667
lythrum_portula_133.jpg,https://inaturalist-open-data.s3.amazonaws.com/photos/497316341/medium.jpg,cc0,276954396,needs_id,51.5918283333,-4.1939616667
lythrum_portula_134.jpg,https://inaturalist-open-data.s3.amazonaws.com/photos/496947669/medium.jpg,cc-by-nc,276743762,research,54.0270805,-1.0091638833
lythrum_portula_135.jpg,https://inaturalist-open-data.s3.amazonaws.com/photos/496936406/medium.jpg,cc-by-nc,276737360,needs_id,54.0415,-1.0039361167
lythrum_portula_136.jpeg,https://inaturalist-open-data.s3.amazonaws.com/photos/494490996/medium.jpeg,cc-by-nc,275153129,needs_id,46.2253839926,-63.103855066
lythrum_portula_137.jpeg,https://inaturalist-open-data.s3.amazonaws.com/photos/494491118/medium.jpeg,cc-by-nc,275153129,needs_id,46.2253839926,-63.103855066
lythrum_portula_138.jpeg,https://inaturalist-open-data.s3.amazonaws.com/photos/494278240/medium.jpeg,cc-by-nc,275017936,needs_id,54.0415230039,-1.0039438825
lythrum_portula_139.jpeg,https://inaturalist-open-data.s3.amazonaws.com/photos/494278427/medium.jpeg,cc-by-nc,275017936,needs_id,54.0415230039,-1.0039438825
lythrum_portula_140.jpg,https://inaturalist-open-data.s3.amazonaws.com/photos/493422698/medium.jpg,cc-by-nc,274466364,research,53.7326049722,-2.6747079167
lythrum_portula_141.jpg,https://inaturalist-open-data.s3.amazonaws.com/photos/490996794/medium.jpg,cc-by-nc,272918896,research,46.71463,16.0140222167
lythrum_portula_142.jpg,https://inaturalist-open-data.s3.amazonaws.com/photos/490996853/medium.jpg,cc-by-nc,272918896,research,46.71463,16.0140222167
lythrum_portula_143.jpg,https://inaturalist-open-data.s3.amazonaws.com/photos/500380698/medium.jpg,cc-by-nc,272683305,needs_id,50.4712309553,3.6280332533
lythrum_portula_144.jpg,https://inaturalist-open-data.s3.amazonaws.com/photos/490085005/medium.jpg,cc-by-nc,272405848,research,51.632269,5.125664
lythrum_portula_145.jpg,https://inaturalist-open-data.s3.amazonaws.com/photos/489252521/medium.jpg,cc-by-nc,271963127,research,48.4405428141,7.8643721738
lythrum_portula_146.jpg,https://inaturalist-open-data.s3.amazonaws.com/photos/489252542/medium.jpg,cc-by-nc,271963127,research,48.4405428141,7.8643721738
lythrum_portula_147.jpg,https://inaturalist-open-data.s3.amazonaws.com/photos/489243648/medium.jpg,cc-by-nc,271963079,research,48.1882631832,7.707129337
lythrum_portula_148.jpg,https://inaturalist-open-data.s3.amazonaws.com/photos/489243652/medium.jpg,cc-by-nc,271963079,research,48.1882631832,7.707129337
lythrum_portula_149.jpg,https://inaturalist-open-data.s3.amazonaws.com/photos/488703268/medium.jpg,cc-by-nc,271672975,research,40.018355957,-7.0580991743
lythrum_portula_150.jpg,https://inaturalist-open-data.s3.amazonaws.com/photos/488269316/medium.jpg,cc-by-nc,271447348,research,40.2106016667,-4.5171183333
lythrum_portula_151.jpg,https://inaturalist-open-data.s3.amazonaws.com/photos/488269282/medium.jpg,cc-by-nc,271447348,research,40.2106016667,-4.5171183333
lythrum_portula_152.jpg,https://inaturalist-open-data.s3.amazonaws.com/photos/487757423/medium.jpg,cc-by-nc,271172092,needs_id,48.0441899371,7.8219406638
lythrum_portula_153.jpeg,https://inaturalist-open-data.s3.amazonaws.com/photos/487770327/medium.jpeg,cc-by-nc,271171514,needs_id,55.5905342102,9.2824478149
lythrum_portula_154.jpeg,https://inaturalist-open-data.s3.amazonaws.com/photos/485953251/medium.jpeg,cc-by-nc,270226187,needs_id,49.8842557147,16.7601022124
lythrum_portula_155.jpeg,https://inaturalist-open-data.s3.amazonaws.com/photos/485953334/medium.jpeg,cc-by-nc,270226187,needs_id,49.8842557147,16.7601022124
lythrum_portula_156.jpeg,https://inaturalist-open-data.s3.amazonaws.com/photos/485953383/medium.jpeg,cc-by-nc,270226187,needs_id,49.8842557147,16.7601022124
lythrum_portula_157.png,https://inaturalist-open-data.s3.amazonaws.com/photos/484749457/medium.png,cc-by-nc,269593166,needs_id,50.13668538,5.973571988
lythrum_portula_158.jpeg,https://inaturalist-open-data.s3.amazonaws.com/photos/484638018/medium.jpeg,cc-by-nc,269536872,needs_id,39.5226420693,-7.7854838222
lythrum_portula_159.jpeg,https://inaturalist-open-data.s3.amazonaws.com/photos/484638126/medium.jpeg,cc-by-nc,269536872,needs_id,39.5226420693,-7.7854838222
lythrum_portula_160.jpeg,https://inaturalist-open-data.s3.amazonaws.com/photos/484638205/medium.jpeg,cc-by-nc,269536872,needs_id,39.5226420693,-7.7854838222
lythrum_portula_161.jpg,https://inaturalist-open-data.s3.amazonaws.com/photos/484207274/medium.jpg,cc-by-nc,269315177,research,48.4842694463,7.8983970478
lythrum_portula_162.jpg,https://inaturalist-open-data.s3.amazonaws.com/photos/484207268/medium.jpg,cc-by-nc,269315177,research,48.4842694463,7.8983970478
lythrum_portula_163.jpg,https://inaturalist-open-data.s3.amazonaws.com/photos/484207269/medium.jpg,cc-by-nc,269315177,research,48.4842694463,7.8983970478
lythrum_portula_164.jpeg,https://inaturalist-open-data.s3.amazonaws.com/photos/483804838/medium.jpeg,cc-by-nc,269102552,needs_id,50.1899060746,15.8595629409
lythrum_portula_165.jpeg,https://inaturalist-open-data.s3.amazonaws.com/photos/483804889/medium.jpeg,cc-by-nc,269102552,needs_id,50.1899060746,15.8595629409
lythrum_portula_166.jpeg,https://inaturalist-open-data.s3.amazonaws.com/photos/483804922/medium.jpeg,cc-by-nc,269102552,needs_id,50.1899060746,15.8595629409
lythrum_portula_167.jpeg,https://inaturalist-open-data.s3.amazonaws.com/photos/483804958/medium.jpeg,cc-by-nc,269102552,needs_id,50.1899060746,15.8595629409
lythrum_portula_168.jpeg,https://inaturalist-open-data.s3.amazonaws.com/photos/483814811/medium.jpeg,cc-by-nc,269102552,needs_id,50.1899060746,15.8595629409
lythrum_portula_169.jpeg,https://inaturalist-open-data.s3.amazonaws.com/photos/483450386/medium.jpeg,cc-by-nc,268922361,needs_id,40.6748363,-8.3343708997
lythrum_portula_170.jpeg,https://inaturalist-open-data.s3.amazonaws.com/photos/483450445/medium.jpeg,cc-by-nc,268922361,needs_id,40.6748363,-8.3343708997
lythrum_portula_171.jpg,https://inaturalist-open-data.s3.amazonaws.com/photos/483252201/medium.jpg,cc-by-nc,268820926,needs_id,45.4347236051,-122.6477255266
lythrum_portula_172.jpg,https://inaturalist-open-data.s3.amazonaws.com/photos/483252238/medium.jpg,cc-by-nc,268820926,needs_id,45.4347236051,-122.6477255266
lythrum_portula_173.jpg,https://inaturalist-open-data.s3.amazonaws.com/photos/483252289/medium.jpg,cc-by-nc,268820926,needs_id,45.4347236051,-122.6477255266
lythrum_portula_174.jpg,https://inaturalist-open-data.s3.amazonaws.com/photos/483252315/medium.jpg,cc-by-nc,268820926,needs_id,45.4347236051,-122.6477255266
lythrum_portula_175.jpg,https://inaturalist-open-data.s3.amazonaws.com/photos/483252341/medium.jpg,cc-by-nc,268820926,needs_id,45.4347236051,-122.6477255266
lythrum_portula_176.jpg,https://inaturalist-open-data.s3.amazonaws.com/photos/483252369/medium.jpg,cc-by-nc,268820926,needs_id,45.4347236051,-122.6477255266
lythrum_portula_177.jpg,https://inaturalist-open-data.s3.amazonaws.com/photos/483252402/medium.jpg,cc-by-nc,268820926,needs_id,45.4347236051,-122.6477255266
lythrum_portula_178.jpg,https://inaturalist-open-data.s3.amazonaws.com/photos/483252423/medium.jpg,cc-by-nc,268820926,needs_id,45.4347236051,-122.6477255266
lythrum_portula_179.jpg,https://inaturalist-open-data.s3.amazonaws.com/photos/483252443/medium.jpg,cc-by-nc,268820926,needs_id,45.4347236051,-122.6477255266
lythrum_portula_180.jpg,https://inaturalist-open-data.s3.amazonaws.com/photos/483252482/medium.jpg,cc-by-nc,268820926,needs_id,45.4347236051,-122.6477255266
lythrum_portula_181.jpg,https://inaturalist-open-data.s3.amazonaws.com/photos/483252466/medium.jpg,cc-by-nc,268820926,needs_id,45.4347236051,-122.6477255266
lythrum_portula_182.jpeg,https://inaturalist-open-data.s3.amazonaws.com/photos/482711211/medium.jpeg,cc-by-nc,268537357,research,48.3477152354,2.5511311367
lythrum_portula_183.jpeg,https://inaturalist-open-data.s3.amazonaws.com/photos/482274512/medium.jpeg,cc-by-nc-sa,268311799,needs_id,44.2015138889,-123.2988666667
lythrum_portula_184.jpg,https://inaturalist-open-data.s3.amazonaws.com/photos/481438661/medium.jpg,cc-by-nc,267871009,research,42.815286,-8.6099219833
lythrum_portula_185.jpg,https://inaturalist-open-data.s3.amazonaws.com/photos/481438665/medium.jpg,cc-by-nc,267871009,research,42.815286,-8.6099219833
lythrum_portula_186.jpg,https://inaturalist-open-data.s3.amazonaws.com/photos/481438666/medium.jpg,cc-by-nc,267871009,research,42.815286,-8.6099219833
lythrum_portula_187.jpeg,https://inaturalist-open-data.s3.amazonaws.com/photos/481191182/medium.jpeg,cc-by-nc,267743188,needs_id,57.2126254226,41.9207623699
lythrum_portula_188.jpg,https://inaturalist-open-data.s3.amazonaws.com/photos/479603916/medium.jpg,cc-by-nc,266913731,needs_id,45.9940633333,3.0833888333
lythrum_portula_189.jpeg,https://inaturalist-open-data.s3.amazonaws.com/photos/478838275/medium.jpeg,cc-by-sa,266502305,research,-41.2118029382,174.9736396282
lythrum_portula_190.jpg,https://inaturalist-open-data.s3.amazonaws.com/photos/478333015/medium.jpg,cc-by-nc,266236737,research,51.5486817731,15.7984
lythrum_portula_191.jpg,https://inaturalist-open-data.s3.amazonaws.com/photos/478098607/medium.jpg,cc-by-nc,266114452,research,51.6064392733,14.9989640451
lythrum_portula_192.jpg,https://inaturalist-open-data.s3.amazonaws.com/photos/477907446/medium.jpg,cc-by-nc,266013584,research,48.5850818839,0.973690689
lythrum_portula_193.jpeg,https://inaturalist-open-data.s3.amazonaws.com/photos/474399814/medium.jpeg,cc-by-nc,264017832,needs_id,50.0124895795,16.9355982177
lythrum_portula_194.jpeg,https://inaturalist-open-data.s3.amazonaws.com/photos/474399817/medium.jpeg,cc-by-nc,264017832,needs_id,50.0124895795,16.9355982177
lythrum_portula_195.jpeg,https://inaturalist-open-data.s3.amazonaws.com/photos/473778786/medium.jpeg,cc0,263700289,needs_id,52.7140799493,0.518659763
lythrum_portula_196.jpeg,https://inaturalist-open-data.s3.amazonaws.com/photos/473776229/medium.jpeg,cc0,263700289,needs_id,52.7140799493,0.518659763
lythrum_portula_197.jpeg,https://inaturalist-open-data.s3.amazonaws.com/photos/473778805/medium.jpeg,cc0,263700289,needs_id,52.7140799493,0.518659763
lythrum_portula_198.jpg,https://inaturalist-open-data.s3.amazonaws.com/photos/471573383/medium.jpg,cc-by-nc,262537918,needs_id,49.6516283333,6.0225528333
lythrum_portula_199.jpg,https://inaturalist-open-data.s3.amazonaws.com/photos/471573393/medium.jpg,cc-by-nc,262537918,needs_id,49.6516283333,6.0225528333
lythrum_portula_200.jpg,https://inaturalist-open-data.s3.amazonaws.com/photos/471573402/medium.jpg,cc-by-nc,262537918,needs_id,49.6516283333,6.0225528333
lythrum_portula_201.jpg,https://inaturalist-open-data.s3.amazonaws.com/photos/471573411/medium.jpg,cc-by-nc,262537918,needs_id,49.6516283333,6.0225528333
lythrum_portula_202.jpg,https://inaturalist-open-data.s3.amazonaws.com/photos/471573417/medium.jpg,cc-by-nc,262537918,needs_id,49.6516283333,6.0225528333
lythrum_portula_203.jpg,https://inaturalist-open-data.s3.amazonaws.com/photos/471573426/medium.jpg,cc-by-nc,262537918,needs_id,49.6516283333,6.0225528333
lythrum_portula_204.jpg,https://inaturalist-open-data.s3.amazonaws.com/photos/471573437/medium.jpg,cc-by-nc,262537918,needs_id,49.6516283333,6.0225528333
lythrum_portula_205.jpg,https://inaturalist-open-data.s3.amazonaws.com/photos/471573447/medium.jpg,cc-by-nc,262537918,needs_id,49.6516283333,6.0225528333
lythrum_portula_206.jpg,https://inaturalist-open-data.s3.amazonaws.com/photos/471441404/medium.jpg,cc-by-nc,262428147,needs_id,29.4639550022,-98.4828866667
lythrum_portula_207.jpg,https://inaturalist-open-data.s3.amazonaws.com/photos/471441415/medium.jpg,cc-by-nc,262428147,needs_id,29.4639550022,-98.4828866667
lythrum_portula_208.jpg,https://inaturalist-open-data.s3.amazonaws.com/photos/471441424/medium.jpg,cc-by-nc,262428147,needs_id,29.4639550022,-98.4828866667
lythrum_portula_209.jpg,https://inaturalist-open-data.s3.amazonaws.com/photos/470282123/medium.jpg,cc-by-nc,261736648,needs_id,46.0333721667,3.0721
lythrum_portula_210.jpg,https://inaturalist-open-data.s3.amazonaws.com/photos/470282137/medium.jpg,cc-by-nc,261736648,needs_id,46.0333721667,3.0721
lythrum_portula_211.jpeg,https://inaturalist-open-data.s3.amazonaws.com/photos/469658903/medium.jpeg,cc-by-nc,261424035,research,46.7475931275,3.2459595538
lythrum_portula_212.jpeg,https://inaturalist-open-data.s3.amazonaws.com/photos/469658914/medium.jpeg,cc-by-nc,261424035,research,46.7475931275,3.2459595538
lythrum_portula_213.jpeg,https://inaturalist-open-data.s3.amazonaws.com/photos/469658916/medium.jpeg,cc-by-nc,261424035,research,46.7475931275,3.2459595538
lythrum_portula_214.jpeg,https://inaturalist-open-data.s3.amazonaws.com/photos/469658897/medium.jpeg,cc-by-nc,261424034,research,46.7475931275,3.2459595538
lythrum_portula_215.jpeg,https://inaturalist-open-data.s3.amazonaws.com/photos/469658900/medium.jpeg,cc-by-nc,261424034,research,46.7475931275,3.2459595538
lythrum_portula_216.jpeg,https://inaturalist-open-data.s3.amazonaws.com/photos/469164940/medium.jpeg,cc-by-nc,261176520,research,48.067902,26.183648
lythrum_portula_217.jpeg,https://inaturalist-open-data.s3.amazonaws.com/photos/469165696/medium.jpeg,cc-by-nc,261176520,research,48.067902,26.183648
lythrum_portula_218.jpeg,https://inaturalist-open-data.s3.amazonaws.com/photos/469165698/medium.jpeg,cc-by-nc,261176520,research,48.067902,26.183648
lythrum_portula_219.jpeg,https://inaturalist-open-data.s3.amazonaws.com/photos/469165704/medium.jpeg,cc-by-nc,261176520,research,48.067902,26.183648
lythrum_portula_220.jpeg,https://inaturalist-open-data.s3.amazonaws.com/photos/468867783/medium.jpeg,cc-by-nc,261026226,research,58.7493316667,46.7792283333
lythrum_portula_221.jpeg,https://inaturalist-open-data.s3.amazonaws.com/photos/464535118/medium.jpeg,cc-by-nc,258858408,needs_id,54.7145871331,-6.8721406014
lythrum_portula_222.jpg,https://inaturalist-open-data.s3.amazonaws.com/photos/463573979/medium.jpg,cc-by-nc,258387112,needs_id,40.4638485996,-7.6592969863
lythrum_portula_223.jpg,https://inaturalist-open-data.s3.amazonaws.com/photos/463574036/medium.jpg,cc-by-nc,258387112,needs_id,40.4638485996,-7.6592969863
lythrum_portula_224.jpg,https://inaturalist-open-data.s3.amazonaws.com/photos/463574050/medium.jpg,cc-by-nc,258387112,needs_id,40.4638485996,-7.6592969863
lythrum_portula_225.jpeg,https://inaturalist-open-data.s3.amazonaws.com/photos/463521496/medium.jpeg,cc-by-nc,258360666,research,40.4655466667,-7.6654066667
lythrum_portula_226.png,https://inaturalist-open-data.s3.amazonaws.com/photos/462779287/medium.png,cc-by-nc,258017104,research,50.6631362975,-2.0781824241
lythrum_portula_227.jpg,https://inaturalist-open-data.s3.amazonaws.com/photos/462852985/medium.jpg,cc-by-nc,258013852,research,51.6988490652,14.7218153762
lythrum_portula_228.jpg,https://inaturalist-open-data.s3.amazonaws.com/photos/462057842/medium.jpg,cc-by-nc,257558252,research,55.6977333333,39.3570983333
lythrum_portula_229.jpg,https://inaturalist-open-data.s3.amazonaws.com/photos/462057833/medium.jpg,cc-by-nc,257558252,research,55.6977333333,39.3570983333
lythrum_portula_230.jpg,https://inaturalist-open-data.s3.amazonaws.com/photos/462057849/medium.jpg,cc-by-nc,257558252,research,55.6977333333,39.3570983333
lythrum_portula_231.jpg,https://inaturalist-open-data.s3.amazonaws.com/photos/462057835/medium.jpg,cc-by-nc,257558252,research,55.6977333333,39.3570983333
lythrum_portula_232.jpg,https://inaturalist-open-data.s3.amazonaws.com/photos/462057803/medium.jpg,cc-by-nc,257558248,research,55.6977016667,39.35691
lythrum_portula_233.jpg,https://inaturalist-open-data.s3.amazonaws.com/photos/462057792/medium.jpg,cc-by-nc,257558248,research,55.6977016667,39.35691
lythrum_portula_234.jpg,https://inaturalist-open-data.s3.amazonaws.com/photos/462057788/medium.jpg,cc-by-nc,257558248,research,55.6977016667,39.35691
lythrum_portula_235.jpg,https://inaturalist-open-data.s3.amazonaws.com/photos/462057804/medium.jpg,cc-by-nc,257558248,research,55.6977016667,39.35691
lythrum_portula_236.jpg,https://inaturalist-open-data.s3.amazonaws.com/photos/462057812/medium.jpg,cc-by-nc,257558248,research,55.6977016667,39.35691
lythrum_portula_237.jpg,https://inaturalist-open-data.s3.amazonaws.com/photos/461819175/medium.jpg,cc-by-nc,257442880,research,54.810495,37.3496816667
lythrum_portula_238.jpg,https://inaturalist-open-data.s3.amazonaws.com/photos/461819147/medium.jpg,cc-by-nc,257442880,research,54.810495,37.3496816667
lythrum_portula_239.jpg,https://inaturalist-open-data.s3.amazonaws.com/photos/461819045/medium.jpg,cc-by-nc,257442875,research,54.8114838349,37.3541430406
lythrum_portula_240.jpg,https://inaturalist-open-data.s3.amazonaws.com/photos/461819040/medium.jpg,cc-by-nc,257442875,research,54.8114838349,37.3541430406
lythrum_portula_241.jpg,https://inaturalist-open-data.s3.amazonaws.com/photos/461819065/medium.jpg,cc-by-nc,257442875,research,54.8114838349,37.3541430406
lythrum_portula_242.jpg,https://inaturalist-open-data.s3.amazonaws.com/photos/461819078/medium.jpg,cc-by-nc,257442875,research,54.8114838349,37.3541430406
lythrum_portula_243.jpeg,https://inaturalist-open-data.s3.amazonaws.com/photos/461410458/medium.jpeg,cc-by-nc,257237875,needs_id,49.4736111111,8.8352777778
lythrum_portula_244.jpeg,https://inaturalist-open-data.s3.amazonaws.com/photos/461192762/medium.jpeg,cc-by-nc,257129658,research,51.2982336889,13.7742430222
lythrum_portula_245.jpeg,https://inaturalist-open-data.s3.amazonaws.com/photos/461085397/medium.jpeg,cc-by-nc,257076023,research,49.3156384997,-122.8018255
lythrum_portula_246.jpeg,https://inaturalist-open-data.s3.amazonaws.com/photos/461085412/medium.jpeg,cc-by-nc,257076023,research,49.3156384997,-122.8018255
lythrum_portula_247.jpg,https://inaturalist-open-data.s3.amazonaws.com/photos/460975077/medium.jpg,cc-by-nc,257023044,research,51.801444,15.008583
lythrum_portula_248.jpg,https://inaturalist-open-data.s3.amazonaws.com/photos/460968840/medium.jpg,cc-by-nc,257020000,research,51.8184183333,14.93821
lythrum_portula_249.jpg,https://inaturalist-open-data.s3.amazonaws.com/photos/460967629/medium.jpg,cc-by-nc,257019441,research,51.8025766667,14.9673816667
lythrum_portula_250.jpg,https://inaturalist-open-data.s3.amazonaws.com/photos/460968015/medium.jpg,cc-by-nc,257019441,research,51.8025766667,14.9673816667
lythrum_portula_251.jpg,https://inaturalist-open-data.s3.amazonaws.com/photos/460961770/medium.jpg,cc-by-nc,257017826,research,51.822485,14.9569983333
lythrum_portula_252.jpg,https://inaturalist-open-data.s3.amazonaws.com/photos/460965375/medium.jpg,cc-by-nc,257017826,research,51.822485,14.9569983333
lythrum_portula_253.jpeg,https://inaturalist-open-data.s3.amazonaws.com/photos/460248031/medium.jpeg,cc-by,256669312,needs_id,51.02357124,5.59498899
lythrum_portula_254.jpg,https://inaturalist-open-data.s3.amazonaws.com/photos/460168381/medium.jpg,cc-by,256627629,research,51.13364,0.231642
lythrum_portula_255.jpeg,https://inaturalist-open-data.s3.amazonaws.com/photos/459760591/medium.jpeg,cc-by-nc,256428407,research,43.034259054,-1.2057019025
lythrum_portula_256.jpeg,https://inaturalist-open-data.s3.amazonaws.com/photos/459760606/medium.jpeg,cc-by-nc,256428407,research,43.034259054,-1.2057019025
lythrum_portula_257.jpg,https://inaturalist-open-data.s3.amazonaws.com/photos/459638426/medium.jpg,cc-by-nc,256369600,needs_id,49.5785233333,9.1418883333
lythrum_portula_258.jpeg,https://inaturalist-open-data.s3.amazonaws.com/photos/459413929/medium.jpeg,cc-by-nc,256257488,needs_id,40.3195360252,-7.6151186228
lythrum_portula_259.jpeg,https://inaturalist-open-data.s3.amazonaws.com/photos/459413939/medium.jpeg,cc-by-nc,256257488,needs_id,40.3195360252,-7.6151186228
lythrum_portula_260.jpeg,https://inaturalist-open-data.s3.amazonaws.com/photos/459413945/medium.jpeg,cc-by-nc,256257488,needs_id,40.3195360252,-7.6151186228
lythrum_portula_261.jpg,https://inaturalist-open-data.s3.amazonaws.com/photos/459321037/medium.jpg,cc-by,256214131,research,55.696389,39.4037409722
lythrum_portula_262.jpeg,https://inaturalist-open-data.s3.amazonaws.com/photos/459300314/medium.jpeg,cc-by-nc,256204200,needs_id,43.0357321441,-1.2207735702
lythrum_portula_263.jpg,https://inaturalist-open-data.s3.amazonaws.com/photos/459053099/medium.jpg,cc-by,256082697,research,53.5960458692,-9.4606466403
lythrum_portula_264.jpg,https://inaturalist-open-data.s3.amazonaws.com/photos/459053161/medium.jpg,cc-by,256082697,research,53.5960458692,-9.4606466403
lythrum_portula_265.jpg,https://inaturalist-open-data.s3.amazonaws.com/photos/459053128/medium.jpg,cc-by,256082697,research,53.5960458692,-9.4606466403
lythrum_portula_266.jpeg,https://inaturalist-open-data.s3.amazonaws.com/photos/458470754/medium.jpeg,cc-by-nc,255789314,research,53.8882989393,9.5013199924
lythrum_portula_267.jpeg,https://inaturalist-open-data.s3.amazonaws.com/photos/458081107/medium.jpeg,cc-by-nc,255599343,research,54.3498325525,13.5521733998
lythrum_portula_268.jpeg,https://inaturalist-open-data.s3.amazonaws.com/photos/458081111/medium.jpeg,cc-by-nc,255599343,research,54.3498325525,13.5521733998
lythrum_portula_269.jpeg,https://inaturalist-open-data.s3.amazonaws.com/photos/458081115/medium.jpeg,cc-by-nc,255599343,research,54.3498325525,13.5521733998
lythrum_portula_270.jpeg,https://inaturalist-open-data.s3.amazonaws.com/photos/458081148/medium.jpeg,cc-by-nc,255599343,research,54.3498325525,13.5521733998
lythrum_portula_271.jpg,https://inaturalist-open-data.s3.amazonaws.com/photos/456800528/medium.jpg,cc-by-nc,254958940,needs_id,-43.4872866667,172.6941383333
lythrum_portula_272.jpg,https://inaturalist-open-data.s3.amazonaws.com/photos/456800513/medium.jpg,cc-by-nc,254958937,needs_id,-43.4871966667,172.6941083333
lythrum_portula_273.jpeg,https://inaturalist-open-data.s3.amazonaws.com/photos/456362225/medium.jpeg,cc-by-nc,254743423,needs_id,49.65184867,9.3157625201
lythrum_portula_274.jpeg,https://inaturalist-open-data.s3.amazonaws.com/photos/456290477/medium.jpeg,cc-by-nc,254707187,research,49.9469528197,8.9682617186
lythrum_portula_275.jpeg,https://inaturalist-open-data.s3.amazonaws.com/photos/456110509/medium.jpeg,cc-by-nc,254619693,casual,50.82207,-0.1087216667
lythrum_portula_276.jpeg,https://inaturalist-open-data.s3.amazonaws.com/photos/456110516/medium.jpeg,cc-by-nc,254619693,casual,50.82207,-0.1087216667
lythrum_portula_277.jpeg,https://inaturalist-open-data.s3.amazonaws.com/photos/455544440/medium.jpeg,cc-by-nc,254337388,needs_id,41.9889371359,-8.1635197252
lythrum_portula_278.jpeg,https://inaturalist-open-data.s3.amazonaws.com/photos/455544470/medium.jpeg,cc-by-nc,254337388,needs_id,41.9889371359,-8.1635197252
lythrum_portula_279.jpeg,https://inaturalist-open-data.s3.amazonaws.com/photos/455544487/medium.jpeg,cc-by-nc,254337388,needs_id,41.9889371359,-8.1635197252
lythrum_portula_280.jpg,https://inaturalist-open-data.s3.amazonaws.com/photos/455064704/medium.jpg,cc-by-nc,254096965,research,47.5547221089,7.1291169544
lythrum_portula_281.jpg,https://inaturalist-open-data.s3.amazonaws.com/photos/454730724/medium.jpg,cc-by-nc,253927107,research,49.7750478,14.8103933
lythrum_portula_282.jpg,https://inaturalist-open-data.s3.amazonaws.com/photos/454730711/medium.jpg,cc-by-nc,253927107,research,49.7750478,14.8103933
lythrum_portula_283.jpg,https://inaturalist-open-data.s3.amazonaws.com/photos/454730725/medium.jpg,cc-by-nc,253927107,research,49.7750478,14.8103933
lythrum_portula_284.jpg,https://inaturalist-open-data.s3.amazonaws.com/photos/454730735/medium.jpg,cc-by-nc,253927107,research,49.7750478,14.8103933
lythrum_portula_285.jpg,https://inaturalist-open-data.s3.amazonaws.com/photos/454522774/medium.jpg,cc-by-nc,253807406,research,48.365,21.325
lythrum_portula_286.jpeg,https://inaturalist-open-data.s3.amazonaws.com/photos/453787857/medium.jpeg,cc-by-nc,253437192,research,48.286216,2.6646879722
lythrum_portula_287.jpeg,https://inaturalist-open-data.s3.amazonaws.com/photos/453810846/medium.jpeg,cc-by-nc,253437192,research,48.286216,2.6646879722
lythrum_portula_288.jpeg,https://inaturalist-open-data.s3.amazonaws.com/photos/453810900/medium.jpeg,cc-by-nc,253437192,research,48.286216,2.6646879722
lythrum_portula_289.jpeg,https://inaturalist-open-data.s3.amazonaws.com/photos/453810934/medium.jpeg,cc-by-nc,253437192,research,48.286216,2.6646879722
lythrum_portula_290.jpeg,https://inaturalist-open-data.s3.amazonaws.com/photos/453721142/medium.jpeg,cc-by-nc,253402691,research,42.6773862756,-8.3420887962
lythrum_portula_291.jpeg,https://inaturalist-open-data.s3.amazonaws.com/photos/453721164/medium.jpeg,cc-by-nc,253402691,research,42.6773862756,-8.3420887962
lythrum_portula_292.jpeg,https://inaturalist-open-data.s3.amazonaws.com/photos/453721186/medium.jpeg,cc-by-nc,253402691,research,42.6773862756,-8.3420887962
lythrum_portula_293.jpeg,https://inaturalist-open-data.s3.amazonaws.com/photos/453721204/medium.jpeg,cc-by-nc,253402691,research,42.6773862756,-8.3420887962
lythrum_portula_294.jpeg,https://inaturalist-open-data.s3.amazonaws.com/photos/452996380/medium.jpeg,cc-by-nc,253030833,research,51.85340245,14.97769714
lythrum_portula_295.jpeg,https://inaturalist-open-data.s3.amazonaws.com/photos/452996515/medium.jpeg,cc-by-nc,253030833,research,51.85340245,14.97769714
lythrum_portula_296.jpg,https://inaturalist-open-data.s3.amazonaws.com/photos/452107843/medium.jpg,cc-by-nc,252546029,research,60.014934075,30.0787167544
lythrum_portula_297.jpg,https://inaturalist-open-data.s3.amazonaws.com/photos/451767161/medium.jpg,cc-by-nc,252371829,research,47.006349135,17.9971592159
lythrum_portula_298.jpg,https://inaturalist-open-data.s3.amazonaws.com/photos/450016225/medium.jpg,cc-by-nc-sa,251498076,needs_id,40.1233176944,-8.3125581667
lythrum_portula_299.jpg,https://inaturalist-open-data.s3.amazonaws.com/photos/450016220/medium.jpg,cc-by-nc-sa,251498076,needs_id,40.1233176944,-8.3125581667
lythrum_portula_300.jpg,https://inaturalist-open-data.s3.amazonaws.com/photos/450016222/medium.jpg,cc-by-nc-sa,251498076,needs_id,40.1233176944,-8.3125581667
lythrum_portula_301.jpg,https://inaturalist-open-data.s3.amazonaws.com/photos/450016227/medium.jpg,cc-by-nc-sa,251498076,needs_id,40.1233176944,-8.3125581667
lythrum_portula_302.jpg,https://inaturalist-open-data.s3.amazonaws.com/photos/450016232/medium.jpg,cc-by-nc-sa,251498076,needs_id,40.1233176944,-8.3125581667
lythrum_portula_303.jpg,https://inaturalist-open-data.s3.amazonaws.com/photos/448785479/medium.jpg,cc-by-nc,250879871,research,45.7814,1.8586
lythrum_portula_304.jpg,https://inaturalist-open-data.s3.amazonaws.com/photos/448452718/medium.jpg,cc-by-nc,250714412,research,49.901220908,34.7672129667
lythrum_portula_305.jpg,https://inaturalist-open-data.s3.amazonaws.com/photos/448456193/medium.jpg,cc-by-nc,250714412,research,49.901220908,34.7672129667
lythrum_portula_306.jpg,https://inaturalist-open-data.s3.amazonaws.com/photos/448456224/medium.jpg,cc-by-nc,250714412,research,49.901220908,34.7672129667
lythrum_portula_307.jpg,https://inaturalist-open-data.s3.amazonaws.com/photos/448456226/medium.jpg,cc-by-nc,250714412,research,49.901220908,34.7672129667
lythrum_portula_308.jpg,https://inaturalist-open-data.s3.amazonaws.com/photos/448456249/medium.jpg,cc-by-nc,250714412,research,49.901220908,34.7672129667
lythrum_portula_309.jpg,https://inaturalist-open-data.s3.amazonaws.com/photos/448456256/medium.jpg,cc-by-nc,250714412,research,49.901220908,34.7672129667
lythrum_portula_310.jpeg,https://inaturalist-open-data.s3.amazonaws.com/photos/448320974/medium.jpeg,cc-by-nc,250647786,needs_id,40.24664377,-8.4201367153
lythrum_portula_311.jpg,https://inaturalist-open-data.s3.amazonaws.com/photos/447858918/medium.jpg,cc-by-nc,250417612,research,55.0114354099,37.86932214
lythrum_portula_312.jpg,https://inaturalist-open-data.s3.amazonaws.com/photos/447858949/medium.jpg,cc-by-nc,250417612,research,55.0114354099,37.86932214
lythrum_portula_313.jpeg,https://inaturalist-open-data.s3.amazonaws.com/photos/447605985/medium.jpeg,cc0,250291830,research,43.45531268,-7.86880037
lythrum_portula_314.jpeg,https://inaturalist-open-data.s3.amazonaws.com/photos/447606010/medium.jpeg,cc0,250291830,research,43.45531268,-7.86880037
lythrum_portula_315.jpeg,https://inaturalist-open-data.s3.amazonaws.com/photos/446644737/medium.jpeg,cc-by-nc,249814384,needs_id,47.9968671868,-122.0553683064
lythrum_portula_316.jpeg,https://inaturalist-open-data.s3.amazonaws.com/photos/446644753/medium.jpeg,cc-by-nc,249814384,needs_id,47.9968671868,-122.0553683064
lythrum_portula_317.jpeg,https://inaturalist-open-data.s3.amazonaws.com/photos/446644762/medium.jpeg,cc-by-nc,249814384,needs_id,47.9968671868,-122.0553683064
lythrum_portula_318.jpeg,https://inaturalist-open-data.s3.amazonaws.com/photos/446644779/medium.jpeg,cc-by-nc,249814384,needs_id,47.9968671868,-122.0553683064
lythrum_portula_319.jpeg,https://inaturalist-open-data.s3.amazonaws.com/photos/445147964/medium.jpeg,cc-by,249063274,research,55.1668011566,25.8367719501
lythrum_portula_320.jpeg,https://inaturalist-open-data.s3.amazonaws.com/photos/445148000/medium.jpeg,cc-by,249063274,research,55.1668011566,25.8367719501
lythrum_portula_321.jpeg,https://inaturalist-open-data.s3.amazonaws.com/photos/444583936/medium.jpeg,cc-by-nc,248780686,research,48.2310468,8.2245623997
lythrum_portula_322.jpg,https://inaturalist-open-data.s3.amazonaws.com/photos/444584303/medium.jpg,cc-by-nc,248780686,research,48.2310468,8.2245623997
lythrum_portula_323.jpg,https://inaturalist-open-data.s3.amazonaws.com/photos/444561420/medium.jpg,cc-by-nc,248770556,research,58.45832,39.984710835
lythrum_portula_324.jpg,https://inaturalist-open-data.s3.amazonaws.com/photos/444561453/medium.jpg,cc-by-nc,248770556,research,58.45832,39.984710835
lythrum_portula_325.jpg,https://inaturalist-open-data.s3.amazonaws.com/photos/444454659/medium.jpg,cc-by-nc,248711776,research,57.304194165,38.71763417
lythrum_portula_326.jpeg,https://inaturalist-open-data.s3.amazonaws.com/photos/444244388/medium.jpeg,cc-by-nc,248608203,needs_id,,
lythrum_portula_327.jpeg,https://inaturalist-open-data.s3.amazonaws.com/photos/444244356/medium.jpeg,cc-by-nc,248608203,needs_id,,
lythrum_portula_328.jpeg,https://inaturalist-open-data.s3.amazonaws.com/photos/444061552/medium.jpeg,cc-by-nc,248517975,research,55.6448198791,38.2180972183
lythrum_portula_329.jpeg,https://inaturalist-open-data.s3.amazonaws.com/photos/444061563/medium.jpeg,cc-by-nc,248517975,research,55.6448198791,38.2180972183
lythrum_portula_330.jpg,https://inaturalist-open-data.s3.amazonaws.com/photos/443980429/medium.jpg,cc-by,248476548,needs_id,47.3500973643,-2.2810088852
lythrum_portula_331.jpg,https://inaturalist-open-data.s3.amazonaws.com/photos/443980430/medium.jpg,cc-by,248476548,needs_id,47.3500973643,-2.2810088852
lythrum_portula_332.jpg,https://inaturalist-open-data.s3.amazonaws.com/photos/443980439/medium.jpg,cc-by,248476548,needs_id,47.3500973643,-2.2810088852
lythrum_portula_333.jpg,https://inaturalist-open-data.s3.amazonaws.com/photos/443980441/medium.jpg,cc-by,248476548,needs_id,47.3500973643,-2.2810088852
lythrum_portula_334.jpg,https://inaturalist-open-data.s3.amazonaws.com/photos/443481917/medium.jpg,cc-by-nc,248225327,research,42.0896749722,-7.7525979722
lythrum_portula_335.jpg,https://inaturalist-open-data.s3.amazonaws.com/photos/443481947/medium.jpg,cc-by-nc,248225327,research,42.0896749722,-7.7525979722
lythrum_portula_336.jpg,https://inaturalist-open-data.s3.amazonaws.com/photos/443481932/medium.jpg,cc-by-nc,248225327,research,42.0896749722,-7.7525979722
lythrum_portula_337.jpeg,https://inaturalist-open-data.s3.amazonaws.com/photos/442470148/medium.jpeg,cc-by-nc,247708845,needs_id,47.85942,-122.0771416667
lythrum_portula_338.jpeg,https://inaturalist-open-data.s3.amazonaws.com/photos/442470173/medium.jpeg,cc-by-nc,247708845,needs_id,47.85942,-122.0771416667
lythrum_portula_339.jpeg,https://inaturalist-open-data.s3.amazonaws.com/photos/442470187/medium.jpeg,cc-by-nc,247708845,needs_id,47.85942,-122.0771416667
lythrum_portula_340.jpg,https://inaturalist-open-data.s3.amazonaws.com/photos/441407435/medium.jpg,cc-by-nc,247181672,research,56.024142935,37.1551657529
lythrum_portula_341.jpg,https://inaturalist-open-data.s3.amazonaws.com/photos/441407459/medium.jpg,cc-by-nc,247181672,research,56.024142935,37.1551657529
lythrum_portula_342.jpeg,https://inaturalist-open-data.s3.amazonaws.com/photos/441386735/medium.jpeg,cc-by-nc,247170861,research,49.132198,-123.935898
lythrum_portula_343.jpeg,https://inaturalist-open-data.s3.amazonaws.com/photos/441386644/medium.jpeg,cc-by-nc,247170861,research,49.132198,-123.935898
lythrum_portula_344.jpg,https://inaturalist-open-data.s3.amazonaws.com/photos/440968155/medium.jpg,cc-by-nc,246958007,research,46.9651774667,15.3915757167
lythrum_portula_345.jpg,https://inaturalist-open-data.s3.amazonaws.com/photos/440968191/medium.jpg,cc-by-nc,246958007,research,46.9651774667,15.3915757167
lythrum_portula_346.jpg,https://inaturalist-open-data.s3.amazonaws.com/photos/440968203/medium.jpg,cc-by-nc,246958007,research,46.9651774667,15.3915757167
lythrum_portula_347.jpeg,https://inaturalist-open-data.s3.amazonaws.com/photos/440130725/medium.jpeg,cc-by-nc,246532430,research,54.0413843434,-1.003776639
lythrum_portula_348.jpeg,https://inaturalist-open-data.s3.amazonaws.com/photos/439643450/medium.jpeg,cc-by-nc,246284535,research,56.3782916667,43.9626466667
lythrum_portula_349.jpeg,https://inaturalist-open-data.s3.amazonaws.com/photos/439643545/medium.jpeg,cc-by-nc,246284535,research,56.3782916667,43.9626466667
lythrum_portula_350.jpeg,https://inaturalist-open-data.s3.amazonaws.com/photos/439394006/medium.jpeg,cc-by-nc,246160331,needs_id,48.0446904525,7.819446288
lythrum_portula_351.jpeg,https://inaturalist-open-data.s3.amazonaws.com/photos/439364672/medium.jpeg,cc-by-nc,246145000,needs_id,47.1070143215,16.1049552609
lythrum_portula_352.jpeg,https://inaturalist-open-data.s3.amazonaws.com/photos/439364698/medium.jpeg,cc-by-nc,246145000,needs_id,47.1070143215,16.1049552609
lythrum_portula_353.jpeg,https://inaturalist-open-data.s3.amazonaws.com/photos/439364825/medium.jpeg,cc-by-nc,246145000,needs_id,47.1070143215,16.1049552609
lythrum_portula_354.jpeg,https://inaturalist-open-data.s3.amazonaws.com/photos/439364719/medium.jpeg,cc-by-nc,246145000,needs_id,47.1070143215,16.1049552609
lythrum_portula_355.jpeg,https://inaturalist-open-data.s3.amazonaws.com/photos/439364745/medium.jpeg,cc-by-nc,246145000,needs_id,47.1070143215,16.1049552609
lythrum_portula_356.jpeg,https://inaturalist-open-data.s3.amazonaws.com/photos/439364778/medium.jpeg,cc-by-nc,246145000,needs_id,47.1070143215,16.1049552609
lythrum_portula_357.jpeg,https://inaturalist-open-data.s3.amazonaws.com/photos/439364803/medium.jpeg,cc-by-nc,246145000,needs_id,47.1070143215,16.1049552609
lythrum_portula_358.jpg,https://inaturalist-open-data.s3.amazonaws.com/photos/438854598/medium.jpg,cc-by-nc,245888070,research,55.7694816667,40.3196416667
lythrum_portula_359.jpeg,https://inaturalist-open-data.s3.amazonaws.com/photos/438660841/medium.jpeg,cc-by-nc,245791968,research,53.8798463339,34.1932655397
lythrum_portula_360.jpg,https://inaturalist-open-data.s3.amazonaws.com/photos/438661360/medium.jpg,cc-by,245788392,research,50.5700055556,8.7498777778
lythrum_portula_361.jpeg,https://inaturalist-open-data.s3.amazonaws.com/photos/438569130/medium.jpeg,cc-by-nc,245738809,needs_id,52.0132192431,5.9980364953
lythrum_portula_362.jpg,https://inaturalist-open-data.s3.amazonaws.com/photos/438555661/medium.jpg,cc-by-nc,245733391,research,55.6722444444,36.705825
lythrum_portula_363.jpg,https://inaturalist-open-data.s3.amazonaws.com/photos/438555662/medium.jpg,cc-by-nc,245733391,research,55.6722444444,36.705825
lythrum_portula_364.jpg,https://inaturalist-open-data.s3.amazonaws.com/photos/438555677/medium.jpg,cc-by-nc,245733391,research,55.6722444444,36.705825
lythrum_portula_365.jpg,https://inaturalist-open-data.s3.amazonaws.com/photos/438555682/medium.jpg,cc-by-nc,245733391,research,55.6722444444,36.705825
lythrum_portula_366.jpg,https://inaturalist-open-data.s3.amazonaws.com/photos/438069403/medium.jpg,cc-by-nc,245489035,needs_id,49.349255,-122.615868
lythrum_portula_367.jpg,https://inaturalist-open-data.s3.amazonaws.com/photos/438069377/medium.jpg,cc-by-nc,245489035,needs_id,49.349255,-122.615868
lythrum_portula_368.jpeg,https://inaturalist-open-data.s3.amazonaws.com/photos/437977445/medium.jpeg,cc-by,245441295,research,57.1415778333,65.6905283333
lythrum_portula_369.jpeg,https://inaturalist-open-data.s3.amazonaws.com/photos/437977467/medium.jpeg,cc-by,245441295,research,57.1415778333,65.6905283333
lythrum_portula_370.jpeg,https://inaturalist-open-data.s3.amazonaws.com/photos/437977488/medium.jpeg,cc-by,245441295,research,57.1415778333,65.6905283333
lythrum_portula_371.jpeg,https://inaturalist-open-data.s3.amazonaws.com/photos/437977520/medium.jpeg,cc-by,245441295,research,57.1415778333,65.6905283333
lythrum_portula_372.jpeg,https://inaturalist-open-data.s3.amazonaws.com/photos/437888490/medium.jpeg,cc-by-nc,245394269,needs_id,49.3589666,16.8426866
lythrum_portula_373.jpeg,https://inaturalist-open-data.s3.amazonaws.com/photos/437827521/medium.jpeg,cc-by-nc,245362825,research,54.9973132003,46.7025349327
lythrum_portula_374.jpeg,https://inaturalist-open-data.s3.amazonaws.com/photos/437827523/medium.jpeg,cc-by-nc,245362825,research,54.9973132003,46.7025349327
lythrum_portula_375.jpeg,https://inaturalist-open-data.s3.amazonaws.com/photos/437356257/medium.jpeg,cc-by-nc,245127445,research,53.1865189881,-2.1120202551
lythrum_portula_376.jpeg,https://inaturalist-open-data.s3.amazonaws.com/photos/437356157/medium.jpeg,cc-by-nc,245127445,research,53.1865189881,-2.1120202551
lythrum_portula_377.jpeg,https://inaturalist-open-data.s3.amazonaws.com/photos/437184339/medium.jpeg,cc-by,245034126,research,50.8215302323,-1.5254837461
lythrum_portula_378.jpeg,https://inaturalist-open-data.s3.amazonaws.com/photos/437182313/medium.jpeg,cc-by,245033210,research,50.8556956134,-1.6050332847
lythrum_portula_379.jpeg,https://inaturalist-open-data.s3.amazonaws.com/photos/436985768/medium.jpeg,cc-by-nc,244932031,research,53.1869276502,-2.1117543037
lythrum_portula_380.jpeg,https://inaturalist-open-data.s3.amazonaws.com/photos/436985822/medium.jpeg,cc-by-nc,244932031,research,53.1869276502,-2.1117543037
lythrum_portula_381.jpeg,https://inaturalist-open-data.s3.amazonaws.com/photos/436985879/medium.jpeg,cc-by-nc,244932031,research,53.1869276502,-2.1117543037
lythrum_portula_382.jpeg,https://inaturalist-open-data.s3.amazonaws.com/photos/436855828/medium.jpeg,cc-by-nc,244863189,research,50.613660894,4.1836669864
lythrum_portula_383.jpeg,https://inaturalist-open-data.s3.amazonaws.com/photos/437001603/medium.jpeg,cc-by-nc,244863189,research,50.613660894,4.1836669864
lythrum_portula_384.jpeg,https://inaturalist-open-data.s3.amazonaws.com/photos/436667709/medium.jpeg,cc-by-nc,244772242,research,40.9463116667,-3.7875716667
lythrum_portula_385.jpeg,https://inaturalist-open-data.s3.amazonaws.com/photos/436667707/medium.jpeg,cc-by-nc,244772242,research,40.9463116667,-3.7875716667
lythrum_portula_386.jpeg,https://inaturalist-open-data.s3.amazonaws.com/photos/436667708/medium.jpeg,cc-by-nc,244772242,research,40.9463116667,-3.7875716667
lythrum_portula_387.jpeg,https://inaturalist-open-data.s3.amazonaws.com/photos/435103758/medium.jpeg,cc-by-nc,243962943,research,54.8832216667,43.61314
lythrum_portula_388.jpeg,https://inaturalist-open-data.s3.amazonaws.com/photos/435103416/medium.jpeg,cc-by-nc,243962727,research,54.879395,43.6138966667
lythrum_portula_389.jpeg,https://inaturalist-open-data.s3.amazonaws.com/photos/435093991/medium.jpeg,cc-by-nc,243957893,research,54.7329133333,43.1615666667
lythrum_portula_390.jpg,https://inaturalist-open-data.s3.amazonaws.com/photos/435084760/medium.jpg,cc-by-nc,243953408,research,56.0735472222,60.2032694444
lythrum_portula_391.jpg,https://inaturalist-open-data.s3.amazonaws.com/photos/435084773/medium.jpg,cc-by-nc,243953408,research,56.0735472222,60.2032694444
lythrum_portula_392.jpg,https://inaturalist-open-data.s3.amazonaws.com/photos/435084775/medium.jpg,cc-by-nc,243953408,research,56.0735472222,60.2032694444
lythrum_portula_393.jpg,https://inaturalist-open-data.s3.amazonaws.com/photos/435084785/medium.jpg,cc-by-nc,243953408,research,56.0735472222,60.2032694444
lythrum_portula_394.jpeg,https://inaturalist-open-data.s3.amazonaws.com/photos/435045112/medium.jpeg,cc-by-nc,243933208,research,54.7394316667,45.255655
lythrum_portula_395.jpg,https://inaturalist-open-data.s3.amazonaws.com/photos/435008233/medium.jpg,cc-by-nd,243914593,research,51.2697211771,5.4188725
lythrum_portula_396.jpeg,https://inaturalist-open-data.s3.amazonaws.com/photos/433968948/medium.jpeg,cc-by-nc,243377342,needs_id,53.7129827198,10.7306956433
lythrum_portula_397.jpeg,https://inaturalist-open-data.s3.amazonaws.com/photos/433345407/medium.jpeg,cc-by-nc,243045340,research,49.4403042,13.8856348
lythrum_portula_398.jpeg,https://inaturalist-open-data.s3.amazonaws.com/photos/433344157/medium.jpeg,cc-by-nc,243045315,research,49.5626922185,13.795458097
lythrum_portula_399.jpeg,https://inaturalist-open-data.s3.amazonaws.com/photos/433344082/medium.jpeg,cc-by-nc,243045315,research,49.5626922185,13.795458097
lythrum_portula_400.jpg,https://inaturalist-open-data.s3.amazonaws.com/photos/433116843/medium.jpg,cc-by-nc,242929626,research,55.554867,38.853873
lythrum_portula_401.jpeg,https://inaturalist-open-data.s3.amazonaws.com/photos/433107673/medium.jpeg,cc-by-nc,242924304,research,54.0415218462,-1.0039154912
lythrum_portula_402.jpeg,https://inaturalist-open-data.s3.amazonaws.com/photos/432947094/medium.jpeg,cc-by-nc,242836773,research,53.136315,34.9172733333
lythrum_portula_403.jpeg,https://inaturalist-open-data.s3.amazonaws.com/photos/432947093/medium.jpeg,cc-by-nc,242836773,research,53.136315,34.9172733333
lythrum_portula_404.jpeg,https://inaturalist-open-data.s3.amazonaws.com/photos/432947068/medium.jpeg,cc-by-nc,242836773,research,53.136315,34.9172733333
lythrum_portula_405.jpeg,https://inaturalist-open-data.s3.amazonaws.com/photos/432947128/medium.jpeg,cc-by-nc,242836773,research,53.136315,34.9172733333
lythrum_portula_406.jpeg,https://inaturalist-open-data.s3.amazonaws.com/photos/432918986/medium.jpeg,cc-by-nc,242819137,needs_id,-43.5783577008,172.3672921211
lythrum_portula_407.jpeg,https://inaturalist-open-data.s3.amazonaws.com/photos/432919045/medium.jpeg,cc-by-nc,242819137,needs_id,-43.5783577008,172.3672921211
lythrum_portula_408.jpg,https://inaturalist-open-data.s3.amazonaws.com/photos/432540257/medium.jpg,cc-by-nc-nd,242621210,needs_id,44.0457704066,-123.2481479505
lythrum_portula_409.jpg,https://inaturalist-open-data.s3.amazonaws.com/photos/432541252/medium.jpg,cc-by-nc-nd,242621210,needs_id,44.0457704066,-123.2481479505
lythrum_portula_410.jpeg,https://inaturalist-open-data.s3.amazonaws.com/photos/432245755/medium.jpeg,cc-by-nc,242459507,research,52.2740903997,10.5834656997
lythrum_portula_411.jpeg,https://inaturalist-open-data.s3.amazonaws.com/photos/431705064/medium.jpeg,cc-by-nc,242170030,needs_id,55.74873,-6.4625666667
lythrum_portula_412.jpeg,https://inaturalist-open-data.s3.amazonaws.com/photos/431343395/medium.jpeg,cc-by-nc,241983498,research,55.5983333333,36.7056111111
lythrum_portula_413.jpeg,https://inaturalist-open-data.s3.amazonaws.com/photos/431343630/medium.jpeg,cc-by-nc,241983498,research,55.5983333333,36.7056111111
lythrum_portula_414.jpeg,https://inaturalist-open-data.s3.amazonaws.com/photos/431343662/medium.jpeg,cc-by-nc,241983498,research,55.5983333333,36.7056111111
lythrum_portula_415.jpeg,https://inaturalist-open-data.s3.amazonaws.com/photos/430979440/medium.jpeg,cc-by-nc,241792094,needs_id,49.1881716667,-122.5883633333
lythrum_portula_416.jpeg,https://inaturalist-open-data.s3.amazonaws.com/photos/430817828/medium.jpeg,cc-by-nc,241711000,needs_id,49.2637078,-122.7080374
lythrum_portula_417.jpeg,https://inaturalist-open-data.s3.amazonaws.com/photos/430817858/medium.jpeg,cc-by-nc,241711000,needs_id,49.2637078,-122.7080374
lythrum_portula_418.jpeg,https://inaturalist-open-data.s3.amazonaws.com/photos/430180685/medium.jpeg,cc-by-nc,241378000,needs_id,49.1317503046,-123.9456146313
lythrum_portula_419.jpeg,https://inaturalist-open-data.s3.amazonaws.com/photos/430180729/medium.jpeg,cc-by-nc,241378000,needs_id,49.1317503046,-123.9456146313
lythrum_portula_420.jpeg,https://inaturalist-open-data.s3.amazonaws.com/photos/430175763/medium.jpeg,cc-by-nc,241375734,needs_id,49.1325155483,-123.944139437
lythrum_portula_421.jpeg,https://inaturalist-open-data.s3.amazonaws.com/photos/430175759/medium.jpeg,cc-by-nc,241375734,needs_id,49.1325155483,-123.944139437
lythrum_portula_422.jpeg,https://inaturalist-open-data.s3.amazonaws.com/photos/430175903/medium.jpeg,cc-by-nc,241375734,needs_id,49.1325155483,-123.944139437
lythrum_portula_423.jpeg,https://inaturalist-open-data.s3.amazonaws.com/photos/430168518/medium.jpeg,cc-by-nc,241372445,needs_id,49.1324072065,-123.937721736
lythrum_portula_424.jpeg,https://inaturalist-open-data.s3.amazonaws.com/photos/430168542/medium.jpeg,cc-by-nc,241372445,needs_id,49.1324072065,-123.937721736
lythrum_portula_425.jpeg,https://inaturalist-open-data.s3.amazonaws.com/photos/430168710/medium.jpeg,cc-by-nc,241372445,needs_id,49.1324072065,-123.937721736
lythrum_portula_426.jpeg,https://inaturalist-open-data.s3.amazonaws.com/photos/430168590/medium.jpeg,cc-by-nc,241372445,needs_id,49.1324072065,-123.937721736
lythrum_portula_427.jpeg,https://inaturalist-open-data.s3.amazonaws.com/photos/429953852/medium.jpeg,cc-by-sa,241258006,needs_id,45.7469333658,8.9777146652
lythrum_portula_428.jpg,https://inaturalist-open-data.s3.amazonaws.com/photos/429905324/medium.jpg,cc-by-nc,241234020,research,50.5921635546,8.772348242
lythrum_portula_429.jpg,https://inaturalist-open-data.s3.amazonaws.com/photos/429905636/medium.jpg,cc-by-nc,241234020,research,50.5921635546,8.772348242
lythrum_portula_430.jpg,https://inaturalist-open-data.s3.amazonaws.com/photos/429905638/medium.jpg,cc-by-nc,241234020,research,50.5921635546,8.772348242
lythrum_portula_431.jpg,https://inaturalist-open-data.s3.amazonaws.com/photos/429905653/medium.jpg,cc-by-nc,241234020,research,50.5921635546,8.772348242
lythrum_portula_432.jpg,https://inaturalist-open-data.s3.amazonaws.com/photos/429905668/medium.jpg,cc-by-nc,241234020,research,50.5921635546,8.772348242
lythrum_portula_433.jpg,https://inaturalist-open-data.s3.amazonaws.com/photos/429905669/medium.jpg,cc-by-nc,241234020,research,50.5921635546,8.772348242
lythrum_portula_434.jpeg,https://inaturalist-open-data.s3.amazonaws.com/photos/429764038/medium.jpeg,cc-by-nc,241161923,research,53.05319857,11.39744913
lythrum_portula_435.jpeg,https://inaturalist-open-data.s3.amazonaws.com/photos/429751716/medium.jpeg,cc-by-nc,241154996,research,53.0514888889,11.4231777778
lythrum_portula_436.jpeg,https://inaturalist-open-data.s3.amazonaws.com/photos/429750027/medium.jpeg,cc-by-nc,241154070,research,53.0546861111,11.4034333333
lythrum_portula_437.jpeg,https://inaturalist-open-data.s3.amazonaws.com/photos/429582204/medium.jpeg,cc-by-nc,241065462,research,51.45868386,9.53468172
lythrum_portula_438.jpg,https://inaturalist-open-data.s3.amazonaws.com/photos/429562842/medium.jpg,cc-by-nc,241058286,research,55.624934,37.367052
lythrum_portula_439.jpg,https://inaturalist-open-data.s3.amazonaws.com/photos/429562873/medium.jpg,cc-by-nc,241058286,research,55.624934,37.367052
lythrum_portula_440.jpg,https://inaturalist-open-data.s3.amazonaws.com/photos/429562846/medium.jpg,cc-by-nc,241058286,research,55.624934,37.367052
lythrum_portula_441.jpeg,https://inaturalist-open-data.s3.amazonaws.com/photos/429456438/medium.jpeg,cc-by-nc,241002484,research,39.3206118,-120.3773396997
lythrum_portula_442.jpeg,https://inaturalist-open-data.s3.amazonaws.com/photos/429456492/medium.jpeg,cc-by-nc,241002484,research,39.3206118,-120.3773396997
lythrum_portula_443.jpeg,https://inaturalist-open-data.s3.amazonaws.com/photos/429110001/medium.jpeg,cc-by-nc,240823515,needs_id,43.0518857817,-2.7193069831
lythrum_portula_444.jpeg,https://inaturalist-open-data.s3.amazonaws.com/photos/429110035/medium.jpeg,cc-by-nc,240823515,needs_id,43.0518857817,-2.7193069831
lythrum_portula_445.jpeg,https://inaturalist-open-data.s3.amazonaws.com/photos/429110069/medium.jpeg,cc-by-nc,240823515,needs_id,43.0518857817,-2.7193069831
lythrum_portula_446.jpeg,https://inaturalist-open-data.s3.amazonaws.com/photos/429063796/medium.jpeg,cc-by,240799046,research,54.6129150278,20.5031242222
lythrum_portula_447.jpeg,https://inaturalist-open-data.s3.amazonaws.com/photos/429063847/medium.jpeg,cc-by,240799046,research,54.6129150278,20.5031242222
lythrum_portula_448.jpeg,https://inaturalist-open-data.s3.amazonaws.com/photos/429063893/medium.jpeg,cc-by,240799046,research,54.6129150278,20.5031242222
lythrum_portula_449.jpeg,https://inaturalist-open-data.s3.amazonaws.com/photos/429063949/medium.jpeg,cc-by,240799046,research,54.6129150278,20.5031242222
lythrum_portula_450.jpeg,https://inaturalist-open-data.s3.amazonaws.com/photos/429063994/medium.jpeg,cc-by,240799046,research,54.6129150278,20.5031242222
lythrum_portula_451.jpeg,https://inaturalist-open-data.s3.amazonaws.com/photos/429064049/medium.jpeg,cc-by,240799046,research,54.6129150278,20.5031242222
lythrum_portula_452.jpeg,https://inaturalist-open-data.s3.amazonaws.com/photos/429064087/medium.jpeg,cc-by,240799046,research,54.6129150278,20.5031242222
lythrum_portula_453.jpg,https://inaturalist-open-data.s3.amazonaws.com/photos/429060249/medium.jpg,cc-by-nc,240797348,research,42.909939,-8.409532
lythrum_portula_454.jpg,https://inaturalist-open-data.s3.amazonaws.com/photos/429060313/medium.jpg,cc-by-nc,240797348,research,42.909939,-8.409532
lythrum_portula_455.jpg,https://inaturalist-open-data.s3.amazonaws.com/photos/429060283/medium.jpg,cc-by-nc,240797348,research,42.909939,-8.409532
lythrum_portula_456.jpg,https://inaturalist-open-data.s3.amazonaws.com/photos/429060630/medium.jpg,cc-by-nc,240797348,research,42.909939,-8.409532
lythrum_portula_457.jpeg,https://inaturalist-open-data.s3.amazonaws.com/photos/428478079/medium.jpeg,cc-by-nc,240495685,research,50.1545234173,16.0585027188
lythrum_portula_458.jpeg,https://inaturalist-open-data.s3.amazonaws.com/photos/428478099/medium.jpeg,cc-by-nc,240495685,research,50.1545234173,16.0585027188
lythrum_portula_459.jpeg,https://inaturalist-open-data.s3.amazonaws.com/photos/428332093/medium.jpeg,cc-by-nc,240421723,research,47.5882311839,7.0850646598
lythrum_portula_460.jpg,https://inaturalist-open-data.s3.amazonaws.com/photos/428331524/medium.jpg,cc-by-nc,240421719,research,47.5243937885,7.1559534863
lythrum_portula_461.jpeg,https://inaturalist-open-data.s3.amazonaws.com/photos/428330154/medium.jpeg,cc-by-nc,240421712,research,47.5289678832,7.1573877047
lythrum_portula_462.jpeg,https://inaturalist-open-data.s3.amazonaws.com/photos/428319856/medium.jpeg,cc-by-nc,240415896,research,48.5264993628,7.9192808195
lythrum_portula_463.jpeg,https://inaturalist-open-data.s3.amazonaws.com/photos/428316803/medium.jpeg,cc-by-nc,240414585,research,48.5292266297,7.9075868194
lythrum_portula_464.jpeg,https://inaturalist-open-data.s3.amazonaws.com/photos/428254227/medium.jpeg,cc-by-nc,240381304,research,50.1545263,16.0584459997
lythrum_portula_465.jpeg,https://inaturalist-open-data.s3.amazonaws.com/photos/428254283/medium.jpeg,cc-by-nc,240381304,research,50.1545263,16.0584459997
lythrum_portula_466.jpg,https://inaturalist-open-data.s3.amazonaws.com/photos/428230239/medium.jpg,cc-by,240369438,research,51.4586861111,9.534625
lythrum_portula_467.jpeg,https://inaturalist-open-data.s3.amazonaws.com/photos/428208431/medium.jpeg,cc-by-nc,240357623,needs_id,49.0480555556,5.0583333333
lythrum_portula_468.jpeg,https://inaturalist-open-data.s3.amazonaws.com/photos/428208481/medium.jpeg,cc-by-nc,240357623,needs_id,49.0480555556,5.0583333333
lythrum_portula_469.jpeg,https://inaturalist-open-data.s3.amazonaws.com/photos/428208535/medium.jpeg,cc-by-nc,240357623,needs_id,49.0480555556,5.0583333333
lythrum_portula_470.jpeg,https://inaturalist-open-data.s3.amazonaws.com/photos/428208582/medium.jpeg,cc-by-nc,240357623,needs_id,49.0480555556,5.0583333333
lythrum_portula_471.jpeg,https://inaturalist-open-data.s3.amazonaws.com/photos/428198932/medium.jpeg,cc-by,240352251,research,55.3669963991,37.5989422375
lythrum_portula_472.jpeg,https://inaturalist-open-data.s3.amazonaws.com/photos/428175045/medium.jpeg,cc-by-nc,240338786,research,51.4586962353,9.5346613937
lythrum_portula_473.jpeg,https://inaturalist-open-data.s3.amazonaws.com/photos/428098923/medium.jpeg,cc-by-nc,240296361,needs_id,55.1667382997,22.2135315997
lythrum_portula_474.jpeg,https://inaturalist-open-data.s3.amazonaws.com/photos/428098973/medium.jpeg,cc-by-nc,240296361,needs_id,55.1667382997,22.2135315997
lythrum_portula_475.jpeg,https://inaturalist-open-data.s3.amazonaws.com/photos/428099017/medium.jpeg,cc-by-nc,240296361,needs_id,55.1667382997,22.2135315997
lythrum_portula_476.jpeg,https://inaturalist-open-data.s3.amazonaws.com/photos/428099066/medium.jpeg,cc-by-nc,240296361,needs_id,55.1667382997,22.2135315997
lythrum_portula_477.jpeg,https://inaturalist-open-data.s3.amazonaws.com/photos/428094412/medium.jpeg,cc-by-nc,240293960,research,47.6408248154,1.5073350817
lythrum_portula_478.jpeg,https://inaturalist-open-data.s3.amazonaws.com/photos/428094503/medium.jpeg,cc-by-nc,240293960,research,47.6408248154,1.5073350817
lythrum_portula_479.jpeg,https://inaturalist-open-data.s3.amazonaws.com/photos/428008623/medium.jpeg,cc-by,240251886,needs_id,45.4106104067,-122.6614016468
lythrum_portula_480.jpeg,https://inaturalist-open-data.s3.amazonaws.com/photos/428008627/medium.jpeg,cc-by,240251886,needs_id,45.4106104067,-122.6614016468
lythrum_portula_481.jpeg,https://inaturalist-open-data.s3.amazonaws.com/photos/428008647/medium.jpeg,cc-by,240251886,needs_id,45.4106104067,-122.6614016468
lythrum_portula_482.jpeg,https://inaturalist-open-data.s3.amazonaws.com/photos/427940603/medium.jpeg,cc-by-nc-sa,240221190,needs_id,42.7063866757,1.8216151435
lythrum_portula_483.jpeg,https://inaturalist-open-data.s3.amazonaws.com/photos/427940604/medium.jpeg,cc-by-nc-sa,240221190,needs_id,42.7063866757,1.8216151435
lythrum_portula_484.jpeg,https://inaturalist-open-data.s3.amazonaws.com/photos/427602090/medium.jpeg,cc-by-nc,240042110,research,54.7603533512,-2.4035100364
lythrum_portula_485.jpeg,https://inaturalist-open-data.s3.amazonaws.com/photos/427602244/medium.jpeg,cc-by-nc,240042110,research,54.7603533512,-2.4035100364
lythrum_portula_486.jpeg,https://inaturalist-open-data.s3.amazonaws.com/photos/427446935/medium.jpeg,cc-by-nc,239958481,research,51.77842232,29.78802529
lythrum_portula_487.jpeg,https://inaturalist-open-data.s3.amazonaws.com/photos/427446960/medium.jpeg,cc-by-nc,239958481,research,51.77842232,29.78802529
lythrum_portula_488.jpeg,https://inaturalist-open-data.s3.amazonaws.com/photos/427222946/medium.jpeg,cc-by-nc,239845691,research,58.0560722222,44.6041833333
lythrum_portula_489.jpeg,https://inaturalist-open-data.s3.amazonaws.com/photos/427222927/medium.jpeg,cc-by-nc,239845691,research,58.0560722222,44.6041833333
lythrum_portula_490.jpeg,https://inaturalist-open-data.s3.amazonaws.com/photos/427222920/medium.jpeg,cc-by-nc,239845691,research,58.0560722222,44.6041833333
lythrum_portula_491.jpeg,https://inaturalist-open-data.s3.amazonaws.com/photos/427188166/medium.jpeg,cc-by-nc,239825835,research,,
lythrum_portula_492.jpeg,https://inaturalist-open-data.s3.amazonaws.com/photos/427188233/medium.jpeg,cc-by-nc,239825835,research,,
lythrum_portula_493.jpeg,https://inaturalist-open-data.s3.amazonaws.com/photos/427188310/medium.jpeg,cc-by-nc,239825835,research,,
lythrum_portula_494.jpeg,https://inaturalist-open-data.s3.amazonaws.com/photos/427188397/medium.jpeg,cc-by-nc,239825835,research,,
lythrum_portula_495.jpeg,https://inaturalist-open-data.s3.amazonaws.com/photos/427188482/medium.jpeg,cc-by-nc,239825835,research,,
lythrum_portula_496.jpeg,https://inaturalist-open-data.s3.amazonaws.com/photos/427188597/medium.jpeg,cc-by-nc,239825835,research,,
lythrum_portula_497.jpeg,https://inaturalist-open-data.s3.amazonaws.com/photos/427188719/medium.jpeg,cc-by-nc,239825835,research,,
lythrum_portula_498.jpeg,https://inaturalist-open-data.s3.amazonaws.com/photos/427188799/medium.jpeg,cc-by-nc,239825835,research,,
lythrum_portula_499.jpeg,https://inaturalist-open-data.s3.amazonaws.com/photos/427082782/medium.jpeg,cc-by-nc,239767845,needs_id,56.928995,8.4141783333
lythrum_portula_500.jpeg,https://inaturalist-open-data.s3.amazonaws.com/photos/426571321/medium.jpeg,cc-by-nc,239506505,research,48.0387223019,7.7600855207
lythrum_portula_501.jpeg,https://inaturalist-open-data.s3.amazonaws.com/photos/426565212/medium.jpeg,cc-by-nc,239503159,research,48.0579892366,7.7954996913
lythrum_portula_502.jpeg,https://inaturalist-open-data.s3.amazonaws.com/photos/426562559/medium.jpeg,cc-by-nc,239503135,research,48.0234773838,7.7346804632
lythrum_portula_503.jpeg,https://inaturalist-open-data.s3.amazonaws.com/photos/426530668/medium.jpeg,cc-by-nc,239485377,research,48.0625207232,7.7411767397
lythrum_portula_504.jpeg,https://inaturalist-open-data.s3.amazonaws.com/photos/426360145/medium.jpeg,cc-by-nc,239394735,needs_id,47.1687775997,4.2067284
lythrum_portula_505.jpeg,https://inaturalist-open-data.s3.amazonaws.com/photos/426360174/medium.jpeg,cc-by-nc,239394735,needs_id,47.1687775997,4.2067284
lythrum_portula_506.jpeg,https://inaturalist-open-data.s3.amazonaws.com/photos/426360213/medium.jpeg,cc-by-nc,239394735,needs_id,47.1687775997,4.2067284
lythrum_portula_507.jpeg,https://inaturalist-open-data.s3.amazonaws.com/photos/426360237/medium.jpeg,cc-by-nc,239394735,needs_id,47.1687775997,4.2067284
lythrum_portula_508.jpeg,https://inaturalist-open-data.s3.amazonaws.com/photos/426295592/medium.jpeg,cc-by-nc,239361113,research,51.1574278333,-0.7081866667
lythrum_portula_509.jpeg,https://inaturalist-open-data.s3.amazonaws.com/photos/426745039/medium.jpeg,cc-by-nc,239361113,research,51.1574278333,-0.7081866667
lythrum_portula_510.jpg,https://inaturalist-open-data.s3.amazonaws.com/photos/426275543/medium.jpg,cc-by-nc,239350869,needs_id,54.6833982362,17.1458713961
lythrum_portula_511.jpeg,https://inaturalist-open-data.s3.amazonaws.com/photos/426080414/medium.jpeg,cc-by-nc,239254123,research,53.215715321,9.2429053411
lythrum_portula_512.jpeg,https://inaturalist-open-data.s3.amazonaws.com/photos/426080480/medium.jpeg,cc-by-nc,239254123,research,53.215715321,9.2429053411
lythrum_portula_513.jpeg,https://inaturalist-open-data.s3.amazonaws.com/photos/426080553/medium.jpeg,cc-by-nc,239254123,research,53.215715321,9.2429053411
lythrum_portula_514.jpeg,https://inaturalist-open-data.s3.amazonaws.com/photos/426053547/medium.jpeg,cc-by-nc,239241570,needs_id,48.0655904208,17.1703968245
lythrum_portula_515.jpeg,https://inaturalist-open-data.s3.amazonaws.com/photos/426047552/medium.jpeg,cc-by-nc,239237596,research,53.2156972222,9.2427666667
lythrum_portula_516.jpeg,https://inaturalist-open-data.s3.amazonaws.com/photos/426047628/medium.jpeg,cc-by-nc,239237596,research,53.2156972222,9.2427666667
lythrum_portula_517.jpg,https://inaturalist-open-data.s3.amazonaws.com/photos/425897240/medium.jpg,cc-by-nc,239158997,research,49.1130319722,9.043765
lythrum_portula_518.jpg,https://inaturalist-open-data.s3.amazonaws.com/photos/425897238/medium.jpg,cc-by-nc,239158997,research,49.1130319722,9.043765
lythrum_portula_519.jpg,https://inaturalist-open-data.s3.amazonaws.com/photos/425877910/medium.jpg,cc-by-nc-sa,239149267,needs_id,40.1571121111,-8.1778869444
lythrum_portula_520.jpg,https://inaturalist-open-data.s3.amazonaws.com/photos/425877889/medium.jpg,cc-by-nc-sa,239149267,needs_id,40.1571121111,-8.1778869444
lythrum_portula_521.jpg,https://inaturalist-open-data.s3.amazonaws.com/photos/425877923/medium.jpg,cc-by-nc-sa,239149267,needs_id,40.1571121111,-8.1778869444
lythrum_portula_522.jpg,https://inaturalist-open-data.s3.amazonaws.com/photos/425877938/medium.jpg,cc-by-nc-sa,239149267,needs_id,40.1571121111,-8.1778869444
lythrum_portula_523.jpg,https://inaturalist-open-data.s3.amazonaws.com/photos/425877947/medium.jpg,cc-by-nc-sa,239149267,needs_id,40.1571121111,-8.1778869444
lythrum_portula_524.jpg,https://inaturalist-open-data.s3.amazonaws.com/photos/425877961/medium.jpg,cc-by-nc-sa,239149267,needs_id,40.1571121111,-8.1778869444
lythrum_portula_525.jpeg,https://inaturalist-open-data.s3.amazonaws.com/photos/425600249/medium.jpeg,cc-by-nc,239008191,needs_id,45.39437181,-122.61245932
lythrum_portula_526.jpeg,https://inaturalist-open-data.s3.amazonaws.com/photos/425565692/medium.jpeg,cc-by-nc,238990703,needs_id,46.2262893402,6.0896139991
lythrum_portula_527.jpeg,https://inaturalist-open-data.s3.amazonaws.com/photos/425565739/medium.jpeg,cc-by-nc,238990703,needs_id,46.2262893402,6.0896139991
lythrum_portula_528.jpeg,https://inaturalist-open-data.s3.amazonaws.com/photos/425066153/medium.jpeg,cc-by,238730554,research,57.06830533,88.9398421
lythrum_portula_529.jpeg,https://inaturalist-open-data.s3.amazonaws.com/photos/424761318/medium.jpeg,cc-by-nc,238574372,research,50.5141355,-4.4541851
lythrum_portula_530.jpeg,https://inaturalist-open-data.s3.amazonaws.com/photos/424761343/medium.jpeg,cc-by-nc,238574372,research,50.5141355,-4.4541851
lythrum_portula_531.jpg,https://inaturalist-open-data.s3.amazonaws.com/photos/424242944/medium.jpg,cc-by-nc,238306938,research,58.3082716667,38.89343
lythrum_portula_532.jpg,https://inaturalist-open-data.s3.amazonaws.com/photos/424115024/medium.jpg,cc-by,238247950,research,50.8855716647,7.1434453936
lythrum_portula_533.jpeg,https://inaturalist-open-data.s3.amazonaws.com/photos/423871123/medium.jpeg,cc-by-nc,238115004,research,52.2688440372,9.256902395
lythrum_portula_534.jpeg,https://inaturalist-open-data.s3.amazonaws.com/photos/423738201/medium.jpeg,cc-by-nc,238044665,needs_id,40.8228396,-3.9534031997
lythrum_portula_535.jpeg,https://inaturalist-open-data.s3.amazonaws.com/photos/423121997/medium.jpeg,cc-by-nc,237728661,research,45.54395,-123.8599472222
lythrum_portula_536.jpeg,https://inaturalist-open-data.s3.amazonaws.com/photos/423122008/medium.jpeg,cc-by-nc,237728661,research,45.54395,-123.8599472222
lythrum_portula_537.jpeg,https://inaturalist-open-data.s3.amazonaws.com/photos/423122011/medium.jpeg,cc-by-nc,237728661,research,45.54395,-123.8599472222
lythrum_portula_538.jpeg,https://inaturalist-open-data.s3.amazonaws.com/photos/422921117/medium.jpeg,cc-by-nc,237620372,research,53.88968737,9.50096425
lythrum_portula_539.jpeg,https://inaturalist-open-data.s3.amazonaws.com/photos/422789229/medium.jpeg,cc0,237553294,casual,,
lythrum_portula_540.jpeg,https://inaturalist-open-data.s3.amazonaws.com/photos/422615986/medium.jpeg,cc-by-nc,237462422,needs_id,51.0052,-4.4418166667
lythrum_portula_541.jpeg,https://inaturalist-open-data.s3.amazonaws.com/photos/422593081/medium.jpeg,cc-by,237451428,research,50.92970638,5.38888592
lythrum_portula_542.jpeg,https://inaturalist-open-data.s3.amazonaws.com/photos/422566577/medium.jpeg,cc0,237435563,research,48.4899919354,7.8912965718
lythrum_portula_543.jpeg,https://inaturalist-open-data.s3.amazonaws.com/photos/422566595/medium.jpeg,cc0,237435563,research,48.4899919354,7.8912965718
lythrum_portula_544.jpeg,https://inaturalist-open-data.s3.amazonaws.com/photos/422381247/medium.jpeg,cc-by-nc,237342744,needs_id,52.0275295216,5.8104388776
lythrum_portula_545.jpeg,https://inaturalist-open-data.s3.amazonaws.com/photos/422381259/medium.jpeg,cc-by-nc,237342744,needs_id,52.0275295216,5.8104388776
lythrum_portula_546.jpeg,https://inaturalist-open-data.s3.amazonaws.com/photos/422271539/medium.jpeg,cc-by-nc,237283221,needs_id,51.9727949722,-4.8472989722
lythrum_portula_547.jpeg,https://inaturalist-open-data.s3.amazonaws.com/photos/422227726/medium.jpeg,cc-by-nc,237262581,needs_id,51.0587405535,-0.8837281913
lythrum_portula_548.jpeg,https://inaturalist-open-data.s3.amazonaws.com/photos/422227755/medium.jpeg,cc-by-nc,237262581,needs_id,51.0587405535,-0.8837281913
lythrum_portula_549.jpeg,https://inaturalist-open-data.s3.amazonaws.com/photos/422004573/medium.jpeg,cc-by-nc,237148301,research,50.8098749707,-1.4836153085
lythrum_portula_550.jpeg,https://inaturalist-open-data.s3.amazonaws.com/photos/421797824/medium.jpeg,cc-by-nc,237038716,needs_id,47.9548444444,-124.5488666667
lythrum_portula_551.jpeg,https://inaturalist-open-data.s3.amazonaws.com/photos/421797886/medium.jpeg,cc-by-nc,237038716,needs_id,47.9548444444,-124.5488666667
lythrum_portula_552.jpeg,https://inaturalist-open-data.s3.amazonaws.com/photos/421797855/medium.jpeg,cc-by-nc,237038716,needs_id,47.9548444444,-124.5488666667
lythrum_portula_553.jpeg,https://inaturalist-open-data.s3.amazonaws.com/photos/421797872/medium.jpeg,cc-by-nc,237038716,needs_id,47.9548444444,-124.5488666667
lythrum_portula_554.jpeg,https://inaturalist-open-data.s3.amazonaws.com/photos/421797894/medium.jpeg,cc-by-nc,237038716,needs_id,47.9548444444,-124.5488666667
lythrum_portula_555.jpeg,https://inaturalist-open-data.s3.amazonaws.com/photos/421677323/medium.jpeg,cc-by-nc-nd,236976876,needs_id,42.0764608313,-8.0410129797
lythrum_portula_556.jpeg,https://inaturalist-open-data.s3.amazonaws.com/photos/421677425/medium.jpeg,cc-by-nc-nd,236976876,needs_id,42.0764608313,-8.0410129797
lythrum_portula_557.jpeg,https://inaturalist-open-data.s3.amazonaws.com/photos/421677542/medium.jpeg,cc-by-nc-nd,236976876,needs_id,42.0764608313,-8.0410129797
lythrum_portula_558.jpeg,https://inaturalist-open-data.s3.amazonaws.com/photos/421677652/medium.jpeg,cc-by-nc-nd,236976876,needs_id,42.0764608313,-8.0410129797
lythrum_portula_559.jpeg,https://inaturalist-open-data.s3.amazonaws.com/photos/421634506/medium.jpeg,cc-by-nc,236955539,research,57.2384923641,41.9178184036
lythrum_portula_560.jpeg,https://inaturalist-open-data.s3.amazonaws.com/photos/421555419/medium.jpeg,cc-by-nc,236913415,needs_id,60.5225433333,22.223455
lythrum_portula_561.jpeg,https://inaturalist-open-data.s3.amazonaws.com/photos/421514330/medium.jpeg,cc-by-nc,236889760,research,51.853909758,0.9278351907
lythrum_portula_562.jpeg,https://inaturalist-open-data.s3.amazonaws.com/photos/421342331/medium.jpeg,cc0,236807319,research,51.1775204005,0.8144626993
lythrum_portula_563.jpg,https://inaturalist-open-data.s3.amazonaws.com/photos/421342177/medium.jpg,cc0,236807212,research,51.1775204005,0.8144626993
lythrum_portula_564.jpeg,https://inaturalist-open-data.s3.amazonaws.com/photos/421116136/medium.jpeg,cc-by-nc,236686593,research,52.97676446,-9.23539173
lythrum_portula_565.jpeg,https://inaturalist-open-data.s3.amazonaws.com/photos/420924273/medium.jpeg,cc-by-nc,236590019,research,49.6545333333,6.0202833333
lythrum_portula_566.jpeg,https://inaturalist-open-data.s3.amazonaws.com/photos/420924304/medium.jpeg,cc-by-nc,236590019,research,49.6545333333,6.0202833333
lythrum_portula_567.jpeg,https://inaturalist-open-data.s3.amazonaws.com/photos/420924346/medium.jpeg,cc-by-nc,236590019,research,49.6545333333,6.0202833333
lythrum_portula_568.jpeg,https://inaturalist-open-data.s3.amazonaws.com/photos/420924371/medium.jpeg,cc-by-nc,236590019,research,49.6545333333,6.0202833333
lythrum_portula_569.jpeg,https://inaturalist-open-data.s3.amazonaws.com/photos/420924394/medium.jpeg,cc-by-nc,236590019,research,49.6545333333,6.0202833333
lythrum_portula_570.jpeg,https://inaturalist-open-data.s3.amazonaws.com/photos/420834232/medium.jpeg,cc-by,236542713,needs_id,48.7583701944,2.584195475
lythrum_portula_571.jpeg,https://inaturalist-open-data.s3.amazonaws.com/photos/420834289/medium.jpeg,cc-by,236542713,needs_id,48.7583701944,2.584195475
lythrum_portula_572.jpeg,https://inaturalist-open-data.s3.amazonaws.com/photos/420804822/medium.jpeg,cc-by,236526612,research,54.0410733333,-1.00345
lythrum_portula_573.jpeg,https://inaturalist-open-data.s3.amazonaws.com/photos/420805014/medium.jpeg,cc-by,236526612,research,54.0410733333,-1.00345
lythrum_portula_574.jpeg,https://inaturalist-open-data.s3.amazonaws.com/photos/420761645/medium.jpeg,cc-by-nc,236503300,research,49.83921847,15.64382956
lythrum_portula_575.jpeg,https://inaturalist-open-data.s3.amazonaws.com/photos/420761686/medium.jpeg,cc-by-nc,236503300,research,49.83921847,15.64382956
lythrum_portula_576.jpg,https://inaturalist-open-data.s3.amazonaws.com/photos/420724098/medium.jpg,cc-by-nc,236501116,research,46.9652086349,15.3916978097
lythrum_portula_577.jpg,https://inaturalist-open-data.s3.amazonaws.com/photos/420724051/medium.jpg,cc-by-nc,236501116,research,46.9652086349,15.3916978097
lythrum_portula_578.jpg,https://inaturalist-open-data.s3.amazonaws.com/photos/420724066/medium.jpg,cc-by-nc,236501116,research,46.9652086349,15.3916978097
lythrum_portula_579.jpg,https://inaturalist-open-data.s3.amazonaws.com/photos/420724069/medium.jpg,cc-by-nc,236501116,research,46.9652086349,15.3916978097
lythrum_portula_580.jpeg,https://inaturalist-open-data.s3.amazonaws.com/photos/420417934/medium.jpeg,cc0,236323516,needs_id,51.1685708997,-0.7048466
lythrum_portula_581.jpeg,https://inaturalist-open-data.s3.amazonaws.com/photos/420329609/medium.jpeg,cc-by,236276423,research,55.8423843949,37.7251894907
lythrum_portula_582.jpeg,https://inaturalist-open-data.s3.amazonaws.com/photos/420329633/medium.jpeg,cc-by,236276423,research,55.8423843949,37.7251894907
lythrum_portula_583.jpeg,https://inaturalist-open-data.s3.amazonaws.com/photos/420261200/medium.jpeg,cc-by-nc,236238473,research,55.7287955177,37.3261731863
lythrum_portula_584.jpeg,https://inaturalist-open-data.s3.amazonaws.com/photos/420263850/medium.jpeg,cc-by-nc,236238473,research,55.7287955177,37.3261731863
lythrum_portula_585.jpeg,https://inaturalist-open-data.s3.amazonaws.com/photos/419740667/medium.jpeg,cc-by-nc,235972771,needs_id,55.8315623424,-3.4544262244
lythrum_portula_586.jpeg,https://inaturalist-open-data.s3.amazonaws.com/photos/419703703/medium.jpeg,cc-by-nc,235954337,needs_id,51.0053897091,-4.4415238872
lythrum_portula_587.jpg,https://inaturalist-open-data.s3.amazonaws.com/photos/419658233/medium.jpg,cc-by-nc,235930487,research,42.3399009722,-8.3343679722
lythrum_portula_588.jpg,https://inaturalist-open-data.s3.amazonaws.com/photos/419658372/medium.jpg,cc-by-nc,235930487,research,42.3399009722,-8.3343679722
lythrum_portula_589.jpg,https://inaturalist-open-data.s3.amazonaws.com/photos/419658295/medium.jpg,cc-by-nc,235930487,research,42.3399009722,-8.3343679722
lythrum_portula_590.jpg,https://inaturalist-open-data.s3.amazonaws.com/photos/419658329/medium.jpg,cc-by-nc,235930487,research,42.3399009722,-8.3343679722
lythrum_portula_591.jpeg,https://inaturalist-open-data.s3.amazonaws.com/photos/419383895/medium.jpeg,cc-by-nc,235792785,research,49.6983930158,-124.9969608081
lythrum_portula_592.jpeg,https://inaturalist-open-data.s3.amazonaws.com/photos/419303678/medium.jpeg,cc-by,235747714,research,50.7958777778,-1.6427638889
lythrum_portula_593.jpeg,https://inaturalist-open-data.s3.amazonaws.com/photos/419242181/medium.jpeg,cc-by-nc,235714731,needs_id,55.5830783333,8.4820033333
lythrum_portula_594.jpeg,https://inaturalist-open-data.s3.amazonaws.com/photos/419242721/medium.jpeg,cc-by-nc,235714731,needs_id,55.5830783333,8.4820033333
lythrum_portula_595.jpeg,https://inaturalist-open-data.s3.amazonaws.com/photos/419242734/medium.jpeg,cc-by-nc,235714731,needs_id,55.5830783333,8.4820033333
lythrum_portula_596.jpeg,https://inaturalist-open-data.s3.amazonaws.com/photos/418999772/medium.jpeg,cc-by-nc,235588159,needs_id,47.8507120656,-122.2611470148
lythrum_portula_597.jpeg,https://inaturalist-open-data.s3.amazonaws.com/photos/418999810/medium.jpeg,cc-by-nc,235588159,needs_id,47.8507120656,-122.2611470148
lythrum_portula_598.jpg,https://inaturalist-open-data.s3.amazonaws.com/photos/418895562/medium.jpg,cc-by-nc,235531844,research,46.903291,16.5395129722
lythrum_portula_599.jpeg,https://inaturalist-open-data.s3.amazonaws.com/photos/418840501/medium.jpeg,cc-by-nc,235502179,research,49.147125,19.0620633333
lythrum_portula_600.jpeg,https://inaturalist-open-data.s3.amazonaws.com/photos/418840513/medium.jpeg,cc-by-nc,235502179,research,49.147125,19.0620633333
lythrum_portula_601.jpeg,https://inaturalist-open-data.s3.amazonaws.com/photos/418840521/medium.jpeg,cc-by-nc,235502179,research,49.147125,19.0620633333
lythrum_portula_602.jpeg,https://inaturalist-open-data.s3.amazonaws.com/photos/418803831/medium.jpeg,cc-by-nc,235483506,research,57.83149,41.4720833333
lythrum_portula_603.jpeg,https://inaturalist-open-data.s3.amazonaws.com/photos/418803937/medium.jpeg,cc-by-nc,235483506,research,57.83149,41.4720833333
lythrum_portula_604.jpeg,https://inaturalist-open-data.s3.amazonaws.com/photos/418800676/medium.jpeg,cc-by-nc,235481972,research,56.3784416667,43.9622716667
lythrum_portula_605.jpeg,https://inaturalist-open-data.s3.amazonaws.com/photos/418800645/medium.jpeg,cc-by-nc,235481972,research,56.3784416667,43.9622716667
lythrum_portula_606.jpg,https://inaturalist-open-data.s3.amazonaws.com/photos/418746459/medium.jpg,cc-by-nc-nd,235455893,needs_id,44.743661408,-123.1450169539
lythrum_portula_607.jpg,https://inaturalist-open-data.s3.amazonaws.com/photos/418574633/medium.jpg,cc-by-nc,235375279,research,53.2237139,34.4338059
lythrum_portula_608.jpg,https://inaturalist-open-data.s3.amazonaws.com/photos/418574620/medium.jpg,cc-by-nc,235375279,research,53.2237139,34.4338059
lythrum_portula_609.jpg,https://inaturalist-open-data.s3.amazonaws.com/photos/418574713/medium.jpg,cc-by-nc,235375279,research,53.2237139,34.4338059
lythrum_portula_610.jpeg,https://inaturalist-open-data.s3.amazonaws.com/photos/418469380/medium.jpeg,cc-by-nc,235311473,research,59.1020139722,30.899027
lythrum_portula_611.jpeg,https://inaturalist-open-data.s3.amazonaws.com/photos/418469439/medium.jpeg,cc-by-nc,235311473,research,59.1020139722,30.899027
lythrum_portula_612.jpeg,https://inaturalist-open-data.s3.amazonaws.com/photos/418469474/medium.jpeg,cc-by-nc,235311473,research,59.1020139722,30.899027
lythrum_portula_613.jpeg,https://inaturalist-open-data.s3.amazonaws.com/photos/418469534/medium.jpeg,cc-by-nc,235311473,research,59.1020139722,30.899027
lythrum_portula_614.jpeg,https://inaturalist-open-data.s3.amazonaws.com/photos/418469590/medium.jpeg,cc-by-nc,235311473,research,59.1020139722,30.899027
lythrum_portula_615.jpg,https://inaturalist-open-data.s3.amazonaws.com/photos/418144837/medium.jpg,cc-by,235146653,research,50.4526777778,9.4208777778
lythrum_portula_616.jpeg,https://inaturalist-open-data.s3.amazonaws.com/photos/418084425/medium.jpeg,cc-by-nc,235113689,needs_id,51.60368,4.8722916667
lythrum_portula_617.jpeg,https://inaturalist-open-data.s3.amazonaws.com/photos/418084466/medium.jpeg,cc-by-nc,235113689,needs_id,51.60368,4.8722916667
lythrum_portula_618.jpeg,https://inaturalist-open-data.s3.amazonaws.com/photos/418084501/medium.jpeg,cc-by-nc,235113689,needs_id,51.60368,4.8722916667
lythrum_portula_619.jpeg,https://inaturalist-open-data.s3.amazonaws.com/photos/418084567/medium.jpeg,cc-by-nc,235113689,needs_id,51.60368,4.8722916667
lythrum_portula_620.jpeg,https://inaturalist-open-data.s3.amazonaws.com/photos/418084623/medium.jpeg,cc-by-nc,235113689,needs_id,51.60368,4.8722916667
lythrum_portula_621.jpeg,https://inaturalist-open-data.s3.amazonaws.com/photos/418084660/medium.jpeg,cc-by-nc,235113689,needs_id,51.60368,4.8722916667
lythrum_portula_622.jpeg,https://inaturalist-open-data.s3.amazonaws.com/photos/418084694/medium.jpeg,cc-by-nc,235113689,needs_id,51.60368,4.8722916667
lythrum_portula_623.jpeg,https://inaturalist-open-data.s3.amazonaws.com/photos/418084725/medium.jpeg,cc-by-nc,235113689,needs_id,51.60368,4.8722916667
lythrum_portula_624.jpeg,https://inaturalist-open-data.s3.amazonaws.com/photos/418048737/medium.jpeg,cc-by-sa,235097081,research,52.7214694444,7.2452638889
lythrum_portula_625.jpeg,https://inaturalist-open-data.s3.amazonaws.com/photos/418048768/medium.jpeg,cc-by-sa,235097081,research,52.7214694444,7.2452638889
lythrum_portula_626.jpeg,https://inaturalist-open-data.s3.amazonaws.com/photos/417991180/medium.jpeg,cc-by-nc,235065511,research,48.4850135052,2.6023602504
lythrum_portula_627.jpeg,https://inaturalist-open-data.s3.amazonaws.com/photos/417697014/medium.jpeg,cc-by-nc,234914119,research,48.8837434,13.9390897
lythrum_portula_628.jpeg,https://inaturalist-open-data.s3.amazonaws.com/photos/417628325/medium.jpeg,cc-by-nc,234877756,research,51.2574944444,6.1438194444
lythrum_portula_629.jpeg,https://inaturalist-open-data.s3.amazonaws.com/photos/417613201/medium.jpeg,cc-by-nc,234874897,research,45.2123727366,3.5807255681
lythrum_portula_630.jpeg,https://inaturalist-open-data.s3.amazonaws.com/photos/417613315/medium.jpeg,cc-by-nc,234874897,research,45.2123727366,3.5807255681
lythrum_portula_631.jpeg,https://inaturalist-open-data.s3.amazonaws.com/photos/418560638/medium.jpeg,cc-by-nc-nd,234824047,needs_id,52.7055333333,13.0674361667
lythrum_portula_632.jpeg,https://inaturalist-open-data.s3.amazonaws.com/photos/418560683/medium.jpeg,cc-by-nc-nd,234824047,needs_id,52.7055333333,13.0674361667
lythrum_portula_633.jpeg,https://inaturalist-open-data.s3.amazonaws.com/photos/417491537/medium.jpeg,cc-by-nc,234806500,research,57.968275,41.9370066667
lythrum_portula_634.jpeg,https://inaturalist-open-data.s3.amazonaws.com/photos/417491671/medium.jpeg,cc-by-nc,234806500,research,57.968275,41.9370066667
lythrum_portula_635.jpeg,https://inaturalist-open-data.s3.amazonaws.com/photos/417491673/medium.jpeg,cc-by-nc,234806500,research,57.968275,41.9370066667
lythrum_portula_636.jpeg,https://inaturalist-open-data.s3.amazonaws.com/photos/417408615/medium.jpeg,cc-by-nc,234764713,research,49.9387883333,6.0296833333
lythrum_portula_637.jpeg,https://inaturalist-open-data.s3.amazonaws.com/photos/417408589/medium.jpeg,cc-by-nc,234764713,research,49.9387883333,6.0296833333
lythrum_portula_638.jpeg,https://inaturalist-open-data.s3.amazonaws.com/photos/417408632/medium.jpeg,cc-by-nc,234764713,research,49.9387883333,6.0296833333
lythrum_portula_639.jpeg,https://inaturalist-open-data.s3.amazonaws.com/photos/417408654/medium.jpeg,cc-by-nc,234764713,research,49.9387883333,6.0296833333
lythrum_portula_640.jpeg,https://inaturalist-open-data.s3.amazonaws.com/photos/417408674/medium.jpeg,cc-by-nc,234764713,research,49.9387883333,6.0296833333
lythrum_portula_641.jpg,https://inaturalist-open-data.s3.amazonaws.com/photos/417158021/medium.jpg,cc-by-nc,234637067,research,51.103363,40.3417809722
lythrum_portula_642.jpg,https://inaturalist-open-data.s3.amazonaws.com/photos/417158028/medium.jpg,cc-by-nc,234637067,research,51.103363,40.3417809722
lythrum_portula_643.jpg,https://inaturalist-open-data.s3.amazonaws.com/photos/416599521/medium.jpg,cc-by-nc,234397894,research,50.945934,29.786916
lythrum_portula_644.jpg,https://inaturalist-open-data.s3.amazonaws.com/photos/416599508/medium.jpg,cc-by-nc,234397894,research,50.945934,29.786916
lythrum_portula_645.jpg,https://inaturalist-open-data.s3.amazonaws.com/photos/416597624/medium.jpg,cc-by-nc,234397514,research,50.941484,29.788599
lythrum_portula_646.jpg,https://inaturalist-open-data.s3.amazonaws.com/photos/416597622/medium.jpg,cc-by-nc,234397514,research,50.941484,29.788599
lythrum_portula_647.jpg,https://inaturalist-open-data.s3.amazonaws.com/photos/416597636/medium.jpg,cc-by-nc,234397514,research,50.941484,29.788599
lythrum_portula_648.jpg,https://inaturalist-open-data.s3.amazonaws.com/photos/416597665/medium.jpg,cc-by-nc,234397514,research,50.941484,29.788599
lythrum_portula_649.jpg,https://inaturalist-open-data.s3.amazonaws.com/photos/416597674/medium.jpg,cc-by-nc,234397514,research,50.941484,29.788599
lythrum_portula_650.jpg,https://inaturalist-open-data.s3.amazonaws.com/photos/416597682/medium.jpg,cc-by-nc,234397514,research,50.941484,29.788599
lythrum_portula_651.jpg,https://inaturalist-open-data.s3.amazonaws.com/photos/416597695/medium.jpg,cc-by-nc,234397514,research,50.941484,29.788599
lythrum_portula_652.jpeg,https://inaturalist-open-data.s3.amazonaws.com/photos/416046387/medium.jpeg,cc-by-nc,234061914,needs_id,43.8705866667,-122.519705
lythrum_portula_653.jpeg,https://inaturalist-open-data.s3.amazonaws.com/photos/416046455/medium.jpeg,cc-by-nc,234061914,needs_id,43.8705866667,-122.519705
lythrum_portula_654.jpeg,https://inaturalist-open-data.s3.amazonaws.com/photos/416047108/medium.jpeg,cc-by-nc,234061914,needs_id,43.8705866667,-122.519705
lythrum_portula_655.jpeg,https://inaturalist-open-data.s3.amazonaws.com/photos/416057892/medium.jpeg,cc-by-nc,234061914,needs_id,43.8705866667,-122.519705
lythrum_portula_656.jpeg,https://inaturalist-open-data.s3.amazonaws.com/photos/416057907/medium.jpeg,cc-by-nc,234061914,needs_id,43.8705866667,-122.519705
lythrum_portula_657.jpeg,https://inaturalist-open-data.s3.amazonaws.com/photos/416057925/medium.jpeg,cc-by-nc,234061914,needs_id,43.8705866667,-122.519705
lythrum_portula_658.jpeg,https://inaturalist-open-data.s3.amazonaws.com/photos/416057948/medium.jpeg,cc-by-nc,234061914,needs_id,43.8705866667,-122.519705
lythrum_portula_659.jpeg,https://inaturalist-open-data.s3.amazonaws.com/photos/415804869/medium.jpeg,cc-by-nc,233933450,needs_id,52.7897384763,6.3705417048
lythrum_portula_660.jpeg,https://inaturalist-open-data.s3.amazonaws.com/photos/415477537/medium.jpeg,cc-by-nc,233763626,research,51.0179971667,14.8385366667
lythrum_portula_661.jpeg,https://inaturalist-open-data.s3.amazonaws.com/photos/415477612/medium.jpeg,cc-by-nc,233763626,research,51.0179971667,14.8385366667
lythrum_portula_662.jpg,https://inaturalist-open-data.s3.amazonaws.com/photos/415357299/medium.jpg,cc-by-nc,233698900,research,56.4510157447,32.9678065405
lythrum_portula_663.jpeg,https://inaturalist-open-data.s3.amazonaws.com/photos/415336566/medium.jpeg,cc-by,233688113,research,51.4208423859,-0.3521072399
lythrum_portula_664.jpeg,https://inaturalist-open-data.s3.amazonaws.com/photos/415336584/medium.jpeg,cc-by,233688113,research,51.4208423859,-0.3521072399
lythrum_portula_665.jpeg,https://inaturalist-open-data.s3.amazonaws.com/photos/415336610/medium.jpeg,cc-by,233688113,research,51.4208423859,-0.3521072399
lythrum_portula_666.jpeg,https://inaturalist-open-data.s3.amazonaws.com/photos/415336642/medium.jpeg,cc-by,233688113,research,51.4208423859,-0.3521072399
lythrum_portula_667.jpeg,https://inaturalist-open-data.s3.amazonaws.com/photos/415142290/medium.jpeg,cc-by-nc,233588778,needs_id,55.8003966667,12.5468833333
lythrum_portula_668.jpeg,https://inaturalist-open-data.s3.amazonaws.com/photos/415142307/medium.jpeg,cc-by-nc,233588778,needs_id,55.8003966667,12.5468833333
lythrum_portula_669.jpg,https://inaturalist-open-data.s3.amazonaws.com/photos/414781394/medium.jpg,cc-by-nc-sa,233396336,research,45.4361271017,-122.6471020833
lythrum_portula_670.jpg,https://inaturalist-open-data.s3.amazonaws.com/photos/414781407/medium.jpg,cc-by-nc-sa,233396336,research,45.4361271017,-122.6471020833
lythrum_portula_671.jpg,https://inaturalist-open-data.s3.amazonaws.com/photos/414781396/medium.jpg,cc-by-nc-sa,233396336,research,45.4361271017,-122.6471020833
lythrum_portula_672.jpeg,https://inaturalist-open-data.s3.amazonaws.com/photos/414678614/medium.jpeg,cc-by-nc,233343804,needs_id,48.8203757878,2.7692468003
lythrum_portula_673.jpeg,https://inaturalist-open-data.s3.amazonaws.com/photos/414678663/medium.jpeg,cc-by-nc,233343804,needs_id,48.8203757878,2.7692468003
lythrum_portula_674.jpeg,https://inaturalist-open-data.s3.amazonaws.com/photos/414224931/medium.jpeg,cc-by-nc,233102796,research,42.2132416667,-3.036
lythrum_portula_675.jpeg,https://inaturalist-open-data.s3.amazonaws.com/photos/414224985/medium.jpeg,cc-by-nc,233102796,research,42.2132416667,-3.036
lythrum_portula_676.jpeg,https://inaturalist-open-data.s3.amazonaws.com/photos/414225038/medium.jpeg,cc-by-nc,233102796,research,42.2132416667,-3.036
lythrum_portula_677.jpeg,https://inaturalist-open-data.s3.amazonaws.com/photos/414240821/medium.jpeg,cc-by-nc,233102796,research,42.2132416667,-3.036
lythrum_portula_678.jpeg,https://inaturalist-open-data.s3.amazonaws.com/photos/414240824/medium.jpeg,cc-by-nc,233102796,research,42.2132416667,-3.036
lythrum_portula_679.jpeg,https://inaturalist-open-data.s3.amazonaws.com/photos/413954012/medium.jpeg,cc-by-nc,232962479,research,53.0544902038,8.3291065823
lythrum_portula_680.jpeg,https://inaturalist-open-data.s3.amazonaws.com/photos/413949931/medium.jpeg,cc-by-nc,232962457,research,53.0023191724,8.3658731649
lythrum_portula_681.jpeg,https://inaturalist-open-data.s3.amazonaws.com/photos/413949818/medium.jpeg,cc-by-nc,232962457,research,53.0023191724,8.3658731649
lythrum_portula_682.jpeg,https://inaturalist-open-data.s3.amazonaws.com/photos/413772466/medium.jpeg,cc-by-nc,232865897,research,58.8355633333,44.3718033333
lythrum_portula_683.jpeg,https://inaturalist-open-data.s3.amazonaws.com/photos/413500549/medium.jpeg,cc-by-nc,232727875,research,55.0229138333,14.9321966667
lythrum_portula_684.jpeg,https://inaturalist-open-data.s3.amazonaws.com/photos/413321444/medium.jpeg,cc-by-nc-sa,232632325,research,54.8386566667,45.383265
lythrum_portula_685.jpeg,https://inaturalist-open-data.s3.amazonaws.com/photos/413320147/medium.jpeg,cc-by-nc,232631840,needs_id,49.0461068871,-122.3120053858
lythrum_portula_686.jpeg,https://inaturalist-open-data.s3.amazonaws.com/photos/413209912/medium.jpeg,cc-by-nc,232579010,research,52.1607483333,35.2963366667
lythrum_portula_687.jpeg,https://inaturalist-open-data.s3.amazonaws.com/photos/413209971/medium.jpeg,cc-by-nc,232579010,research,52.1607483333,35.2963366667
lythrum_portula_688.jpeg,https://inaturalist-open-data.s3.amazonaws.com/photos/413209961/medium.jpeg,cc-by-nc,232579010,research,52.1607483333,35.2963366667
lythrum_portula_689.jpg,https://inaturalist-open-data.s3.amazonaws.com/photos/412951623/medium.jpg,cc-by-nc,232439328,research,49.3443057521,13.8366900567
lythrum_portula_690.jpg,https://inaturalist-open-data.s3.amazonaws.com/photos/412549887/medium.jpg,cc-by-nc,232227497,needs_id,40.9124453491,-3.8893426204
lythrum_portula_691.jpg,https://inaturalist-open-data.s3.amazonaws.com/photos/412549919/medium.jpg,cc-by-nc,232227497,needs_id,40.9124453491,-3.8893426204
lythrum_portula_692.jpg,https://inaturalist-open-data.s3.amazonaws.com/photos/412549849/medium.jpg,cc-by-nc,232227496,needs_id,40.9937323389,-3.8742976209
lythrum_portula_693.jpg,https://inaturalist-open-data.s3.amazonaws.com/photos/412549873/medium.jpg,cc-by-nc,232227496,needs_id,40.9937323389,-3.8742976209
lythrum_portula_694.jpg,https://inaturalist-open-data.s3.amazonaws.com/photos/412549882/medium.jpg,cc-by-nc,232227496,needs_id,40.9937323389,-3.8742976209
lythrum_portula_695.jpeg,https://inaturalist-open-data.s3.amazonaws.com/photos/412428641/medium.jpeg,cc-by-nc,232163561,needs_id,46.31429284,-123.68310343
lythrum_portula_696.jpeg,https://inaturalist-open-data.s3.amazonaws.com/photos/412428667/medium.jpeg,cc-by-nc,232163561,needs_id,46.31429284,-123.68310343
lythrum_portula_697.jpeg,https://inaturalist-open-data.s3.amazonaws.com/photos/412427907/medium.jpeg,cc-by-nc-sa,232163107,needs_id,45.4345894174,-122.64746197
lythrum_portula_698.jpeg,https://inaturalist-open-data.s3.amazonaws.com/photos/412427876/medium.jpeg,cc-by-nc-sa,232163107,needs_id,45.4345894174,-122.64746197
lythrum_portula_699.jpeg,https://inaturalist-open-data.s3.amazonaws.com/photos/412427850/medium.jpeg,cc-by-nc-sa,232163107,needs_id,45.4345894174,-122.64746197
lythrum_portula_700.jpeg,https://inaturalist-open-data.s3.amazonaws.com/photos/412427433/medium.jpeg,cc-by-nc-sa,232162859,needs_id,45.4344003462,-122.6473851131
lythrum_portula_701.jpeg,https://inaturalist-open-data.s3.amazonaws.com/photos/412427449/medium.jpeg,cc-by-nc-sa,232162859,needs_id,45.4344003462,-122.6473851131
lythrum_portula_702.jpeg,https://inaturalist-open-data.s3.amazonaws.com/photos/412347975/medium.jpeg,cc-by-nc,232122709,research,53.1883996105,8.2370846719
lythrum_portula_703.jpeg,https://inaturalist-open-data.s3.amazonaws.com/photos/412348011/medium.jpeg,cc-by-nc,232122709,research,53.1883996105,8.2370846719
lythrum_portula_704.jpg,https://inaturalist-open-data.s3.amazonaws.com/photos/412131856/medium.jpg,cc-by-nc,232005485,research,55.642075,37.4304583333
lythrum_portula_705.jpeg,https://inaturalist-open-data.s3.amazonaws.com/photos/411990463/medium.jpeg,cc0,231931647,needs_id,47.03931251,-122.92477072
lythrum_portula_706.jpeg,https://inaturalist-open-data.s3.amazonaws.com/photos/411990483/medium.jpeg,cc0,231931647,needs_id,47.03931251,-122.92477072
lythrum_portula_707.jpeg,https://inaturalist-open-data.s3.amazonaws.com/photos/411990509/medium.jpeg,cc0,231931647,needs_id,47.03931251,-122.92477072
lythrum_portula_708.jpeg,https://inaturalist-open-data.s3.amazonaws.com/photos/411990526/medium.jpeg,cc0,231931647,needs_id,47.03931251,-122.92477072
lythrum_portula_709.jpg,https://inaturalist-open-data.s3.amazonaws.com/photos/411730106/medium.jpg,cc-by,231791677,research,55.6977861111,39.3566111111
lythrum_portula_710.jpeg,https://inaturalist-open-data.s3.amazonaws.com/photos/411199873/medium.jpeg,cc-by-nc,231514157,needs_id,45.8397333333,-122.4474716667
lythrum_portula_711.jpeg,https://inaturalist-open-data.s3.amazonaws.com/photos/411192055/medium.jpeg,cc-by-nc,231510155,needs_id,42.0825554415,-8.3765669167
lythrum_portula_712.jpeg,https://inaturalist-open-data.s3.amazonaws.com/photos/411192105/medium.jpeg,cc-by-nc,231510155,needs_id,42.0825554415,-8.3765669167
lythrum_portula_713.jpeg,https://inaturalist-open-data.s3.amazonaws.com/photos/411192159/medium.jpeg,cc-by-nc,231510155,needs_id,42.0825554415,-8.3765669167
lythrum_portula_714.jpeg,https://inaturalist-open-data.s3.amazonaws.com/photos/411108847/medium.jpeg,cc-by-nc,231466445,needs_id,45.3828616667,-122.7688616667
lythrum_portula_715.jpeg,https://inaturalist-open-data.s3.amazonaws.com/photos/411108912/medium.jpeg,cc-by-nc,231466445,needs_id,45.3828616667,-122.7688616667
lythrum_portula_716.jpg,https://inaturalist-open-data.s3.amazonaws.com/photos/410532617/medium.jpg,cc-by-nc,231163322,research,49.0454841862,14.3883960375
lythrum_portula_717.jpg,https://inaturalist-open-data.s3.amazonaws.com/photos/410533239/medium.jpg,cc-by-nc,231163322,research,49.0454841862,14.3883960375
lythrum_portula_718.jpeg,https://inaturalist-open-data.s3.amazonaws.com/photos/410348070/medium.jpeg,cc-by-nc,231070768,needs_id,53.09142,9.83879
lythrum_portula_719.jpeg,https://inaturalist-open-data.s3.amazonaws.com/photos/410348065/medium.jpeg,cc-by-nc,231070768,needs_id,53.09142,9.83879
lythrum_portula_720.jpeg,https://inaturalist-open-data.s3.amazonaws.com/photos/410325625/medium.jpeg,cc-by,231066987,needs_id,51.6602577376,8.1783771514
lythrum_portula_721.jpeg,https://inaturalist-open-data.s3.amazonaws.com/photos/410325686/medium.jpeg,cc-by,231066987,needs_id,51.6602577376,8.1783771514
lythrum_portula_722.jpeg,https://inaturalist-open-data.s3.amazonaws.com/photos/410285536/medium.jpeg,cc-by,231035582,needs_id,57.2268216667,-2.215865
lythrum_portula_723.jpeg,https://inaturalist-open-data.s3.amazonaws.com/photos/410285565/medium.jpeg,cc-by,231035582,needs_id,57.2268216667,-2.215865
lythrum_portula_724.jpeg,https://inaturalist-open-data.s3.amazonaws.com/photos/410242230/medium.jpeg,cc-by-nc,231011693,research,54.0410356899,-1.0033155339
lythrum_portula_725.jpeg,https://inaturalist-open-data.s3.amazonaws.com/photos/410231143/medium.jpeg,cc-by-nc,231005733,research,42.6395224114,-8.4994456172
lythrum_portula_726.jpeg,https://inaturalist-open-data.s3.amazonaws.com/photos/410231179/medium.jpeg,cc-by-nc,231005733,research,42.6395224114,-8.4994456172
lythrum_portula_727.jpeg,https://inaturalist-open-data.s3.amazonaws.com/photos/410231214/medium.jpeg,cc-by-nc,231005733,research,42.6395224114,-8.4994456172
lythrum_portula_728.jpeg,https://inaturalist-open-data.s3.amazonaws.com/photos/410205232/medium.jpeg,cc0,230991104,needs_id,50.9676602997,-0.0435696
lythrum_portula_729.jpeg,https://inaturalist-open-data.s3.amazonaws.com/photos/409862129/medium.jpeg,cc-by-nc,230812652,research,50.1087431611,8.9549813931
lythrum_portula_730.jpeg,https://inaturalist-open-data.s3.amazonaws.com/photos/409861905/medium.jpeg,cc-by-nc,230812507,research,50.1097493895,8.9598523703
lythrum_portula_731.jpeg,https://inaturalist-open-data.s3.amazonaws.com/photos/409861959/medium.jpeg,cc-by-nc,230812507,research,50.1097493895,8.9598523703
lythrum_portula_732.jpeg,https://inaturalist-open-data.s3.amazonaws.com/photos/409848176/medium.jpeg,cc-by-nc-sa,230806663,research,50.1100433333,8.9600166667
lythrum_portula_733.jpeg,https://inaturalist-open-data.s3.amazonaws.com/photos/409848607/medium.jpeg,cc-by-nc-sa,230806663,research,50.1100433333,8.9600166667
lythrum_portula_734.jpeg,https://inaturalist-open-data.s3.amazonaws.com/photos/409847395/medium.jpeg,cc-by-nc-sa,230804736,needs_id,50.1100555556,8.9607
lythrum_portula_735.jpeg,https://inaturalist-open-data.s3.amazonaws.com/photos/409844498/medium.jpeg,cc-by-nc-sa,230803775,needs_id,50.10985,8.960095
lythrum_portula_736.jpg,https://inaturalist-open-data.s3.amazonaws.com/photos/409541240/medium.jpg,cc-by,230637622,research,49.2436277778,-122.8043944444
lythrum_portula_737.jpg,https://inaturalist-open-data.s3.amazonaws.com/photos/409541249/medium.jpg,cc-by,230637622,research,49.2436277778,-122.8043944444
lythrum_portula_738.jpg,https://inaturalist-open-data.s3.amazonaws.com/photos/409541779/medium.jpg,cc-by,230637622,research,49.2436277778,-122.8043944444
lythrum_portula_739.jpg,https://inaturalist-open-data.s3.amazonaws.com/photos/409541725/medium.jpg,cc-by,230637622,research,49.2436277778,-122.8043944444
lythrum_portula_740.jpg,https://inaturalist-open-data.s3.amazonaws.com/photos/409541839/medium.jpg,cc-by,230637622,research,49.2436277778,-122.8043944444
lythrum_portula_741.jpeg,https://inaturalist-open-data.s3.amazonaws.com/photos/409225545/medium.jpeg,cc-by-nc,230467600,research,50.1422795,15.5705881997
lythrum_portula_742.jpeg,https://inaturalist-open-data.s3.amazonaws.com/photos/409007225/medium.jpeg,cc-by-nc,230354809,needs_id,42.1410416667,12.18747
lythrum_portula_743.jpg,https://inaturalist-open-data.s3.amazonaws.com/photos/409006671/medium.jpg,cc-by-nc,230354629,research,42.962367,-8.62542
lythrum_portula_744.jpg,https://inaturalist-open-data.s3.amazonaws.com/photos/409006756/medium.jpg,cc-by-nc,230354629,research,42.962367,-8.62542
lythrum_portula_745.jpg,https://inaturalist-open-data.s3.amazonaws.com/photos/409006695/medium.jpg,cc-by-nc,230354629,research,42.962367,-8.62542
lythrum_portula_746.jpeg,https://inaturalist-open-data.s3.amazonaws.com/photos/408997876/medium.jpeg,cc-by-nc,230349941,needs_id,54.6291664561,8.3600116521
lythrum_portula_747.jpeg,https://inaturalist-open-data.s3.amazonaws.com/photos/408812165/medium.jpeg,cc-by-nc,230249817,needs_id,-43.45103,172.6025383333
lythrum_portula_748.jpeg,https://inaturalist-open-data.s3.amazonaws.com/photos/408467911/medium.jpeg,cc-by-nc,230068058,research,50.407605,-3.8942383333
lythrum_portula_749.jpeg,https://inaturalist-open-data.s3.amazonaws.com/photos/408246602/medium.jpeg,cc-by-nc,229956184,research,48.9172524723,14.8824885115
lythrum_portula_750.jpeg,https://inaturalist-open-data.s3.amazonaws.com/photos/408246648/medium.jpeg,cc-by-nc,229956184,research,48.9172524723,14.8824885115
lythrum_portula_751.jpeg,https://inaturalist-open-data.s3.amazonaws.com/photos/408245938/medium.jpeg,cc-by-nc,229955906,research,50.5253966667,8.8496216667
lythrum_portula_752.jpeg,https://inaturalist-open-data.s3.amazonaws.com/photos/408150689/medium.jpeg,cc-by-nc,229903843,research,57.9399063997,41.78630056
lythrum_portula_753.jpeg,https://inaturalist-open-data.s3.amazonaws.com/photos/408150730/medium.jpeg,cc-by-nc,229903843,research,57.9399063997,41.78630056
lythrum_portula_754.jpeg,https://inaturalist-open-data.s3.amazonaws.com/photos/408150771/medium.jpeg,cc-by-nc,229903843,research,57.9399063997,41.78630056
lythrum_portula_755.jpeg,https://inaturalist-open-data.s3.amazonaws.com/photos/408150801/medium.jpeg,cc-by-nc,229903843,research,57.9399063997,41.78630056
lythrum_portula_756.jpeg,https://inaturalist-open-data.s3.amazonaws.com/photos/408114001/medium.jpeg,cc-by-nc,229884160,research,46.8705833333,16.307445
lythrum_portula_757.jpeg,https://inaturalist-open-data.s3.amazonaws.com/photos/408134698/medium.jpeg,cc-by-nc,229884160,research,46.8705833333,16.307445
lythrum_portula_758.jpeg,https://inaturalist-open-data.s3.amazonaws.com/photos/408618349/medium.jpeg,cc-by-nc,229884160,research,46.8705833333,16.307445
lythrum_portula_759.jpeg,https://inaturalist-open-data.s3.amazonaws.com/photos/408618411/medium.jpeg,cc-by-nc,229884160,research,46.8705833333,16.307445
lythrum_portula_760.jpeg,https://inaturalist-open-data.s3.amazonaws.com/photos/408095638/medium.jpeg,cc-by-nc,229874009,research,58.14204,41.0363166667
lythrum_portula_761.jpeg,https://inaturalist-open-data.s3.amazonaws.com/photos/408095759/medium.jpeg,cc-by-nc,229874009,research,58.14204,41.0363166667
lythrum_portula_762.jpg,https://inaturalist-open-data.s3.amazonaws.com/photos/408087426/medium.jpg,cc-by,229870271,research,52.2500256669,-7.5123574626
lythrum_portula_763.jpg,https://inaturalist-open-data.s3.amazonaws.com/photos/408087462/medium.jpg,cc-by,229870271,research,52.2500256669,-7.5123574626
lythrum_portula_764.jpeg,https://inaturalist-open-data.s3.amazonaws.com/photos/407868027/medium.jpeg,cc-by-nc,229756728,research,49.6570361111,6.0186138889
lythrum_portula_765.jpeg,https://inaturalist-open-data.s3.amazonaws.com/photos/407868084/medium.jpeg,cc-by-nc,229756728,research,49.6570361111,6.0186138889
lythrum_portula_766.jpeg,https://inaturalist-open-data.s3.amazonaws.com/photos/407868103/medium.jpeg,cc-by-nc,229756728,research,49.6570361111,6.0186138889
lythrum_portula_767.jpeg,https://inaturalist-open-data.s3.amazonaws.com/photos/407868122/medium.jpeg,cc-by-nc,229756728,research,49.6570361111,6.0186138889
lythrum_portula_768.jpeg,https://inaturalist-open-data.s3.amazonaws.com/photos/407868140/medium.jpeg,cc-by-nc,229756728,research,49.6570361111,6.0186138889
lythrum_portula_769.jpeg,https://inaturalist-open-data.s3.amazonaws.com/photos/407868196/medium.jpeg,cc-by-nc,229756728,research,49.6570361111,6.0186138889
lythrum_portula_770.jpeg,https://inaturalist-open-data.s3.amazonaws.com/photos/407863288/medium.jpeg,cc-by-nc,229755721,research,52.1713055556,35.2878611111
lythrum_portula_771.jpeg,https://inaturalist-open-data.s3.amazonaws.com/photos/407863298/medium.jpeg,cc-by-nc,229755721,research,52.1713055556,35.2878611111
lythrum_portula_772.jpeg,https://inaturalist-open-data.s3.amazonaws.com/photos/407707257/medium.jpeg,cc-by-nc,229669724,research,48.04763755,7.79447636
lythrum_portula_773.jpeg,https://inaturalist-open-data.s3.amazonaws.com/photos/407310210/medium.jpeg,cc-by-nc,229459887,research,48.5712480679,21.9690461398
lythrum_portula_774.jpeg,https://inaturalist-open-data.s3.amazonaws.com/photos/407310004/medium.jpeg,cc-by-nc,229459865,research,48.5709121081,21.96975089
lythrum_portula_775.jpeg,https://inaturalist-open-data.s3.amazonaws.com/photos/407309886/medium.jpeg,cc-by-nc,229459864,research,48.5709810138,21.9695101619
lythrum_portula_776.jpeg,https://inaturalist-open-data.s3.amazonaws.com/photos/407309985/medium.jpeg,cc-by-nc,229459864,research,48.5709810138,21.9695101619
lythrum_portula_777.jpeg,https://inaturalist-open-data.s3.amazonaws.com/photos/407310114/medium.jpeg,cc-by-nc,229459864,research,48.5709810138,21.9695101619
lythrum_portula_778.jpeg,https://inaturalist-open-data.s3.amazonaws.com/photos/406495446/medium.jpeg,cc-by-nc-sa,229026832,research,51.994416,5.6059229722
lythrum_portula_779.jpeg,https://inaturalist-open-data.s3.amazonaws.com/photos/406495487/medium.jpeg,cc-by-nc-sa,229026832,research,51.994416,5.6059229722
lythrum_portula_780.jpeg,https://inaturalist-open-data.s3.amazonaws.com/photos/406206467/medium.jpeg,cc-by,228876261,research,50.0257428305,5.9874779927
lythrum_portula_781.jpeg,https://inaturalist-open-data.s3.amazonaws.com/photos/406206644/medium.jpeg,cc-by,228876261,research,50.0257428305,5.9874779927
lythrum_portula_782.jpg,https://inaturalist-open-data.s3.amazonaws.com/photos/406182781/medium.jpg,cc0,228866089,needs_id,53.7959859722,16.540831
lythrum_portula_783.jpeg,https://inaturalist-open-data.s3.amazonaws.com/photos/406093016/medium.jpeg,cc-by-nc,228815778,needs_id,56.0610318946,15.8019725606
lythrum_portula_784.jpeg,https://inaturalist-open-data.s3.amazonaws.com/photos/406093202/medium.jpeg,cc-by-nc,228815778,needs_id,56.0610318946,15.8019725606
lythrum_portula_785.jpeg,https://inaturalist-open-data.s3.amazonaws.com/photos/406027069/medium.jpeg,cc-by-nc,228779889,needs_id,45.7131170096,-122.6871240512
lythrum_portula_786.jpeg,https://inaturalist-open-data.s3.amazonaws.com/photos/406027078/medium.jpeg,cc-by-nc,228779889,needs_id,45.7131170096,-122.6871240512
lythrum_portula_787.jpeg,https://inaturalist-open-data.s3.amazonaws.com/photos/406027091/medium.jpeg,cc-by-nc,228779889,needs_id,45.7131170096,-122.6871240512
lythrum_portula_788.jpg,https://inaturalist-open-data.s3.amazonaws.com/photos/405446848/medium.jpg,cc-by-nc,228478492,needs_id,45.3853116667,-122.8395166667
lythrum_portula_789.jpeg,https://inaturalist-open-data.s3.amazonaws.com/photos/405422889/medium.jpeg,cc-by-nc,228474201,needs_id,49.6926408088,20.2667655777
lythrum_portula_790.jpeg,https://inaturalist-open-data.s3.amazonaws.com/photos/405094774/medium.jpeg,cc-by-nc,228289306,research,47.4259842889,-122.4512045933
lythrum_portula_791.jpeg,https://inaturalist-open-data.s3.amazonaws.com/photos/405082217/medium.jpeg,cc-by-nc,228289306,research,47.4259842889,-122.4512045933
lythrum_portula_792.jpeg,https://inaturalist-open-data.s3.amazonaws.com/photos/405094925/medium.jpeg,cc-by-nc,228289306,research,47.4259842889,-122.4512045933
lythrum_portula_793.jpeg,https://inaturalist-open-data.s3.amazonaws.com/photos/405094930/medium.jpeg,cc-by-nc,228289306,research,47.4259842889,-122.4512045933
lythrum_portula_794.jpeg,https://inaturalist-open-data.s3.amazonaws.com/photos/405094931/medium.jpeg,cc-by-nc,228289306,research,47.4259842889,-122.4512045933
lythrum_portula_795.jpg,https://inaturalist-open-data.s3.amazonaws.com/photos/405048842/medium.jpg,cc-by-nc,228286708,research,53.1617866667,34.7919033333
lythrum_portula_796.jpeg,https://inaturalist-open-data.s3.amazonaws.com/photos/404590675/medium.jpeg,cc-by-nc,228024000,research,53.2319444444,28.5511111111
lythrum_portula_797.jpeg,https://inaturalist-open-data.s3.amazonaws.com/photos/404529975/medium.jpeg,cc-by-nc,227994063,research,46.72281707,15.96034273
lythrum_portula_798.jpeg,https://inaturalist-open-data.s3.amazonaws.com/photos/404529980/medium.jpeg,cc-by-nc,227994063,research,46.72281707,15.96034273
lythrum_portula_799.jpeg,https://inaturalist-open-data.s3.amazonaws.com/photos/404530010/medium.jpeg,cc-by-nc,227994063,research,46.72281707,15.96034273
lythrum_portula_800.jpeg,https://inaturalist-open-data.s3.amazonaws.com/photos/404521410/medium.jpeg,cc-by-nc,227987516,needs_id,52.521591,-3.9830689722
lythrum_portula_801.jpg,https://inaturalist-open-data.s3.amazonaws.com/photos/404314402/medium.jpg,cc-by-nc,227890571,research,55.672776,36.705529
lythrum_portula_802.jpg,https://inaturalist-open-data.s3.amazonaws.com/photos/403744429/medium.jpg,cc-by-nc,227579366,research,53.2718726798,34.3879858401
lythrum_portula_803.jpg,https://inaturalist-open-data.s3.amazonaws.com/photos/403681337/medium.jpg,cc-by-nc,227545127,research,54.854,37.5748166667
lythrum_portula_804.jpg,https://inaturalist-open-data.s3.amazonaws.com/photos/403681366/medium.jpg,cc-by-nc,227545127,research,54.854,37.5748166667
lythrum_portula_805.jpg,https://inaturalist-open-data.s3.amazonaws.com/photos/403681402/medium.jpg,cc-by-nc,227545127,research,54.854,37.5748166667
lythrum_portula_806.jpg,https://inaturalist-open-data.s3.amazonaws.com/photos/403647827/medium.jpg,cc-by-nc,227531095,research,47.527175406,16.5332880801
lythrum_portula_807.jpg,https://inaturalist-open-data.s3.amazonaws.com/photos/403647989/medium.jpg,cc-by-nc,227531095,research,47.527175406,16.5332880801
lythrum_portula_808.jpg,https://inaturalist-open-data.s3.amazonaws.com/photos/403647936/medium.jpg,cc-by-nc,227531095,research,47.527175406,16.5332880801
lythrum_portula_809.jpg,https://inaturalist-open-data.s3.amazonaws.com/photos/403648076/medium.jpg,cc-by-nc,227531095,research,47.527175406,16.5332880801
lythrum_portula_810.jpg,https://inaturalist-open-data.s3.amazonaws.com/photos/403420302/medium.jpg,cc-by-nc-nd,227409507,needs_id,44.0249109,-123.2536096
lythrum_portula_811.jpg,https://inaturalist-open-data.s3.amazonaws.com/photos/403419703/medium.jpg,cc-by-nc-nd,227409503,needs_id,44.0254773997,-123.2529707
lythrum_portula_812.jpg,https://inaturalist-open-data.s3.amazonaws.com/photos/403419665/medium.jpg,cc-by-nc-nd,227409503,needs_id,44.0254773997,-123.2529707
lythrum_portula_813.jpg,https://inaturalist-open-data.s3.amazonaws.com/photos/403265180/medium.jpg,cc-by-nc,227326073,research,48.1383733553,7.9387175541
lythrum_portula_814.jpeg,https://inaturalist-open-data.s3.amazonaws.com/photos/403264213/medium.jpeg,cc-by-nc,227326056,research,48.1442187165,7.8866061216
lythrum_portula_815.jpeg,https://inaturalist-open-data.s3.amazonaws.com/photos/403264245/medium.jpeg,cc-by-nc,227326056,research,48.1442187165,7.8866061216
lythrum_portula_816.jpeg,https://inaturalist-open-data.s3.amazonaws.com/photos/403259247/medium.jpeg,cc-by-nc,227323638,research,48.0353527713,7.8350985445
lythrum_portula_817.jpeg,https://inaturalist-open-data.s3.amazonaws.com/photos/403259656/medium.jpeg,cc-by-nc,227323638,research,48.0353527713,7.8350985445
lythrum_portula_818.jpeg,https://inaturalist-open-data.s3.amazonaws.com/photos/403245893/medium.jpeg,cc-by-nc,227314698,research,52.4334322973,30.3554310743
lythrum_portula_819.jpg,https://inaturalist-open-data.s3.amazonaws.com/photos/403244611/medium.jpg,cc-by-nc,227313978,needs_id,54.1631003942,9.9314406804
lythrum_portula_820.jpg,https://inaturalist-open-data.s3.amazonaws.com/photos/403160808/medium.jpg,cc-by-nc,227269054,research,36.618331,4.636072
lythrum_portula_821.jpeg,https://inaturalist-open-data.s3.amazonaws.com/photos/402798931/medium.jpeg,cc-by-nc,227068908,needs_id,48.504575,2.7362472222
lythrum_portula_822.jpeg,https://inaturalist-open-data.s3.amazonaws.com/photos/402607832/medium.jpeg,cc-by-nc,226981052,research,50.1097991798,15.0891635827
lythrum_portula_823.jpeg,https://inaturalist-open-data.s3.amazonaws.com/photos/402580596/medium.jpeg,cc-by-nc,226964434,research,46.7360514566,-123.8410225621
lythrum_portula_824.jpeg,https://inaturalist-open-data.s3.amazonaws.com/photos/402580639/medium.jpeg,cc-by-nc,226964434,research,46.7360514566,-123.8410225621
lythrum_portula_825.jpg,https://inaturalist-open-data.s3.amazonaws.com/photos/402465172/medium.jpg,cc-by-nc,226901946,research,49.980725,15.5961216667
lythrum_portula_826.jpg,https://inaturalist-open-data.s3.amazonaws.com/photos/402465200/medium.jpg,cc-by-nc,226901946,research,49.980725,15.5961216667
lythrum_portula_827.jpg,https://inaturalist-open-data.s3.amazonaws.com/photos/402392467/medium.jpg,cc-by-nc,226860852,research,49.9807682215,15.596192563
lythrum_portula_828.jpg,https://inaturalist-open-data.s3.amazonaws.com/photos/402392484/medium.jpg,cc-by-nc,226860852,research,49.9807682215,15.596192563
lythrum_portula_829.jpg,https://inaturalist-open-data.s3.amazonaws.com/photos/402123148/medium.jpg,cc-by-nc-nd,226727174,needs_id,44.0260485556,-123.2530258611
lythrum_portula_830.jpg,https://inaturalist-open-data.s3.amazonaws.com/photos/402061984/medium.jpg,cc-by-nc,226684642,research,53.2216616667,-4.3187083333
lythrum_portula_831.jpg,https://inaturalist-open-data.s3.amazonaws.com/photos/401994131/medium.jpg,cc-by-nc,226649280,research,55.9348233653,39.5700256231
lythrum_portula_832.jpeg,https://inaturalist-open-data.s3.amazonaws.com/photos/401980600/medium.jpeg,cc0,226641407,research,42.47194685,-9.00661957
lythrum_portula_833.jpeg,https://inaturalist-open-data.s3.amazonaws.com/photos/401980623/medium.jpeg,cc0,226641407,research,42.47194685,-9.00661957
lythrum_portula_834.jpeg,https://inaturalist-open-data.s3.amazonaws.com/photos/401980706/medium.jpeg,cc0,226641407,research,42.47194685,-9.00661957
lythrum_portula_835.jpeg,https://inaturalist-open-data.s3.amazonaws.com/photos/401980759/medium.jpeg,cc0,226641407,research,42.47194685,-9.00661957
lythrum_portula_836.jpeg,https://inaturalist-open-data.s3.amazonaws.com/photos/401980803/medium.jpeg,cc0,226641407,research,42.47194685,-9.00661957
lythrum_portula_837.jpeg,https://inaturalist-open-data.s3.amazonaws.com/photos/401980849/medium.jpeg,cc0,226641407,research,42.47194685,-9.00661957
lythrum_portula_838.jpg,https://inaturalist-open-data.s3.amazonaws.com/photos/401654931/medium.jpg,cc-by-nc,226471477,needs_id,55.6236416667,8.2044666667
lythrum_portula_839.jpg,https://inaturalist-open-data.s3.amazonaws.com/photos/401654985/medium.jpg,cc-by-nc,226471477,needs_id,55.6236416667,8.2044666667
lythrum_portula_840.jpeg,https://inaturalist-open-data.s3.amazonaws.com/photos/401640491/medium.jpeg,cc-by,226463077,research,53.4031019722,101.69735
lythrum_portula_841.jpeg,https://inaturalist-open-data.s3.amazonaws.com/photos/401640548/medium.jpeg,cc-by,226463077,research,53.4031019722,101.69735
lythrum_portula_842.jpeg,https://inaturalist-open-data.s3.amazonaws.com/photos/401640617/medium.jpeg,cc-by,226463077,research,53.4031019722,101.69735
lythrum_portula_843.jpg,https://inaturalist-open-data.s3.amazonaws.com/photos/401496493/medium.jpg,cc-by-nc,226388083,needs_id,40.8045751,-3.4341194997
lythrum_portula_844.jpeg,https://inaturalist-open-data.s3.amazonaws.com/photos/401355358/medium.jpeg,cc-by-nc,226317363,research,53.2470066667,34.4061066667
lythrum_portula_845.jpeg,https://inaturalist-open-data.s3.amazonaws.com/photos/401355307/medium.jpeg,cc-by-nc,226317363,research,53.2470066667,34.4061066667
lythrum_portula_846.jpg,https://inaturalist-open-data.s3.amazonaws.com/photos/401047345/medium.jpg,cc-by-nc,226152124,research,56.180041,40.871741
lythrum_portula_847.jpeg,https://inaturalist-open-data.s3.amazonaws.com/photos/400879548/medium.jpeg,cc-by-nc,226069984,needs_id,47.0507783333,-122.9767983333
lythrum_portula_848.jpeg,https://inaturalist-open-data.s3.amazonaws.com/photos/400878887/medium.jpeg,cc-by-nc,226069984,needs_id,47.0507783333,-122.9767983333
lythrum_portula_849.jpeg,https://inaturalist-open-data.s3.amazonaws.com/photos/400679923/medium.jpeg,cc-by-nc,225961653,needs_id,51.1717944444,6.1782083333
lythrum_portula_850.jpg,https://inaturalist-open-data.s3.amazonaws.com/photos/400500187/medium.jpg,cc-by-nc,225862804,needs_id,49.0705550897,-122.284348044
lythrum_portula_851.jpg,https://inaturalist-open-data.s3.amazonaws.com/photos/400500207/medium.jpg,cc-by-nc,225862804,needs_id,49.0705550897,-122.284348044
lythrum_portula_852.jpg,https://inaturalist-open-data.s3.amazonaws.com/photos/400266739/medium.jpg,cc-by,225740823,research,51.1178285,40.3673489997
lythrum_portula_853.jpg,https://inaturalist-open-data.s3.amazonaws.com/photos/399586532/medium.jpg,cc-by-nc,225382254,needs_id,44.0433495863,-123.2469356899
lythrum_portula_854.jpg,https://inaturalist-open-data.s3.amazonaws.com/photos/399586605/medium.jpg,cc-by-nc,225382254,needs_id,44.0433495863,-123.2469356899
lythrum_portula_855.jpg,https://inaturalist-open-data.s3.amazonaws.com/photos/399207212/medium.jpg,cc-by-nc,225182921,research,47.5106735,18.8973960833
lythrum_portula_856.jpeg,https://inaturalist-open-data.s3.amazonaws.com/photos/399081722/medium.jpeg,cc-by-nc-nd,225115184,needs_id,45.4697549533,8.6345514688
lythrum_portula_857.jpeg,https://inaturalist-open-data.s3.amazonaws.com/photos/399026402/medium.jpeg,cc-by-nc,225088223,needs_id,37.1074983333,-3.024785
lythrum_portula_858.jpg,https://inaturalist-open-data.s3.amazonaws.com/photos/398778006/medium.jpg,cc-by-nc,224959040,needs_id,52.5565033333,9.5168783333
lythrum_portula_859.jpeg,https://inaturalist-open-data.s3.amazonaws.com/photos/398456366/medium.jpeg,cc-by-nc,224790281,research,49.2357776329,-121.7617150024
lythrum_portula_860.jpeg,https://inaturalist-open-data.s3.amazonaws.com/photos/398456392/medium.jpeg,cc-by-nc,224790281,research,49.2357776329,-121.7617150024
lythrum_portula_861.jpeg,https://inaturalist-open-data.s3.amazonaws.com/photos/398456414/medium.jpeg,cc-by-nc,224790281,research,49.2357776329,-121.7617150024
lythrum_portula_862.jpg,https://inaturalist-open-data.s3.amazonaws.com/photos/398302371/medium.jpg,cc-by-nc,224712090,research,46.6893075819,14.3484337642
lythrum_portula_863.jpg,https://inaturalist-open-data.s3.amazonaws.com/photos/398219966/medium.jpg,cc-by-nc,224668050,research,50.8856166667,14.524745
lythrum_portula_864.jpeg,https://inaturalist-open-data.s3.amazonaws.com/photos/398016032/medium.jpeg,cc-by-nc,224556209,research,57.6508189722,71.447669
lythrum_portula_865.jpeg,https://inaturalist-open-data.s3.amazonaws.com/photos/398016071/medium.jpeg,cc-by-nc,224556209,research,57.6508189722,71.447669
lythrum_portula_866.jpeg,https://inaturalist-open-data.s3.amazonaws.com/photos/398016105/medium.jpeg,cc-by-nc,224556209,research,57.6508189722,71.447669
lythrum_portula_867.jpg,https://inaturalist-open-data.s3.amazonaws.com/photos/397873995/medium.jpg,cc-by-nc,224485418,needs_id,51.3477033333,-0.9095633333
lythrum_portula_868.jpg,https://inaturalist-open-data.s3.amazonaws.com/photos/397874076/medium.jpg,cc-by-nc,224485418,needs_id,51.3477033333,-0.9095633333
lythrum_portula_869.jpeg,https://inaturalist-open-data.s3.amazonaws.com/photos/397830852/medium.jpeg,cc-by,224464518,needs_id,54.6222383333,-1.8188883333
lythrum_portula_870.jpg,https://inaturalist-open-data.s3.amazonaws.com/photos/397451980/medium.jpg,cc-by,224267153,needs_id,49.132568039,-123.9441828703
lythrum_portula_871.jpeg,https://inaturalist-open-data.s3.amazonaws.com/photos/397446615/medium.jpeg,cc-by-nc,224260883,research,43.050219,-2.715324
lythrum_portula_872.jpeg,https://inaturalist-open-data.s3.amazonaws.com/photos/397446544/medium.jpeg,cc-by-nc,224260883,research,43.050219,-2.715324
lythrum_portula_873.jpeg,https://inaturalist-open-data.s3.amazonaws.com/photos/397446627/medium.jpeg,cc-by-nc,224260883,research,43.050219,-2.715324
lythrum_portula_874.jpeg,https://inaturalist-open-data.s3.amazonaws.com/photos/397446699/medium.jpeg,cc-by-nc,224260883,research,43.050219,-2.715324
lythrum_portula_875.jpeg,https://inaturalist-open-data.s3.amazonaws.com/photos/397446732/medium.jpeg,cc-by-nc,224260883,research,43.050219,-2.715324
lythrum_portula_876.jpeg,https://inaturalist-open-data.s3.amazonaws.com/photos/397446423/medium.jpeg,cc-by-nc,224260883,research,43.050219,-2.715324
lythrum_portula_877.jpeg,https://inaturalist-open-data.s3.amazonaws.com/photos/397446481/medium.jpeg,cc-by-nc,224260883,research,43.050219,-2.715324
lythrum_portula_878.jpeg,https://inaturalist-open-data.s3.amazonaws.com/photos/397417832/medium.jpeg,cc-by-nc,224247993,research,48.7035351894,22.0792118819
lythrum_portula_879.jpeg,https://inaturalist-open-data.s3.amazonaws.com/photos/397417780/medium.jpeg,cc-by-nc,224247993,research,48.7035351894,22.0792118819
lythrum_portula_880.jpeg,https://inaturalist-open-data.s3.amazonaws.com/photos/397417299/medium.jpeg,cc-by-nc,224247985,research,48.7027118706,22.0879663944
lythrum_portula_881.jpeg,https://inaturalist-open-data.s3.amazonaws.com/photos/397417311/medium.jpeg,cc-by-nc,224247985,research,48.7027118706,22.0879663944
lythrum_portula_882.jpeg,https://inaturalist-open-data.s3.amazonaws.com/photos/397417466/medium.jpeg,cc-by-nc,224247985,research,48.7027118706,22.0879663944
lythrum_portula_883.jpg,https://inaturalist-open-data.s3.amazonaws.com/photos/396543346/medium.jpg,cc-by-nc,223776936,needs_id,45.4343416667,-122.6473833333
lythrum_portula_884.jpg,https://inaturalist-open-data.s3.amazonaws.com/photos/396549426/medium.jpg,cc-by-nc,223776936,needs_id,45.4343416667,-122.6473833333
lythrum_portula_885.jpeg,https://inaturalist-open-data.s3.amazonaws.com/photos/396431587/medium.jpeg,cc-by-nc,223714836,research,48.4419209856,2.6685241866
lythrum_portula_886.jpg,https://inaturalist-open-data.s3.amazonaws.com/photos/396157413/medium.jpg,cc-by-nc,223573329,needs_id,51.8539379631,0.9278118052
lythrum_portula_887.jpg,https://inaturalist-open-data.s3.amazonaws.com/photos/396000270/medium.jpg,cc-by-nc,223486968,needs_id,45.434875,-122.64782
lythrum_portula_888.jpg,https://inaturalist-open-data.s3.amazonaws.com/photos/396000284/medium.jpg,cc-by-nc,223486968,needs_id,45.434875,-122.64782
lythrum_portula_889.jpg,https://inaturalist-open-data.s3.amazonaws.com/photos/396000313/medium.jpg,cc-by-nc,223486968,needs_id,45.434875,-122.64782
lythrum_portula_890.jpg,https://inaturalist-open-data.s3.amazonaws.com/photos/396000328/medium.jpg,cc-by-nc,223486968,needs_id,45.434875,-122.64782
lythrum_portula_891.jpg,https://inaturalist-open-data.s3.amazonaws.com/photos/396000350/medium.jpg,cc-by-nc,223486968,needs_id,45.434875,-122.64782
lythrum_portula_892.jpg,https://inaturalist-open-data.s3.amazonaws.com/photos/396000369/medium.jpg,cc-by-nc,223486968,needs_id,45.434875,-122.64782
lythrum_portula_893.jpeg,https://inaturalist-open-data.s3.amazonaws.com/photos/395862790/medium.jpeg,cc-by-nc,223416437,research,54.853921717,37.5749474568
lythrum_portula_894.jpeg,https://inaturalist-open-data.s3.amazonaws.com/photos/396991906/medium.jpeg,cc-by-nc,223416437,research,54.853921717,37.5749474568
lythrum_portula_895.jpg,https://inaturalist-open-data.s3.amazonaws.com/photos/395695148/medium.jpg,cc-by-nc,223336589,research,46.9637259209,15.392365301
lythrum_portula_896.jpg,https://inaturalist-open-data.s3.amazonaws.com/photos/395695146/medium.jpg,cc-by-nc,223336589,research,46.9637259209,15.392365301
lythrum_portula_897.jpeg,https://inaturalist-open-data.s3.amazonaws.com/photos/395462454/medium.jpeg,cc-by-nc,223206986,needs_id,52.7525679475,1.5155124677
lythrum_portula_898.jpeg,https://inaturalist-open-data.s3.amazonaws.com/photos/395359994/medium.jpeg,cc-by-nc,223152124,research,50.1841661997,16.0352342
lythrum_portula_899.jpg,https://inaturalist-open-data.s3.amazonaws.com/photos/395306633/medium.jpg,cc-by-nc,223123648,needs_id,52.6419302865,1.25410057
lythrum_portula_900.jpg,https://inaturalist-open-data.s3.amazonaws.com/photos/395162617/medium.jpg,cc-by-nc,223041705,research,51.8523883333,14.9776559379
lythrum_portula_901.jpeg,https://inaturalist-open-data.s3.amazonaws.com/photos/394736589/medium.jpeg,cc-by,222816567,research,49.9328689444,5.9422421667
lythrum_portula_902.jpeg,https://inaturalist-open-data.s3.amazonaws.com/photos/394737824/medium.jpeg,cc-by,222816567,research,49.9328689444,5.9422421667
lythrum_portula_903.jpeg,https://inaturalist-open-data.s3.amazonaws.com/photos/394737850/medium.jpeg,cc-by,222816567,research,49.9328689444,5.9422421667
lythrum_portula_904.jpeg,https://inaturalist-open-data.s3.amazonaws.com/photos/394481177/medium.jpeg,cc-by-nc,222682118,research,37.3995208739,-8.7237901686
lythrum_portula_905.jpeg,https://inaturalist-open-data.s3.amazonaws.com/photos/394481220/medium.jpeg,cc-by-nc,222682118,research,37.3995208739,-8.7237901686
lythrum_portula_906.jpeg,https://inaturalist-open-data.s3.amazonaws.com/photos/394481283/medium.jpeg,cc-by-nc,222682118,research,37.3995208739,-8.7237901686
lythrum_portula_907.jpeg,https://inaturalist-open-data.s3.amazonaws.com/photos/394481342/medium.jpeg,cc-by-nc,222682118,research,37.3995208739,-8.7237901686
lythrum_portula_908.jpeg,https://inaturalist-open-data.s3.amazonaws.com/photos/394452204/medium.jpeg,cc0,222666337,research,50.8715100528,-1.5696468204
lythrum_portula_909.jpeg,https://inaturalist-open-data.s3.amazonaws.com/photos/394366639/medium.jpeg,cc-by-nc,222618054,research,48.347908,2.548681
lythrum_portula_910.jpeg,https://inaturalist-open-data.s3.amazonaws.com/photos/394366674/medium.jpeg,cc-by-nc,222618054,research,48.347908,2.548681
lythrum_portula_911.jpeg,https://inaturalist-open-data.s3.amazonaws.com/photos/394207664/medium.jpeg,cc-by,222535180,needs_id,57.1962678124,-2.1085622907
lythrum_portula_912.jpeg,https://inaturalist-open-data.s3.amazonaws.com/photos/394207675/medium.jpeg,cc-by,222535180,needs_id,57.1962678124,-2.1085622907
lythrum_portula_913.jpeg,https://inaturalist-open-data.s3.amazonaws.com/photos/394207709/medium.jpeg,cc-by,222535180,needs_id,57.1962678124,-2.1085622907
lythrum_portula_914.jpeg,https://inaturalist-open-data.s3.amazonaws.com/photos/394207739/medium.jpeg,cc-by,222535180,needs_id,57.1962678124,-2.1085622907
lythrum_portula_915.jpg,https://inaturalist-open-data.s3.amazonaws.com/photos/394080829/medium.jpg,cc-by-nc,222468370,needs_id,51.8538450497,0.9279329237
lythrum_portula_916.jpg,https://inaturalist-open-data.s3.amazonaws.com/photos/393759926/medium.jpg,cc-by-nc,222298183,research,46.8967866667,21.1865383333
lythrum_portula_917.jpg,https://inaturalist-open-data.s3.amazonaws.com/photos/393759963/medium.jpg,cc-by-nc,222298183,research,46.8967866667,21.1865383333
lythrum_portula_918.jpg,https://inaturalist-open-data.s3.amazonaws.com/photos/393760007/medium.jpg,cc-by-nc,222298183,research,46.8967866667,21.1865383333
lythrum_portula_919.jpeg,https://inaturalist-open-data.s3.amazonaws.com/photos/393114198/medium.jpeg,cc-by-nc,221956690,needs_id,49.6945316667,-125.0595866667
lythrum_portula_920.jpeg,https://inaturalist-open-data.s3.amazonaws.com/photos/393114276/medium.jpeg,cc-by-nc,221956690,needs_id,49.6945316667,-125.0595866667
lythrum_portula_921.jpg,https://inaturalist-open-data.s3.amazonaws.com/photos/392456318/medium.jpg,cc-by-nc,221605564,research,51.3710333333,-0.60853
lythrum_portula_922.jpg,https://inaturalist-open-data.s3.amazonaws.com/photos/392456362/medium.jpg,cc-by-nc,221605564,research,51.3710333333,-0.60853
lythrum_portula_923.jpg,https://inaturalist-open-data.s3.amazonaws.com/photos/392456404/medium.jpg,cc-by-nc,221605564,research,51.3710333333,-0.60853
lythrum_portula_924.jpg,https://inaturalist-open-data.s3.amazonaws.com/photos/392456467/medium.jpg,cc-by-nc,221605564,research,51.3710333333,-0.60853
lythrum_portula_925.jpg,https://inaturalist-open-data.s3.amazonaws.com/photos/392456525/medium.jpg,cc-by-nc,221605564,research,51.3710333333,-0.60853
lythrum_portula_926.jpeg,https://inaturalist-open-data.s3.amazonaws.com/photos/392437706/medium.jpeg,cc-by-nc,221596369,research,48.3790602752,22.381100093
lythrum_portula_927.jpeg,https://inaturalist-open-data.s3.amazonaws.com/photos/392437613/medium.jpeg,cc-by-nc,221596369,research,48.3790602752,22.381100093
lythrum_portula_928.jpeg,https://inaturalist-open-data.s3.amazonaws.com/photos/392437704/medium.jpeg,cc-by-nc,221596369,research,48.3790602752,22.381100093
lythrum_portula_929.jpeg,https://inaturalist-open-data.s3.amazonaws.com/photos/392427535/medium.jpeg,cc-by-nc,221592305,research,48.4231598027,22.3199783698
lythrum_portula_930.jpg,https://inaturalist-open-data.s3.amazonaws.com/photos/392405076/medium.jpg,cc-by-nc,221580295,research,42.4665628614,-6.0788518141
lythrum_portula_931.jpeg,https://inaturalist-open-data.s3.amazonaws.com/photos/392405271/medium.jpeg,cc-by-nc,221576935,needs_id,53.268033,9.889768
lythrum_portula_932.jpeg,https://inaturalist-open-data.s3.amazonaws.com/photos/392405335/medium.jpeg,cc-by-nc,221576935,needs_id,53.268033,9.889768
lythrum_portula_933.jpg,https://inaturalist-open-data.s3.amazonaws.com/photos/392273911/medium.jpg,cc-by-nc,221501940,needs_id,51.8465344375,0.8897910733
lythrum_portula_934.jpeg,https://inaturalist-open-data.s3.amazonaws.com/photos/391856597/medium.jpeg,cc-by,221276279,needs_id,51.3055213718,-0.8213818197
lythrum_portula_935.jpeg,https://inaturalist-open-data.s3.amazonaws.com/photos/391537776/medium.jpeg,cc-by-nc,221105780,research,55.714740405,36.2841986865
lythrum_portula_936.jpeg,https://inaturalist-open-data.s3.amazonaws.com/photos/391537846/medium.jpeg,cc-by-nc,221105780,research,55.714740405,36.2841986865
lythrum_portula_937.jpeg,https://inaturalist-open-data.s3.amazonaws.com/photos/391537936/medium.jpeg,cc-by-nc,221105780,research,55.714740405,36.2841986865
lythrum_portula_938.jpg,https://inaturalist-open-data.s3.amazonaws.com/photos/391469488/medium.jpg,cc-by-nc,221070676,research,48.223410199,18.8452533304
lythrum_portula_939.jpg,https://inaturalist-open-data.s3.amazonaws.com/photos/391469981/medium.jpg,cc-by-nc,221070676,research,48.223410199,18.8452533304
lythrum_portula_940.jpg,https://inaturalist-open-data.s3.amazonaws.com/photos/391470003/medium.jpg,cc-by-nc,221070676,research,48.223410199,18.8452533304
lythrum_portula_941.jpg,https://inaturalist-open-data.s3.amazonaws.com/photos/391439308/medium.jpg,cc-by-nc,221051732,needs_id,52.7760866667,0.4865383333
lythrum_portula_942.jpeg,https://inaturalist-open-data.s3.amazonaws.com/photos/391320019/medium.jpeg,cc-by-nc,220992743,research,40.9482951335,-3.6203377694
lythrum_portula_943.jpeg,https://inaturalist-open-data.s3.amazonaws.com/photos/391238743/medium.jpeg,cc-by-nc,220951257,research,48.3881796375,21.9706586809
lythrum_portula_944.jpeg,https://inaturalist-open-data.s3.amazonaws.com/photos/391238751/medium.jpeg,cc-by-nc,220951257,research,48.3881796375,21.9706586809
lythrum_portula_945.jpeg,https://inaturalist-open-data.s3.amazonaws.com/photos/391238745/medium.jpeg,cc-by-nc,220951257,research,48.3881796375,21.9706586809
lythrum_portula_946.jpeg,https://inaturalist-open-data.s3.amazonaws.com/photos/390920420/medium.jpeg,cc-by-nc-nd,220779321,needs_id,37.6800995867,-25.5757845651
lythrum_portula_947.jpeg,https://inaturalist-open-data.s3.amazonaws.com/photos/390920488/medium.jpeg,cc-by-nc-nd,220779321,needs_id,37.6800995867,-25.5757845651
lythrum_portula_948.jpeg,https://inaturalist-open-data.s3.amazonaws.com/photos/390920526/medium.jpeg,cc-by-nc-nd,220779321,needs_id,37.6800995867,-25.5757845651
lythrum_portula_949.jpeg,https://inaturalist-open-data.s3.amazonaws.com/photos/390845784/medium.jpeg,cc-by-nc,220739692,research,50.1733159722,16.043413
lythrum_portula_950.jpeg,https://inaturalist-open-data.s3.amazonaws.com/photos/390845831/medium.jpeg,cc-by-nc,220739692,research,50.1733159722,16.043413
lythrum_portula_951.jpeg,https://inaturalist-open-data.s3.amazonaws.com/photos/390845884/medium.jpeg,cc-by-nc,220739692,research,50.1733159722,16.043413
lythrum_portula_952.jpeg,https://inaturalist-open-data.s3.amazonaws.com/photos/390845972/medium.jpeg,cc-by-nc,220739692,research,50.1733159722,16.043413
lythrum_portula_953.jpeg,https://inaturalist-open-data.s3.amazonaws.com/photos/390845630/medium.jpeg,cc-by-nc,220739633,research,50.1465553,16.0625439
lythrum_portula_954.jpg,https://inaturalist-open-data.s3.amazonaws.com/photos/390829854/medium.jpg,cc-by-nc,220731354,research,52.0431646695,15.1813283704
lythrum_portula_955.jpeg,https://inaturalist-open-data.s3.amazonaws.com/photos/390523238/medium.jpeg,cc-by-nc,220567351,needs_id,54.6554236047,-2.2243147897
lythrum_portula_956.jpeg,https://inaturalist-open-data.s3.amazonaws.com/photos/390523241/medium.jpeg,cc-by-nc,220567351,needs_id,54.6554236047,-2.2243147897
lythrum_portula_957.jpeg,https://inaturalist-open-data.s3.amazonaws.com/photos/390523243/medium.jpeg,cc-by-nc,220567351,needs_id,54.6554236047,-2.2243147897
lythrum_portula_958.jpg,https://inaturalist-open-data.s3.amazonaws.com/photos/390055175/medium.jpg,cc-by-nc,220317201,needs_id,44.9935616667,-123.0612861667
lythrum_portula_959.jpeg,https://inaturalist-open-data.s3.amazonaws.com/photos/389679263/medium.jpeg,cc-by-nc,220118249,needs_id,45.4349513,-122.6477105997
lythrum_portula_960.jpeg,https://inaturalist-open-data.s3.amazonaws.com/photos/389679321/medium.jpeg,cc-by-nc,220118249,needs_id,45.4349513,-122.6477105997
lythrum_portula_961.jpeg,https://inaturalist-open-data.s3.amazonaws.com/photos/389679363/medium.jpeg,cc-by-nc,220118249,needs_id,45.4349513,-122.6477105997
lythrum_portula_962.jpeg,https://inaturalist-open-data.s3.amazonaws.com/photos/389679407/medium.jpeg,cc-by-nc,220118249,needs_id,45.4349513,-122.6477105997
lythrum_portula_963.jpg,https://inaturalist-open-data.s3.amazonaws.com/photos/388938356/medium.jpg,cc-by-nc,219721531,research,47.5062751997,16.5531952
lythrum_portula_964.jpg,https://inaturalist-open-data.s3.amazonaws.com/photos/388938376/medium.jpg,cc-by-nc,219721531,research,47.5062751997,16.5531952
lythrum_portula_965.jpg,https://inaturalist-open-data.s3.amazonaws.com/photos/388938061/medium.jpg,cc-by-nc,219721509,research,47.5064289722,16.553083
lythrum_portula_966.jpg,https://inaturalist-open-data.s3.amazonaws.com/photos/388937418/medium.jpg,cc-by-nc,219719982,research,47.515891,16.5032379722
lythrum_portula_967.jpg,https://inaturalist-open-data.s3.amazonaws.com/photos/388937419/medium.jpg,cc-by-nc,219719982,research,47.515891,16.5032379722
lythrum_portula_968.jpg,https://inaturalist-open-data.s3.amazonaws.com/photos/388934649/medium.jpg,cc-by-nc,219718971,research,47.504938,16.4769569722
lythrum_portula_969.jpg,https://inaturalist-open-data.s3.amazonaws.com/photos/388934639/medium.jpg,cc-by-nc,219718971,research,47.504938,16.4769569722
lythrum_portula_970.jpg,https://inaturalist-open-data.s3.amazonaws.com/photos/388934192/medium.jpg,cc-by-nc,219718943,research,47.5035969722,16.477274
lythrum_portula_971.jpg,https://inaturalist-open-data.s3.amazonaws.com/photos/388933987/medium.jpg,cc-by-nc,219718933,research,47.503866,16.477502
lythrum_portula_972.jpg,https://inaturalist-open-data.s3.amazonaws.com/photos/388933975/medium.jpg,cc-by-nc,219718933,research,47.503866,16.477502
lythrum_portula_973.jpg,https://inaturalist-open-data.s3.amazonaws.com/photos/388935717/medium.jpg,cc-by-nc,219718892,research,42.4216283333,2.9728033333
lythrum_portula_974.jpg,https://inaturalist-open-data.s3.amazonaws.com/photos/388935745/medium.jpg,cc-by-nc,219718892,research,42.4216283333,2.9728033333
lythrum_portula_975.jpg,https://inaturalist-open-data.s3.amazonaws.com/photos/388878497/medium.jpg,cc-by-nc,219686702,needs_id,50.0403583333,-5.172245
lythrum_portula_976.jpg,https://inaturalist-open-data.s3.amazonaws.com/photos/388878520/medium.jpg,cc-by-nc,219686702,needs_id,50.0403583333,-5.172245
lythrum_portula_977.jpg,https://inaturalist-open-data.s3.amazonaws.com/photos/388878539/medium.jpg,cc-by-nc,219686702,needs_id,50.0403583333,-5.172245
lythrum_portula_978.jpeg,https://inaturalist-open-data.s3.amazonaws.com/photos/388741026/medium.jpeg,cc-by-nc,219617831,research,50.9614183333,14.44619
lythrum_portula_979.jpeg,https://inaturalist-open-data.s3.amazonaws.com/photos/388741195/medium.jpeg,cc-by-nc,219617831,research,50.9614183333,14.44619
lythrum_portula_980.jpeg,https://inaturalist-open-data.s3.amazonaws.com/photos/388735156/medium.jpeg,cc-by-nc,219614285,research,50.92,18.6499999997
lythrum_portula_981.jpeg,https://inaturalist-open-data.s3.amazonaws.com/photos/388735194/medium.jpeg,cc-by-nc,219614285,research,50.92,18.6499999997
lythrum_portula_982.jpg,https://inaturalist-open-data.s3.amazonaws.com/photos/296992827/medium.jpg,cc-by,219498516,research,53.9934581997,37.1763542997
lythrum_portula_983.jpg,https://inaturalist-open-data.s3.amazonaws.com/photos/296992813/medium.jpg,cc-by,219498516,research,53.9934581997,37.1763542997
lythrum_portula_984.jpg,https://inaturalist-open-data.s3.amazonaws.com/photos/388476446/medium.jpg,cc-by-nc,219473051,research,47.5652583333,-122.6751527778
lythrum_portula_985.jpg,https://inaturalist-open-data.s3.amazonaws.com/photos/387960553/medium.jpg,cc-by-nc-nd,219200219,needs_id,44.0260485556,-123.2530258611
lythrum_portula_986.jpeg,https://inaturalist-open-data.s3.amazonaws.com/photos/387882516/medium.jpeg,cc-by-nc,219158539,research,40.6519347103,-8.5777887516
lythrum_portula_987.jpeg,https://inaturalist-open-data.s3.amazonaws.com/photos/387882555/medium.jpeg,cc-by-nc,219158539,research,40.6519347103,-8.5777887516
lythrum_portula_988.jpeg,https://inaturalist-open-data.s3.amazonaws.com/photos/387882607/medium.jpeg,cc-by-nc,219158539,research,40.6519347103,-8.5777887516
lythrum_portula_989.jpeg,https://inaturalist-open-data.s3.amazonaws.com/photos/387320047/medium.jpeg,cc-by-nc,218854173,research,48.1900543,21.38840204
lythrum_portula_990.jpeg,https://inaturalist-open-data.s3.amazonaws.com/photos/387320076/medium.jpeg,cc-by-nc,218854173,research,48.1900543,21.38840204
lythrum_portula_991.jpeg,https://inaturalist-open-data.s3.amazonaws.com/photos/386951581/medium.jpeg,cc-by-nc,218659711,needs_id,49.1806339722,-1.344632
lythrum_portula_992.jpeg,https://inaturalist-open-data.s3.amazonaws.com/photos/386079093/medium.jpeg,cc-by-nc,218193681,research,50.834006,-1.404684
lythrum_portula_993.jpeg,https://inaturalist-open-data.s3.amazonaws.com/photos/386079687/medium.jpeg,cc-by-nc,218193681,research,50.834006,-1.404684
lythrum_portula_994.jpeg,https://inaturalist-open-data.s3.amazonaws.com/photos/385150946/medium.jpeg,cc-by-nc,217698125,research,49.9806507997,15.5961718
lythrum_portula_995.jpeg,https://inaturalist-open-data.s3.amazonaws.com/photos/384855091/medium.jpeg,cc-by-nc,217542744,needs_id,38.2070215127,-120.9096753498
lythrum_portula_996.jpeg,https://inaturalist-open-data.s3.amazonaws.com/photos/384855227/medium.jpeg,cc-by-nc,217542744,needs_id,38.2070215127,-120.9096753498
lythrum_portula_997.jpeg,https://inaturalist-open-data.s3.amazonaws.com/photos/384855305/medium.jpeg,cc-by-nc,217542744,needs_id,38.2070215127,-120.9096753498
lythrum_portula_998.jpeg,https://inaturalist-open-data.s3.amazonaws.com/photos/384855247/medium.jpeg,cc-by-nc,217542744,needs_id,38.2070215127,-120.9096753498
lythrum_portula_999.jpeg,https://inaturalist-open-data.s3.amazonaws.com/photos/384855664/medium.jpeg,cc-by-nc,217542744,needs_id,38.2070215127,-120.9096753498
lythrum_portula_1000.jpeg,https://inaturalist-open-data.s3.amazonaws.com/photos/384855120/medium.jpeg,cc-by-nc,217542744,needs_id,38.2070215127,-120.9096753498
lythrum_portula_1001.jpeg,https://inaturalist-open-data.s3.amazonaws.com/photos/384855652/medium.jpeg,cc-by-nc,217542744,needs_id,38.2070215127,-120.9096753498
lythrum_portula_1002.jpeg,https://inaturalist-open-data.s3.amazonaws.com/photos/384855508/medium.jpeg,cc-by-nc,217542744,needs_id,38.2070215127,-120.9096753498
lythrum_portula_1003.jpeg,https://inaturalist-open-data.s3.amazonaws.com/photos/384855681/medium.jpeg,cc-by-nc,217542744,needs_id,38.2070215127,-120.9096753498
lythrum_portula_1004.jpeg,https://inaturalist-open-data.s3.amazonaws.com/photos/384855372/medium.jpeg,cc-by-nc,217542744,needs_id,38.2070215127,-120.9096753498
lythrum_portula_1005.jpeg,https://inaturalist-open-data.s3.amazonaws.com/photos/384855046/medium.jpeg,cc-by-nc,217542744,needs_id,38.2070215127,-120.9096753498
lythrum_portula_1006.jpeg,https://inaturalist-open-data.s3.amazonaws.com/photos/384854817/medium.jpeg,cc-by-nc,217542744,needs_id,38.2070215127,-120.9096753498
lythrum_portula_1007.jpeg,https://inaturalist-open-data.s3.amazonaws.com/photos/384854709/medium.jpeg,cc-by-nc,217542744,needs_id,38.2070215127,-120.9096753498
lythrum_portula_1008.jpeg,https://inaturalist-open-data.s3.amazonaws.com/photos/384854630/medium.jpeg,cc-by-nc,217542744,needs_id,38.2070215127,-120.9096753498
lythrum_portula_1009.jpeg,https://inaturalist-open-data.s3.amazonaws.com/photos/384855086/medium.jpeg,cc-by-nc,217542744,needs_id,38.2070215127,-120.9096753498
lythrum_portula_1010.jpeg,https://inaturalist-open-data.s3.amazonaws.com/photos/384826025/medium.jpeg,cc-by-nc,217524944,needs_id,45.4453735278,-122.8748702778
lythrum_portula_1011.jpeg,https://inaturalist-open-data.s3.amazonaws.com/photos/384826052/medium.jpeg,cc-by-nc,217524944,needs_id,45.4453735278,-122.8748702778
lythrum_portula_1012.jpg,https://inaturalist-open-data.s3.amazonaws.com/photos/384787546/medium.jpg,cc-by-nc,217502630,research,50.967145,14.8453383333
lythrum_portula_1013.jpg,https://inaturalist-open-data.s3.amazonaws.com/photos/384787646/medium.jpg,cc-by-nc,217502630,research,50.967145,14.8453383333
lythrum_portula_1014.jpg,https://inaturalist-open-data.s3.amazonaws.com/photos/384787739/medium.jpg,cc-by-nc,217502630,research,50.967145,14.8453383333
lythrum_portula_1015.jpg,https://inaturalist-open-data.s3.amazonaws.com/photos/384787826/medium.jpg,cc-by-nc,217502630,research,50.967145,14.8453383333
lythrum_portula_1016.jpeg,https://inaturalist-open-data.s3.amazonaws.com/photos/384775516/medium.jpeg,cc-by-nc-nd,217496253,research,52.32361224,30.9476625549
lythrum_portula_1017.jpg,https://inaturalist-open-data.s3.amazonaws.com/photos/384060047/medium.jpg,cc-by-nc,217120575,needs_id,51.8465433224,0.8898879681
lythrum_portula_1018.jpg,https://inaturalist-open-data.s3.amazonaws.com/photos/383520531/medium.jpg,cc-by-nc,216834080,research,50.3056120253,8.6579508689
lythrum_portula_1019.jpeg,https://inaturalist-open-data.s3.amazonaws.com/photos/383325877/medium.jpeg,cc-by-nc,216726173,research,45.3892024992,9.1644765421
lythrum_portula_1020.jpeg,https://inaturalist-open-data.s3.amazonaws.com/photos/382758337/medium.jpeg,cc-by-nc,216424460,research,42.9400111111,-8.1426305556
lythrum_portula_1021.jpeg,https://inaturalist-open-data.s3.amazonaws.com/photos/382703310/medium.jpeg,cc-by-nc,216396706,needs_id,41.0455363685,-3.5298319906
lythrum_portula_1022.jpeg,https://inaturalist-open-data.s3.amazonaws.com/photos/381464796/medium.jpeg,cc-by,215740851,needs_id,49.90149956,11.56477453
lythrum_portula_1023.jpeg,https://inaturalist-open-data.s3.amazonaws.com/photos/381344383/medium.jpeg,cc-by-nc,215674703,needs_id,45.6749329783,1.3769870788
lythrum_portula_1024.jpeg,https://inaturalist-open-data.s3.amazonaws.com/photos/381344394/medium.jpeg,cc-by-nc,215674703,needs_id,45.6749329783,1.3769870788
lythrum_portula_1025.jpeg,https://inaturalist-open-data.s3.amazonaws.com/photos/381344395/medium.jpeg,cc-by-nc,215674703,needs_id,45.6749329783,1.3769870788
lythrum_portula_1026.jpeg,https://inaturalist-open-data.s3.amazonaws.com/photos/381344399/medium.jpeg,cc-by-nc,215674703,needs_id,45.6749329783,1.3769870788
lythrum_portula_1027.jpeg,https://inaturalist-open-data.s3.amazonaws.com/photos/381281351/medium.jpeg,cc-by-nc,215653537,needs_id,53.5877800598,25.9311272506
lythrum_portula_1028.jpg,https://inaturalist-open-data.s3.amazonaws.com/photos/380975928/medium.jpg,cc0,215481433,research,45.4350892548,-122.648510635
lythrum_portula_1029.jpg,https://inaturalist-open-data.s3.amazonaws.com/photos/380975944/medium.jpg,cc0,215481433,research,45.4350892548,-122.648510635
lythrum_portula_1030.jpg,https://inaturalist-open-data.s3.amazonaws.com/photos/379962037/medium.jpg,cc-by-nc,214935419,needs_id,46.8801583333,17.4410133333
lythrum_portula_1031.jpeg,https://inaturalist-open-data.s3.amazonaws.com/photos/379867816/medium.jpeg,cc-by-nc,214887860,needs_id,49.1325853035,-123.9397759074
lythrum_portula_1032.jpeg,https://inaturalist-open-data.s3.amazonaws.com/photos/379681358/medium.jpeg,cc-by-nc,214785944,research,53.4090428513,10.1044762456
lythrum_portula_1033.jpeg,https://inaturalist-open-data.s3.amazonaws.com/photos/379108414/medium.jpeg,cc-by-nc,214483287,needs_id,49.1337909665,-123.9398199611
lythrum_portula_1034.jpeg,https://inaturalist-open-data.s3.amazonaws.com/photos/379108376/medium.jpeg,cc-by-nc,214483287,needs_id,49.1337909665,-123.9398199611
lythrum_portula_1035.jpeg,https://inaturalist-open-data.s3.amazonaws.com/photos/378999736/medium.jpeg,cc-by-nc,214423120,needs_id,49.13364,-123.941254
lythrum_portula_1036.jpeg,https://inaturalist-open-data.s3.amazonaws.com/photos/378990561/medium.jpeg,cc-by-nc,214417533,needs_id,49.131901,-123.935913
lythrum_portula_1037.jpeg,https://inaturalist-open-data.s3.amazonaws.com/photos/378990565/medium.jpeg,cc-by-nc,214417533,needs_id,49.131901,-123.935913
lythrum_portula_1038.jpeg,https://inaturalist-open-data.s3.amazonaws.com/photos/377923054/medium.jpeg,cc-by-nc,213836026,research,42.9373138889,-8.2860777778
lythrum_portula_1039.jpeg,https://inaturalist-open-data.s3.amazonaws.com/photos/376991463/medium.jpeg,cc-by-nc,213319389,research,49.8973650852,5.0142209069
lythrum_portula_1040.jpeg,https://inaturalist-open-data.s3.amazonaws.com/photos/376631397/medium.jpeg,cc-by-nc,213120035,research,39.84886436,-6.03674989
lythrum_portula_1041.jpeg,https://inaturalist-open-data.s3.amazonaws.com/photos/376631420/medium.jpeg,cc-by-nc,213120035,research,39.84886436,-6.03674989
lythrum_portula_1042.jpeg,https://inaturalist-open-data.s3.amazonaws.com/photos/376631446/medium.jpeg,cc-by-nc,213120035,research,39.84886436,-6.03674989
lythrum_portula_1043.jpeg,https://inaturalist-open-data.s3.amazonaws.com/photos/376631472/medium.jpeg,cc-by-nc,213120035,research,39.84886436,-6.03674989
lythrum_portula_1044.jpg,https://inaturalist-open-data.s3.amazonaws.com/photos/376418937/medium.jpg,cc-by-nc,213003865,needs_id,41.9524148992,19.2255865277
lythrum_portula_1045.jpg,https://inaturalist-open-data.s3.amazonaws.com/photos/376421012/medium.jpg,cc-by-nc,213003865,needs_id,41.9524148992,19.2255865277
lythrum_portula_1046.jpg,https://inaturalist-open-data.s3.amazonaws.com/photos/376421014/medium.jpg,cc-by-nc,213003865,needs_id,41.9524148992,19.2255865277
lythrum_portula_1047.jpg,https://inaturalist-open-data.s3.amazonaws.com/photos/376421023/medium.jpg,cc-by-nc,213003865,needs_id,41.9524148992,19.2255865277
lythrum_portula_1048.jpg,https://inaturalist-open-data.s3.amazonaws.com/photos/376421026/medium.jpg,cc-by-nc,213003865,needs_id,41.9524148992,19.2255865277
lythrum_portula_1049.jpg,https://inaturalist-open-data.s3.amazonaws.com/photos/375798779/medium.jpg,cc-by-nc,212656289,needs_id,48.3955916667,2.5402883333
lythrum_portula_1050.jpeg,https://inaturalist-open-data.s3.amazonaws.com/photos/375689220/medium.jpeg,cc-by-nc,212604234,needs_id,54.02748307,-1.0085476834
lythrum_portula_1051.jpeg,https://inaturalist-open-data.s3.amazonaws.com/photos/375632400/medium.jpeg,cc-by-nc,212563849,research,54.0362749975,-0.9997977085
lythrum_portula_1052.jpeg,https://inaturalist-open-data.s3.amazonaws.com/photos/375632366/medium.jpeg,cc-by-nc,212563849,research,54.0362749975,-0.9997977085
lythrum_portula_1053.jpeg,https://inaturalist-open-data.s3.amazonaws.com/photos/374502456/medium.jpeg,cc-by-nc,211903504,needs_id,40.6677520825,-4.0168119467
lythrum_portula_1054.jpeg,https://inaturalist-open-data.s3.amazonaws.com/photos/374400027/medium.jpeg,cc-by-nc,211819741,research,-39.09107,174.042482
lythrum_portula_1055.jpeg,https://inaturalist-open-data.s3.amazonaws.com/photos/371613868/medium.jpeg,cc-by-nc,210057643,research,48.99667699,14.44397415
lythrum_portula_1056.jpeg,https://inaturalist-open-data.s3.amazonaws.com/photos/371614086/medium.jpeg,cc-by-nc,210057643,research,48.99667699,14.44397415
lythrum_portula_1057.jpeg,https://inaturalist-open-data.s3.amazonaws.com/photos/371614129/medium.jpeg,cc-by-nc,210057643,research,48.99667699,14.44397415
lythrum_portula_1058.jpg,https://inaturalist-open-data.s3.amazonaws.com/photos/371575094/medium.jpg,cc-by-nc,210032196,needs_id,50.1894224044,8.6563474341
lythrum_portula_1059.jpg,https://inaturalist-open-data.s3.amazonaws.com/photos/371559797/medium.jpg,cc-by-nc,210025116,research,55.408537,40.2970779722
lythrum_portula_1060.jpg,https://inaturalist-open-data.s3.amazonaws.com/photos/371530194/medium.jpg,cc-by-nc,210004492,research,55.384926,40.3148189722
lythrum_portula_1061.jpg,https://inaturalist-open-data.s3.amazonaws.com/photos/371002974/medium.jpg,cc-by-nc,209680136,needs_id,47.4064916667,-122.5161966667
lythrum_portula_1062.jpg,https://inaturalist-open-data.s3.amazonaws.com/photos/370888192/medium.jpg,cc-by-nc,209635846,research,55.351184,40.477651
lythrum_portula_1063.jpg,https://inaturalist-open-data.s3.amazonaws.com/photos/370790017/medium.jpg,cc-by-nc,209545229,research,55.520594,40.4919149722
lythrum_portula_1064.jpg,https://inaturalist-open-data.s3.amazonaws.com/photos/370789972/medium.jpg,cc-by-nc,209545229,research,55.520594,40.4919149722
lythrum_portula_1065.png,https://inaturalist-open-data.s3.amazonaws.com/photos/370175981/medium.png,cc-by-nc,209189047,needs_id,33.9925130635,-107.1489369883
lythrum_portula_1066.jpeg,https://inaturalist-open-data.s3.amazonaws.com/photos/370176091/medium.jpeg,cc-by-nc,209189047,needs_id,33.9925130635,-107.1489369883
lythrum_portula_1067.jpg,https://inaturalist-open-data.s3.amazonaws.com/photos/370088899/medium.jpg,cc-by-nc,209138589,needs_id,45.4056461477,-122.9269773937
lythrum_portula_1068.jpg,https://inaturalist-open-data.s3.amazonaws.com/photos/369874678/medium.jpg,cc-by-nc,209025570,research,55.544156,40.0624729722
lythrum_portula_1069.jpg,https://inaturalist-open-data.s3.amazonaws.com/photos/369868528/medium.jpg,cc-by-nc,209020202,research,55.543584,40.050237
lythrum_portula_1070.jpg,https://inaturalist-open-data.s3.amazonaws.com/photos/369860058/medium.jpg,cc-by-nc,209016431,research,55.4524329722,40.2505689722
lythrum_portula_1071.jpg,https://inaturalist-open-data.s3.amazonaws.com/photos/369782083/medium.jpg,cc-by-nc,208973225,needs_id,44.7986847748,-123.0804619789
lythrum_portula_1072.jpeg,https://inaturalist-open-data.s3.amazonaws.com/photos/369335444/medium.jpeg,cc-by,208738876,needs_id,54.694245,-1.5343316667
lythrum_portula_1073.jpg,https://inaturalist-open-data.s3.amazonaws.com/photos/369187586/medium.jpg,cc-by-nc,208649784,research,55.5288869722,40.101542
lythrum_portula_1074.jpg,https://inaturalist-open-data.s3.amazonaws.com/photos/369181315/medium.jpg,cc-by-nc,208646140,research,55.423329,40.6008849722
lythrum_portula_1075.jpg,https://inaturalist-open-data.s3.amazonaws.com/photos/368605601/medium.jpg,cc-by-nc,208340411,research,56.2370388889,38.9324527778
lythrum_portula_1076.jpg,https://inaturalist-open-data.s3.amazonaws.com/photos/368605623/medium.jpg,cc-by-nc,208340411,research,56.2370388889,38.9324527778
lythrum_portula_1077.jpg,https://inaturalist-open-data.s3.amazonaws.com/photos/368605690/medium.jpg,cc-by-nc,208340411,research,56.2370388889,38.9324527778
lythrum_portula_1078.jpg,https://inaturalist-open-data.s3.amazonaws.com/photos/367880250/medium.jpg,cc-by-nc,207952250,research,55.358637,40.3016959722
lythrum_portula_1079.jpeg,https://inaturalist-open-data.s3.amazonaws.com/photos/367567285/medium.jpeg,cc-by-nc,207782336,needs_id,55.7208145407,9.0408328886
lythrum_portula_1080.jpg,https://inaturalist-open-data.s3.amazonaws.com/photos/366256500/medium.jpg,cc0,207083655,needs_id,49.2090916667,-122.7277616667
lythrum_portula_1081.jpg,https://inaturalist-open-data.s3.amazonaws.com/photos/366256454/medium.jpg,cc0,207083655,needs_id,49.2090916667,-122.7277616667
lythrum_portula_1082.jpeg,https://inaturalist-open-data.s3.amazonaws.com/photos/366107503/medium.jpeg,cc-by-nc,207005433,needs_id,40.97147349,-3.57749343
lythrum_portula_1083.jpeg,https://inaturalist-open-data.s3.amazonaws.com/photos/366107586/medium.jpeg,cc-by-nc,207005433,needs_id,40.97147349,-3.57749343
lythrum_portula_1084.jpg,https://inaturalist-open-data.s3.amazonaws.com/photos/365594002/medium.jpg,cc-by-nc,206729907,research,39.3434425807,-121.5438354939
lythrum_portula_1085.jpg,https://inaturalist-open-data.s3.amazonaws.com/photos/364049942/medium.jpg,cc-by-sa,205864123,needs_id,41.8260541778,2.6884073837
lythrum_portula_1086.jpeg,https://inaturalist-open-data.s3.amazonaws.com/photos/361619979/medium.jpeg,cc-by-nc,204606842,needs_id,48.1735866667,16.9766749722
lythrum_portula_1087.jpeg,https://inaturalist-open-data.s3.amazonaws.com/photos/360812503/medium.jpeg,cc-by-nc,204154675,research,42.9391529722,-8.117423
lythrum_portula_1088.jpg,https://inaturalist-open-data.s3.amazonaws.com/photos/360320511/medium.jpg,cc-by-nc,203898848,casual,,
lythrum_portula_1089.jpeg,https://inaturalist-open-data.s3.amazonaws.com/photos/356112001/medium.jpeg,cc-by-nc,201710962,research,49.8741611111,5.8434888889
lythrum_portula_1090.jpeg,https://inaturalist-open-data.s3.amazonaws.com/photos/356112012/medium.jpeg,cc-by-nc,201710962,research,49.8741611111,5.8434888889
lythrum_portula_1091.jpeg,https://inaturalist-open-data.s3.amazonaws.com/photos/356112027/medium.jpeg,cc-by-nc,201710962,research,49.8741611111,5.8434888889
lythrum_portula_1092.jpeg,https://inaturalist-open-data.s3.amazonaws.com/photos/356112051/medium.jpeg,cc-by-nc,201710962,research,49.8741611111,5.8434888889
lythrum_portula_1093.jpeg,https://inaturalist-open-data.s3.amazonaws.com/photos/356112058/medium.jpeg,cc-by-nc,201710962,research,49.8741611111,5.8434888889
lythrum_portula_1094.jpeg,https://inaturalist-open-data.s3.amazonaws.com/photos/356112081/medium.jpeg,cc-by-nc,201710962,research,49.8741611111,5.8434888889
lythrum_portula_1095.jpeg,https://inaturalist-open-data.s3.amazonaws.com/photos/356112094/medium.jpeg,cc-by-nc,201710962,research,49.8741611111,5.8434888889
lythrum_portula_1096.jpeg,https://inaturalist-open-data.s3.amazonaws.com/photos/356112107/medium.jpeg,cc-by-nc,201710962,research,49.8741611111,5.8434888889
lythrum_portula_1097.jpeg,https://inaturalist-open-data.s3.amazonaws.com/photos/356112116/medium.jpeg,cc-by-nc,201710962,research,49.8741611111,5.8434888889
lythrum_portula_1098.jpeg,https://inaturalist-open-data.s3.amazonaws.com/photos/356112121/medium.jpeg,cc-by-nc,201710962,research,49.8741611111,5.8434888889
lythrum_portula_1099.jpeg,https://inaturalist-open-data.s3.amazonaws.com/photos/356112146/medium.jpeg,cc-by-nc,201710962,research,49.8741611111,5.8434888889
lythrum_portula_1100.jpeg,https://inaturalist-open-data.s3.amazonaws.com/photos/356112140/medium.jpeg,cc-by-nc,201710962,research,49.8741611111,5.8434888889
lythrum_portula_1101.jpeg,https://inaturalist-open-data.s3.amazonaws.com/photos/356112154/medium.jpeg,cc-by-nc,201710962,research,49.8741611111,5.8434888889
lythrum_portula_1102.jpeg,https://inaturalist-open-data.s3.amazonaws.com/photos/356112170/medium.jpeg,cc-by-nc,201710962,research,49.8741611111,5.8434888889
lythrum_portula_1103.jpeg,https://inaturalist-open-data.s3.amazonaws.com/photos/356112190/medium.jpeg,cc-by-nc,201710962,research,49.8741611111,5.8434888889
lythrum_portula_1104.jpeg,https://inaturalist-open-data.s3.amazonaws.com/photos/356112201/medium.jpeg,cc-by-nc,201710962,research,49.8741611111,5.8434888889
lythrum_portula_1105.jpeg,https://inaturalist-open-data.s3.amazonaws.com/photos/350867330/medium.jpeg,cc-by-sa,199006618,research,53.41654,15.5075830556
lythrum_portula_1106.jpeg,https://inaturalist-open-data.s3.amazonaws.com/photos/350870318/medium.jpeg,cc-by-sa,199006618,research,53.41654,15.5075830556
lythrum_portula_1107.jpeg,https://inaturalist-open-data.s3.amazonaws.com/photos/350870320/medium.jpeg,cc-by-sa,199006618,research,53.41654,15.5075830556
lythrum_portula_1108.jpeg,https://inaturalist-open-data.s3.amazonaws.com/photos/342867939/medium.jpeg,cc-by-nc,197302276,needs_id,47.6669508134,24.1697098889
lythrum_portula_1109.jpeg,https://inaturalist-open-data.s3.amazonaws.com/photos/342867947/medium.jpeg,cc-by-nc,197302276,needs_id,47.6669508134,24.1697098889
lythrum_portula_1110.jpeg,https://inaturalist-open-data.s3.amazonaws.com/photos/342867934/medium.jpeg,cc-by-nc,197302276,needs_id,47.6669508134,24.1697098889
lythrum_portula_1111.jpg,https://inaturalist-open-data.s3.amazonaws.com/photos/345806694/medium.jpg,cc-by-nc,196909512,research,48.9600082778,15.1841153194
lythrum_portula_1112.jpg,https://inaturalist-open-data.s3.amazonaws.com/photos/345143537/medium.jpg,cc-by-nc,196101093,research,55.4057529722,40.230463
lythrum_portula_1113.jpg,https://inaturalist-open-data.s3.amazonaws.com/photos/344271203/medium.jpg,cc-by-nc,195658494,research,55.313681,40.416198
lythrum_portula_1114.jpg,https://inaturalist-open-data.s3.amazonaws.com/photos/343059915/medium.jpg,cc-by-nc,195066090,research,48.1243685824,7.7693290525
lythrum_portula_1115.jpg,https://inaturalist-open-data.s3.amazonaws.com/photos/343059919/medium.jpg,cc-by-nc,195066090,research,48.1243685824,7.7693290525
lythrum_portula_1116.jpg,https://inaturalist-open-data.s3.amazonaws.com/photos/343059925/medium.jpg,cc-by-nc,195066090,research,48.1243685824,7.7693290525
lythrum_portula_1117.jpg,https://inaturalist-open-data.s3.amazonaws.com/photos/343053839/medium.jpg,cc-by-nc,195058931,research,55.446764,40.5891949722
lythrum_portula_1118.jpg,https://inaturalist-open-data.s3.amazonaws.com/photos/342011856/medium.jpg,cc-by-nc,194551800,research,55.39665,40.394852
lythrum_portula_1119.jpeg,https://inaturalist-open-data.s3.amazonaws.com/photos/341690917/medium.jpeg,cc-by-nc,194394216,research,49.1325083333,-123.9436555556
lythrum_portula_1120.jpeg,https://inaturalist-open-data.s3.amazonaws.com/photos/341690923/medium.jpeg,cc-by-nc,194394216,research,49.1325083333,-123.9436555556
lythrum_portula_1121.jpg,https://inaturalist-open-data.s3.amazonaws.com/photos/341424939/medium.jpg,cc-by-nc,194263574,research,48.402554886,21.7302498064
lythrum_portula_1122.jpg,https://inaturalist-open-data.s3.amazonaws.com/photos/341310343/medium.jpg,cc-by-nc,194207474,research,48.0835079209,14.1280484653
lythrum_portula_1123.jpg,https://inaturalist-open-data.s3.amazonaws.com/photos/340760682/medium.jpg,cc-by-nc,193934462,research,55.355701,40.2350229722
lythrum_portula_1124.jpeg,https://inaturalist-open-data.s3.amazonaws.com/photos/339716972/medium.jpeg,cc-by-nc,193396996,research,46.6585277778,-119.5940388889
lythrum_portula_1125.jpg,https://inaturalist-open-data.s3.amazonaws.com/photos/339180882/medium.jpg,cc-by-nc,193118694,research,55.3150729722,40.4412719722
lythrum_portula_1126.jpg,https://inaturalist-open-data.s3.amazonaws.com/photos/339180885/medium.jpg,cc-by-nc,193118694,research,55.3150729722,40.4412719722
lythrum_portula_1127.jpg,https://inaturalist-open-data.s3.amazonaws.com/photos/338741005/medium.jpg,cc-by-nc,192903608,research,55.5347539722,40.0832229722
lythrum_portula_1128.jpeg,https://inaturalist-open-data.s3.amazonaws.com/photos/338616102/medium.jpeg,cc-by-nc,192838716,needs_id,46.856334,16.136346
lythrum_portula_1129.jpg,https://inaturalist-open-data.s3.amazonaws.com/photos/338372504/medium.jpg,cc-by-nc,192717413,research,55.43603,40.146883
lythrum_portula_1130.jpg,https://inaturalist-open-data.s3.amazonaws.com/photos/338365561/medium.jpg,cc-by-nc,192711208,research,50.307795352,30.6010624489
lythrum_portula_1131.jpeg,https://inaturalist-open-data.s3.amazonaws.com/photos/338273251/medium.jpeg,cc-by-nc,192669695,research,43.1515765638,-4.9629543061
lythrum_portula_1132.jpeg,https://inaturalist-open-data.s3.amazonaws.com/photos/338273267/medium.jpeg,cc-by-nc,192669695,research,43.1515765638,-4.9629543061
lythrum_portula_1133.jpeg,https://inaturalist-open-data.s3.amazonaws.com/photos/338210244/medium.jpeg,cc-by-nc,192637427,research,51.1965716667,4.61223
lythrum_portula_1134.jpeg,https://inaturalist-open-data.s3.amazonaws.com/photos/338210262/medium.jpeg,cc-by-nc,192637427,research,51.1965716667,4.61223
lythrum_portula_1135.jpeg,https://inaturalist-open-data.s3.amazonaws.com/photos/337606208/medium.jpeg,cc-by-nc,192333087,research,48.755803921,2.5886984348
lythrum_portula_1136.jpg,https://inaturalist-open-data.s3.amazonaws.com/photos/337169334/medium.jpg,cc-by-nc,192106781,research,48.4788966667,2.6063466667
lythrum_portula_1137.jpg,https://inaturalist-open-data.s3.amazonaws.com/photos/337167792/medium.jpg,cc-by-nc,192105905,research,48.4788283333,2.60632
lythrum_portula_1138.jpg,https://inaturalist-open-data.s3.amazonaws.com/photos/336829322/medium.jpg,cc-by-nc,191934617,research,55.8117289722,40.031184
lythrum_portula_1139.jpg,https://inaturalist-open-data.s3.amazonaws.com/photos/336818685/medium.jpg,cc-by-nc,191928542,research,55.828293,40.0672909722
lythrum_portula_1140.jpg,https://inaturalist-open-data.s3.amazonaws.com/photos/336622577/medium.jpg,cc-by-nc,191828561,research,55.8287919722,40.126035
lythrum_portula_1141.jpg,https://inaturalist-open-data.s3.amazonaws.com/photos/336510221/medium.jpg,cc-by-nc,191777230,research,55.8150389722,40.2504449722
lythrum_portula_1142.jpeg,https://inaturalist-open-data.s3.amazonaws.com/photos/336495625/medium.jpeg,cc-by-nc,191766105,research,50.1465723623,16.0626538739
lythrum_portula_1143.jpeg,https://inaturalist-open-data.s3.amazonaws.com/photos/336495630/medium.jpeg,cc-by-nc,191766105,research,50.1465723623,16.0626538739
lythrum_portula_1144.jpg,https://inaturalist-open-data.s3.amazonaws.com/photos/336454360/medium.jpg,cc-by-nc,191748607,research,55.7092999722,40.369936
lythrum_portula_1145.jpg,https://inaturalist-open-data.s3.amazonaws.com/photos/336445026/medium.jpg,cc-by-nc,191741202,research,55.7537629722,40.394435
lythrum_portula_1146.jpg,https://inaturalist-open-data.s3.amazonaws.com/photos/336445024/medium.jpg,cc-by-nc,191741202,research,55.7537629722,40.394435
lythrum_portula_1147.jpg,https://inaturalist-open-data.s3.amazonaws.com/photos/336417463/medium.jpg,cc-by-nc,191727541,research,55.7180409722,40.457559
lythrum_portula_1148.jpg,https://inaturalist-open-data.s3.amazonaws.com/photos/336301064/medium.jpg,cc-by-nc,191672288,research,55.6863499722,40.474259
lythrum_portula_1149.jpg,https://inaturalist-open-data.s3.amazonaws.com/photos/336301048/medium.jpg,cc-by-nc,191672288,research,55.6863499722,40.474259
lythrum_portula_1150.jpg,https://inaturalist-open-data.s3.amazonaws.com/photos/336301069/medium.jpg,cc-by-nc,191672288,research,55.6863499722,40.474259
lythrum_portula_1151.jpg,https://inaturalist-open-data.s3.amazonaws.com/photos/336155271/medium.jpg,cc-by-nc,191597981,research,55.5608059722,40.6472989722
lythrum_portula_1152.jpg,https://inaturalist-open-data.s3.amazonaws.com/photos/336075872/medium.jpg,cc-by-nc,191557059,research,55.8158749722,40.38329
lythrum_portula_1153.jpg,https://inaturalist-open-data.s3.amazonaws.com/photos/336075880/medium.jpg,cc-by-nc,191557059,research,55.8158749722,40.38329
lythrum_portula_1154.jpeg,https://inaturalist-open-data.s3.amazonaws.com/photos/336013355/medium.jpeg,cc-by-nc,191526445,research,55.6450766565,38.2099856464
lythrum_portula_1155.jpeg,https://inaturalist-open-data.s3.amazonaws.com/photos/335951307/medium.jpeg,cc-by-nc,191493423,research,49.7592053903,13.676398024
lythrum_portula_1156.jpeg,https://inaturalist-open-data.s3.amazonaws.com/photos/335951346/medium.jpeg,cc-by-nc,191493423,research,49.7592053903,13.676398024
lythrum_portula_1157.jpeg,https://inaturalist-open-data.s3.amazonaws.com/photos/335951371/medium.jpeg,cc-by-nc,191493423,research,49.7592053903,13.676398024
lythrum_portula_1158.jpg,https://inaturalist-open-data.s3.amazonaws.com/photos/335918933/medium.jpg,cc-by-nc,191480634,research,55.782823,40.425367
lythrum_portula_1159.jpg,https://inaturalist-open-data.s3.amazonaws.com/photos/335546243/medium.jpg,cc-by-nc,191295246,research,48.8760779722,15.0444119722
lythrum_portula_1160.jpg,https://inaturalist-open-data.s3.amazonaws.com/photos/335546240/medium.jpg,cc-by-nc,191295246,research,48.8760779722,15.0444119722
lythrum_portula_1161.jpg,https://inaturalist-open-data.s3.amazonaws.com/photos/335291632/medium.jpg,cc-by-nc,191164750,research,49.6551136,15.9004544
lythrum_portula_1162.jpg,https://inaturalist-open-data.s3.amazonaws.com/photos/335291633/medium.jpg,cc-by-nc,191164750,research,49.6551136,15.9004544
lythrum_portula_1163.jpg,https://inaturalist-open-data.s3.amazonaws.com/photos/335255706/medium.jpg,cc-by-nc,191149912,research,55.465913,40.238118
lythrum_portula_1164.jpg,https://inaturalist-open-data.s3.amazonaws.com/photos/335120749/medium.jpg,cc-by-nc,191079325,research,46.9065666667,16.281405
lythrum_portula_1165.jpg,https://inaturalist-open-data.s3.amazonaws.com/photos/335120774/medium.jpg,cc-by-nc,191079325,research,46.9065666667,16.281405
lythrum_portula_1166.jpg,https://inaturalist-open-data.s3.amazonaws.com/photos/334468085/medium.jpg,cc-by-nc,190753953,research,55.455435,40.2236359722
lythrum_portula_1167.jpeg,https://inaturalist-open-data.s3.amazonaws.com/photos/334138675/medium.jpeg,cc-by-nc,190583760,research,51.7882346232,10.3399526328
lythrum_portula_1168.jpeg,https://inaturalist-open-data.s3.amazonaws.com/photos/333975779/medium.jpeg,cc-by-nc,190504673,research,45.0633492852,3.0182401473
lythrum_portula_1169.jpg,https://inaturalist-open-data.s3.amazonaws.com/photos/333919496/medium.jpg,cc-by-nc,190479687,research,55.4322459722,40.4654859722
lythrum_portula_1170.jpg,https://inaturalist-open-data.s3.amazonaws.com/photos/333866997/medium.jpg,cc-by-nc,190451177,research,-41.3497949488,174.910572935
lythrum_portula_1171.jpg,https://inaturalist-open-data.s3.amazonaws.com/photos/333867008/medium.jpg,cc-by-nc,190451177,research,-41.3497949488,174.910572935
lythrum_portula_1172.jpeg,https://inaturalist-open-data.s3.amazonaws.com/photos/333664064/medium.jpeg,cc-by-nc,190353194,research,55.5308949928,38.3591530697
lythrum_portula_1173.jpeg,https://inaturalist-open-data.s3.amazonaws.com/photos/333664435/medium.jpeg,cc-by-nc,190353194,research,55.5308949928,38.3591530697
lythrum_portula_1174.jpeg,https://inaturalist-open-data.s3.amazonaws.com/photos/333664448/medium.jpeg,cc-by-nc,190353194,research,55.5308949928,38.3591530697
lythrum_portula_1175.jpeg,https://inaturalist-open-data.s3.amazonaws.com/photos/333424385/medium.jpeg,cc-by-nc,190234452,research,50.1884246757,15.8609782762
lythrum_portula_1176.jpg,https://inaturalist-open-data.s3.amazonaws.com/photos/333300727/medium.jpg,cc-by-nc,190175999,research,55.511504,40.54948
lythrum_portula_1177.jpeg,https://inaturalist-open-data.s3.amazonaws.com/photos/332472197/medium.jpeg,cc-by-nc,189741292,research,49.262764899,14.3365395778
lythrum_portula_1178.jpg,https://inaturalist-open-data.s3.amazonaws.com/photos/332281910/medium.jpg,cc-by-nc,189647719,research,50.0778661742,4.6400029177
lythrum_portula_1179.jpeg,https://inaturalist-open-data.s3.amazonaws.com/photos/331727012/medium.jpeg,cc-by-nc,189375025,research,48.044068597,7.8218783419
lythrum_portula_1180.jpeg,https://inaturalist-open-data.s3.amazonaws.com/photos/331727795/medium.jpeg,cc-by-nc,189375025,research,48.044068597,7.8218783419
lythrum_portula_1181.jpeg,https://inaturalist-open-data.s3.amazonaws.com/photos/331727843/medium.jpeg,cc-by-nc,189375025,research,48.044068597,7.8218783419
lythrum_portula_1182.jpg,https://inaturalist-open-data.s3.amazonaws.com/photos/331709980/medium.jpg,cc-by-nc,189366486,research,56.1979598997,44.0171241758
lythrum_portula_1183.jpg,https://inaturalist-open-data.s3.amazonaws.com/photos/331129519/medium.jpg,cc-by-nc,189084224,research,55.4337659722,40.403699
lythrum_portula_1184.jpg,https://inaturalist-open-data.s3.amazonaws.com/photos/331061815/medium.jpg,cc-by-nc,189058947,needs_id,40.7568966667,-3.7034216111
lythrum_portula_1185.jpg,https://inaturalist-open-data.s3.amazonaws.com/photos/331054746/medium.jpg,cc-by-nc,189058730,needs_id,40.7568883333,-3.7034266667
lythrum_portula_1186.jpg,https://inaturalist-open-data.s3.amazonaws.com/photos/331054742/medium.jpg,cc-by-nc,189058729,needs_id,40.7568983333,-3.70342
lythrum_portula_1187.jpg,https://inaturalist-open-data.s3.amazonaws.com/photos/331054723/medium.jpg,cc-by-nc,189058720,needs_id,40.756895,-3.70342
lythrum_portula_1188.jpg,https://inaturalist-open-data.s3.amazonaws.com/photos/330957736/medium.jpg,cc-by-nc,188996094,needs_id,53.0147862787,-4.3191236803
lythrum_portula_1189.jpg,https://inaturalist-open-data.s3.amazonaws.com/photos/330437096/medium.jpg,cc-by-nc,188745012,research,55.816909,40.4191849722
lythrum_portula_1190.jpeg,https://inaturalist-open-data.s3.amazonaws.com/photos/329473036/medium.jpeg,cc-by-nc,188274017,research,48.8590911047,15.1178543642
lythrum_portula_1191.jpeg,https://inaturalist-open-data.s3.amazonaws.com/photos/329473079/medium.jpeg,cc-by-nc,188274017,research,48.8590911047,15.1178543642
lythrum_portula_1192.jpg,https://inaturalist-open-data.s3.amazonaws.com/photos/329109749/medium.jpg,cc-by-nc,188099492,research,55.5039319722,40.2903909722
lythrum_portula_1193.jpg,https://inaturalist-open-data.s3.amazonaws.com/photos/328865718/medium.jpg,cc-by-nc,187981066,research,55.541685,40.2594029722
lythrum_portula_1194.jpg,https://inaturalist-open-data.s3.amazonaws.com/photos/328865875/medium.jpg,cc-by-nc,187980639,research,55.5417989722,40.261687
lythrum_portula_1195.jpg,https://inaturalist-open-data.s3.amazonaws.com/photos/328637509/medium.jpg,cc-by-nc,187867292,research,55.5264579722,40.2592849722
lythrum_portula_1196.jpg,https://inaturalist-open-data.s3.amazonaws.com/photos/327567610/medium.jpg,cc-by-nc,187326172,research,55.414146,40.5895369722
lythrum_portula_1197.jpg,https://inaturalist-open-data.s3.amazonaws.com/photos/327430520/medium.jpg,cc-by,187255984,research,49.9354259722,8.8845679722
lythrum_portula_1198.jpg,https://inaturalist-open-data.s3.amazonaws.com/photos/327429359/medium.jpg,cc-by,187255333,research,49.929994,8.842646
lythrum_portula_1199.jpeg,https://inaturalist-open-data.s3.amazonaws.com/photos/327341483/medium.jpeg,cc-by-nc,187209434,research,57.8215333333,41.4559233333
lythrum_portula_1200.jpeg,https://inaturalist-open-data.s3.amazonaws.com/photos/327103420/medium.jpeg,cc-by-nc,187086696,research,49.4348649577,13.9104303926
lythrum_portula_1201.jpeg,https://inaturalist-open-data.s3.amazonaws.com/photos/327103883/medium.jpeg,cc-by-nc,187086696,research,49.4348649577,13.9104303926
lythrum_portula_1202.jpeg,https://inaturalist-open-data.s3.amazonaws.com/photos/327103882/medium.jpeg,cc-by-nc,187086696,research,49.4348649577,13.9104303926
lythrum_portula_1203.jpeg,https://inaturalist-open-data.s3.amazonaws.com/photos/327103885/medium.jpeg,cc-by-nc,187086696,research,49.4348649577,13.9104303926
lythrum_portula_1204.jpeg,https://inaturalist-open-data.s3.amazonaws.com/photos/326562278/medium.jpeg,cc-by-nc,186818396,research,49.3857185799,14.1480435495
lythrum_portula_1205.jpg,https://inaturalist-open-data.s3.amazonaws.com/photos/326284053/medium.jpg,cc-by-nc,186676364,research,55.490326,40.606909
lythrum_portula_1206.jpeg,https://inaturalist-open-data.s3.amazonaws.com/photos/326274156/medium.jpeg,cc-by-nc,186670135,research,48.4203072109,-2.1157425873
lythrum_portula_1207.jpeg,https://inaturalist-open-data.s3.amazonaws.com/photos/326274279/medium.jpeg,cc-by-nc,186670135,research,48.4203072109,-2.1157425873
lythrum_portula_1208.jpeg,https://inaturalist-open-data.s3.amazonaws.com/photos/326274283/medium.jpeg,cc-by-nc,186670135,research,48.4203072109,-2.1157425873
lythrum_portula_1209.jpg,https://inaturalist-open-data.s3.amazonaws.com/photos/326258868/medium.jpg,cc-by-nc,186662362,research,55.5110329722,40.3608309722
lythrum_portula_1210.jpeg,https://inaturalist-open-data.s3.amazonaws.com/photos/326038161/medium.jpeg,cc0,186550631,research,49.3861973622,14.1477713161
lythrum_portula_1211.jpg,https://inaturalist-open-data.s3.amazonaws.com/photos/325966097/medium.jpg,cc-by-nc,186514306,research,55.448512,40.581504
lythrum_portula_1212.jpg,https://inaturalist-open-data.s3.amazonaws.com/photos/325925452/medium.jpg,cc-by-nc,186495611,research,55.501035,40.640684
lythrum_portula_1213.jpg,https://inaturalist-open-data.s3.amazonaws.com/photos/325925432/medium.jpg,cc-by-nc,186495611,research,55.501035,40.640684
lythrum_portula_1214.jpg,https://inaturalist-open-data.s3.amazonaws.com/photos/325799943/medium.jpg,cc-by-nc,186430207,research,49.1145199722,9.273153
lythrum_portula_1215.jpg,https://inaturalist-open-data.s3.amazonaws.com/photos/325799924/medium.jpg,cc-by-nc,186430207,research,49.1145199722,9.273153
lythrum_portula_1216.jpg,https://inaturalist-open-data.s3.amazonaws.com/photos/325799938/medium.jpg,cc-by-nc,186430207,research,49.1145199722,9.273153
lythrum_portula_1217.jpeg,https://inaturalist-open-data.s3.amazonaws.com/photos/325588774/medium.jpeg,cc-by-nc,186323031,research,49.8744083333,5.8454444444
lythrum_portula_1218.jpeg,https://inaturalist-open-data.s3.amazonaws.com/photos/325588799/medium.jpeg,cc-by-nc,186323031,research,49.8744083333,5.8454444444
lythrum_portula_1219.jpeg,https://inaturalist-open-data.s3.amazonaws.com/photos/325588803/medium.jpeg,cc-by-nc,186323031,research,49.8744083333,5.8454444444
lythrum_portula_1220.jpeg,https://inaturalist-open-data.s3.amazonaws.com/photos/325588836/medium.jpeg,cc-by-nc,186323031,research,49.8744083333,5.8454444444
lythrum_portula_1221.jpg,https://inaturalist-open-data.s3.amazonaws.com/photos/324948454/medium.jpg,cc-by-nc,186001119,research,55.0234239722,57.4886759722
lythrum_portula_1222.jpg,https://inaturalist-open-data.s3.amazonaws.com/photos/324728551/medium.jpg,cc-by-nc,185928731,research,55.9276309243,38.386488401
lythrum_portula_1223.jpg,https://inaturalist-open-data.s3.amazonaws.com/photos/324728535/medium.jpg,cc-by-nc,185928731,research,55.9276309243,38.386488401
lythrum_portula_1224.jpg,https://inaturalist-open-data.s3.amazonaws.com/photos/324728626/medium.jpg,cc-by-nc,185928731,research,55.9276309243,38.386488401
lythrum_portula_1225.jpeg,https://inaturalist-open-data.s3.amazonaws.com/photos/323598221/medium.jpeg,cc-by-nc-nd,185299792,research,52.3992520041,30.5532669622
lythrum_portula_1226.jpeg,https://inaturalist-open-data.s3.amazonaws.com/photos/323030330/medium.jpeg,cc-by-nc,185004914,research,48.4811191939,-2.3449794025
lythrum_portula_1227.jpeg,https://inaturalist-open-data.s3.amazonaws.com/photos/323030507/medium.jpeg,cc-by-nc,185004914,research,48.4811191939,-2.3449794025
lythrum_portula_1228.jpeg,https://inaturalist-open-data.s3.amazonaws.com/photos/323030548/medium.jpeg,cc-by-nc,185004914,research,48.4811191939,-2.3449794025
lythrum_portula_1229.jpeg,https://inaturalist-open-data.s3.amazonaws.com/photos/322809322/medium.jpeg,cc-by-nc,184895969,needs_id,53.2006354418,9.2478298768
lythrum_portula_1230.jpg,https://inaturalist-open-data.s3.amazonaws.com/photos/322584125/medium.jpg,cc-by-nc,184776357,research,42.4764257194,-6.0713615278
lythrum_portula_1231.jpeg,https://inaturalist-open-data.s3.amazonaws.com/photos/322458556/medium.jpeg,cc-by,184706720,research,48.6616374694,1.8792655083
lythrum_portula_1232.jpeg,https://inaturalist-open-data.s3.amazonaws.com/photos/322458588/medium.jpeg,cc-by,184706720,research,48.6616374694,1.8792655083
lythrum_portula_1233.jpeg,https://inaturalist-open-data.s3.amazonaws.com/photos/322458644/medium.jpeg,cc-by,184706720,research,48.6616374694,1.8792655083
lythrum_portula_1234.jpeg,https://inaturalist-open-data.s3.amazonaws.com/photos/322364960/medium.jpeg,cc-by-nc,184653711,research,49.0278304,15.1454387
lythrum_portula_1235.jpeg,https://inaturalist-open-data.s3.amazonaws.com/photos/322364633/medium.jpeg,cc-by-nc,184653599,research,49.03325418,15.14169704
lythrum_portula_1236.jpeg,https://inaturalist-open-data.s3.amazonaws.com/photos/322364646/medium.jpeg,cc-by-nc,184653599,research,49.03325418,15.14169704
lythrum_portula_1237.jpeg,https://inaturalist-open-data.s3.amazonaws.com/photos/322364913/medium.jpeg,cc-by-nc,184653599,research,49.03325418,15.14169704
lythrum_portula_1238.jpeg,https://inaturalist-open-data.s3.amazonaws.com/photos/322333963/medium.jpeg,cc-by-nc,184638918,research,48.4066429451,-123.7617075209
lythrum_portula_1239.jpeg,https://inaturalist-open-data.s3.amazonaws.com/photos/322333957/medium.jpeg,cc-by-nc,184638915,research,48.4066429451,-123.7617075209
lythrum_portula_1240.jpeg,https://inaturalist-open-data.s3.amazonaws.com/photos/321792131/medium.jpeg,cc-by-nc,184355665,research,47.5457951671,7.063484719
lythrum_portula_1241.jpeg,https://inaturalist-open-data.s3.amazonaws.com/photos/321792206/medium.jpeg,cc-by-nc,184355665,research,47.5457951671,7.063484719
lythrum_portula_1242.jpeg,https://inaturalist-open-data.s3.amazonaws.com/photos/321792212/medium.jpeg,cc-by-nc,184355665,research,47.5457951671,7.063484719
lythrum_portula_1243.jpg,https://inaturalist-open-data.s3.amazonaws.com/photos/321416242/medium.jpg,cc-by-nc,184159324,research,43.068167,-8.8034029722
lythrum_portula_1244.jpg,https://inaturalist-open-data.s3.amazonaws.com/photos/321416283/medium.jpg,cc-by-nc,184159324,research,43.068167,-8.8034029722
lythrum_portula_1245.jpg,https://inaturalist-open-data.s3.amazonaws.com/photos/321416259/medium.jpg,cc-by-nc,184159324,research,43.068167,-8.8034029722
lythrum_portula_1246.jpg,https://inaturalist-open-data.s3.amazonaws.com/photos/320777378/medium.jpg,cc-by-nc,183832948,research,54.68242844,40.8909535798
lythrum_portula_1247.jpg,https://inaturalist-open-data.s3.amazonaws.com/photos/320777394/medium.jpg,cc-by-nc,183832948,research,54.68242844,40.8909535798
lythrum_portula_1248.jpg,https://inaturalist-open-data.s3.amazonaws.com/photos/320777401/medium.jpg,cc-by-nc,183832948,research,54.68242844,40.8909535798
lythrum_portula_1249.jpeg,https://inaturalist-open-data.s3.amazonaws.com/photos/320544907/medium.jpeg,cc-by-nc,183707451,research,57.8256433333,41.4233133333
lythrum_portula_1250.jpeg,https://inaturalist-open-data.s3.amazonaws.com/photos/320540737/medium.jpeg,cc-by-nc,183705039,research,57.8262083333,41.4249833333
lythrum_portula_1251.jpeg,https://inaturalist-open-data.s3.amazonaws.com/photos/320540955/medium.jpeg,cc-by-nc,183705039,research,57.8262083333,41.4249833333
lythrum_portula_1252.jpeg,https://inaturalist-open-data.s3.amazonaws.com/photos/320541003/medium.jpeg,cc-by-nc,183705039,research,57.8262083333,41.4249833333
lythrum_portula_1253.jpeg,https://inaturalist-open-data.s3.amazonaws.com/photos/320409410/medium.jpeg,cc-by-nc,183636004,research,49.8742976466,5.84314683
lythrum_portula_1254.jpg,https://inaturalist-open-data.s3.amazonaws.com/photos/320357997/medium.jpg,cc-by-nc,183609952,research,60.225749603,30.4303413926
lythrum_portula_1255.jpg,https://inaturalist-open-data.s3.amazonaws.com/photos/320358003/medium.jpg,cc-by-nc,183609952,research,60.225749603,30.4303413926
lythrum_portula_1256.jpeg,https://inaturalist-open-data.s3.amazonaws.com/photos/320129164/medium.jpeg,cc-by-nc-sa,183487779,research,60.1945624534,24.9181686714
lythrum_portula_1257.jpeg,https://inaturalist-open-data.s3.amazonaws.com/photos/320129192/medium.jpeg,cc-by-nc-sa,183487779,research,60.1945624534,24.9181686714
lythrum_portula_1258.jpg,https://inaturalist-open-data.s3.amazonaws.com/photos/320018079/medium.jpg,cc-by,183431705,research,53.116139,-6.531248
lythrum_portula_1259.jpg,https://inaturalist-open-data.s3.amazonaws.com/photos/320018080/medium.jpg,cc-by,183431705,research,53.116139,-6.531248
lythrum_portula_1260.jpg,https://inaturalist-open-data.s3.amazonaws.com/photos/320018081/medium.jpg,cc-by,183431705,research,53.116139,-6.531248
lythrum_portula_1261.jpg,https://inaturalist-open-data.s3.amazonaws.com/photos/319913721/medium.jpg,cc-by,183376810,research,55.8500967432,37.9411622875
lythrum_portula_1262.jpeg,https://inaturalist-open-data.s3.amazonaws.com/photos/319900514/medium.jpeg,cc-by-nc,183369427,research,48.4203072109,-2.1157425873
lythrum_portula_1263.jpeg,https://inaturalist-open-data.s3.amazonaws.com/photos/319900769/medium.jpeg,cc-by-nc,183369427,research,48.4203072109,-2.1157425873
lythrum_portula_1264.jpg,https://inaturalist-open-data.s3.amazonaws.com/photos/319845619/medium.jpg,cc-by-nc,183340365,research,49.874345,5.8441883333
lythrum_portula_1265.jpeg,https://inaturalist-open-data.s3.amazonaws.com/photos/319673104/medium.jpeg,cc-by-nc-nd,183251534,research,53.3869819592,32.6851451984
lythrum_portula_1266.jpg,https://inaturalist-open-data.s3.amazonaws.com/photos/319394596/medium.jpg,cc-by-nc,183106832,research,51.4145147615,-0.3466885071
lythrum_portula_1267.jpg,https://inaturalist-open-data.s3.amazonaws.com/photos/319394619/medium.jpg,cc-by-nc,183106832,research,51.4145147615,-0.3466885071
lythrum_portula_1268.jpg,https://inaturalist-open-data.s3.amazonaws.com/photos/319394644/medium.jpg,cc-by-nc,183106832,research,51.4145147615,-0.3466885071
lythrum_portula_1269.jpg,https://inaturalist-open-data.s3.amazonaws.com/photos/318762270/medium.jpg,cc-by-nc,182795015,research,55.6518665906,43.2433587304
lythrum_portula_1270.jpeg,https://inaturalist-open-data.s3.amazonaws.com/photos/318746864/medium.jpeg,cc-by-nc,182775013,research,53.877861,36.4078788611
lythrum_portula_1271.jpg,https://inaturalist-open-data.s3.amazonaws.com/photos/318590562/medium.jpg,cc-by-nc,182707692,needs_id,54.6399993996,8.3939251545
lythrum_portula_1272.jpg,https://inaturalist-open-data.s3.amazonaws.com/photos/318590581/medium.jpg,cc-by-nc,182707692,needs_id,54.6399993996,8.3939251545
lythrum_portula_1273.jpg,https://inaturalist-open-data.s3.amazonaws.com/photos/318590594/medium.jpg,cc-by-nc,182707692,needs_id,54.6399993996,8.3939251545
lythrum_portula_1274.jpg,https://inaturalist-open-data.s3.amazonaws.com/photos/318422616/medium.jpg,cc-by,182606246,research,42.8595142672,-6.8710163422
lythrum_portula_1275.jpg,https://inaturalist-open-data.s3.amazonaws.com/photos/318402548/medium.jpg,cc0,182598184,research,50.9915173265,-0.7901794189
lythrum_portula_1276.jpg,https://inaturalist-open-data.s3.amazonaws.com/photos/317924086/medium.jpg,cc-by-nc,182351465,research,42.6887139722,-8.938022
lythrum_portula_1277.jpg,https://inaturalist-open-data.s3.amazonaws.com/photos/317924136/medium.jpg,cc-by-nc,182351465,research,42.6887139722,-8.938022
lythrum_portula_1278.jpg,https://inaturalist-open-data.s3.amazonaws.com/photos/317924092/medium.jpg,cc-by-nc,182351465,research,42.6887139722,-8.938022
lythrum_portula_1279.jpg,https://inaturalist-open-data.s3.amazonaws.com/photos/317924110/medium.jpg,cc-by-nc,182351465,research,42.6887139722,-8.938022
lythrum_portula_1280.jpg,https://inaturalist-open-data.s3.amazonaws.com/photos/317575931/medium.jpg,cc-by-nc,182168876,research,57.2114273858,65.4498338613
lythrum_portula_1281.jpg,https://inaturalist-open-data.s3.amazonaws.com/photos/317575950/medium.jpg,cc-by-nc,182168876,research,57.2114273858,65.4498338613
lythrum_portula_1282.jpg,https://inaturalist-open-data.s3.amazonaws.com/photos/317575962/medium.jpg,cc-by-nc,182168876,research,57.2114273858,65.4498338613
lythrum_portula_1283.jpg,https://inaturalist-open-data.s3.amazonaws.com/photos/317575975/medium.jpg,cc-by-nc,182168876,research,57.2114273858,65.4498338613
lythrum_portula_1284.jpg,https://inaturalist-open-data.s3.amazonaws.com/photos/317575986/medium.jpg,cc-by-nc,182168876,research,57.2114273858,65.4498338613
lythrum_portula_1285.jpeg,https://inaturalist-open-data.s3.amazonaws.com/photos/317544012/medium.jpeg,cc-by-nc,182152893,research,48.348459096,2.5470057012
lythrum_portula_1286.jpg,https://inaturalist-open-data.s3.amazonaws.com/photos/317298952/medium.jpg,cc-by-nc,182026914,research,56.3641783333,43.967505
lythrum_portula_1287.jpg,https://inaturalist-open-data.s3.amazonaws.com/photos/317298969/medium.jpg,cc-by-nc,182026914,research,56.3641783333,43.967505
lythrum_portula_1288.jpg,https://inaturalist-open-data.s3.amazonaws.com/photos/317278579/medium.jpg,cc-by-nc,182016539,research,58.830045,44.3278116667
lythrum_portula_1289.jpeg,https://inaturalist-open-data.s3.amazonaws.com/photos/316539893/medium.jpeg,cc-by,181636913,research,48.1924577133,16.2285896786
lythrum_portula_1290.jpeg,https://inaturalist-open-data.s3.amazonaws.com/photos/316539461/medium.jpeg,cc-by,181636907,research,48.1924577133,16.2285896786
lythrum_portula_1291.jpeg,https://inaturalist-open-data.s3.amazonaws.com/photos/316359356/medium.jpeg,cc-by-nc,181538034,research,48.1642506841,7.6716328229
lythrum_portula_1292.jpeg,https://inaturalist-open-data.s3.amazonaws.com/photos/316353443/medium.jpeg,cc-by-nc,181535503,research,48.0430522608,7.7924437472
lythrum_portula_1293.jpg,https://inaturalist-open-data.s3.amazonaws.com/photos/316052359/medium.jpg,cc-by-nc,181374497,research,55.793728,40.172569
lythrum_portula_1294.jpg,https://inaturalist-open-data.s3.amazonaws.com/photos/316022742/medium.jpg,cc-by-nc,181338726,research,55.7856319722,40.165804
lythrum_portula_1295.jpg,https://inaturalist-open-data.s3.amazonaws.com/photos/315953598/medium.jpg,cc-by-nc,181303135,research,55.766032,40.1976349722
lythrum_portula_1296.jpg,https://inaturalist-open-data.s3.amazonaws.com/photos/315953582/medium.jpg,cc-by-nc,181303135,research,55.766032,40.1976349722
lythrum_portula_1297.jpeg,https://inaturalist-open-data.s3.amazonaws.com/photos/315387637/medium.jpeg,cc-by-nc,181016537,research,39.7917934238,-120.3432762205
lythrum_portula_1298.jpg,https://inaturalist-open-data.s3.amazonaws.com/photos/315287325/medium.jpg,cc-by-nc,180952972,research,47.7520631199,-1.7634388665
lythrum_portula_1299.jpg,https://inaturalist-open-data.s3.amazonaws.com/photos/314948577/medium.jpg,cc-by-nc,180772950,research,50.3078078036,30.6010630558
lythrum_portula_1300.jpg,https://inaturalist-open-data.s3.amazonaws.com/photos/314953992/medium.jpg,cc-by-nc,180772950,research,50.3078078036,30.6010630558
lythrum_portula_1301.jpg,https://inaturalist-open-data.s3.amazonaws.com/photos/314389282/medium.jpg,cc-by-nc,180482404,research,47.5193889722,16.6952059722
lythrum_portula_1302.jpg,https://inaturalist-open-data.s3.amazonaws.com/photos/314388750/medium.jpg,cc-by-nc,180482366,research,47.5196127997,16.6947727997
lythrum_portula_1303.jpg,https://inaturalist-open-data.s3.amazonaws.com/photos/314388727/medium.jpg,cc-by-nc,180482366,research,47.5196127997,16.6947727997
lythrum_portula_1304.jpg,https://inaturalist-open-data.s3.amazonaws.com/photos/314388580/medium.jpg,cc-by-nc,180482366,research,47.5196127997,16.6947727997
lythrum_portula_1305.jpg,https://inaturalist-open-data.s3.amazonaws.com/photos/314388894/medium.jpg,cc-by-nc,180482366,research,47.5196127997,16.6947727997
lythrum_portula_1306.jpg,https://inaturalist-open-data.s3.amazonaws.com/photos/314364370/medium.jpg,cc-by-nc,180468015,research,47.5231807834,16.509646868
lythrum_portula_1307.jpg,https://inaturalist-open-data.s3.amazonaws.com/photos/314364920/medium.jpg,cc-by-nc,180468015,research,47.5231807834,16.509646868
lythrum_portula_1308.jpg,https://inaturalist-open-data.s3.amazonaws.com/photos/314364989/medium.jpg,cc-by-nc,180468015,research,47.5231807834,16.509646868
lythrum_portula_1309.jpg,https://inaturalist-open-data.s3.amazonaws.com/photos/314365060/medium.jpg,cc-by-nc,180468015,research,47.5231807834,16.509646868
lythrum_portula_1310.jpg,https://inaturalist-open-data.s3.amazonaws.com/photos/314365153/medium.jpg,cc-by-nc,180468015,research,47.5231807834,16.509646868
lythrum_portula_1311.jpg,https://inaturalist-open-data.s3.amazonaws.com/photos/314365207/medium.jpg,cc-by-nc,180468015,research,47.5231807834,16.509646868
lythrum_portula_1312.jpg,https://inaturalist-open-data.s3.amazonaws.com/photos/314280734/medium.jpg,cc0,180423994,research,55.6101177997,38.5926647
lythrum_portula_1313.jpg,https://inaturalist-open-data.s3.amazonaws.com/photos/314283075/medium.jpg,cc0,180423994,research,55.6101177997,38.5926647
lythrum_portula_1314.jpeg,https://inaturalist-open-data.s3.amazonaws.com/photos/314231827/medium.jpeg,cc-by-nc,180397981,research,57.6576533333,43.67555
lythrum_portula_1315.jpeg,https://inaturalist-open-data.s3.amazonaws.com/photos/314231915/medium.jpeg,cc-by-nc,180397981,research,57.6576533333,43.67555
lythrum_portula_1316.jpg,https://inaturalist-open-data.s3.amazonaws.com/photos/314131545/medium.jpg,cc-by-nc,180348363,research,49.4772950156,6.1127043836
lythrum_portula_1317.jpeg,https://inaturalist-open-data.s3.amazonaws.com/photos/314066223/medium.jpeg,cc-by-nc,180314615,research,55.569823295,39.0642013773
lythrum_portula_1318.jpeg,https://inaturalist-open-data.s3.amazonaws.com/photos/313993325/medium.jpeg,cc-by-nc,180275876,research,48.7106283333,1.7250533333
lythrum_portula_1319.jpeg,https://inaturalist-open-data.s3.amazonaws.com/photos/313993351/medium.jpeg,cc-by-nc,180275876,research,48.7106283333,1.7250533333
lythrum_portula_1320.jpeg,https://inaturalist-open-data.s3.amazonaws.com/photos/313993490/medium.jpeg,cc-by-nc,180275876,research,48.7106283333,1.7250533333
lythrum_portula_1321.jpg,https://inaturalist-open-data.s3.amazonaws.com/photos/313409575/medium.jpg,cc-by,179968647,research,56.1004221667,-3.7825833333
lythrum_portula_1322.jpg,https://inaturalist-open-data.s3.amazonaws.com/photos/313409603/medium.jpg,cc-by,179968647,research,56.1004221667,-3.7825833333
lythrum_portula_1323.jpg,https://inaturalist-open-data.s3.amazonaws.com/photos/313150309/medium.jpg,cc-by-nc,179831947,research,50.960444,29.781967
lythrum_portula_1324.jpg,https://inaturalist-open-data.s3.amazonaws.com/photos/313150300/medium.jpg,cc-by-nc,179831947,research,50.960444,29.781967
lythrum_portula_1325.jpg,https://inaturalist-open-data.s3.amazonaws.com/photos/312955640/medium.jpg,cc-by-nc,179733583,research,48.1708382528,-1.5564520364
lythrum_portula_1326.jpeg,https://inaturalist-open-data.s3.amazonaws.com/photos/312805246/medium.jpeg,cc-by-nc,179652226,research,58.1678783997,44.4053216
lythrum_portula_1327.jpeg,https://inaturalist-open-data.s3.amazonaws.com/photos/312805316/medium.jpeg,cc-by-nc,179652226,research,58.1678783997,44.4053216
lythrum_portula_1328.jpeg,https://inaturalist-open-data.s3.amazonaws.com/photos/312683738/medium.jpeg,cc0,179589788,research,43.7885861111,-66.0706583333
lythrum_portula_1329.jpeg,https://inaturalist-open-data.s3.amazonaws.com/photos/313035495/medium.jpeg,cc0,179589788,research,43.7885861111,-66.0706583333
lythrum_portula_1330.jpg,https://inaturalist-open-data.s3.amazonaws.com/photos/312529679/medium.jpg,cc-by-nc,179507354,research,59.1014971667,5.57518
lythrum_portula_1331.jpg,https://inaturalist-open-data.s3.amazonaws.com/photos/312529693/medium.jpg,cc-by-nc,179507354,research,59.1014971667,5.57518
lythrum_portula_1332.jpeg,https://inaturalist-open-data.s3.amazonaws.com/photos/312155351/medium.jpeg,cc-by-nc,179313695,research,48.2745964642,-2.1820173962
lythrum_portula_1333.jpeg,https://inaturalist-open-data.s3.amazonaws.com/photos/312155550/medium.jpeg,cc-by-nc,179313695,research,48.2745964642,-2.1820173962
lythrum_portula_1334.jpg,https://inaturalist-open-data.s3.amazonaws.com/photos/312142815/medium.jpg,cc-by-nc,179307166,research,55.5689258421,37.0305319795
lythrum_portula_1335.jpg,https://inaturalist-open-data.s3.amazonaws.com/photos/312143681/medium.jpg,cc-by-nc,179307166,research,55.5689258421,37.0305319795
lythrum_portula_1336.jpeg,https://inaturalist-open-data.s3.amazonaws.com/photos/312002224/medium.jpeg,cc-by-nc,179229468,research,45.5447638889,-122.3834833333
lythrum_portula_1337.jpeg,https://inaturalist-open-data.s3.amazonaws.com/photos/312002424/medium.jpeg,cc-by-nc,179229468,research,45.5447638889,-122.3834833333
lythrum_portula_1338.jpeg,https://inaturalist-open-data.s3.amazonaws.com/photos/312002531/medium.jpeg,cc-by-nc,179229468,research,45.5447638889,-122.3834833333
lythrum_portula_1339.jpg,https://inaturalist-open-data.s3.amazonaws.com/photos/311629229/medium.jpg,cc-by-nc,179029488,research,43.243416,-8.6917989722
lythrum_portula_1340.jpg,https://inaturalist-open-data.s3.amazonaws.com/photos/311629309/medium.jpg,cc-by-nc,179029488,research,43.243416,-8.6917989722
lythrum_portula_1341.jpg,https://inaturalist-open-data.s3.amazonaws.com/photos/311629283/medium.jpg,cc-by-nc,179029488,research,43.243416,-8.6917989722
lythrum_portula_1342.jpg,https://inaturalist-open-data.s3.amazonaws.com/photos/311491913/medium.jpg,cc-by-nc,178956208,research,47.9729022427,-1.9223014741
lythrum_portula_1343.jpeg,https://inaturalist-open-data.s3.amazonaws.com/photos/311337656/medium.jpeg,cc-by-nc,178894319,research,55.8032268832,37.8996708858
lythrum_portula_1344.jpeg,https://inaturalist-open-data.s3.amazonaws.com/photos/311067989/medium.jpeg,cc-by-nc,178736815,research,51.7831909905,28.3419068903
lythrum_portula_1345.jpeg,https://inaturalist-open-data.s3.amazonaws.com/photos/311068026/medium.jpeg,cc-by-nc,178736815,research,51.7831909905,28.3419068903
lythrum_portula_1346.jpeg,https://inaturalist-open-data.s3.amazonaws.com/photos/311068053/medium.jpeg,cc-by-nc,178736815,research,51.7831909905,28.3419068903
lythrum_portula_1347.jpeg,https://inaturalist-open-data.s3.amazonaws.com/photos/311014450/medium.jpeg,cc-by,178706585,research,45.9162680837,14.6822192879
lythrum_portula_1348.jpeg,https://inaturalist-open-data.s3.amazonaws.com/photos/310922670/medium.jpeg,cc-by-nc-nd,178658160,research,51.7700843273,28.3315050059
lythrum_portula_1349.jpeg,https://inaturalist-open-data.s3.amazonaws.com/photos/310127805/medium.jpeg,cc-by,178245955,needs_id,46.4581016667,3.8527433333
lythrum_portula_1350.jpeg,https://inaturalist-open-data.s3.amazonaws.com/photos/310127714/medium.jpeg,cc-by,178245955,needs_id,46.4581016667,3.8527433333
lythrum_portula_1351.jpeg,https://inaturalist-open-data.s3.amazonaws.com/photos/310127703/medium.jpeg,cc-by,178245955,needs_id,46.4581016667,3.8527433333
lythrum_portula_1352.jpeg,https://inaturalist-open-data.s3.amazonaws.com/photos/310127574/medium.jpeg,cc-by,178245955,needs_id,46.4581016667,3.8527433333
lythrum_portula_1353.jpeg,https://inaturalist-open-data.s3.amazonaws.com/photos/310127490/medium.jpeg,cc-by,178245955,needs_id,46.4581016667,3.8527433333
lythrum_portula_1354.jpg,https://inaturalist-open-data.s3.amazonaws.com/photos/309893930/medium.jpg,cc-by-nc,178121814,research,50.0122861167,28.1097138333
lythrum_portula_1355.jpg,https://inaturalist-open-data.s3.amazonaws.com/photos/309893943/medium.jpg,cc-by-nc,178121814,research,50.0122861167,28.1097138333
lythrum_portula_1356.jpg,https://inaturalist-open-data.s3.amazonaws.com/photos/309726384/medium.jpg,cc-by,178040613,needs_id,53.592463,-9.500502
lythrum_portula_1357.jpg,https://inaturalist-open-data.s3.amazonaws.com/photos/309726401/medium.jpg,cc-by,178040613,needs_id,53.592463,-9.500502
lythrum_portula_1358.jpeg,https://inaturalist-open-data.s3.amazonaws.com/photos/309585888/medium.jpeg,cc-by-nc,177960653,research,38.5128590309,16.3679837497
lythrum_portula_1359.jpeg,https://inaturalist-open-data.s3.amazonaws.com/photos/309586051/medium.jpeg,cc-by-nc,177960653,research,38.5128590309,16.3679837497
lythrum_portula_1360.jpeg,https://inaturalist-open-data.s3.amazonaws.com/photos/309586080/medium.jpeg,cc-by-nc,177960653,research,38.5128590309,16.3679837497
lythrum_portula_1361.jpeg,https://inaturalist-open-data.s3.amazonaws.com/photos/309586167/medium.jpeg,cc-by-nc,177960653,research,38.5128590309,16.3679837497
lythrum_portula_1362.jpeg,https://inaturalist-open-data.s3.amazonaws.com/photos/309586412/medium.jpeg,cc-by-nc,177960653,research,38.5128590309,16.3679837497
lythrum_portula_1363.jpeg,https://inaturalist-open-data.s3.amazonaws.com/photos/309451202/medium.jpeg,cc-by-nc,177895437,research,48.4209566667,2.5048816667
lythrum_portula_1364.jpeg,https://inaturalist-open-data.s3.amazonaws.com/photos/309451014/medium.jpeg,cc-by-nc,177895437,research,48.4209566667,2.5048816667
lythrum_portula_1365.jpeg,https://inaturalist-open-data.s3.amazonaws.com/photos/309450995/medium.jpeg,cc-by-nc,177895437,research,48.4209566667,2.5048816667
lythrum_portula_1366.jpg,https://inaturalist-open-data.s3.amazonaws.com/photos/309021452/medium.jpg,cc-by-nc,177658505,research,55.565946,39.867694
lythrum_portula_1367.jpeg,https://inaturalist-open-data.s3.amazonaws.com/photos/308727359/medium.jpeg,cc-by-nc,177509445,research,54.0266549984,-1.0095987752
lythrum_portula_1368.jpg,https://inaturalist-open-data.s3.amazonaws.com/photos/308314862/medium.jpg,cc-by-nc,177282716,needs_id,-1.7128860516,-78.5382225067
lythrum_portula_1369.jpg,https://inaturalist-open-data.s3.amazonaws.com/photos/307684567/medium.jpg,cc-by-nc,176943036,research,55.6695747375,43.6339912414
lythrum_portula_1370.jpeg,https://inaturalist-open-data.s3.amazonaws.com/photos/307675425/medium.jpeg,cc-by,176941216,research,45.9459030556,4.9274880556
lythrum_portula_1371.jpeg,https://inaturalist-open-data.s3.amazonaws.com/photos/307672445/medium.jpeg,cc-by,176941133,needs_id,45.9458663889,4.9276830556
lythrum_portula_1372.jpeg,https://inaturalist-open-data.s3.amazonaws.com/photos/307672451/medium.jpeg,cc-by,176941133,needs_id,45.9458663889,4.9276830556
lythrum_portula_1373.jpeg,https://inaturalist-open-data.s3.amazonaws.com/photos/307676590/medium.jpeg,cc-by-nc,176939730,needs_id,16.6877066101,80.4486844982
lythrum_portula_1374.jpeg,https://inaturalist-open-data.s3.amazonaws.com/photos/307419233/medium.jpeg,cc-by-nc,176800308,research,47.497347066,-0.5027083744
lythrum_portula_1375.jpeg,https://inaturalist-open-data.s3.amazonaws.com/photos/307419951/medium.jpeg,cc-by-nc,176800308,research,47.497347066,-0.5027083744
lythrum_portula_1376.jpg,https://inaturalist-open-data.s3.amazonaws.com/photos/306910690/medium.jpg,cc-by-nc,176526917,research,49.2819211249,-124.2764497263
lythrum_portula_1377.jpg,https://inaturalist-open-data.s3.amazonaws.com/photos/306910637/medium.jpg,cc-by-nc,176526917,research,49.2819211249,-124.2764497263
lythrum_portula_1378.jpg,https://inaturalist-open-data.s3.amazonaws.com/photos/306910758/medium.jpg,cc-by-nc,176526917,research,49.2819211249,-124.2764497263
lythrum_portula_1379.jpeg,https://inaturalist-open-data.s3.amazonaws.com/photos/306722235/medium.jpeg,cc-by-nc-sa,176422404,research,54.8394033333,43.185855
lythrum_portula_1380.jpeg,https://inaturalist-open-data.s3.amazonaws.com/photos/306714284/medium.jpeg,cc-by-nc,176418081,research,54.8330883333,43.1981166667
lythrum_portula_1381.jpeg,https://inaturalist-open-data.s3.amazonaws.com/photos/306714003/medium.jpeg,cc-by-nc,176417877,research,,
lythrum_portula_1382.jpeg,https://inaturalist-open-data.s3.amazonaws.com/photos/306713500/medium.jpeg,cc-by-nc-sa,176417649,research,54.83259,43.1990233333
lythrum_portula_1383.jpeg,https://inaturalist-open-data.s3.amazonaws.com/photos/306712370/medium.jpeg,cc-by-nc,176417092,research,54.8467566667,43.170475
lythrum_portula_1384.jpeg,https://inaturalist-open-data.s3.amazonaws.com/photos/306711502/medium.jpeg,cc-by-nc-sa,176416656,research,54.8332016667,43.198075
lythrum_portula_1385.jpeg,https://inaturalist-open-data.s3.amazonaws.com/photos/306711522/medium.jpeg,cc-by-nc-sa,176416656,research,54.8332016667,43.198075
lythrum_portula_1386.jpeg,https://inaturalist-open-data.s3.amazonaws.com/photos/306711542/medium.jpeg,cc-by-nc-sa,176416656,research,54.8332016667,43.198075
lythrum_portula_1387.jpeg,https://inaturalist-open-data.s3.amazonaws.com/photos/306638450/medium.jpeg,cc-by-nc,176377565,research,39.8681980175,-121.1753019691
lythrum_portula_1388.jpeg,https://inaturalist-open-data.s3.amazonaws.com/photos/306638465/medium.jpeg,cc-by-nc,176377565,research,39.8681980175,-121.1753019691
lythrum_portula_1389.jpeg,https://inaturalist-open-data.s3.amazonaws.com/photos/305534757/medium.jpeg,cc-by-nc,175788573,research,48.1392717026,20.6330366805
lythrum_portula_1390.jpg,https://inaturalist-open-data.s3.amazonaws.com/photos/305461445/medium.jpg,cc-by-nc,175747783,research,55.96353,45.9826383333
lythrum_portula_1391.jpg,https://inaturalist-open-data.s3.amazonaws.com/photos/305461407/medium.jpg,cc-by-nc,175747783,research,55.96353,45.9826383333
lythrum_portula_1392.jpeg,https://inaturalist-open-data.s3.amazonaws.com/photos/305069085/medium.jpeg,cc-by-nc,175523250,research,51.3620033,-0.3806024
lythrum_portula_1393.jpeg,https://inaturalist-open-data.s3.amazonaws.com/photos/304444032/medium.jpeg,cc-by-nc,175194639,research,58.1497621505,52.6795688336
lythrum_portula_1394.jpeg,https://inaturalist-open-data.s3.amazonaws.com/photos/303943808/medium.jpeg,cc-by-nc,174922433,research,57.6907005308,33.1490859983
lythrum_portula_1395.jpeg,https://inaturalist-open-data.s3.amazonaws.com/photos/303943871/medium.jpeg,cc-by-nc,174922433,research,57.6907005308,33.1490859983
lythrum_portula_1396.jpeg,https://inaturalist-open-data.s3.amazonaws.com/photos/303966932/medium.jpeg,cc-by-nc,174922433,research,57.6907005308,33.1490859983
lythrum_portula_1397.jpeg,https://inaturalist-open-data.s3.amazonaws.com/photos/303967187/medium.jpeg,cc-by-nc,174922433,research,57.6907005308,33.1490859983
lythrum_portula_1398.jpeg,https://inaturalist-open-data.s3.amazonaws.com/photos/303967366/medium.jpeg,cc-by-nc,174922433,research,57.6907005308,33.1490859983
lythrum_portula_1399.jpeg,https://inaturalist-open-data.s3.amazonaws.com/photos/303967403/medium.jpeg,cc-by-nc,174922433,research,57.6907005308,33.1490859983
lythrum_portula_1400.jpeg,https://inaturalist-open-data.s3.amazonaws.com/photos/303739034/medium.jpeg,cc-by-nc,174810511,research,57.84371,41.4653416667
lythrum_portula_1401.jpeg,https://inaturalist-open-data.s3.amazonaws.com/photos/303739103/medium.jpeg,cc-by-nc,174810511,research,57.84371,41.4653416667
lythrum_portula_1402.jpeg,https://inaturalist-open-data.s3.amazonaws.com/photos/303026491/medium.jpeg,cc-by-nc,174425596,research,47.8465927493,19.9513780698
lythrum_portula_1403.jpeg,https://inaturalist-open-data.s3.amazonaws.com/photos/302851269/medium.jpeg,cc-by-nc,174334971,research,49.239534393,14.3392537158
lythrum_portula_1404.jpeg,https://inaturalist-open-data.s3.amazonaws.com/photos/302856519/medium.jpeg,cc-by-nc,174334971,research,49.239534393,14.3392537158
lythrum_portula_1405.jpeg,https://inaturalist-open-data.s3.amazonaws.com/photos/302856523/medium.jpeg,cc-by-nc,174334971,research,49.239534393,14.3392537158
lythrum_portula_1406.jpg,https://inaturalist-open-data.s3.amazonaws.com/photos/302518831/medium.jpg,cc-by-nc,174156729,research,42.601973,-6.464582
lythrum_portula_1407.jpg,https://inaturalist-open-data.s3.amazonaws.com/photos/302359077/medium.jpg,cc-by-nc,174064337,research,56.521575,44.021775
lythrum_portula_1408.jpg,https://inaturalist-open-data.s3.amazonaws.com/photos/302359094/medium.jpg,cc-by-nc,174064337,research,56.521575,44.021775
lythrum_portula_1409.jpg,https://inaturalist-open-data.s3.amazonaws.com/photos/302359104/medium.jpg,cc-by-nc,174064337,research,56.521575,44.021775
lythrum_portula_1410.jpg,https://inaturalist-open-data.s3.amazonaws.com/photos/302359118/medium.jpg,cc-by-nc,174064337,research,56.521575,44.021775
lythrum_portula_1411.jpg,https://inaturalist-open-data.s3.amazonaws.com/photos/302211518/medium.jpg,cc-by-nc,173987689,needs_id,55.7723438661,12.5458078522
lythrum_portula_1412.jpeg,https://inaturalist-open-data.s3.amazonaws.com/photos/302144417/medium.jpeg,cc-by-nc,173927842,research,50.1880561,15.86141612
lythrum_portula_1413.jpeg,https://inaturalist-open-data.s3.amazonaws.com/photos/302144464/medium.jpeg,cc-by-nc,173927842,research,50.1880561,15.86141612
lythrum_portula_1414.jpeg,https://inaturalist-open-data.s3.amazonaws.com/photos/302151802/medium.jpeg,cc-by-nc,173927842,research,50.1880561,15.86141612
lythrum_portula_1415.jpeg,https://inaturalist-open-data.s3.amazonaws.com/photos/302151829/medium.jpeg,cc-by-nc,173927842,research,50.1880561,15.86141612
lythrum_portula_1416.jpeg,https://inaturalist-open-data.s3.amazonaws.com/photos/302151863/medium.jpeg,cc-by-nc,173927842,research,50.1880561,15.86141612
lythrum_portula_1417.jpeg,https://inaturalist-open-data.s3.amazonaws.com/photos/302151919/medium.jpeg,cc-by-nc,173927842,research,50.1880561,15.86141612
lythrum_portula_1418.jpeg,https://inaturalist-open-data.s3.amazonaws.com/photos/301950330/medium.jpeg,cc-by-nc,173846729,casual,,
lythrum_portula_1419.jpeg,https://inaturalist-open-data.s3.amazonaws.com/photos/301732227/medium.jpeg,cc-by-nc,173726937,research,53.1820083333,9.4799805556
lythrum_portula_1420.jpeg,https://inaturalist-open-data.s3.amazonaws.com/photos/301708049/medium.jpeg,cc-by-nc,173714676,research,53.18368195,9.47957399
lythrum_portula_1421.jpg,https://inaturalist-open-data.s3.amazonaws.com/photos/301544257/medium.jpg,cc-by-nc,173629246,research,50.7882237997,8.7076305
lythrum_portula_1422.jpg,https://inaturalist-open-data.s3.amazonaws.com/photos/301545420/medium.jpg,cc-by-nc,173629246,research,50.7882237997,8.7076305
lythrum_portula_1423.jpg,https://inaturalist-open-data.s3.amazonaws.com/photos/301545667/medium.jpg,cc-by-nc,173629246,research,50.7882237997,8.7076305
lythrum_portula_1424.jpeg,https://inaturalist-open-data.s3.amazonaws.com/photos/301261443/medium.jpeg,cc-by-nc,173473633,research,55.6494699129,43.5839408264
lythrum_portula_1425.jpeg,https://inaturalist-open-data.s3.amazonaws.com/photos/301261675/medium.jpeg,cc-by-nc,173473633,research,55.6494699129,43.5839408264
lythrum_portula_1426.jpeg,https://inaturalist-open-data.s3.amazonaws.com/photos/300945878/medium.jpeg,cc-by-nc-sa,173093686,needs_id,46.4009118389,-122.9598297889
lythrum_portula_1427.jpg,https://inaturalist-open-data.s3.amazonaws.com/photos/300434566/medium.jpg,cc-by-nc,173023049,research,50.2823534981,8.976315558
lythrum_portula_1428.jpg,https://inaturalist-open-data.s3.amazonaws.com/photos/300434631/medium.jpg,cc-by-nc,173023049,research,50.2823534981,8.976315558
lythrum_portula_1429.jpeg,https://inaturalist-open-data.s3.amazonaws.com/photos/300128168/medium.jpeg,cc-by-nc,172858410,research,48.2745964642,-2.1820173962
lythrum_portula_1430.jpeg,https://inaturalist-open-data.s3.amazonaws.com/photos/300128535/medium.jpeg,cc-by-nc,172858410,research,48.2745964642,-2.1820173962
lythrum_portula_1431.jpeg,https://inaturalist-open-data.s3.amazonaws.com/photos/300091733/medium.jpeg,cc-by-nc,172837441,research,51.3352829,33.3397807997
lythrum_portula_1432.jpeg,https://inaturalist-open-data.s3.amazonaws.com/photos/300066750/medium.jpeg,cc-by-nc,172823794,research,53.9934539722,37.1763954167
lythrum_portula_1433.jpg,https://inaturalist-open-data.s3.amazonaws.com/photos/300040446/medium.jpg,cc-by-nc,172809251,research,56.378375,43.962155
lythrum_portula_1434.jpg,https://inaturalist-open-data.s3.amazonaws.com/photos/300040431/medium.jpg,cc-by-nc,172809251,research,56.378375,43.962155
lythrum_portula_1435.jpg,https://inaturalist-open-data.s3.amazonaws.com/photos/300040459/medium.jpg,cc-by-nc,172809251,research,56.378375,43.962155
lythrum_portula_1436.jpg,https://inaturalist-open-data.s3.amazonaws.com/photos/299734363/medium.jpg,cc-by-nc,172645618,research,48.0689506389,-2.118412
lythrum_portula_1437.jpg,https://inaturalist-open-data.s3.amazonaws.com/photos/299734370/medium.jpg,cc-by-nc,172645618,research,48.0689506389,-2.118412
lythrum_portula_1438.jpeg,https://inaturalist-open-data.s3.amazonaws.com/photos/299578317/medium.jpeg,cc-by-nc,172554695,needs_id,44.77884478,-122.81872116
lythrum_portula_1439.jpeg,https://inaturalist-open-data.s3.amazonaws.com/photos/299578530/medium.jpeg,cc-by-nc,172554695,needs_id,44.77884478,-122.81872116
lythrum_portula_1440.jpg,https://inaturalist-open-data.s3.amazonaws.com/photos/299567498/medium.jpg,cc-by,172483025,research,50.9899171763,-1.5283514459
lythrum_portula_1441.jpg,https://inaturalist-open-data.s3.amazonaws.com/photos/299567536/medium.jpg,cc-by,172483025,research,50.9899171763,-1.5283514459
lythrum_portula_1442.jpg,https://inaturalist-open-data.s3.amazonaws.com/photos/299072751/medium.jpg,cc-by-nc,172290197,research,49.6847695781,10.3467066039
lythrum_portula_1443.jpg,https://inaturalist-open-data.s3.amazonaws.com/photos/299074184/medium.jpg,cc-by-nc,172290197,research,49.6847695781,10.3467066039
lythrum_portula_1444.jpg,https://inaturalist-open-data.s3.amazonaws.com/photos/299074198/medium.jpg,cc-by-nc,172290197,research,49.6847695781,10.3467066039
lythrum_portula_1445.jpg,https://inaturalist-open-data.s3.amazonaws.com/photos/299074390/medium.jpg,cc-by-nc,172290197,research,49.6847695781,10.3467066039
lythrum_portula_1446.jpg,https://inaturalist-open-data.s3.amazonaws.com/photos/299074392/medium.jpg,cc-by-nc,172290197,research,49.6847695781,10.3467066039
lythrum_portula_1447.jpeg,https://inaturalist-open-data.s3.amazonaws.com/photos/299029720/medium.jpeg,cc-by-nc,172267426,research,45.7293881224,-123.7380953506
lythrum_portula_1448.jpeg,https://inaturalist-open-data.s3.amazonaws.com/photos/299029758/medium.jpeg,cc-by-nc,172267426,research,45.7293881224,-123.7380953506
lythrum_portula_1449.jpeg,https://inaturalist-open-data.s3.amazonaws.com/photos/299029797/medium.jpeg,cc-by-nc,172267426,research,45.7293881224,-123.7380953506
lythrum_portula_1450.jpeg,https://inaturalist-open-data.s3.amazonaws.com/photos/299029872/medium.jpeg,cc-by-nc,172267426,research,45.7293881224,-123.7380953506
lythrum_portula_1451.jpeg,https://inaturalist-open-data.s3.amazonaws.com/photos/297869847/medium.jpeg,cc-by-nc,171644371,research,40.7364666667,-3.8111166667
lythrum_portula_1452.jpeg,https://inaturalist-open-data.s3.amazonaws.com/photos/297869872/medium.jpeg,cc-by-nc,171644371,research,40.7364666667,-3.8111166667
lythrum_portula_1453.jpeg,https://inaturalist-open-data.s3.amazonaws.com/photos/297869799/medium.jpeg,cc-by-nc,171644369,research,40.7364733333,-3.8111383333
lythrum_portula_1454.jpeg,https://inaturalist-open-data.s3.amazonaws.com/photos/297869788/medium.jpeg,cc-by-nc,171644369,research,40.7364733333,-3.8111383333
lythrum_portula_1455.jpeg,https://inaturalist-open-data.s3.amazonaws.com/photos/297869817/medium.jpeg,cc-by-nc,171644369,research,40.7364733333,-3.8111383333
lythrum_portula_1456.jpeg,https://inaturalist-open-data.s3.amazonaws.com/photos/297869839/medium.jpeg,cc-by-nc,171644369,research,40.7364733333,-3.8111383333
lythrum_portula_1457.jpg,https://inaturalist-open-data.s3.amazonaws.com/photos/297601083/medium.jpg,cc-by-nc,171499313,needs_id,30.1162030981,114.9786967769
lythrum_portula_1458.jpg,https://inaturalist-open-data.s3.amazonaws.com/photos/297477506/medium.jpg,cc-by-nc,171434973,research,53.2274581667,34.3819389
lythrum_portula_1459.jpg,https://inaturalist-open-data.s3.amazonaws.com/photos/297451773/medium.jpg,cc-by-nc,171426281,research,53.2273978639,34.3820109306
lythrum_portula_1460.jpg,https://inaturalist-open-data.s3.amazonaws.com/photos/297344706/medium.jpg,cc-by,171358534,research,51.0943590997,40.3280896997
lythrum_portula_1461.jpg,https://inaturalist-open-data.s3.amazonaws.com/photos/297344731/medium.jpg,cc-by,171358534,research,51.0943590997,40.3280896997
lythrum_portula_1462.jpg,https://inaturalist-open-data.s3.amazonaws.com/photos/297325772/medium.jpg,cc-by,171348438,research,51.1010174997,40.3323405
lythrum_portula_1463.jpg,https://inaturalist-open-data.s3.amazonaws.com/photos/295728921/medium.jpg,cc0,170502855,needs_id,50.9918030222,-0.7957117248
lythrum_portula_1464.jpg,https://inaturalist-open-data.s3.amazonaws.com/photos/295539339/medium.jpg,cc-by-nc,170398219,research,51.0656019722,40.138207
lythrum_portula_1465.jpg,https://inaturalist-open-data.s3.amazonaws.com/photos/295530676/medium.jpg,cc-by-nc,170395863,research,51.11757,40.36281
lythrum_portula_1466.jpg,https://inaturalist-open-data.s3.amazonaws.com/photos/295530702/medium.jpg,cc-by-nc,170395863,research,51.11757,40.36281
lythrum_portula_1467.jpg,https://inaturalist-open-data.s3.amazonaws.com/photos/295530647/medium.jpg,cc-by-nc,170395863,research,51.11757,40.36281
lythrum_portula_1468.jpg,https://inaturalist-open-data.s3.amazonaws.com/photos/295527897/medium.jpg,cc-by-nc,170394658,research,51.116568,40.362372
lythrum_portula_1469.jpg,https://inaturalist-open-data.s3.amazonaws.com/photos/295527926/medium.jpg,cc-by-nc,170394658,research,51.116568,40.362372
lythrum_portula_1470.jpg,https://inaturalist-open-data.s3.amazonaws.com/photos/295527970/medium.jpg,cc-by-nc,170394658,research,51.116568,40.362372
lythrum_portula_1471.jpg,https://inaturalist-open-data.s3.amazonaws.com/photos/295526129/medium.jpg,cc-by-nc,170390787,research,51.1167019722,40.3697129722
lythrum_portula_1472.jpg,https://inaturalist-open-data.s3.amazonaws.com/photos/295526093/medium.jpg,cc-by-nc,170390787,research,51.1167019722,40.3697129722
lythrum_portula_1473.jpg,https://inaturalist-open-data.s3.amazonaws.com/photos/294444744/medium.jpg,cc-by-nc,169837298,research,40.716532,-3.7263894997
lythrum_portula_1474.jpeg,https://inaturalist-open-data.s3.amazonaws.com/photos/294448577/medium.jpeg,cc-by-nc,169828960,research,55.8989878098,43.7069028509
lythrum_portula_1475.jpeg,https://inaturalist-open-data.s3.amazonaws.com/photos/294126021/medium.jpeg,cc-by-nc,169637348,research,48.90622871,22.28228923
lythrum_portula_1476.jpeg,https://inaturalist-open-data.s3.amazonaws.com/photos/294126126/medium.jpeg,cc-by-nc,169637348,research,48.90622871,22.28228923
lythrum_portula_1477.jpeg,https://inaturalist-open-data.s3.amazonaws.com/photos/292435587/medium.jpeg,cc-by-nc,168720686,research,48.3482651818,2.5480244541
lythrum_portula_1478.jpeg,https://inaturalist-open-data.s3.amazonaws.com/photos/292435630/medium.jpeg,cc-by-nc,168720686,research,48.3482651818,2.5480244541
lythrum_portula_1479.jpeg,https://inaturalist-open-data.s3.amazonaws.com/photos/292435650/medium.jpeg,cc-by-nc,168720686,research,48.3482651818,2.5480244541
lythrum_portula_1480.jpeg,https://inaturalist-open-data.s3.amazonaws.com/photos/292412375/medium.jpeg,cc-by-nc,168709689,research,55.6471908559,38.1750282636
lythrum_portula_1481.jpeg,https://inaturalist-open-data.s3.amazonaws.com/photos/292412410/medium.jpeg,cc-by-nc,168709689,research,55.6471908559,38.1750282636
lythrum_portula_1482.jpeg,https://inaturalist-open-data.s3.amazonaws.com/photos/292412402/medium.jpeg,cc-by-nc,168709689,research,55.6471908559,38.1750282636
lythrum_portula_1483.jpeg,https://inaturalist-open-data.s3.amazonaws.com/photos/292374061/medium.jpeg,cc-by-nc,168686830,research,43.4133083333,-7.04262
lythrum_portula_1484.jpg,https://inaturalist-open-data.s3.amazonaws.com/photos/292023185/medium.jpg,cc-by-nc,168498497,needs_id,55.35905,8.4484883333
lythrum_portula_1485.jpeg,https://inaturalist-open-data.s3.amazonaws.com/photos/291986041/medium.jpeg,cc-by-nc,168477176,needs_id,40.6278683333,-7.6516666667
lythrum_portula_1486.jpg,https://inaturalist-open-data.s3.amazonaws.com/photos/291724762/medium.jpg,cc-by-nc,168333007,needs_id,45.8658549209,-122.821437151
lythrum_portula_1487.jpg,https://inaturalist-open-data.s3.amazonaws.com/photos/291006827/medium.jpg,cc-by-nc,167958240,research,50.9736111,4.7905556
lythrum_portula_1488.jpeg,https://inaturalist-open-data.s3.amazonaws.com/photos/290844036/medium.jpeg,cc-by-nc,167861786,research,50.7944814844,8.716734915
lythrum_portula_1489.jpg,https://inaturalist-open-data.s3.amazonaws.com/photos/290789797/medium.jpg,cc-by-nc,167831749,needs_id,50.2953083333,5.439075
lythrum_portula_1490.jpg,https://inaturalist-open-data.s3.amazonaws.com/photos/290412132/medium.jpg,cc0,167630390,research,47.3262333333,-122.2436966667
lythrum_portula_1491.jpg,https://inaturalist-open-data.s3.amazonaws.com/photos/290412088/medium.jpg,cc0,167630390,research,47.3262333333,-122.2436966667
lythrum_portula_1492.jpg,https://inaturalist-open-data.s3.amazonaws.com/photos/290412114/medium.jpg,cc0,167630390,research,47.3262333333,-122.2436966667
lythrum_portula_1493.jpg,https://inaturalist-open-data.s3.amazonaws.com/photos/290412155/medium.jpg,cc0,167630390,research,47.3262333333,-122.2436966667
lythrum_portula_1494.jpg,https://inaturalist-open-data.s3.amazonaws.com/photos/290412172/medium.jpg,cc0,167630390,research,47.3262333333,-122.2436966667
lythrum_portula_1495.jpg,https://inaturalist-open-data.s3.amazonaws.com/photos/290412193/medium.jpg,cc0,167630390,research,47.3262333333,-122.2436966667
lythrum_portula_1496.jpeg,https://inaturalist-open-data.s3.amazonaws.com/photos/289652005/medium.jpeg,cc-by-nc,167218800,research,48.077996286,21.2645158544
lythrum_portula_1497.jpeg,https://inaturalist-open-data.s3.amazonaws.com/photos/289615131/medium.jpeg,cc-by-nc,167198506,research,53.7605555556,31.6047222222
lythrum_portula_1498.jpeg,https://inaturalist-open-data.s3.amazonaws.com/photos/288446583/medium.jpeg,cc-by-nc,166560274,needs_id,42.7154549722,-5.8849619722
lythrum_portula_1499.jpeg,https://inaturalist-open-data.s3.amazonaws.com/photos/288446625/medium.jpeg,cc-by-nc,166560274,needs_id,42.7154549722,-5.8849619722
lythrum_portula_1500.jpeg,https://inaturalist-open-data.s3.amazonaws.com/photos/288225710/medium.jpeg,cc-by-nc,166440421,research,45.0322222222,-123.0958666667
lythrum_portula_1501.jpeg,https://inaturalist-open-data.s3.amazonaws.com/photos/288141408/medium.jpeg,cc-by-nc,166392410,research,43.3819411985,-6.3297138736
lythrum_portula_1502.jpeg,https://inaturalist-open-data.s3.amazonaws.com/photos/287889956/medium.jpeg,cc-by-nc,166258907,research,48.2745964642,-2.1820173962
lythrum_portula_1503.jpeg,https://inaturalist-open-data.s3.amazonaws.com/photos/286516722/medium.jpeg,cc-by-nc-sa,165524588,needs_id,48.576165,-1.2214433333
lythrum_portula_1504.jpeg,https://inaturalist-open-data.s3.amazonaws.com/photos/286516749/medium.jpeg,cc-by-nc-sa,165524588,needs_id,48.576165,-1.2214433333
lythrum_portula_1505.jpeg,https://inaturalist-open-data.s3.amazonaws.com/photos/286516656/medium.jpeg,cc-by-nc-sa,165524588,needs_id,48.576165,-1.2214433333
lythrum_portula_1506.jpeg,https://inaturalist-open-data.s3.amazonaws.com/photos/286516694/medium.jpeg,cc-by-nc-sa,165524588,needs_id,48.576165,-1.2214433333
lythrum_portula_1507.jpg,https://inaturalist-open-data.s3.amazonaws.com/photos/285726593/medium.jpg,cc-by-nc,165086284,needs_id,47.02326667,-123.46006667
lythrum_portula_1508.jpeg,https://inaturalist-open-data.s3.amazonaws.com/photos/284867847/medium.jpeg,cc0,164627191,needs_id,56.4857610028,-6.9346787408
lythrum_portula_1509.jpeg,https://inaturalist-open-data.s3.amazonaws.com/photos/283661079/medium.jpeg,cc-by-nc,163968749,needs_id,51.1504167846,-0.7128989697
lythrum_portula_1510.jpeg,https://inaturalist-open-data.s3.amazonaws.com/photos/281903767/medium.jpeg,cc-by-nc,163008636,needs_id,42.0099102607,-8.1707093865
lythrum_portula_1511.jpeg,https://inaturalist-open-data.s3.amazonaws.com/photos/281903851/medium.jpeg,cc-by-nc,163008636,needs_id,42.0099102607,-8.1707093865
lythrum_portula_1512.jpeg,https://inaturalist-open-data.s3.amazonaws.com/photos/281780496/medium.jpeg,cc-by-nc,162945074,research,43.1458659679,-7.8715210411
lythrum_portula_1513.jpeg,https://inaturalist-open-data.s3.amazonaws.com/photos/281209428/medium.jpeg,cc-by-nc,162624393,research,42.454462304,-8.4910144284
lythrum_portula_1514.jpg,https://inaturalist-open-data.s3.amazonaws.com/photos/280993388/medium.jpg,cc-by-nc,162508692,research,53.1615758833,34.9982905333
lythrum_portula_1515.jpg,https://inaturalist-open-data.s3.amazonaws.com/photos/280993445/medium.jpg,cc-by-nc,162508692,research,53.1615758833,34.9982905333
lythrum_portula_1516.jpeg,https://inaturalist-open-data.s3.amazonaws.com/photos/280715622/medium.jpeg,cc-by-nc,162353110,research,40.65466279,-8.54667309
lythrum_portula_1517.jpeg,https://inaturalist-open-data.s3.amazonaws.com/photos/280715674/medium.jpeg,cc-by-nc,162353110,research,40.65466279,-8.54667309
lythrum_portula_1518.jpeg,https://inaturalist-open-data.s3.amazonaws.com/photos/280716006/medium.jpeg,cc-by-nc,162353110,research,40.65466279,-8.54667309
lythrum_portula_1519.jpg,https://inaturalist-open-data.s3.amazonaws.com/photos/280541370/medium.jpg,cc-by-nc,162253823,research,38.5361633333,-121.2649083333
lythrum_portula_1520.jpeg,https://inaturalist-open-data.s3.amazonaws.com/photos/279041745/medium.jpeg,cc-by-nc,161440785,research,50.9729429499,4.7893399783
lythrum_portula_1521.jpeg,https://inaturalist-open-data.s3.amazonaws.com/photos/279041846/medium.jpeg,cc-by-nc,161440785,research,50.9729429499,4.7893399783
lythrum_portula_1522.jpeg,https://inaturalist-open-data.s3.amazonaws.com/photos/278361397/medium.jpeg,cc-by-nc,161057548,needs_id,44.7190778457,7.4209183082
lythrum_portula_1523.jpg,https://inaturalist-open-data.s3.amazonaws.com/photos/277943962/medium.jpg,cc-by-nc,160830555,needs_id,50.0778397222,18.4314208333
lythrum_portula_1524.jpeg,https://inaturalist-open-data.s3.amazonaws.com/photos/277262339/medium.jpeg,cc-by-nc,160453134,research,47.8489416573,-123.9599939093
lythrum_portula_1525.jpg,https://inaturalist-open-data.s3.amazonaws.com/photos/276203658/medium.jpg,cc-by-nc,159851609,research,55.5764599722,40.496895
lythrum_portula_1526.jpg,https://inaturalist-open-data.s3.amazonaws.com/photos/272680566/medium.jpg,cc-by-nc,157735692,needs_id,47.1483673172,16.0797481703
lythrum_portula_1527.jpeg,https://inaturalist-open-data.s3.amazonaws.com/photos/272680740/medium.jpeg,cc-by-nc,157735692,needs_id,47.1483673172,16.0797481703
lythrum_portula_1528.jpeg,https://inaturalist-open-data.s3.amazonaws.com/photos/272680876/medium.jpeg,cc-by-nc,157735692,needs_id,47.1483673172,16.0797481703
lythrum_portula_1529.jpeg,https://inaturalist-open-data.s3.amazonaws.com/photos/272335501/medium.jpeg,cc-by-nc,157511805,research,57.8747760267,41.4544936594
lythrum_portula_1530.jpg,https://inaturalist-open-data.s3.amazonaws.com/photos/269997393/medium.jpg,cc-by-nc,156161297,needs_id,35.29715,-94.3050833333
lythrum_portula_1531.jpg,https://inaturalist-open-data.s3.amazonaws.com/photos/269997410/medium.jpg,cc-by-nc,156161297,needs_id,35.29715,-94.3050833333
lythrum_portula_1532.jpg,https://inaturalist-open-data.s3.amazonaws.com/photos/269997359/medium.jpg,cc-by-nc,156161297,needs_id,35.29715,-94.3050833333
lythrum_portula_1533.jpg,https://inaturalist-open-data.s3.amazonaws.com/photos/269997378/medium.jpg,cc-by-nc,156161297,needs_id,35.29715,-94.3050833333
lythrum_portula_1534.jpg,https://inaturalist-open-data.s3.amazonaws.com/photos/269997329/medium.jpg,cc-by-nc,156161297,needs_id,35.29715,-94.3050833333
lythrum_portula_1535.jpg,https://inaturalist-open-data.s3.amazonaws.com/photos/269432565/medium.jpg,cc-by-nc,155847902,research,55.625973,40.3844479722
lythrum_portula_1536.jpeg,https://inaturalist-open-data.s3.amazonaws.com/photos/267496327/medium.jpeg,cc-by-nc,154791557,research,47.2510127065,16.0829390161
lythrum_portula_1537.jpeg,https://inaturalist-open-data.s3.amazonaws.com/photos/267496343/medium.jpeg,cc-by-nc,154791557,research,47.2510127065,16.0829390161
lythrum_portula_1538.jpg,https://inaturalist-open-data.s3.amazonaws.com/photos/265624024/medium.jpg,cc-by-nc,153769013,research,55.5679149722,40.280977
lythrum_portula_1539.jpg,https://inaturalist-open-data.s3.amazonaws.com/photos/264722815/medium.jpg,cc-by-nc,153284655,research,55.59877,40.38763
lythrum_portula_1540.jpg,https://inaturalist-open-data.s3.amazonaws.com/photos/264722905/medium.jpg,cc-by-nc,153284655,research,55.59877,40.38763
lythrum_portula_1541.jpeg,https://inaturalist-open-data.s3.amazonaws.com/photos/264706947/medium.jpeg,cc-by-nc,153272745,needs_id,-38.97395273,175.7809856
lythrum_portula_1542.jpg,https://inaturalist-open-data.s3.amazonaws.com/photos/264262356/medium.jpg,cc-by-nc,153034972,needs_id,50.3453,5.8343
lythrum_portula_1543.jpg,https://inaturalist-open-data.s3.amazonaws.com/photos/264262380/medium.jpg,cc-by-nc,153034972,needs_id,50.3453,5.8343
lythrum_portula_1544.jpeg,https://inaturalist-open-data.s3.amazonaws.com/photos/263005717/medium.jpeg,cc-by-nc,152358354,research,52.0347076184,30.9163909604
lythrum_portula_1545.jpeg,https://inaturalist-open-data.s3.amazonaws.com/photos/261162408/medium.jpeg,cc-by-nc,151367030,research,48.783318,-123.956055
lythrum_portula_1546.jpeg,https://inaturalist-open-data.s3.amazonaws.com/photos/261162407/medium.jpeg,cc-by-nc,151367030,research,48.783318,-123.956055
lythrum_portula_1547.jpeg,https://inaturalist-open-data.s3.amazonaws.com/photos/261162415/medium.jpeg,cc-by-nc,151367030,research,48.783318,-123.956055
lythrum_portula_1548.jpg,https://inaturalist-open-data.s3.amazonaws.com/photos/260965156/medium.jpg,cc-by-nc,151266240,research,55.6486,40.4199109722
lythrum_portula_1549.jpg,https://inaturalist-open-data.s3.amazonaws.com/photos/260965117/medium.jpg,cc-by-nc,151266240,research,55.6486,40.4199109722
lythrum_portula_1550.jpg,https://inaturalist-open-data.s3.amazonaws.com/photos/259456281/medium.jpg,cc-by-nc,150475354,research,55.6071349722,40.2639119722
lythrum_portula_1551.jpg,https://inaturalist-open-data.s3.amazonaws.com/photos/257234269/medium.jpg,cc-by-nc,149296227,research,55.564036,40.1004009722
lythrum_portula_1552.jpg,https://inaturalist-open-data.s3.amazonaws.com/photos/257063394/medium.jpg,cc-by-nc,149205349,research,55.570593,40.131121
lythrum_portula_1553.jpg,https://inaturalist-open-data.s3.amazonaws.com/photos/256584852/medium.jpg,cc-by-nc,148947619,research,55.543202,40.2280289722
lythrum_portula_1554.jpg,https://inaturalist-open-data.s3.amazonaws.com/photos/256152870/medium.jpg,cc-by-nc,148717918,research,50.8872372106,28.8662306719
lythrum_portula_1555.jpg,https://inaturalist-open-data.s3.amazonaws.com/photos/256152875/medium.jpg,cc-by-nc,148717918,research,50.8872372106,28.8662306719
lythrum_portula_1556.jpg,https://inaturalist-open-data.s3.amazonaws.com/photos/256152884/medium.jpg,cc-by-nc,148717918,research,50.8872372106,28.8662306719
lythrum_portula_1557.jpg,https://inaturalist-open-data.s3.amazonaws.com/photos/256152892/medium.jpg,cc-by-nc,148717918,research,50.8872372106,28.8662306719
lythrum_portula_1558.jpeg,https://inaturalist-open-data.s3.amazonaws.com/photos/255557147/medium.jpeg,cc-by-nc,148404839,needs_id,48.6635218,-123.4178476
lythrum_portula_1559.jpeg,https://inaturalist-open-data.s3.amazonaws.com/photos/255398589/medium.jpeg,cc-by-nc,148326841,research,55.9407584848,37.5881110836
lythrum_portula_1560.jpeg,https://inaturalist-open-data.s3.amazonaws.com/photos/254737636/medium.jpeg,cc-by-nc,147982132,research,50.8110244198,-1.7090956413
lythrum_portula_1561.jpeg,https://inaturalist-open-data.s3.amazonaws.com/photos/254737639/medium.jpeg,cc-by-nc,147982132,research,50.8110244198,-1.7090956413
lythrum_portula_1562.jpg,https://inaturalist-open-data.s3.amazonaws.com/photos/254637294/medium.jpg,cc-by-nc,147927742,research,55.725276,40.2691299722
lythrum_portula_1563.jpg,https://inaturalist-open-data.s3.amazonaws.com/photos/254637282/medium.jpg,cc-by-nc,147927742,research,55.725276,40.2691299722
lythrum_portula_1564.jpeg,https://inaturalist-open-data.s3.amazonaws.com/photos/254348711/medium.jpeg,cc-by-nc,147778722,research,57.4759568427,41.5606180686
lythrum_portula_1565.jpeg,https://inaturalist-open-data.s3.amazonaws.com/photos/253816247/medium.jpeg,cc-by-nc-sa,147497944,research,-38.6333711937,175.4918854468
lythrum_portula_1566.jpeg,https://inaturalist-open-data.s3.amazonaws.com/photos/253816253/medium.jpeg,cc-by-nc-sa,147497944,research,-38.6333711937,175.4918854468
lythrum_portula_1567.jpeg,https://inaturalist-open-data.s3.amazonaws.com/photos/253816262/medium.jpeg,cc-by-nc-sa,147497944,research,-38.6333711937,175.4918854468
lythrum_portula_1568.jpeg,https://inaturalist-open-data.s3.amazonaws.com/photos/253816267/medium.jpeg,cc-by-nc-sa,147497944,research,-38.6333711937,175.4918854468
lythrum_portula_1569.jpeg,https://inaturalist-open-data.s3.amazonaws.com/photos/253816275/medium.jpeg,cc-by-nc-sa,147497944,research,-38.6333711937,175.4918854468
lythrum_portula_1570.jpeg,https://inaturalist-open-data.s3.amazonaws.com/photos/253816284/medium.jpeg,cc-by-nc-sa,147497944,research,-38.6333711937,175.4918854468
lythrum_portula_1571.jpeg,https://inaturalist-open-data.s3.amazonaws.com/photos/253816293/medium.jpeg,cc-by-nc-sa,147497944,research,-38.6333711937,175.4918854468
lythrum_portula_1572.jpg,https://inaturalist-open-data.s3.amazonaws.com/photos/253580777/medium.jpg,cc-by-nc,147376211,research,55.67618,40.2325829722
lythrum_portula_1573.jpeg,https://inaturalist-open-data.s3.amazonaws.com/photos/251288611/medium.jpeg,cc-by-nc,146192686,research,57.4982232943,40.50608577
lythrum_portula_1574.jpeg,https://inaturalist-open-data.s3.amazonaws.com/photos/251288794/medium.jpeg,cc-by-nc,146192686,research,57.4982232943,40.50608577
lythrum_portula_1575.jpg,https://inaturalist-open-data.s3.amazonaws.com/photos/249791789/medium.jpg,cc-by-nc,145427092,research,52.5714398847,25.9127300777
lythrum_portula_1576.jpg,https://inaturalist-open-data.s3.amazonaws.com/photos/249741977/medium.jpg,cc-by-nc,145401174,research,55.658956,40.2041269722
lythrum_portula_1577.jpg,https://inaturalist-open-data.s3.amazonaws.com/photos/249741982/medium.jpg,cc-by-nc,145401174,research,55.658956,40.2041269722
lythrum_portula_1578.jpg,https://inaturalist-open-data.s3.amazonaws.com/photos/249307300/medium.jpg,cc-by-nc,145160876,research,55.678314,40.0745939722
lythrum_portula_1579.jpg,https://inaturalist-open-data.s3.amazonaws.com/photos/247941458/medium.jpg,cc-by-nc,144461884,research,55.7160659722,40.187271
lythrum_portula_1580.jpg,https://inaturalist-open-data.s3.amazonaws.com/photos/247883734/medium.jpg,cc-by,144432342,research,53.4597048465,-9.6759337201
lythrum_portula_1581.jpg,https://inaturalist-open-data.s3.amazonaws.com/photos/247883738/medium.jpg,cc-by,144432342,research,53.4597048465,-9.6759337201
lythrum_portula_1582.jpg,https://inaturalist-open-data.s3.amazonaws.com/photos/247883748/medium.jpg,cc-by,144432342,research,53.4597048465,-9.6759337201
lythrum_portula_1583.jpeg,https://inaturalist-open-data.s3.amazonaws.com/photos/247302728/medium.jpeg,cc-by-nd,144124460,research,-41.2776995265,173.1318093595
lythrum_portula_1584.jpeg,https://inaturalist-open-data.s3.amazonaws.com/photos/247302855/medium.jpeg,cc-by-nd,144124460,research,-41.2776995265,173.1318093595
lythrum_portula_1585.jpeg,https://inaturalist-open-data.s3.amazonaws.com/photos/246297823/medium.jpeg,cc-by-nc,143599104,research,37.6277160644,-8.6286087036
lythrum_portula_1586.jpg,https://inaturalist-open-data.s3.amazonaws.com/photos/245728472/medium.jpg,cc-by-nc,143291383,research,49.4215868993,27.5015816253
lythrum_portula_1587.jpeg,https://inaturalist-open-data.s3.amazonaws.com/photos/245709327/medium.jpeg,cc-by-nc,143280376,research,50.1517185145,9.1718396613
lythrum_portula_1588.jpeg,https://inaturalist-open-data.s3.amazonaws.com/photos/245479623/medium.jpeg,cc-by,143152282,research,-45.34315085,168.6856292
lythrum_portula_1589.jpeg,https://inaturalist-open-data.s3.amazonaws.com/photos/245479640/medium.jpeg,cc-by,143152282,research,-45.34315085,168.6856292
lythrum_portula_1590.jpeg,https://inaturalist-open-data.s3.amazonaws.com/photos/245417630/medium.jpeg,cc-by-nc,143111589,casual,8.310289271,-81.2188355997
lythrum_portula_1591.jpeg,https://inaturalist-open-data.s3.amazonaws.com/photos/244669552/medium.jpeg,cc-by-nc,142685483,needs_id,54.7071418761,8.5425548553
lythrum_portula_1592.jpeg,https://inaturalist-open-data.s3.amazonaws.com/photos/243119885/medium.jpeg,cc-by-nc,141860487,research,57.8398233333,41.3579816667
lythrum_portula_1593.jpeg,https://inaturalist-open-data.s3.amazonaws.com/photos/243115614/medium.jpeg,cc-by-nc,141858339,research,57.8399266667,41.35793
lythrum_portula_1594.jpeg,https://inaturalist-open-data.s3.amazonaws.com/photos/242950546/medium.jpeg,cc-by-nc,141770746,research,57.8398333333,41.3579433333
lythrum_portula_1595.jpeg,https://inaturalist-open-data.s3.amazonaws.com/photos/242663979/medium.jpeg,cc-by,141624415,needs_id,46.859565156,-122.2632554804
lythrum_portula_1596.jpeg,https://inaturalist-open-data.s3.amazonaws.com/photos/242663999/medium.jpeg,cc-by,141624415,needs_id,46.859565156,-122.2632554804
lythrum_portula_1597.jpeg,https://inaturalist-open-data.s3.amazonaws.com/photos/242663966/medium.jpeg,cc-by,141624415,needs_id,46.859565156,-122.2632554804
lythrum_portula_1598.jpeg,https://inaturalist-open-data.s3.amazonaws.com/photos/242663906/medium.jpeg,cc-by,141624415,needs_id,46.859565156,-122.2632554804
lythrum_portula_1599.jpeg,https://inaturalist-open-data.s3.amazonaws.com/photos/242663942/medium.jpeg,cc-by,141624415,needs_id,46.859565156,-122.2632554804
lythrum_portula_1600.jpeg,https://inaturalist-open-data.s3.amazonaws.com/photos/242663934/medium.jpeg,cc-by,141624415,needs_id,46.859565156,-122.2632554804
lythrum_portula_1601.jpeg,https://inaturalist-open-data.s3.amazonaws.com/photos/242124028/medium.jpeg,cc-by-nc,141345413,research,57.7984533333,41.4394583333
lythrum_portula_1602.jpg,https://inaturalist-open-data.s3.amazonaws.com/photos/241587896/medium.jpg,cc-by-nc,141072660,research,53.1234538402,34.4664890751
lythrum_portula_1603.jpg,https://inaturalist-open-data.s3.amazonaws.com/photos/241587948/medium.jpg,cc-by-nc,141072660,research,53.1234538402,34.4664890751
lythrum_portula_1604.jpg,https://inaturalist-open-data.s3.amazonaws.com/photos/241587996/medium.jpg,cc-by-nc,141072660,research,53.1234538402,34.4664890751
lythrum_portula_1605.jpeg,https://inaturalist-open-data.s3.amazonaws.com/photos/241570422/medium.jpeg,cc-by-nc,141062839,research,56.125281,37.623129
lythrum_portula_1606.jpg,https://inaturalist-open-data.s3.amazonaws.com/photos/241555207/medium.jpg,cc-by-nc,141054330,research,58.4586478377,50.1250389238
lythrum_portula_1607.jpg,https://inaturalist-open-data.s3.amazonaws.com/photos/241555222/medium.jpg,cc-by-nc,141054330,research,58.4586478377,50.1250389238
lythrum_portula_1608.jpg,https://inaturalist-open-data.s3.amazonaws.com/photos/241555215/medium.jpg,cc-by-nc,141054330,research,58.4586478377,50.1250389238
lythrum_portula_1609.jpeg,https://inaturalist-open-data.s3.amazonaws.com/photos/240822066/medium.jpeg,cc-by-nc,140667812,research,57.8240995774,41.5090347418
lythrum_portula_1610.jpeg,https://inaturalist-open-data.s3.amazonaws.com/photos/238468828/medium.jpeg,cc-by-nc,139205944,research,54.7552133333,43.2121283333
lythrum_portula_1611.jpg,https://inaturalist-open-data.s3.amazonaws.com/photos/238047697/medium.jpg,cc0,139202994,research,53.1537539453,45.1795347235
lythrum_portula_1612.jpg,https://inaturalist-open-data.s3.amazonaws.com/photos/238047715/medium.jpg,cc0,139202994,research,53.1537539453,45.1795347235
lythrum_portula_1613.jpg,https://inaturalist-open-data.s3.amazonaws.com/photos/238047727/medium.jpg,cc0,139202994,research,53.1537539453,45.1795347235
lythrum_portula_1614.jpg,https://inaturalist-open-data.s3.amazonaws.com/photos/238047741/medium.jpg,cc0,139202994,research,53.1537539453,45.1795347235
lythrum_portula_1615.jpg,https://inaturalist-open-data.s3.amazonaws.com/photos/238047759/medium.jpg,cc0,139202994,research,53.1537539453,45.1795347235
lythrum_portula_1616.jpeg,https://inaturalist-open-data.s3.amazonaws.com/photos/236407876/medium.jpeg,cc-by-nc,138329844,needs_id,45.702112746,-121.5569909257
lythrum_portula_1617.jpeg,https://inaturalist-open-data.s3.amazonaws.com/photos/234235221/medium.jpeg,cc-by-nc,137181704,research,49.12615,-125.4269116667
lythrum_portula_1618.jpeg,https://inaturalist-open-data.s3.amazonaws.com/photos/234235235/medium.jpeg,cc-by-nc,137181704,research,49.12615,-125.4269116667
lythrum_portula_1619.jpg,https://inaturalist-open-data.s3.amazonaws.com/photos/232892512/medium.jpg,cc-by-nc,136458877,research,55.8449745178,43.8554039
lythrum_portula_1620.jpg,https://inaturalist-open-data.s3.amazonaws.com/photos/232783337/medium.jpg,cc-by-nc,136399899,research,58.4484819218,49.9479155929
lythrum_portula_1621.jpg,https://inaturalist-open-data.s3.amazonaws.com/photos/232783348/medium.jpg,cc-by-nc,136399899,research,58.4484819218,49.9479155929
lythrum_portula_1622.jpg,https://inaturalist-open-data.s3.amazonaws.com/photos/232783335/medium.jpg,cc-by-nc,136399899,research,58.4484819218,49.9479155929
lythrum_portula_1623.jpg,https://inaturalist-open-data.s3.amazonaws.com/photos/232783321/medium.jpg,cc-by-nc,136399899,research,58.4484819218,49.9479155929
lythrum_portula_1624.jpg,https://inaturalist-open-data.s3.amazonaws.com/photos/231151881/medium.jpg,cc-by-nc,135519787,research,50.576748,9.338701
lythrum_portula_1625.jpeg,https://inaturalist-open-data.s3.amazonaws.com/photos/229965351/medium.jpeg,cc-by-nc,134873606,needs_id,51.995601096,5.6022564551
lythrum_portula_1626.jpeg,https://inaturalist-open-data.s3.amazonaws.com/photos/229965367/medium.jpeg,cc-by-nc,134873606,needs_id,51.995601096,5.6022564551
lythrum_portula_1627.jpeg,https://inaturalist-open-data.s3.amazonaws.com/photos/229965376/medium.jpeg,cc-by-nc,134873606,needs_id,51.995601096,5.6022564551
lythrum_portula_1628.jpeg,https://inaturalist-open-data.s3.amazonaws.com/photos/229791276/medium.jpeg,cc-by-nc,134784935,research,49.5150132263,17.2894156607
lythrum_portula_1629.jpeg,https://inaturalist-open-data.s3.amazonaws.com/photos/229492290/medium.jpeg,cc-by-nc,134619614,research,46.221825,-64.2988966667
lythrum_portula_1630.jpg,https://inaturalist-open-data.s3.amazonaws.com/photos/229491437/medium.jpg,cc-by-nc,134619614,research,46.221825,-64.2988966667
lythrum_portula_1631.jpg,https://inaturalist-open-data.s3.amazonaws.com/photos/229491497/medium.jpg,cc-by-nc,134619614,research,46.221825,-64.2988966667
lythrum_portula_1632.jpg,https://inaturalist-open-data.s3.amazonaws.com/photos/229491578/medium.jpg,cc-by-nc,134619614,research,46.221825,-64.2988966667
lythrum_portula_1633.jpeg,https://inaturalist-open-data.s3.amazonaws.com/photos/228950668/medium.jpeg,cc-by-nc,134330889,research,,
lythrum_portula_1634.jpeg,https://inaturalist-open-data.s3.amazonaws.com/photos/228950753/medium.jpeg,cc-by-nc,134330889,research,,
lythrum_portula_1635.jpeg,https://inaturalist-open-data.s3.amazonaws.com/photos/228951261/medium.jpeg,cc-by-nc,134330889,research,,
lythrum_portula_1636.jpeg,https://inaturalist-open-data.s3.amazonaws.com/photos/228951366/medium.jpeg,cc-by-nc,134330889,research,,
lythrum_portula_1637.jpeg,https://inaturalist-open-data.s3.amazonaws.com/photos/228262642/medium.jpeg,cc-by-nc,133965718,research,55.6044210482,38.1871778855
lythrum_portula_1638.jpeg,https://inaturalist-open-data.s3.amazonaws.com/photos/228262672/medium.jpeg,cc-by-nc,133965718,research,55.6044210482,38.1871778855
lythrum_portula_1639.jpg,https://inaturalist-open-data.s3.amazonaws.com/photos/227845250/medium.jpg,cc-by-nc,133737578,research,56.0529176867,37.4472143118
lythrum_portula_1640.jpg,https://inaturalist-open-data.s3.amazonaws.com/photos/227845268/medium.jpg,cc-by-nc,133737578,research,56.0529176867,37.4472143118
lythrum_portula_1641.jpg,https://inaturalist-open-data.s3.amazonaws.com/photos/227845272/medium.jpg,cc-by-nc,133737578,research,56.0529176867,37.4472143118
lythrum_portula_1642.jpg,https://inaturalist-open-data.s3.amazonaws.com/photos/227842690/medium.jpg,cc-by-nc,133734735,research,58.9012333333,44.2856866667
lythrum_portula_1643.jpeg,https://inaturalist-open-data.s3.amazonaws.com/photos/227554471/medium.jpeg,cc-by-nc,133579786,research,49.2496425406,13.8706584668
lythrum_portula_1644.jpeg,https://inaturalist-open-data.s3.amazonaws.com/photos/227555448/medium.jpeg,cc-by-nc,133579786,research,49.2496425406,13.8706584668
lythrum_portula_1645.jpg,https://inaturalist-open-data.s3.amazonaws.com/photos/227272844/medium.jpg,cc-by-nc,133427787,needs_id,44.9168783333,-123.31343
lythrum_portula_1646.jpg,https://inaturalist-open-data.s3.amazonaws.com/photos/227272860/medium.jpg,cc-by-nc,133427787,needs_id,44.9168783333,-123.31343
lythrum_portula_1647.jpeg,https://inaturalist-open-data.s3.amazonaws.com/photos/227225725/medium.jpeg,cc-by-nc,133404505,research,49.6983088318,-124.9968416463
lythrum_portula_1648.jpg,https://inaturalist-open-data.s3.amazonaws.com/photos/227160315/medium.jpg,cc-by-nc,133367890,research,50.3506009722,8.650026
lythrum_portula_1649.jpg,https://inaturalist-open-data.s3.amazonaws.com/photos/226696445/medium.jpg,cc-by-nc,133119104,research,52.5035708027,33.5748501885
lythrum_portula_1650.jpg,https://inaturalist-open-data.s3.amazonaws.com/photos/226696491/medium.jpg,cc-by-nc,133119104,research,52.5035708027,33.5748501885
lythrum_portula_1651.jpeg,https://inaturalist-open-data.s3.amazonaws.com/photos/226384657/medium.jpeg,cc-by-nc,132948882,research,54.7115346,8.5025803997
lythrum_portula_1652.jpeg,https://inaturalist-open-data.s3.amazonaws.com/photos/226373970/medium.jpeg,cc-by-nc,132943007,research,51.9966269722,5.065959
lythrum_portula_1653.jpeg,https://inaturalist-open-data.s3.amazonaws.com/photos/226373594/medium.jpeg,cc-by-nc,132942695,research,51.9965839722,5.066219
lythrum_portula_1654.jpeg,https://inaturalist-open-data.s3.amazonaws.com/photos/226373608/medium.jpeg,cc-by-nc,132942695,research,51.9965839722,5.066219
lythrum_portula_1655.jpeg,https://inaturalist-open-data.s3.amazonaws.com/photos/226097202/medium.jpeg,cc-by-nc,132795414,research,55.4045919,37.1798203
lythrum_portula_1656.jpg,https://inaturalist-open-data.s3.amazonaws.com/photos/225552586/medium.jpg,cc-by-nc,132454236,research,50.1180830438,8.9712369784
lythrum_portula_1657.jpg,https://inaturalist-open-data.s3.amazonaws.com/photos/225402110/medium.jpg,cc-by-nc,132365875,research,51.16879,40.3167479722
lythrum_portula_1658.jpg,https://inaturalist-open-data.s3.amazonaws.com/photos/225402147/medium.jpg,cc-by-nc,132365875,research,51.16879,40.3167479722
lythrum_portula_1659.jpg,https://inaturalist-open-data.s3.amazonaws.com/photos/225402179/medium.jpg,cc-by-nc,132365875,research,51.16879,40.3167479722
lythrum_portula_1660.jpg,https://inaturalist-open-data.s3.amazonaws.com/photos/225402210/medium.jpg,cc-by-nc,132365875,research,51.16879,40.3167479722
lythrum_portula_1661.jpg,https://inaturalist-open-data.s3.amazonaws.com/photos/225402241/medium.jpg,cc-by-nc,132365875,research,51.16879,40.3167479722
lythrum_portula_1662.jpeg,https://inaturalist-open-data.s3.amazonaws.com/photos/224845601/medium.jpeg,cc-by,132066626,research,-43.5369766667,171.5342466667
lythrum_portula_1663.jpeg,https://inaturalist-open-data.s3.amazonaws.com/photos/224845624/medium.jpeg,cc-by,132066626,research,-43.5369766667,171.5342466667
lythrum_portula_1664.jpeg,https://inaturalist-open-data.s3.amazonaws.com/photos/224845656/medium.jpeg,cc-by,132066626,research,-43.5369766667,171.5342466667
lythrum_portula_1665.jpeg,https://inaturalist-open-data.s3.amazonaws.com/photos/224834614/medium.jpeg,cc-by-nc,132060654,research,,
lythrum_portula_1666.jpeg,https://inaturalist-open-data.s3.amazonaws.com/photos/224834763/medium.jpeg,cc-by-nc,132060654,research,,
lythrum_portula_1667.jpeg,https://inaturalist-open-data.s3.amazonaws.com/photos/224834873/medium.jpeg,cc-by-nc,132060654,research,,
lythrum_portula_1668.jpeg,https://inaturalist-open-data.s3.amazonaws.com/photos/224800594/medium.jpeg,cc-by-nc,132043136,research,53.5177172304,33.6562084398
lythrum_portula_1669.jpeg,https://inaturalist-open-data.s3.amazonaws.com/photos/224775788/medium.jpeg,cc-by-nc,132028200,research,57.9439661656,41.3908024807
lythrum_portula_1670.jpeg,https://inaturalist-open-data.s3.amazonaws.com/photos/224754433/medium.jpeg,cc-by-nc,132016873,research,53.7619662239,42.6193795726
lythrum_portula_1671.jpeg,https://inaturalist-open-data.s3.amazonaws.com/photos/224754466/medium.jpeg,cc-by-nc,132016873,research,53.7619662239,42.6193795726
lythrum_portula_1672.jpeg,https://inaturalist-open-data.s3.amazonaws.com/photos/224754504/medium.jpeg,cc-by-nc,132016873,research,53.7619662239,42.6193795726
lythrum_portula_1673.jpg,https://inaturalist-open-data.s3.amazonaws.com/photos/224701058/medium.jpg,cc-by-nc,131987833,research,47.5219396514,7.1042537766
lythrum_portula_1674.jpeg,https://inaturalist-open-data.s3.amazonaws.com/photos/224574891/medium.jpeg,cc-by-nc,131923783,research,53.5483414092,33.6917212447
lythrum_portula_1675.jpeg,https://inaturalist-open-data.s3.amazonaws.com/photos/224573885/medium.jpeg,cc-by-nc,131923757,research,53.5470032521,33.6939404821
lythrum_portula_1676.jpeg,https://inaturalist-open-data.s3.amazonaws.com/photos/224561467/medium.jpeg,cc0,131915684,research,53.761802,42.619078
lythrum_portula_1677.jpeg,https://inaturalist-open-data.s3.amazonaws.com/photos/224561524/medium.jpeg,cc0,131915684,research,53.761802,42.619078
lythrum_portula_1678.jpeg,https://inaturalist-open-data.s3.amazonaws.com/photos/224561570/medium.jpeg,cc0,131915684,research,53.761802,42.619078
lythrum_portula_1679.jpeg,https://inaturalist-open-data.s3.amazonaws.com/photos/224231935/medium.jpeg,cc-by-nc,131737402,research,57.9420873579,41.3940257183
lythrum_portula_1680.jpeg,https://inaturalist-open-data.s3.amazonaws.com/photos/223753535/medium.jpeg,cc-by-nc,131479556,research,53.5459115425,33.6950276261
lythrum_portula_1681.jpeg,https://inaturalist-open-data.s3.amazonaws.com/photos/223299729/medium.jpeg,cc-by-nc,131238687,research,53.3585480348,34.0947641953
lythrum_portula_1682.jpg,https://inaturalist-open-data.s3.amazonaws.com/photos/223001073/medium.jpg,cc-by,131075230,research,54.7281528417,-8.7468476933
lythrum_portula_1683.jpg,https://inaturalist-open-data.s3.amazonaws.com/photos/223001104/medium.jpg,cc-by,131075230,research,54.7281528417,-8.7468476933
lythrum_portula_1684.jpeg,https://inaturalist-open-data.s3.amazonaws.com/photos/222539955/medium.jpeg,cc-by-nc,130824461,research,,
lythrum_portula_1685.jpeg,https://inaturalist-open-data.s3.amazonaws.com/photos/222540128/medium.jpeg,cc-by-nc,130824461,research,,
lythrum_portula_1686.jpeg,https://inaturalist-open-data.s3.amazonaws.com/photos/222540235/medium.jpeg,cc-by-nc,130824461,research,,
lythrum_portula_1687.jpeg,https://inaturalist-open-data.s3.amazonaws.com/photos/222540436/medium.jpeg,cc-by-nc,130824461,research,,
lythrum_portula_1688.jpeg,https://inaturalist-open-data.s3.amazonaws.com/photos/222179946/medium.jpeg,cc-by-nc,130627556,research,46.4954885,2.3161838
lythrum_portula_1689.jpeg,https://inaturalist-open-data.s3.amazonaws.com/photos/222179982/medium.jpeg,cc-by-nc,130627556,research,46.4954885,2.3161838
lythrum_portula_1690.jpg,https://inaturalist-open-data.s3.amazonaws.com/photos/221679044/medium.jpg,cc-by-nc,130356537,research,55.569705,39.0642778333
lythrum_portula_1691.jpg,https://inaturalist-open-data.s3.amazonaws.com/photos/221500580/medium.jpg,cc-by-nc,130260101,research,39.3098133333,-120.241945
lythrum_portula_1692.jpg,https://inaturalist-open-data.s3.amazonaws.com/photos/221501776/medium.jpg,cc-by-nc,130260101,research,39.3098133333,-120.241945
lythrum_portula_1693.jpg,https://inaturalist-open-data.s3.amazonaws.com/photos/221501851/medium.jpg,cc-by-nc,130260101,research,39.3098133333,-120.241945
lythrum_portula_1694.jpeg,https://inaturalist-open-data.s3.amazonaws.com/photos/221353167/medium.jpeg,cc-by-sa,130184174,research,50.3173061833,4.1749784833
lythrum_portula_1695.jpeg,https://inaturalist-open-data.s3.amazonaws.com/photos/221353193/medium.jpeg,cc-by-sa,130184174,research,50.3173061833,4.1749784833
lythrum_portula_1696.jpeg,https://inaturalist-open-data.s3.amazonaws.com/photos/221353207/medium.jpeg,cc-by-sa,130184174,research,50.3173061833,4.1749784833
lythrum_portula_1697.jpeg,https://inaturalist-open-data.s3.amazonaws.com/photos/220968230/medium.jpeg,cc-by-nc,129983198,needs_id,44.9749656362,-122.4780211737
lythrum_portula_1698.jpg,https://inaturalist-open-data.s3.amazonaws.com/photos/220958007/medium.jpg,cc-by-nc,129971346,research,53.1865878169,34.4379575262
lythrum_portula_1699.jpeg,https://inaturalist-open-data.s3.amazonaws.com/photos/220620160/medium.jpeg,cc-by,129791104,research,50.77606281,8.79746354
lythrum_portula_1700.jpeg,https://inaturalist-open-data.s3.amazonaws.com/photos/220620207/medium.jpeg,cc-by,129791104,research,50.77606281,8.79746354
lythrum_portula_1701.jpeg,https://inaturalist-open-data.s3.amazonaws.com/photos/220509154/medium.jpeg,cc-by-nc,129733698,research,48.8936534809,14.9343393365
lythrum_portula_1702.jpeg,https://inaturalist-open-data.s3.amazonaws.com/photos/220103286/medium.jpeg,cc-by-nc,129511798,needs_id,46.0044638873,5.1881548676
lythrum_portula_1703.jpeg,https://inaturalist-open-data.s3.amazonaws.com/photos/220103253/medium.jpeg,cc-by-nc,129511795,needs_id,45.996513,5.172362
lythrum_portula_1704.jpg,https://inaturalist-open-data.s3.amazonaws.com/photos/219959936/medium.jpg,cc-by-nc,129425716,research,52.2554866667,35.7033583333
lythrum_portula_1705.jpg,https://inaturalist-open-data.s3.amazonaws.com/photos/219945317/medium.jpg,cc-by-nc,129425716,research,52.2554866667,35.7033583333
lythrum_portula_1706.jpg,https://inaturalist-open-data.s3.amazonaws.com/photos/219959629/medium.jpg,cc-by-nc,129425716,research,52.2554866667,35.7033583333
lythrum_portula_1707.jpg,https://inaturalist-open-data.s3.amazonaws.com/photos/219959762/medium.jpg,cc-by-nc,129425716,research,52.2554866667,35.7033583333
lythrum_portula_1708.jpg,https://inaturalist-open-data.s3.amazonaws.com/photos/219733806/medium.jpg,cc-by-nc,129312339,research,47.8811195989,-1.5237785621
lythrum_portula_1709.jpg,https://inaturalist-open-data.s3.amazonaws.com/photos/218825083/medium.jpg,cc-by-nc,128808912,research,51.16845,-0.7048166667
lythrum_portula_1710.jpg,https://inaturalist-open-data.s3.amazonaws.com/photos/218825135/medium.jpg,cc-by-nc,128808912,research,51.16845,-0.7048166667
lythrum_portula_1711.jpg,https://inaturalist-open-data.s3.amazonaws.com/photos/218825183/medium.jpg,cc-by-nc,128808912,research,51.16845,-0.7048166667
lythrum_portula_1712.jpg,https://inaturalist-open-data.s3.amazonaws.com/photos/218825230/medium.jpg,cc-by-nc,128808912,research,51.16845,-0.7048166667
lythrum_portula_1713.jpeg,https://inaturalist-open-data.s3.amazonaws.com/photos/217702893/medium.jpeg,cc-by-nc,128181961,research,51.35456,35.4129366667
lythrum_portula_1714.jpg,https://inaturalist-open-data.s3.amazonaws.com/photos/217578671/medium.jpg,cc-by-nc,128110597,research,56.061145,37.441516
lythrum_portula_1715.jpg,https://inaturalist-open-data.s3.amazonaws.com/photos/216705698/medium.jpg,cc-by,127636194,research,58.1550646095,52.5870284342
lythrum_portula_1716.jpg,https://inaturalist-open-data.s3.amazonaws.com/photos/216705366/medium.jpg,cc-by,127636165,research,58.1550646095,52.5870284342
lythrum_portula_1717.jpg,https://inaturalist-open-data.s3.amazonaws.com/photos/216008939/medium.jpg,cc-by-nc,127253500,research,48.2264030739,-2.1551886855
lythrum_portula_1718.jpg,https://inaturalist-open-data.s3.amazonaws.com/photos/216008963/medium.jpg,cc-by-nc,127253500,research,48.2264030739,-2.1551886855
lythrum_portula_1719.jpeg,https://inaturalist-open-data.s3.amazonaws.com/photos/215382702/medium.jpeg,cc-by-nc,126906633,needs_id,-1.7987142682,-80.7562825871
lythrum_portula_1720.jpeg,https://inaturalist-open-data.s3.amazonaws.com/photos/214879830/medium.jpeg,cc-by,126630440,research,37.8024857,-25.1475986
lythrum_portula_1721.jpeg,https://inaturalist-open-data.s3.amazonaws.com/photos/214883201/medium.jpeg,cc-by,126630440,research,37.8024857,-25.1475986
lythrum_portula_1722.jpg,https://inaturalist-open-data.s3.amazonaws.com/photos/214732097/medium.jpg,cc-by-nc,126550419,needs_id,45.3706665787,-122.8759510623
lythrum_portula_1723.jpg,https://inaturalist-open-data.s3.amazonaws.com/photos/214394663/medium.jpg,cc-by,126362913,research,,
lythrum_portula_1724.jpeg,https://inaturalist-open-data.s3.amazonaws.com/photos/212563514/medium.jpeg,cc-by-nc,125349304,research,50.903823175,-1.6369699314
lythrum_portula_1725.jpeg,https://inaturalist-open-data.s3.amazonaws.com/photos/212563095/medium.jpeg,cc-by-nc,125349053,research,50.903823175,-1.6369699314
lythrum_portula_1726.jpg,https://inaturalist-open-data.s3.amazonaws.com/photos/212557515/medium.jpg,cc-by-nc,125346107,research,50.9198133333,-1.6507716667
lythrum_portula_1727.jpg,https://inaturalist-open-data.s3.amazonaws.com/photos/212533029/medium.jpg,cc-by-nc,125332569,research,52.9704825167,34.0202557139
lythrum_portula_1728.jpeg,https://inaturalist-open-data.s3.amazonaws.com/photos/211562315/medium.jpeg,cc-by,124740761,research,50.86174148,-4.08370985
lythrum_portula_1729.jpeg,https://inaturalist-open-data.s3.amazonaws.com/photos/211562361/medium.jpeg,cc-by,124740761,research,50.86174148,-4.08370985
lythrum_portula_1730.jpeg,https://inaturalist-open-data.s3.amazonaws.com/photos/211170528/medium.jpeg,cc-by-nc,124583001,research,53.16838,34.9931883333
lythrum_portula_1731.jpeg,https://inaturalist-open-data.s3.amazonaws.com/photos/210570530/medium.jpeg,cc-by-nc,124252944,needs_id,53.1641733333,35.0266616667
lythrum_portula_1732.jpeg,https://inaturalist-open-data.s3.amazonaws.com/photos/209668799/medium.jpeg,cc-by-nc,123763983,research,55.8429162288,37.7448394193
lythrum_portula_1733.jpg,https://inaturalist-open-data.s3.amazonaws.com/photos/209616971/medium.jpg,cc-by-nc,123718592,research,53.2281790711,34.3826424598
lythrum_portula_1734.jpg,https://inaturalist-open-data.s3.amazonaws.com/photos/209617012/medium.jpg,cc-by-nc,123718592,research,53.2281790711,34.3826424598
lythrum_portula_1735.jpeg,https://inaturalist-open-data.s3.amazonaws.com/photos/209475598/medium.jpeg,cc-by-nc,123641588,needs_id,53.453651,5.6980449722
lythrum_portula_1736.jpeg,https://inaturalist-open-data.s3.amazonaws.com/photos/209449917/medium.jpeg,cc-by,123628004,research,49.2390656689,-121.7658828199
lythrum_portula_1737.jpeg,https://inaturalist-open-data.s3.amazonaws.com/photos/209426679/medium.jpeg,cc-by-nc,123615211,needs_id,49.2390656689,-121.7658828199
lythrum_portula_1738.jpeg,https://inaturalist-open-data.s3.amazonaws.com/photos/209426699/medium.jpeg,cc-by-nc,123615211,needs_id,49.2390656689,-121.7658828199
lythrum_portula_1739.jpeg,https://inaturalist-open-data.s3.amazonaws.com/photos/209404115/medium.jpeg,cc-by,123602521,needs_id,49.2390656689,-121.7658828199
lythrum_portula_1740.jpeg,https://inaturalist-open-data.s3.amazonaws.com/photos/209187906/medium.jpeg,cc-by-nc,123479339,needs_id,53.453198,5.7035379722
lythrum_portula_1741.jpeg,https://inaturalist-open-data.s3.amazonaws.com/photos/208975514/medium.jpeg,cc-by-nc,123362488,needs_id,44.7190778457,7.4209183082
lythrum_portula_1742.jpeg,https://inaturalist-open-data.s3.amazonaws.com/photos/208775357/medium.jpeg,cc-by-nc,123252655,research,50.9298460718,-1.6765415668
lythrum_portula_1743.jpeg,https://inaturalist-open-data.s3.amazonaws.com/photos/208711697/medium.jpeg,cc-by-nc,123214878,research,53.452798,5.7040899722
lythrum_portula_1744.jpg,https://inaturalist-open-data.s3.amazonaws.com/photos/208284928/medium.jpg,cc-by-nc,122980879,research,53.1872717139,34.43797465
lythrum_portula_1745.jpg,https://inaturalist-open-data.s3.amazonaws.com/photos/208284962/medium.jpg,cc-by-nc,122980879,research,53.1872717139,34.43797465
lythrum_portula_1746.jpeg,https://inaturalist-open-data.s3.amazonaws.com/photos/207270676/medium.jpeg,cc-by-sa,122422224,needs_id,47.4589016757,-122.1460970071
lythrum_portula_1747.jpeg,https://inaturalist-open-data.s3.amazonaws.com/photos/206623058/medium.jpeg,cc-by-sa,122063440,research,51.1521668997,3.4684878
lythrum_portula_1748.jpg,https://inaturalist-open-data.s3.amazonaws.com/photos/205987152/medium.jpg,cc-by-nc,121708785,research,-43.5536972,172.5762013
lythrum_portula_1749.jpg,https://inaturalist-open-data.s3.amazonaws.com/photos/205987159/medium.jpg,cc-by-nc,121708785,research,-43.5536972,172.5762013
lythrum_portula_1750.jpeg,https://inaturalist-open-data.s3.amazonaws.com/photos/205058329/medium.jpeg,cc-by-nc,121191709,research,-43.5563756,172.5623715
lythrum_portula_1751.jpeg,https://inaturalist-open-data.s3.amazonaws.com/photos/205041571/medium.jpeg,cc-by-nc-nd,121183395,research,-43.5536066667,172.5762
lythrum_portula_1752.jpeg,https://inaturalist-open-data.s3.amazonaws.com/photos/205041533/medium.jpeg,cc-by-nc-nd,121183395,research,-43.5536066667,172.5762
lythrum_portula_1753.jpeg,https://inaturalist-open-data.s3.amazonaws.com/photos/205041552/medium.jpeg,cc-by-nc-nd,121183395,research,-43.5536066667,172.5762
lythrum_portula_1754.jpeg,https://inaturalist-open-data.s3.amazonaws.com/photos/204119174/medium.jpeg,cc-by-nc,120672291,research,48.1586027778,-1.4076055556
lythrum_portula_1755.jpg,https://inaturalist-open-data.s3.amazonaws.com/photos/203438563/medium.jpg,cc-by-nc,120292396,research,48.4143465342,-2.1450546286
lythrum_portula_1756.jpeg,https://inaturalist-open-data.s3.amazonaws.com/photos/202174697/medium.jpeg,cc-by-nc,119586941,research,53.6225742873,10.31777376
lythrum_portula_1757.jpeg,https://inaturalist-open-data.s3.amazonaws.com/photos/201641550/medium.jpeg,cc-by-nc,119294225,research,50.133,5.976
lythrum_portula_1758.jpeg,https://inaturalist-open-data.s3.amazonaws.com/photos/201641573/medium.jpeg,cc-by-nc,119294225,research,50.133,5.976
lythrum_portula_1759.jpeg,https://inaturalist-open-data.s3.amazonaws.com/photos/201641642/medium.jpeg,cc-by-nc,119294225,research,50.133,5.976
lythrum_portula_1760.jpeg,https://inaturalist-open-data.s3.amazonaws.com/photos/201641656/medium.jpeg,cc-by-nc,119294225,research,50.133,5.976
lythrum_portula_1761.jpeg,https://inaturalist-open-data.s3.amazonaws.com/photos/201641679/medium.jpeg,cc-by-nc,119294225,research,50.133,5.976
lythrum_portula_1762.jpeg,https://inaturalist-open-data.s3.amazonaws.com/photos/201641702/medium.jpeg,cc-by-nc,119294225,research,50.133,5.976
lythrum_portula_1763.jpeg,https://inaturalist-open-data.s3.amazonaws.com/photos/199084583/medium.jpeg,cc-by-nc,117861166,research,42.682661,2.532817
lythrum_portula_1764.jpeg,https://inaturalist-open-data.s3.amazonaws.com/photos/199084626/medium.jpeg,cc-by-nc,117861166,research,42.682661,2.532817
lythrum_portula_1765.jpeg,https://inaturalist-open-data.s3.amazonaws.com/photos/199084634/medium.jpeg,cc-by-nc,117861166,research,42.682661,2.532817
lythrum_portula_1766.jpeg,https://inaturalist-open-data.s3.amazonaws.com/photos/199084599/medium.jpeg,cc-by-nc,117861166,research,42.682661,2.532817
lythrum_portula_1767.jpeg,https://inaturalist-open-data.s3.amazonaws.com/photos/197856339/medium.jpeg,cc-by-nc,117184968,research,48.3470833333,2.559385
lythrum_portula_1768.jpeg,https://inaturalist-open-data.s3.amazonaws.com/photos/197856351/medium.jpeg,cc-by-nc,117184968,research,48.3470833333,2.559385
lythrum_portula_1769.jpeg,https://inaturalist-open-data.s3.amazonaws.com/photos/197856378/medium.jpeg,cc-by-nc,117184968,research,48.3470833333,2.559385
lythrum_portula_1770.jpeg,https://inaturalist-open-data.s3.amazonaws.com/photos/197856381/medium.jpeg,cc-by-nc,117184968,research,48.3470833333,2.559385
lythrum_portula_1771.jpeg,https://inaturalist-open-data.s3.amazonaws.com/photos/196710189/medium.jpeg,cc-by-nc,116527931,research,48.6367861129,7.9871905698
lythrum_portula_1772.jpeg,https://inaturalist-open-data.s3.amazonaws.com/photos/195229528/medium.jpeg,cc-by-nc,115675240,research,47.677224625,-122.0964487178
lythrum_portula_1773.jpeg,https://inaturalist-open-data.s3.amazonaws.com/photos/195229544/medium.jpeg,cc-by-nc,115675240,research,47.677224625,-122.0964487178
lythrum_portula_1774.jpeg,https://inaturalist-open-data.s3.amazonaws.com/photos/195229558/medium.jpeg,cc-by-nc,115675240,research,47.677224625,-122.0964487178
lythrum_portula_1775.jpg,https://inaturalist-open-data.s3.amazonaws.com/photos/191798177/medium.jpg,cc-by-nc,113538893,needs_id,47.3284845144,0.4529790081
lythrum_portula_1776.jpeg,https://inaturalist-open-data.s3.amazonaws.com/photos/190786102/medium.jpeg,cc-by-nc-sa,112926343,research,46.4008447416,-122.9599492997
lythrum_portula_1777.jpeg,https://inaturalist-open-data.s3.amazonaws.com/photos/190786236/medium.jpeg,cc-by-nc-sa,112926343,research,46.4008447416,-122.9599492997
lythrum_portula_1778.jpeg,https://inaturalist-open-data.s3.amazonaws.com/photos/189089370/medium.jpeg,cc-by-nc,111972960,research,43.5466658332,-6.7005491227
lythrum_portula_1779.jpeg,https://inaturalist-open-data.s3.amazonaws.com/photos/187575659/medium.jpeg,cc-by-nc,111145830,research,-44.1814916667,170.3686833333
lythrum_portula_1780.jpeg,https://inaturalist-open-data.s3.amazonaws.com/photos/187575688/medium.jpeg,cc-by-nc,111145830,research,-44.1814916667,170.3686833333
lythrum_portula_1781.jpeg,https://inaturalist-open-data.s3.amazonaws.com/photos/187575720/medium.jpeg,cc-by-nc,111145830,research,-44.1814916667,170.3686833333
lythrum_portula_1782.jpg,https://inaturalist-open-data.s3.amazonaws.com/photos/186558357/medium.jpg,cc-by,110577164,needs_id,51.71897833,4.45842
lythrum_portula_1783.jpeg,https://inaturalist-open-data.s3.amazonaws.com/photos/183886476/medium.jpeg,cc-by-nc,109137752,research,58.511868,37.310611
lythrum_portula_1784.jpeg,https://inaturalist-open-data.s3.amazonaws.com/photos/183886490/medium.jpeg,cc-by-nc,109137752,research,58.511868,37.310611
lythrum_portula_1785.jpg,https://inaturalist-open-data.s3.amazonaws.com/photos/183362480/medium.jpg,cc-by-nc,108857022,research,-44.7327166667,168.3835133333
lythrum_portula_1786.jpg,https://inaturalist-open-data.s3.amazonaws.com/photos/183362491/medium.jpg,cc-by-nc,108857022,research,-44.7327166667,168.3835133333
lythrum_portula_1787.jpg,https://inaturalist-open-data.s3.amazonaws.com/photos/183362501/medium.jpg,cc-by-nc,108857022,research,-44.7327166667,168.3835133333
lythrum_portula_1788.jpg,https://inaturalist-open-data.s3.amazonaws.com/photos/183362514/medium.jpg,cc-by-nc,108857022,research,-44.7327166667,168.3835133333
lythrum_portula_1789.jpeg,https://inaturalist-open-data.s3.amazonaws.com/photos/182341019/medium.jpeg,cc-by,108313961,research,38.5374911673,-121.2602515594
lythrum_portula_1790.jpeg,https://inaturalist-open-data.s3.amazonaws.com/photos/179628133/medium.jpeg,cc-by-nc,106873562,research,49.7092989966,36.3633479212
lythrum_portula_1791.jpeg,https://inaturalist-open-data.s3.amazonaws.com/photos/179628599/medium.jpeg,cc-by-nc,106873562,research,49.7092989966,36.3633479212
lythrum_portula_1792.jpeg,https://inaturalist-open-data.s3.amazonaws.com/photos/176676768/medium.jpeg,cc-by-sa,105314147,research,51.1042923692,17.0060394722
lythrum_portula_1793.jpeg,https://inaturalist-open-data.s3.amazonaws.com/photos/176491100/medium.jpeg,cc-by-nc,105218372,research,52.7035993584,7.374731935
lythrum_portula_1794.jpg,https://inaturalist-open-data.s3.amazonaws.com/photos/176162127/medium.jpg,cc-by-nc,105048310,needs_id,37.2753817775,-8.5685302191
lythrum_portula_1795.jpeg,https://inaturalist-open-data.s3.amazonaws.com/photos/175749821/medium.jpeg,cc-by-nc,104835028,research,48.6586976876,23.2953474397
lythrum_portula_1796.jpeg,https://inaturalist-open-data.s3.amazonaws.com/photos/175749803/medium.jpeg,cc-by-nc,104835028,research,48.6586976876,23.2953474397
lythrum_portula_1797.jpeg,https://inaturalist-open-data.s3.amazonaws.com/photos/175749812/medium.jpeg,cc-by-nc,104835028,research,48.6586976876,23.2953474397
lythrum_portula_1798.jpeg,https://inaturalist-open-data.s3.amazonaws.com/photos/174007742/medium.jpeg,cc-by-nc,103897600,research,53.345704863,34.1484737463
lythrum_portula_1799.jpeg,https://inaturalist-open-data.s3.amazonaws.com/photos/172558731/medium.jpeg,cc-by-nc,103139549,needs_id,40.021445,-7.2647783333
lythrum_portula_1800.jpg,https://inaturalist-open-data.s3.amazonaws.com/photos/171064100/medium.jpg,cc-by-nc,102349297,needs_id,40.3818133056,-8.7618596111
lythrum_portula_1801.jpeg,https://inaturalist-open-data.s3.amazonaws.com/photos/168938416/medium.jpeg,cc-by-nc,101177872,research,52.0607212537,29.2655985935
lythrum_portula_1802.jpeg,https://inaturalist-open-data.s3.amazonaws.com/photos/168938424/medium.jpeg,cc-by-nc,101177872,research,52.0607212537,29.2655985935
lythrum_portula_1803.jpg,https://inaturalist-open-data.s3.amazonaws.com/photos/168427595/medium.jpg,cc-by-nc,100885035,research,52.9292144461,8.1279017121
lythrum_portula_1804.jpeg,https://inaturalist-open-data.s3.amazonaws.com/photos/167917314/medium.jpeg,cc-by-nc,100595914,research,57.8456899408,41.4718600818
lythrum_portula_1805.jpeg,https://inaturalist-open-data.s3.amazonaws.com/photos/167917555/medium.jpeg,cc-by-nc,100595914,research,57.8456899408,41.4718600818
lythrum_portula_1806.jpeg,https://inaturalist-open-data.s3.amazonaws.com/photos/167917597/medium.jpeg,cc-by-nc,100595914,research,57.8456899408,41.4718600818
lythrum_portula_1807.jpeg,https://inaturalist-open-data.s3.amazonaws.com/photos/167760595/medium.jpeg,cc-by-nc,100511386,research,48.6767851099,2.4765941921
lythrum_portula_1808.jpeg,https://inaturalist-open-data.s3.amazonaws.com/photos/167760585/medium.jpeg,cc-by-nc,100511386,research,48.6767851099,2.4765941921
lythrum_portula_1809.jpeg,https://inaturalist-open-data.s3.amazonaws.com/photos/167760536/medium.jpeg,cc-by-nc,100511386,research,48.6767851099,2.4765941921
lythrum_portula_1810.jpeg,https://inaturalist-open-data.s3.amazonaws.com/photos/167758772/medium.jpeg,cc-by-nc,100508670,research,57.8470488927,41.4740058578
lythrum_portula_1811.jpeg,https://inaturalist-open-data.s3.amazonaws.com/photos/167759766/medium.jpeg,cc-by-nc,100508670,research,57.8470488927,41.4740058578
lythrum_portula_1812.jpeg,https://inaturalist-open-data.s3.amazonaws.com/photos/167556601/medium.jpeg,cc-by-nc,100396314,research,57.8475213423,41.4680324056
lythrum_portula_1813.jpeg,https://inaturalist-open-data.s3.amazonaws.com/photos/167556749/medium.jpeg,cc-by-nc,100396314,research,57.8475213423,41.4680324056
lythrum_portula_1814.jpeg,https://inaturalist-open-data.s3.amazonaws.com/photos/167556800/medium.jpeg,cc-by-nc,100396314,research,57.8475213423,41.4680324056
lythrum_portula_1815.jpeg,https://inaturalist-open-data.s3.amazonaws.com/photos/167545533/medium.jpeg,cc-by-nc,100390324,research,57.8469903447,41.4687512436
lythrum_portula_1816.jpeg,https://inaturalist-open-data.s3.amazonaws.com/photos/167545633/medium.jpeg,cc-by-nc,100390324,research,57.8469903447,41.4687512436
lythrum_portula_1817.jpeg,https://inaturalist-open-data.s3.amazonaws.com/photos/166826772/medium.jpeg,cc-by-nc,99997847,research,54.1671464236,-3.246033451
lythrum_portula_1818.jpeg,https://inaturalist-open-data.s3.amazonaws.com/photos/166826779/medium.jpeg,cc-by-nc,99997847,research,54.1671464236,-3.246033451
lythrum_portula_1819.jpeg,https://inaturalist-open-data.s3.amazonaws.com/photos/166826797/medium.jpeg,cc-by-nc,99997847,research,54.1671464236,-3.246033451
lythrum_portula_1820.jpeg,https://inaturalist-open-data.s3.amazonaws.com/photos/166826831/medium.jpeg,cc-by-nc,99997847,research,54.1671464236,-3.246033451
lythrum_portula_1821.jpeg,https://inaturalist-open-data.s3.amazonaws.com/photos/166344334/medium.jpeg,cc-by-nc,99745049,needs_id,48.4772615184,-123.4018438236
lythrum_portula_1822.jpeg,https://inaturalist-open-data.s3.amazonaws.com/photos/166344341/medium.jpeg,cc-by-nc,99745049,needs_id,48.4772615184,-123.4018438236
lythrum_portula_1823.jpeg,https://inaturalist-open-data.s3.amazonaws.com/photos/166315947/medium.jpeg,cc-by,99729957,research,50.0914688056,13.3709726111
lythrum_portula_1824.jpeg,https://inaturalist-open-data.s3.amazonaws.com/photos/166315977/medium.jpeg,cc-by,99729957,research,50.0914688056,13.3709726111
lythrum_portula_1825.jpeg,https://inaturalist-open-data.s3.amazonaws.com/photos/165343274/medium.jpeg,cc-by-nc,99214329,research,47.05459,15.50806
lythrum_portula_1826.jpeg,https://inaturalist-open-data.s3.amazonaws.com/photos/165343255/medium.jpeg,cc-by-nc,99214329,research,47.05459,15.50806
lythrum_portula_1827.jpeg,https://inaturalist-open-data.s3.amazonaws.com/photos/164180140/medium.jpeg,cc-by-nc-sa,98589897,needs_id,50.3314831434,4.8244377226
lythrum_portula_1828.jpeg,https://inaturalist-open-data.s3.amazonaws.com/photos/164180149/medium.jpeg,cc-by-nc-sa,98589897,needs_id,50.3314831434,4.8244377226
lythrum_portula_1829.jpg,https://inaturalist-open-data.s3.amazonaws.com/photos/164184466/medium.jpg,cc-by-nc,98588333,research,49.8394775351,5.9635541906
lythrum_portula_1830.jpg,https://inaturalist-open-data.s3.amazonaws.com/photos/164049961/medium.jpg,cc-by-nc,98524441,research,60.1854383431,30.0344036742
lythrum_portula_1831.jpeg,https://inaturalist-open-data.s3.amazonaws.com/photos/163862654/medium.jpeg,cc-by-nc,98424567,needs_id,52.20170047,-3.08993062
lythrum_portula_1832.jpeg,https://inaturalist-open-data.s3.amazonaws.com/photos/500117832/medium.jpeg,cc0,98424567,needs_id,52.20170047,-3.08993062
lythrum_portula_1833.jpeg,https://inaturalist-open-data.s3.amazonaws.com/photos/500117883/medium.jpeg,cc0,98424567,needs_id,52.20170047,-3.08993062
lythrum_portula_1834.jpeg,https://inaturalist-open-data.s3.amazonaws.com/photos/163794955/medium.jpeg,cc-by-nc,98387008,research,45.09766834,2.91329374
lythrum_portula_1835.jpeg,https://inaturalist-open-data.s3.amazonaws.com/photos/163153702/medium.jpeg,cc-by-nc,98041156,research,40.7977764997,-3.8422950997
lythrum_portula_1836.jpg,https://inaturalist-open-data.s3.amazonaws.com/photos/163051019/medium.jpg,cc-by-nc,97987476,research,55.5844545,37.290694
lythrum_portula_1837.jpg,https://inaturalist-open-data.s3.amazonaws.com/photos/163051009/medium.jpg,cc-by-nc,97987476,research,55.5844545,37.290694
lythrum_portula_1838.jpeg,https://inaturalist-open-data.s3.amazonaws.com/photos/162718338/medium.jpeg,cc-by-nc,97804491,research,57.982412,65.530858
lythrum_portula_1839.jpeg,https://inaturalist-open-data.s3.amazonaws.com/photos/162718366/medium.jpeg,cc-by-nc,97804491,research,57.982412,65.530858
lythrum_portula_1840.jpeg,https://inaturalist-open-data.s3.amazonaws.com/photos/162718388/medium.jpeg,cc-by-nc,97804491,research,57.982412,65.530858
lythrum_portula_1841.jpeg,https://inaturalist-open-data.s3.amazonaws.com/photos/162702376/medium.jpeg,cc-by,97795269,research,50.0788345278,13.3457422222
lythrum_portula_1842.jpeg,https://inaturalist-open-data.s3.amazonaws.com/photos/162702406/medium.jpeg,cc-by,97795269,research,50.0788345278,13.3457422222
lythrum_portula_1843.jpeg,https://inaturalist-open-data.s3.amazonaws.com/photos/162702438/medium.jpeg,cc-by,97795269,research,50.0788345278,13.3457422222
lythrum_portula_1844.jpeg,https://inaturalist-open-data.s3.amazonaws.com/photos/162656515/medium.jpeg,cc-by,97769806,research,57.9824119722,65.5308579722
lythrum_portula_1845.jpeg,https://inaturalist-open-data.s3.amazonaws.com/photos/162656546/medium.jpeg,cc-by,97769806,research,57.9824119722,65.5308579722
lythrum_portula_1846.jpeg,https://inaturalist-open-data.s3.amazonaws.com/photos/162656578/medium.jpeg,cc-by,97769806,research,57.9824119722,65.5308579722
lythrum_portula_1847.jpeg,https://inaturalist-open-data.s3.amazonaws.com/photos/162656603/medium.jpeg,cc-by,97769806,research,57.9824119722,65.5308579722
lythrum_portula_1848.jpeg,https://inaturalist-open-data.s3.amazonaws.com/photos/162656634/medium.jpeg,cc-by,97769806,research,57.9824119722,65.5308579722
lythrum_portula_1849.jpeg,https://inaturalist-open-data.s3.amazonaws.com/photos/162656653/medium.jpeg,cc-by,97769806,research,57.9824119722,65.5308579722
lythrum_portula_1850.jpeg,https://inaturalist-open-data.s3.amazonaws.com/photos/162656687/medium.jpeg,cc-by,97769806,research,57.9824119722,65.5308579722
lythrum_portula_1851.jpeg,https://inaturalist-open-data.s3.amazonaws.com/photos/162656721/medium.jpeg,cc-by,97769806,research,57.9824119722,65.5308579722
lythrum_portula_1852.jpeg,https://inaturalist-open-data.s3.amazonaws.com/photos/162656745/medium.jpeg,cc-by,97769806,research,57.9824119722,65.5308579722
lythrum_portula_1853.jpeg,https://inaturalist-open-data.s3.amazonaws.com/photos/162656769/medium.jpeg,cc-by,97769806,research,57.9824119722,65.5308579722
lythrum_portula_1854.jpg,https://inaturalist-open-data.s3.amazonaws.com/photos/162522045/medium.jpg,cc-by-nc,97700321,research,60.0051983121,30.0282025927
lythrum_portula_1855.jpg,https://inaturalist-open-data.s3.amazonaws.com/photos/162521331/medium.jpg,cc-by-nc,97700308,research,60.147674378,30.1846550358
lythrum_portula_1856.jpeg,https://inaturalist-open-data.s3.amazonaws.com/photos/162497086/medium.jpeg,cc-by-nc,97684750,needs_id,47.8350028992,-122.2254562378
lythrum_portula_1857.jpg,https://inaturalist-open-data.s3.amazonaws.com/photos/161777811/medium.jpg,cc-by-nc,97295439,research,59.7964581191,30.8226544508
lythrum_portula_1858.jpg,https://inaturalist-open-data.s3.amazonaws.com/photos/161770050/medium.jpg,cc-by-nc,97289271,research,60.1959341832,30.0448094497
lythrum_portula_1859.jpg,https://inaturalist-open-data.s3.amazonaws.com/photos/161710113/medium.jpg,cc-by-nc,97255901,research,50.613278,8.1767819722
lythrum_portula_1860.jpeg,https://inaturalist-open-data.s3.amazonaws.com/photos/161341504/medium.jpeg,cc-by-sa,97062414,research,50.3627508,5.1966274833
lythrum_portula_1861.jpg,https://inaturalist-open-data.s3.amazonaws.com/photos/161334890/medium.jpg,cc-by-nc,97057874,research,44.513522,-67.966603
lythrum_portula_1862.jpg,https://inaturalist-open-data.s3.amazonaws.com/photos/255016908/medium.jpg,cc-by-nc,97057874,research,44.513522,-67.966603
lythrum_portula_1863.jpg,https://inaturalist-open-data.s3.amazonaws.com/photos/255016914/medium.jpg,cc-by-nc,97057874,research,44.513522,-67.966603
lythrum_portula_1864.jpg,https://inaturalist-open-data.s3.amazonaws.com/photos/255016916/medium.jpg,cc-by-nc,97057874,research,44.513522,-67.966603
lythrum_portula_1865.jpg,https://inaturalist-open-data.s3.amazonaws.com/photos/255016920/medium.jpg,cc-by-nc,97057874,research,44.513522,-67.966603
lythrum_portula_1866.jpg,https://inaturalist-open-data.s3.amazonaws.com/photos/255017058/medium.jpg,cc-by-nc,97057874,research,44.513522,-67.966603
lythrum_portula_1867.jpg,https://inaturalist-open-data.s3.amazonaws.com/photos/255017066/medium.jpg,cc-by-nc,97057874,research,44.513522,-67.966603
lythrum_portula_1868.jpg,https://inaturalist-open-data.s3.amazonaws.com/photos/255017070/medium.jpg,cc-by-nc,97057874,research,44.513522,-67.966603
lythrum_portula_1869.jpg,https://inaturalist-open-data.s3.amazonaws.com/photos/161261090/medium.jpg,cc-by-nc,97017353,research,48.2834457099,-1.7997224911
lythrum_portula_1870.jpg,https://inaturalist-open-data.s3.amazonaws.com/photos/161215655/medium.jpg,cc-by-nc,96994354,research,48.2876227685,-1.7963770501
lythrum_portula_1871.jpg,https://inaturalist-open-data.s3.amazonaws.com/photos/161215663/medium.jpg,cc-by-nc,96994354,research,48.2876227685,-1.7963770501
lythrum_portula_1872.jpg,https://inaturalist-open-data.s3.amazonaws.com/photos/160799917/medium.jpg,cc-by-nc,96760924,research,55.3994513611,37.2173790278
lythrum_portula_1873.jpg,https://inaturalist-open-data.s3.amazonaws.com/photos/160799910/medium.jpg,cc-by-nc,96760924,research,55.3994513611,37.2173790278
lythrum_portula_1874.jpg,https://inaturalist-open-data.s3.amazonaws.com/photos/160430566/medium.jpg,cc-by-nc,96557202,research,55.4957063056,37.1627048333
lythrum_portula_1875.jpg,https://inaturalist-open-data.s3.amazonaws.com/photos/160430561/medium.jpg,cc-by-nc,96557202,research,55.4957063056,37.1627048333
lythrum_portula_1876.jpg,https://inaturalist-open-data.s3.amazonaws.com/photos/160311325/medium.jpg,cc-by-nc,96491563,research,49.969796,8.8956219722
lythrum_portula_1877.jpeg,https://inaturalist-open-data.s3.amazonaws.com/photos/159390166/medium.jpeg,cc-by-nc,95974213,research,50.6516072494,14.5958943585
lythrum_portula_1878.jpeg,https://inaturalist-open-data.s3.amazonaws.com/photos/158808837/medium.jpeg,cc-by,95646487,research,55.0445126619,32.6851066947
lythrum_portula_1879.jpeg,https://inaturalist-open-data.s3.amazonaws.com/photos/157366938/medium.jpeg,cc-by-nc,94842834,research,48.354976,2.570289
lythrum_portula_1880.jpeg,https://inaturalist-open-data.s3.amazonaws.com/photos/157366969/medium.jpeg,cc-by-nc,94842834,research,48.354976,2.570289
lythrum_portula_1881.jpeg,https://inaturalist-open-data.s3.amazonaws.com/photos/157374350/medium.jpeg,cc-by-nc,94842834,research,48.354976,2.570289
lythrum_portula_1882.jpg,https://inaturalist-open-data.s3.amazonaws.com/photos/156943596/medium.jpg,cc-by-nc,94602702,research,53.4378329274,33.7843077039
lythrum_portula_1883.jpg,https://inaturalist-open-data.s3.amazonaws.com/photos/156943280/medium.jpg,cc-by-nc,94602641,research,53.4379735315,33.784487126
lythrum_portula_1884.jpeg,https://inaturalist-open-data.s3.amazonaws.com/photos/156618998/medium.jpeg,cc-by-nc,94414992,research,51.1087006051,5.6199800782
lythrum_portula_1885.jpeg,https://inaturalist-open-data.s3.amazonaws.com/photos/156214305/medium.jpeg,cc-by-nc,94187366,research,48.7865861111,-123.9741666667
lythrum_portula_1886.jpeg,https://inaturalist-open-data.s3.amazonaws.com/photos/156214319/medium.jpeg,cc-by-nc,94187366,research,48.7865861111,-123.9741666667
lythrum_portula_1887.jpeg,https://inaturalist-open-data.s3.amazonaws.com/photos/155944540/medium.jpeg,cc-by,94040028,needs_id,50.4184237334,-4.7391186655
lythrum_portula_1888.jpeg,https://inaturalist-open-data.s3.amazonaws.com/photos/155944572/medium.jpeg,cc-by,94040028,needs_id,50.4184237334,-4.7391186655
lythrum_portula_1889.jpeg,https://inaturalist-open-data.s3.amazonaws.com/photos/155944610/medium.jpeg,cc-by,94040028,needs_id,50.4184237334,-4.7391186655
lythrum_portula_1890.jpeg,https://inaturalist-open-data.s3.amazonaws.com/photos/155944652/medium.jpeg,cc-by,94040028,needs_id,50.4184237334,-4.7391186655
lythrum_portula_1891.jpeg,https://inaturalist-open-data.s3.amazonaws.com/photos/155800065/medium.jpeg,cc-by-nc,93958516,research,53.3644981111,34.0059966944
lythrum_portula_1892.jpeg,https://inaturalist-open-data.s3.amazonaws.com/photos/155798899/medium.jpeg,cc-by-nc,93957830,research,53.36450575,34.00597
lythrum_portula_1893.jpeg,https://inaturalist-open-data.s3.amazonaws.com/photos/155791505/medium.jpeg,cc-by-nc,93954358,research,47.6790654263,-122.1012090038
lythrum_portula_1894.jpeg,https://inaturalist-open-data.s3.amazonaws.com/photos/155791521/medium.jpeg,cc-by-nc,93954358,research,47.6790654263,-122.1012090038
lythrum_portula_1895.jpeg,https://inaturalist-open-data.s3.amazonaws.com/photos/155791533/medium.jpeg,cc-by-nc,93954358,research,47.6790654263,-122.1012090038
lythrum_portula_1896.jpeg,https://inaturalist-open-data.s3.amazonaws.com/photos/155791549/medium.jpeg,cc-by-nc,93954358,research,47.6790654263,-122.1012090038
lythrum_portula_1897.jpeg,https://inaturalist-open-data.s3.amazonaws.com/photos/155791554/medium.jpeg,cc-by-nc,93954358,research,47.6790654263,-122.1012090038
lythrum_portula_1898.jpeg,https://inaturalist-open-data.s3.amazonaws.com/photos/155791563/medium.jpeg,cc-by-nc,93954358,research,47.6790654263,-122.1012090038
lythrum_portula_1899.jpeg,https://inaturalist-open-data.s3.amazonaws.com/photos/155427608/medium.jpeg,cc-by-nc,93752521,needs_id,51.718974,4.458502
lythrum_portula_1900.jpeg,https://inaturalist-open-data.s3.amazonaws.com/photos/155427645/medium.jpeg,cc-by-nc,93752521,needs_id,51.718974,4.458502
lythrum_portula_1901.jpeg,https://inaturalist-open-data.s3.amazonaws.com/photos/155423754/medium.jpeg,cc-by-nc,93750451,needs_id,51.718974,4.4585999722
lythrum_portula_1902.jpeg,https://inaturalist-open-data.s3.amazonaws.com/photos/155164447/medium.jpeg,cc-by-nc,93609756,research,50.3240967029,30.585024619
lythrum_portula_1903.jpeg,https://inaturalist-open-data.s3.amazonaws.com/photos/155180789/medium.jpeg,cc-by-nc,93609756,research,50.3240967029,30.585024619
lythrum_portula_1904.jpeg,https://inaturalist-open-data.s3.amazonaws.com/photos/155180795/medium.jpeg,cc-by-nc,93609756,research,50.3240967029,30.585024619
lythrum_portula_1905.jpg,https://inaturalist-open-data.s3.amazonaws.com/photos/154139160/medium.jpg,cc-by-nc,93039738,research,53.2959482252,34.4274541162
lythrum_portula_1906.jpg,https://inaturalist-open-data.s3.amazonaws.com/photos/153929656/medium.jpg,cc-by-nc,92922219,research,50.5714241405,8.6085775179
lythrum_portula_1907.jpg,https://inaturalist-open-data.s3.amazonaws.com/photos/153847984/medium.jpg,cc-by-nc,92875079,research,52.1569555,35.35167
lythrum_portula_1908.jpg,https://inaturalist-open-data.s3.amazonaws.com/photos/153847870/medium.jpg,cc-by-nc,92875079,research,52.1569555,35.35167
lythrum_portula_1909.jpg,https://inaturalist-open-data.s3.amazonaws.com/photos/153847894/medium.jpg,cc-by-nc,92875079,research,52.1569555,35.35167
lythrum_portula_1910.jpeg,https://inaturalist-open-data.s3.amazonaws.com/photos/153674880/medium.jpeg,cc-by-nc,92780619,research,56.6343805556,38.1665027778
lythrum_portula_1911.jpeg,https://inaturalist-open-data.s3.amazonaws.com/photos/153523804/medium.jpeg,cc-by-nc,92699060,research,48.1302561149,7.7760503482
lythrum_portula_1912.jpeg,https://inaturalist-open-data.s3.amazonaws.com/photos/153523816/medium.jpeg,cc-by-nc,92699060,research,48.1302561149,7.7760503482
lythrum_portula_1913.jpg,https://inaturalist-open-data.s3.amazonaws.com/photos/152916588/medium.jpg,cc-by-nc,92363769,research,55.3292458056,37.4172453611
lythrum_portula_1914.jpg,https://inaturalist-open-data.s3.amazonaws.com/photos/152916553/medium.jpg,cc-by-nc,92363769,research,55.3292458056,37.4172453611
lythrum_portula_1915.jpeg,https://inaturalist-open-data.s3.amazonaws.com/photos/152906085/medium.jpeg,cc-by-nc,92355242,research,53.332025,34.2137083333
lythrum_portula_1916.jpeg,https://inaturalist-open-data.s3.amazonaws.com/photos/152906073/medium.jpeg,cc-by-nc,92355242,research,53.332025,34.2137083333
lythrum_portula_1917.jpeg,https://inaturalist-open-data.s3.amazonaws.com/photos/152673189/medium.jpeg,cc-by-nc,92227463,needs_id,50.2629916667,5.3862166667
lythrum_portula_1918.jpeg,https://inaturalist-open-data.s3.amazonaws.com/photos/152673181/medium.jpeg,cc-by-nc,92227463,needs_id,50.2629916667,5.3862166667
lythrum_portula_1919.jpeg,https://inaturalist-open-data.s3.amazonaws.com/photos/152663120/medium.jpeg,cc-by-nc,92221395,research,53.489906584,33.0836087301
lythrum_portula_1920.jpeg,https://inaturalist-open-data.s3.amazonaws.com/photos/152662102/medium.jpeg,cc-by-nc,92220804,research,53.4498218879,33.1042560664
lythrum_portula_1921.jpeg,https://inaturalist-open-data.s3.amazonaws.com/photos/152189455/medium.jpeg,cc-by-nc,91959304,research,49.1486393,15.0412285
lythrum_portula_1922.jpeg,https://inaturalist-open-data.s3.amazonaws.com/photos/152189486/medium.jpeg,cc-by-nc,91959304,research,49.1486393,15.0412285
lythrum_portula_1923.jpeg,https://inaturalist-open-data.s3.amazonaws.com/photos/152189517/medium.jpeg,cc-by-nc,91959304,research,49.1486393,15.0412285
lythrum_portula_1924.jpeg,https://inaturalist-open-data.s3.amazonaws.com/photos/152179295/medium.jpeg,cc-by-nc,91953320,research,47.8414750653,7.8814841433
lythrum_portula_1925.jpeg,https://inaturalist-open-data.s3.amazonaws.com/photos/152179313/medium.jpeg,cc-by-nc,91953320,research,47.8414750653,7.8814841433
lythrum_portula_1926.jpeg,https://inaturalist-open-data.s3.amazonaws.com/photos/152179446/medium.jpeg,cc-by-nc,91953320,research,47.8414750653,7.8814841433
lythrum_portula_1927.jpeg,https://inaturalist-open-data.s3.amazonaws.com/photos/151999180/medium.jpeg,cc-by-nc,91852714,research,51.96691424,30.79783144
lythrum_portula_1928.jpeg,https://inaturalist-open-data.s3.amazonaws.com/photos/151371581/medium.jpeg,cc-by-nc,91506474,research,53.2044566667,34.4683166667
lythrum_portula_1929.jpeg,https://inaturalist-open-data.s3.amazonaws.com/photos/151371568/medium.jpeg,cc-by-nc,91506474,research,53.2044566667,34.4683166667
lythrum_portula_1930.jpg,https://inaturalist-open-data.s3.amazonaws.com/photos/151239668/medium.jpg,cc-by-nc,91434934,research,54.225050063,37.8656476879
lythrum_portula_1931.jpg,https://inaturalist-open-data.s3.amazonaws.com/photos/151239755/medium.jpg,cc-by-nc,91434934,research,54.225050063,37.8656476879
lythrum_portula_1932.jpeg,https://inaturalist-open-data.s3.amazonaws.com/photos/151125578/medium.jpeg,cc-by-nc,91371911,research,46.4104405622,-122.9675247242
lythrum_portula_1933.jpeg,https://inaturalist-open-data.s3.amazonaws.com/photos/151125598/medium.jpeg,cc-by-nc,91371911,research,46.4104405622,-122.9675247242
lythrum_portula_1934.jpeg,https://inaturalist-open-data.s3.amazonaws.com/photos/151125612/medium.jpeg,cc-by-nc,91371911,research,46.4104405622,-122.9675247242
lythrum_portula_1935.jpeg,https://inaturalist-open-data.s3.amazonaws.com/photos/150863011/medium.jpeg,cc-by-nc,91228516,research,52.8321904314,33.9978296499
lythrum_portula_1936.jpeg,https://inaturalist-open-data.s3.amazonaws.com/photos/150716041/medium.jpeg,cc-by-nc,91145549,research,59.3938340659,48.9292057999
lythrum_portula_1937.jpg,https://inaturalist-open-data.s3.amazonaws.com/photos/150622649/medium.jpg,cc-by-nc,91092439,research,53.1785232241,34.4098306566
lythrum_portula_1938.jpg,https://inaturalist-open-data.s3.amazonaws.com/photos/150585633/medium.jpg,cc-by-nc,91075449,research,38.9386001449,-120.0669550902
lythrum_portula_1939.jpg,https://inaturalist-open-data.s3.amazonaws.com/photos/150420050/medium.jpg,cc-by-nc,90977509,research,46.0704416667,12.4130933333
lythrum_portula_1940.jpeg,https://inaturalist-open-data.s3.amazonaws.com/photos/150193958/medium.jpeg,cc-by-nc,90919525,research,47.0359996176,-122.9389469357
lythrum_portula_1941.jpeg,https://inaturalist-open-data.s3.amazonaws.com/photos/150193968/medium.jpeg,cc-by-nc,90919525,research,47.0359996176,-122.9389469357
lythrum_portula_1942.jpeg,https://inaturalist-open-data.s3.amazonaws.com/photos/150193984/medium.jpeg,cc-by-nc,90919525,research,47.0359996176,-122.9389469357
lythrum_portula_1943.jpeg,https://inaturalist-open-data.s3.amazonaws.com/photos/150193998/medium.jpeg,cc-by-nc,90919525,research,47.0359996176,-122.9389469357
lythrum_portula_1944.jpeg,https://inaturalist-open-data.s3.amazonaws.com/photos/150194025/medium.jpeg,cc-by-nc,90919525,research,47.0359996176,-122.9389469357
lythrum_portula_1945.jpeg,https://inaturalist-open-data.s3.amazonaws.com/photos/150194041/medium.jpeg,cc-by-nc,90919525,research,47.0359996176,-122.9389469357
lythrum_portula_1946.jpeg,https://inaturalist-open-data.s3.amazonaws.com/photos/150193942/medium.jpeg,cc-by-nc,90919525,research,47.0359996176,-122.9389469357
lythrum_portula_1947.jpeg,https://inaturalist-open-data.s3.amazonaws.com/photos/150289646/medium.jpeg,cc-by-nc,90907438,research,53.576788782,-2.3239654254
lythrum_portula_1948.jpeg,https://inaturalist-open-data.s3.amazonaws.com/photos/150226075/medium.jpeg,cc-by-nc,90869231,research,57.06388842,8.8771941
lythrum_portula_1949.jpeg,https://inaturalist-open-data.s3.amazonaws.com/photos/150226092/medium.jpeg,cc-by-nc,90869231,research,57.06388842,8.8771941
lythrum_portula_1950.jpg,https://inaturalist-open-data.s3.amazonaws.com/photos/149361633/medium.jpg,cc-by-nc,90375316,research,56.1074138333,37.7422666667
lythrum_portula_1951.jpg,https://inaturalist-open-data.s3.amazonaws.com/photos/148730006/medium.jpg,cc0,90024938,needs_id,51.0549166667,0.0383445
lythrum_portula_1952.jpg,https://inaturalist-open-data.s3.amazonaws.com/photos/148730053/medium.jpg,cc0,90024938,needs_id,51.0549166667,0.0383445
lythrum_portula_1953.jpg,https://inaturalist-open-data.s3.amazonaws.com/photos/148729761/medium.jpg,cc0,90024786,needs_id,51.0549195,0.0383555
lythrum_portula_1954.jpg,https://inaturalist-open-data.s3.amazonaws.com/photos/148729807/medium.jpg,cc0,90024786,needs_id,51.0549195,0.0383555
lythrum_portula_1955.jpeg,https://inaturalist-open-data.s3.amazonaws.com/photos/148729640/medium.jpeg,cc-by-nc,90024741,research,53.1576292989,8.1781820208
lythrum_portula_1956.jpeg,https://inaturalist-open-data.s3.amazonaws.com/photos/148350940/medium.jpeg,cc-by-nc,89813109,research,53.3560207792,34.0895786416
lythrum_portula_1957.jpg,https://inaturalist-open-data.s3.amazonaws.com/photos/147927859/medium.jpg,cc-by-nc,89571218,research,56.2820888889,38.0303333333
lythrum_portula_1958.jpg,https://inaturalist-open-data.s3.amazonaws.com/photos/147927817/medium.jpg,cc-by-nc,89571218,research,56.2820888889,38.0303333333
lythrum_portula_1959.jpg,https://inaturalist-open-data.s3.amazonaws.com/photos/147927858/medium.jpg,cc-by-nc,89571218,research,56.2820888889,38.0303333333
lythrum_portula_1960.jpeg,https://inaturalist-open-data.s3.amazonaws.com/photos/147770633/medium.jpeg,cc-by-nc,89480036,research,55.1696916667,35.3903083333
lythrum_portula_1961.jpg,https://inaturalist-open-data.s3.amazonaws.com/photos/147759633/medium.jpg,cc-by-nd,89473840,research,48.0838305,-123.2845033333
lythrum_portula_1962.jpeg,https://inaturalist-open-data.s3.amazonaws.com/photos/146776217/medium.jpeg,cc-by-nc,88917789,research,55.9760116239,48.6507259912
lythrum_portula_1963.jpeg,https://inaturalist-open-data.s3.amazonaws.com/photos/146776312/medium.jpeg,cc-by-nc,88917789,research,55.9760116239,48.6507259912
lythrum_portula_1964.jpeg,https://inaturalist-open-data.s3.amazonaws.com/photos/146776316/medium.jpeg,cc-by-nc,88917789,research,55.9760116239,48.6507259912
lythrum_portula_1965.jpeg,https://inaturalist-open-data.s3.amazonaws.com/photos/146649061/medium.jpeg,cc-by-nc,88851390,research,49.8018661577,15.9601090574
lythrum_portula_1966.jpeg,https://inaturalist-open-data.s3.amazonaws.com/photos/146649175/medium.jpeg,cc-by-nc,88851390,research,49.8018661577,15.9601090574
lythrum_portula_1967.jpeg,https://inaturalist-open-data.s3.amazonaws.com/photos/145840329/medium.jpeg,cc-by-nc,88395545,research,55.5695800781,39.0663452147
lythrum_portula_1968.jpeg,https://inaturalist-open-data.s3.amazonaws.com/photos/145457263/medium.jpeg,cc-by-nc,88179514,research,53.231934,-4.5042999722
lythrum_portula_1969.jpeg,https://inaturalist-open-data.s3.amazonaws.com/photos/145457315/medium.jpeg,cc-by-nc,88179514,research,53.231934,-4.5042999722
lythrum_portula_1970.jpeg,https://inaturalist-open-data.s3.amazonaws.com/photos/145457363/medium.jpeg,cc-by-nc,88179514,research,53.231934,-4.5042999722
lythrum_portula_1971.jpeg,https://inaturalist-open-data.s3.amazonaws.com/photos/145303578/medium.jpeg,cc0,88089402,research,54.806995,24.781731
lythrum_portula_1972.jpeg,https://inaturalist-open-data.s3.amazonaws.com/photos/145303588/medium.jpeg,cc0,88089402,research,54.806995,24.781731
lythrum_portula_1973.jpeg,https://inaturalist-open-data.s3.amazonaws.com/photos/145303601/medium.jpeg,cc0,88089402,research,54.806995,24.781731
lythrum_portula_1974.jpeg,https://inaturalist-open-data.s3.amazonaws.com/photos/145303608/medium.jpeg,cc0,88089402,research,54.806995,24.781731
lythrum_portula_1975.jpeg,https://inaturalist-open-data.s3.amazonaws.com/photos/145303619/medium.jpeg,cc0,88089402,research,54.806995,24.781731
lythrum_portula_1976.jpeg,https://inaturalist-open-data.s3.amazonaws.com/photos/145303627/medium.jpeg,cc0,88089402,research,54.806995,24.781731
lythrum_portula_1977.jpeg,https://inaturalist-open-data.s3.amazonaws.com/photos/145303642/medium.jpeg,cc0,88089402,research,54.806995,24.781731
lythrum_portula_1978.jpeg,https://inaturalist-open-data.s3.amazonaws.com/photos/145303658/medium.jpeg,cc0,88089402,research,54.806995,24.781731
lythrum_portula_1979.jpg,https://inaturalist-open-data.s3.amazonaws.com/photos/144920562/medium.jpg,cc-by-nc,87870536,research,49.9360132184,8.8833150294
lythrum_portula_1980.jpeg,https://inaturalist-open-data.s3.amazonaws.com/photos/144452972/medium.jpeg,cc-by-nc,87613036,research,52.2371161572,35.445898516
lythrum_portula_1981.jpeg,https://inaturalist-open-data.s3.amazonaws.com/photos/144453053/medium.jpeg,cc-by-nc,87613036,research,52.2371161572,35.445898516
lythrum_portula_1982.jpeg,https://inaturalist-open-data.s3.amazonaws.com/photos/144453094/medium.jpeg,cc-by-nc,87613036,research,52.2371161572,35.445898516
lythrum_portula_1983.jpeg,https://inaturalist-open-data.s3.amazonaws.com/photos/144453141/medium.jpeg,cc-by-nc,87613036,research,52.2371161572,35.445898516
lythrum_portula_1984.jpeg,https://inaturalist-open-data.s3.amazonaws.com/photos/144064565/medium.jpeg,cc-by-nc,87384266,needs_id,40.051333,-5.16285
lythrum_portula_1985.jpeg,https://inaturalist-open-data.s3.amazonaws.com/photos/144024339/medium.jpeg,cc-by-nc,87360486,research,51.9386016724,29.5047334321
lythrum_portula_1986.jpg,https://inaturalist-open-data.s3.amazonaws.com/photos/143271629/medium.jpg,cc-by-nc,86918366,research,56.78997,12.6146866667
lythrum_portula_1987.jpg,https://inaturalist-open-data.s3.amazonaws.com/photos/143271604/medium.jpg,cc-by-nc,86918366,research,56.78997,12.6146866667
lythrum_portula_1988.jpg,https://inaturalist-open-data.s3.amazonaws.com/photos/143271556/medium.jpg,cc-by-nc,86918366,research,56.78997,12.6146866667
lythrum_portula_1989.jpg,https://inaturalist-open-data.s3.amazonaws.com/photos/143271580/medium.jpg,cc-by-nc,86918366,research,56.78997,12.6146866667
lythrum_portula_1990.jpg,https://inaturalist-open-data.s3.amazonaws.com/photos/143237459/medium.jpg,cc-by-nc,86902667,research,48.4455456265,-1.8626415266
lythrum_portula_1991.jpg,https://inaturalist-open-data.s3.amazonaws.com/photos/143237482/medium.jpg,cc-by-nc,86902667,research,48.4455456265,-1.8626415266
lythrum_portula_1992.jpeg,https://inaturalist-open-data.s3.amazonaws.com/photos/141710170/medium.jpeg,cc-by-nc,86062238,research,53.1972502286,8.2301089168
lythrum_portula_1993.jpeg,https://inaturalist-open-data.s3.amazonaws.com/photos/141710191/medium.jpeg,cc-by-nc,86062238,research,53.1972502286,8.2301089168
lythrum_portula_1994.jpeg,https://inaturalist-open-data.s3.amazonaws.com/photos/140838821/medium.jpeg,cc-by-nc,85584308,research,49.8004842941,15.9462624772
lythrum_portula_1995.jpg,https://inaturalist-open-data.s3.amazonaws.com/photos/140443201/medium.jpg,cc-by-nc-nd,85366657,research,50.8885044699,-1.7622538218
lythrum_portula_1996.jpg,https://inaturalist-open-data.s3.amazonaws.com/photos/140244466/medium.jpg,cc-by-nc,85256993,research,52.7721824444,0.480365
lythrum_portula_1997.jpg,https://inaturalist-open-data.s3.amazonaws.com/photos/139473135/medium.jpg,cc-by-nc,84829355,research,53.4380128535,33.7841027664
lythrum_portula_1998.jpeg,https://inaturalist-open-data.s3.amazonaws.com/photos/139198408/medium.jpeg,cc-by,84676776,research,50.99873558,5.61316865
lythrum_portula_1999.jpg,https://inaturalist-open-data.s3.amazonaws.com/photos/138724910/medium.jpg,cc0,84405339,needs_id,51.663274,-0.200678
lythrum_portula_2000.jpg,https://inaturalist-open-data.s3.amazonaws.com/photos/138725080/medium.jpg,cc0,84405339,needs_id,51.663274,-0.200678
lythrum_portula_2001.jpg,https://inaturalist-open-data.s3.amazonaws.com/photos/138725116/medium.jpg,cc0,84405339,needs_id,51.663274,-0.200678
lythrum_portula_2002.jpeg,https://inaturalist-open-data.s3.amazonaws.com/photos/137115959/medium.jpeg,cc-by-nc,83482248,research,57.7976786742,41.4377247678
lythrum_portula_2003.jpeg,https://inaturalist-open-data.s3.amazonaws.com/photos/137112908/medium.jpeg,cc-by-nc,83480710,research,53.7299268226,-2.6737570347
lythrum_portula_2004.jpg,https://inaturalist-open-data.s3.amazonaws.com/photos/136926908/medium.jpg,cc-by-nc,83374947,research,50.0461212299,20.2465370248
lythrum_portula_2005.jpg,https://inaturalist-open-data.s3.amazonaws.com/photos/136920465/medium.jpg,cc-by-nc,83370111,research,50.0462296699,20.2466984187
lythrum_portula_2006.jpeg,https://inaturalist-open-data.s3.amazonaws.com/photos/133655113/medium.jpeg,cc-by,81482706,needs_id,52.0011277778,-4.8043833333
lythrum_portula_2007.jpeg,https://inaturalist-open-data.s3.amazonaws.com/photos/133381535/medium.jpeg,cc-by,81333530,research,49.1337084763,-123.9408220132
lythrum_portula_2008.jpeg,https://inaturalist-open-data.s3.amazonaws.com/photos/132347919/medium.jpeg,cc-by-nc,80738975,needs_id,37.8453049,-6.0464516
lythrum_portula_2009.jpg,https://inaturalist-open-data.s3.amazonaws.com/photos/131857972/medium.jpg,cc-by,80448338,research,44.4223833333,-123.3069083333
lythrum_portula_2010.jpg,https://inaturalist-open-data.s3.amazonaws.com/photos/131857989/medium.jpg,cc-by,80448338,research,44.4223833333,-123.3069083333
lythrum_portula_2011.jpg,https://inaturalist-open-data.s3.amazonaws.com/photos/131858010/medium.jpg,cc-by,80448338,research,44.4223833333,-123.3069083333
lythrum_portula_2012.jpg,https://inaturalist-open-data.s3.amazonaws.com/photos/131858035/medium.jpg,cc-by,80448338,research,44.4223833333,-123.3069083333
lythrum_portula_2013.jpeg,https://inaturalist-open-data.s3.amazonaws.com/photos/128357289/medium.jpeg,cc-by-nc,78432371,research,-43.5542016667,172.57618
lythrum_portula_2014.jpeg,https://inaturalist-open-data.s3.amazonaws.com/photos/128357295/medium.jpeg,cc-by-nc,78432371,research,-43.5542016667,172.57618
lythrum_portula_2015.jpeg,https://inaturalist-open-data.s3.amazonaws.com/photos/128357303/medium.jpeg,cc-by-nc,78432371,research,-43.5542016667,172.57618
lythrum_portula_2016.jpeg,https://inaturalist-open-data.s3.amazonaws.com/photos/126018598/medium.jpeg,cc-by-nc,77059774,research,-45.2635944444,169.9795833333
lythrum_portula_2017.jpeg,https://inaturalist-open-data.s3.amazonaws.com/photos/126020123/medium.jpeg,cc-by-nc,77059774,research,-45.2635944444,169.9795833333
lythrum_portula_2018.jpeg,https://inaturalist-open-data.s3.amazonaws.com/photos/122527599/medium.jpeg,cc-by-nc,74931072,research,41.0758699581,-1.549048788
lythrum_portula_2019.jpeg,https://inaturalist-open-data.s3.amazonaws.com/photos/122527604/medium.jpeg,cc-by-nc,74931072,research,41.0758699581,-1.549048788
lythrum_portula_2020.jpeg,https://inaturalist-open-data.s3.amazonaws.com/photos/122527613/medium.jpeg,cc-by-nc,74931072,research,41.0758699581,-1.549048788
lythrum_portula_2021.jpeg,https://inaturalist-open-data.s3.amazonaws.com/photos/120046603/medium.jpeg,cc-by-nc,73526314,research,58.0287270469,42.7159553453
lythrum_portula_2022.jpeg,https://inaturalist-open-data.s3.amazonaws.com/photos/120046885/medium.jpeg,cc-by-nc,73526314,research,58.0287270469,42.7159553453
lythrum_portula_2023.jpeg,https://inaturalist-open-data.s3.amazonaws.com/photos/120047059/medium.jpeg,cc-by-nc,73526314,research,58.0287270469,42.7159553453
lythrum_portula_2024.jpg,https://inaturalist-open-data.s3.amazonaws.com/photos/119306650/medium.jpg,cc-by-nc,73103739,research,50.7944389722,8.7167049722
lythrum_portula_2025.jpeg,https://inaturalist-open-data.s3.amazonaws.com/photos/119113183/medium.jpeg,cc-by-nc,72994198,research,-45.2637739,169.9138718
lythrum_portula_2026.jpg,https://inaturalist-open-data.s3.amazonaws.com/photos/116794731/medium.jpg,cc-by-nc,71710554,research,52.7452777778,0.4605555556
lythrum_portula_2027.jpg,https://inaturalist-open-data.s3.amazonaws.com/photos/84328527/medium.jpg,cc-by-nc,70096361,research,56.70259475,37.0680084167
lythrum_portula_2028.jpeg,https://inaturalist-open-data.s3.amazonaws.com/photos/100146584/medium.jpeg,cc-by-nc,70095683,research,55.86833,37.89675
lythrum_portula_2029.jpg,https://inaturalist-open-data.s3.amazonaws.com/photos/113081988/medium.jpg,cc-by-nc,69661712,research,-43.7634076677,169.5679377223
lythrum_portula_2030.jpg,https://inaturalist-open-data.s3.amazonaws.com/photos/113082014/medium.jpg,cc-by-nc,69661712,research,-43.7634076677,169.5679377223
lythrum_portula_2031.jpeg,https://inaturalist-open-data.s3.amazonaws.com/photos/111927966/medium.jpeg,cc-by-nc,69033949,research,57.4773642657,39.7683334351
lythrum_portula_2032.jpeg,https://inaturalist-open-data.s3.amazonaws.com/photos/111928560/medium.jpeg,cc-by-nc,69033949,research,57.4773642657,39.7683334351
lythrum_portula_2033.jpg,https://inaturalist-open-data.s3.amazonaws.com/photos/111903748/medium.jpg,cc-by-nc,69021265,research,48.0484392924,7.7943852551
lythrum_portula_2034.jpeg,https://inaturalist-open-data.s3.amazonaws.com/photos/111785385/medium.jpeg,cc-by-nc,68962384,research,52.6785326597,7.8973729105
lythrum_portula_2035.jpeg,https://inaturalist-open-data.s3.amazonaws.com/photos/111785396/medium.jpeg,cc-by-nc,68962384,research,52.6785326597,7.8973729105
lythrum_portula_2036.jpeg,https://inaturalist-open-data.s3.amazonaws.com/photos/111785405/medium.jpeg,cc-by-nc,68962384,research,52.6785326597,7.8973729105
lythrum_portula_2037.jpeg,https://inaturalist-open-data.s3.amazonaws.com/photos/111785399/medium.jpeg,cc-by-nc,68962384,research,52.6785326597,7.8973729105
lythrum_portula_2038.jpeg,https://inaturalist-open-data.s3.amazonaws.com/photos/111785377/medium.jpeg,cc-by-nc,68962384,research,52.6785326597,7.8973729105
lythrum_portula_2039.jpeg,https://inaturalist-open-data.s3.amazonaws.com/photos/111785421/medium.jpeg,cc-by-nc,68962384,research,52.6785326597,7.8973729105
lythrum_portula_2040.jpeg,https://inaturalist-open-data.s3.amazonaws.com/photos/111785418/medium.jpeg,cc-by-nc,68962384,research,52.6785326597,7.8973729105
lythrum_portula_2041.jpeg,https://inaturalist-open-data.s3.amazonaws.com/photos/111414752/medium.jpeg,cc-by-nc,68757619,research,55.5962333857,38.2191573357
lythrum_portula_2042.jpeg,https://inaturalist-open-data.s3.amazonaws.com/photos/111414756/medium.jpeg,cc-by-nc,68757619,research,55.5962333857,38.2191573357
lythrum_portula_2043.jpeg,https://inaturalist-open-data.s3.amazonaws.com/photos/110738595/medium.jpeg,cc-by,68396702,research,-43.5538024722,172.5757293611
lythrum_portula_2044.jpeg,https://inaturalist-open-data.s3.amazonaws.com/photos/110738603/medium.jpeg,cc-by,68396702,research,-43.5538024722,172.5757293611
lythrum_portula_2045.jpeg,https://inaturalist-open-data.s3.amazonaws.com/photos/110738607/medium.jpeg,cc-by,68396702,research,-43.5538024722,172.5757293611
lythrum_portula_2046.jpeg,https://inaturalist-open-data.s3.amazonaws.com/photos/110738615/medium.jpeg,cc-by,68396702,research,-43.5538024722,172.5757293611
lythrum_portula_2047.jpeg,https://inaturalist-open-data.s3.amazonaws.com/photos/110738620/medium.jpeg,cc-by,68396702,research,-43.5538024722,172.5757293611
lythrum_portula_2048.jpeg,https://inaturalist-open-data.s3.amazonaws.com/photos/110317966/medium.jpeg,cc-by-nc,68173360,research,55.6382122693,38.304982506
lythrum_portula_2049.jpeg,https://inaturalist-open-data.s3.amazonaws.com/photos/110317978/medium.jpeg,cc-by-nc,68173360,research,55.6382122693,38.304982506
lythrum_portula_2050.jpeg,https://inaturalist-open-data.s3.amazonaws.com/photos/109526427/medium.jpeg,cc-by-nc,67741260,research,57.7258393342,42.2742549605
lythrum_portula_2051.jpeg,https://inaturalist-open-data.s3.amazonaws.com/photos/109518970/medium.jpeg,cc-by-nc,67737201,research,57.7654635264,42.2912584103
lythrum_portula_2052.jpeg,https://inaturalist-open-data.s3.amazonaws.com/photos/109494644/medium.jpeg,cc-by-nc,67724189,research,57.7675096476,42.2866799602
lythrum_portula_2053.jpeg,https://inaturalist-open-data.s3.amazonaws.com/photos/109378457/medium.jpeg,cc-by-nc,67663797,research,58.1860464008,42.9734223944
lythrum_portula_2054.jpeg,https://inaturalist-open-data.s3.amazonaws.com/photos/108423306/medium.jpeg,cc-by-nc,67151682,research,58.3146188967,42.6305445037
lythrum_portula_2055.jpeg,https://inaturalist-open-data.s3.amazonaws.com/photos/258274056/medium.jpeg,cc-by-nc,67043264,research,59.0528168729,44.0317618583
lythrum_portula_2056.jpeg,https://inaturalist-open-data.s3.amazonaws.com/photos/107779174/medium.jpeg,cc-by-nc,66806762,research,-43.81978,169.0684366667
lythrum_portula_2057.jpeg,https://inaturalist-open-data.s3.amazonaws.com/photos/107779176/medium.jpeg,cc-by-nc,66806762,research,-43.81978,169.0684366667
lythrum_portula_2058.jpeg,https://inaturalist-open-data.s3.amazonaws.com/photos/107375361/medium.jpeg,cc-by-nc,66588238,research,55.6470507611,38.1708367789
lythrum_portula_2059.jpeg,https://inaturalist-open-data.s3.amazonaws.com/photos/107375354/medium.jpeg,cc-by-nc,66588238,research,55.6470507611,38.1708367789
lythrum_portula_2060.jpeg,https://inaturalist-open-data.s3.amazonaws.com/photos/107375348/medium.jpeg,cc-by-nc,66588238,research,55.6470507611,38.1708367789
lythrum_portula_2061.jpeg,https://inaturalist-open-data.s3.amazonaws.com/photos/107274956/medium.jpeg,cc-by-nc,66533786,research,55.6319635092,38.1630568983
lythrum_portula_2062.jpeg,https://inaturalist-open-data.s3.amazonaws.com/photos/107274966/medium.jpeg,cc-by-nc,66533786,research,55.6319635092,38.1630568983
lythrum_portula_2063.jpeg,https://inaturalist-open-data.s3.amazonaws.com/photos/107274971/medium.jpeg,cc-by-nc,66533786,research,55.6319635092,38.1630568983
lythrum_portula_2064.jpeg,https://inaturalist-open-data.s3.amazonaws.com/photos/107274977/medium.jpeg,cc-by-nc,66533786,research,55.6319635092,38.1630568983
lythrum_portula_2065.jpeg,https://inaturalist-open-data.s3.amazonaws.com/photos/107274985/medium.jpeg,cc-by-nc,66533786,research,55.6319635092,38.1630568983
lythrum_portula_2066.jpg,https://inaturalist-open-data.s3.amazonaws.com/photos/107053925/medium.jpg,cc-by-nc,66410799,research,55.9862995556,38.0233948333
lythrum_portula_2067.jpg,https://inaturalist-open-data.s3.amazonaws.com/photos/105239617/medium.jpg,cc-by-nc,65390243,research,58.384326,40.45058
lythrum_portula_2068.jpg,https://inaturalist-open-data.s3.amazonaws.com/photos/105239722/medium.jpg,cc-by-nc,65390243,research,58.384326,40.45058
lythrum_portula_2069.jpg,https://inaturalist-open-data.s3.amazonaws.com/photos/105239724/medium.jpg,cc-by-nc,65390243,research,58.384326,40.45058
lythrum_portula_2070.jpg,https://inaturalist-open-data.s3.amazonaws.com/photos/105239725/medium.jpg,cc-by-nc,65390243,research,58.384326,40.45058
lythrum_portula_2071.jpg,https://inaturalist-open-data.s3.amazonaws.com/photos/105239727/medium.jpg,cc-by-nc,65390243,research,58.384326,40.45058
lythrum_portula_2072.jpg,https://inaturalist-open-data.s3.amazonaws.com/photos/105239728/medium.jpg,cc-by-nc,65390243,research,58.384326,40.45058
lythrum_portula_2073.jpg,https://inaturalist-open-data.s3.amazonaws.com/photos/105239734/medium.jpg,cc-by-nc,65390243,research,58.384326,40.45058
lythrum_portula_2074.jpeg,https://inaturalist-open-data.s3.amazonaws.com/photos/105148887/medium.jpeg,cc-by-nc,65339783,research,53.0442589722,6.435251
lythrum_portula_2075.jpeg,https://inaturalist-open-data.s3.amazonaws.com/photos/105149015/medium.jpeg,cc-by-nc,65339783,research,53.0442589722,6.435251
lythrum_portula_2076.jpeg,https://inaturalist-open-data.s3.amazonaws.com/photos/104004475/medium.jpeg,cc-by-nc,64671114,research,58.3848219915,40.4496263914
lythrum_portula_2077.jpeg,https://inaturalist-open-data.s3.amazonaws.com/photos/104004557/medium.jpeg,cc-by-nc,64671114,research,58.3848219915,40.4496263914
lythrum_portula_2078.jpeg,https://inaturalist-open-data.s3.amazonaws.com/photos/104004558/medium.jpeg,cc-by-nc,64671114,research,58.3848219915,40.4496263914
lythrum_portula_2079.jpeg,https://inaturalist-open-data.s3.amazonaws.com/photos/104004559/medium.jpeg,cc-by-nc,64671114,research,58.3848219915,40.4496263914
lythrum_portula_2080.jpeg,https://inaturalist-open-data.s3.amazonaws.com/photos/104004560/medium.jpeg,cc-by-nc,64671114,research,58.3848219915,40.4496263914
lythrum_portula_2081.jpeg,https://inaturalist-open-data.s3.amazonaws.com/photos/104004561/medium.jpeg,cc-by-nc,64671114,research,58.3848219915,40.4496263914
lythrum_portula_2082.jpeg,https://inaturalist-open-data.s3.amazonaws.com/photos/104004564/medium.jpeg,cc-by-nc,64671114,research,58.3848219915,40.4496263914
lythrum_portula_2083.jpeg,https://inaturalist-open-data.s3.amazonaws.com/photos/104004570/medium.jpeg,cc-by-nc,64671114,research,58.3848219915,40.4496263914
lythrum_portula_2084.jpeg,https://inaturalist-open-data.s3.amazonaws.com/photos/104004571/medium.jpeg,cc-by-nc,64671114,research,58.3848219915,40.4496263914
lythrum_portula_2085.jpeg,https://inaturalist-open-data.s3.amazonaws.com/photos/104004575/medium.jpeg,cc-by-nc,64671114,research,58.3848219915,40.4496263914
lythrum_portula_2086.jpeg,https://inaturalist-open-data.s3.amazonaws.com/photos/104004577/medium.jpeg,cc-by-nc,64671114,research,58.3848219915,40.4496263914
lythrum_portula_2087.jpg,https://inaturalist-open-data.s3.amazonaws.com/photos/103443653/medium.jpg,cc-by-nc,64355790,research,55.1063899167,32.7671909167
lythrum_portula_2088.jpg,https://inaturalist-open-data.s3.amazonaws.com/photos/103443649/medium.jpg,cc-by-nc,64355790,research,55.1063899167,32.7671909167
lythrum_portula_2089.jpg,https://inaturalist-open-data.s3.amazonaws.com/photos/102773528/medium.jpg,cc-by,63978157,research,52.9369,6.280525
lythrum_portula_2090.jpg,https://inaturalist-open-data.s3.amazonaws.com/photos/102767510/medium.jpg,cc-by,63974897,research,52.93653,6.28421167
lythrum_portula_2091.jpeg,https://inaturalist-open-data.s3.amazonaws.com/photos/102616758/medium.jpeg,cc-by-nc,63889775,research,55.6841410429,36.7330700625
lythrum_portula_2092.jpeg,https://inaturalist-open-data.s3.amazonaws.com/photos/102616772/medium.jpeg,cc-by-nc,63889775,research,55.6841410429,36.7330700625
lythrum_portula_2093.jpeg,https://inaturalist-open-data.s3.amazonaws.com/photos/102616786/medium.jpeg,cc-by-nc,63889775,research,55.6841410429,36.7330700625
lythrum_portula_2094.jpeg,https://inaturalist-open-data.s3.amazonaws.com/photos/102616797/medium.jpeg,cc-by-nc,63889775,research,55.6841410429,36.7330700625
lythrum_portula_2095.jpeg,https://inaturalist-open-data.s3.amazonaws.com/photos/102616869/medium.jpeg,cc-by-nc,63889775,research,55.6841410429,36.7330700625
lythrum_portula_2096.jpeg,https://inaturalist-open-data.s3.amazonaws.com/photos/102616881/medium.jpeg,cc-by-nc,63889775,research,55.6841410429,36.7330700625
lythrum_portula_2097.jpeg,https://inaturalist-open-data.s3.amazonaws.com/photos/102616892/medium.jpeg,cc-by-nc,63889775,research,55.6841410429,36.7330700625
lythrum_portula_2098.jpeg,https://inaturalist-open-data.s3.amazonaws.com/photos/102616903/medium.jpeg,cc-by-nc,63889775,research,55.6841410429,36.7330700625
lythrum_portula_2099.jpeg,https://inaturalist-open-data.s3.amazonaws.com/photos/102616914/medium.jpeg,cc-by-nc,63889775,research,55.6841410429,36.7330700625
lythrum_portula_2100.jpeg,https://inaturalist-open-data.s3.amazonaws.com/photos/101846918/medium.jpeg,cc-by-nc,63460054,research,54.9018728006,23.4837440915
lythrum_portula_2101.jpeg,https://inaturalist-open-data.s3.amazonaws.com/photos/100146649/medium.jpeg,cc-by-nc,62499031,research,55.87004,37.8999
lythrum_portula_2102.jpeg,https://inaturalist-open-data.s3.amazonaws.com/photos/100146670/medium.jpeg,cc-by-nc,62499031,research,55.87004,37.8999
lythrum_portula_2103.jpeg,https://inaturalist-open-data.s3.amazonaws.com/photos/99816614/medium.jpeg,cc-by-nc,62309136,needs_id,52.2754874716,10.5833033402
lythrum_portula_2104.jpeg,https://inaturalist-open-data.s3.amazonaws.com/photos/99764445/medium.jpeg,cc-by-nc,62277858,research,48.9645924,14.5846366
lythrum_portula_2105.jpeg,https://inaturalist-open-data.s3.amazonaws.com/photos/99764470/medium.jpeg,cc-by-nc,62277858,research,48.9645924,14.5846366
lythrum_portula_2106.jpeg,https://inaturalist-open-data.s3.amazonaws.com/photos/99765828/medium.jpeg,cc-by-nc,62277858,research,48.9645924,14.5846366
lythrum_portula_2107.jpg,https://inaturalist-open-data.s3.amazonaws.com/photos/98881506/medium.jpg,cc-by-nc,61769318,research,55.79833343,12.548008561
lythrum_portula_2108.jpeg,https://inaturalist-open-data.s3.amazonaws.com/photos/98776889/medium.jpeg,cc-by-nc,61712367,research,53.710315,34.3816483333
lythrum_portula_2109.jpg,https://inaturalist-open-data.s3.amazonaws.com/photos/98538129/medium.jpg,cc-by-nc,61570685,research,56.505392,33.077267
lythrum_portula_2110.jpg,https://inaturalist-open-data.s3.amazonaws.com/photos/98118093/medium.jpg,cc-by-nc,61330507,research,54.8617424349,20.3961689361
lythrum_portula_2111.jpg,https://inaturalist-open-data.s3.amazonaws.com/photos/98118065/medium.jpg,cc-by-nc,61330507,research,54.8617424349,20.3961689361
lythrum_portula_2112.jpg,https://inaturalist-open-data.s3.amazonaws.com/photos/98118117/medium.jpg,cc-by-nc,61330507,research,54.8617424349,20.3961689361
lythrum_portula_2113.jpg,https://inaturalist-open-data.s3.amazonaws.com/photos/98118166/medium.jpg,cc-by-nc,61330507,research,54.8617424349,20.3961689361
lythrum_portula_2114.jpg,https://inaturalist-open-data.s3.amazonaws.com/photos/97923365/medium.jpg,cc-by-nc,61221455,research,55.2337206389,37.0383298611
lythrum_portula_2115.jpg,https://inaturalist-open-data.s3.amazonaws.com/photos/97923329/medium.jpg,cc-by-nc,61221455,research,55.2337206389,37.0383298611
lythrum_portula_2116.jpg,https://inaturalist-open-data.s3.amazonaws.com/photos/97785404/medium.jpg,cc-by-nc,61127496,research,55.3989459444,37.2516294444
lythrum_portula_2117.jpg,https://inaturalist-open-data.s3.amazonaws.com/photos/97785458/medium.jpg,cc-by-nc,61127496,research,55.3989459444,37.2516294444
lythrum_portula_2118.jpg,https://inaturalist-open-data.s3.amazonaws.com/photos/97785522/medium.jpg,cc-by-nc,61127496,research,55.3989459444,37.2516294444
lythrum_portula_2119.jpg,https://inaturalist-open-data.s3.amazonaws.com/photos/96585419/medium.jpg,cc0,60403506,needs_id,50.961444,-1.780337
lythrum_portula_2120.jpg,https://inaturalist-open-data.s3.amazonaws.com/photos/96585423/medium.jpg,cc0,60403506,needs_id,50.961444,-1.780337
lythrum_portula_2121.jpg,https://inaturalist-open-data.s3.amazonaws.com/photos/96381875/medium.jpg,cc-by-nc,60285827,research,55.4675634444,37.2399110278
lythrum_portula_2122.jpg,https://inaturalist-open-data.s3.amazonaws.com/photos/96381922/medium.jpg,cc-by-nc,60285827,research,55.4675634444,37.2399110278
lythrum_portula_2123.jpeg,https://inaturalist-open-data.s3.amazonaws.com/photos/96237556/medium.jpeg,cc-by-nc,60200024,research,53.3610790326,34.0145775644
lythrum_portula_2124.jpeg,https://inaturalist-open-data.s3.amazonaws.com/photos/96237580/medium.jpeg,cc-by-nc,60200024,research,53.3610790326,34.0145775644
lythrum_portula_2125.jpeg,https://inaturalist-open-data.s3.amazonaws.com/photos/95513126/medium.jpeg,cc-by-nc,59762297,research,54.2269990119,37.8545183615
lythrum_portula_2126.jpg,https://inaturalist-open-data.s3.amazonaws.com/photos/95389864/medium.jpg,cc-by-nc,59692155,research,56.0407350538,37.5074633757
lythrum_portula_2127.jpg,https://inaturalist-open-data.s3.amazonaws.com/photos/95389792/medium.jpg,cc-by-nc,59692141,research,56.0400624421,37.5080557759
lythrum_portula_2128.jpg,https://inaturalist-open-data.s3.amazonaws.com/photos/95389606/medium.jpg,cc-by-nc,59692118,research,56.0327841489,37.5098925982
lythrum_portula_2129.jpg,https://inaturalist-open-data.s3.amazonaws.com/photos/95389617/medium.jpg,cc-by-nc,59692118,research,56.0327841489,37.5098925982
lythrum_portula_2130.jpg,https://inaturalist-open-data.s3.amazonaws.com/photos/95389628/medium.jpg,cc-by-nc,59692118,research,56.0327841489,37.5098925982
lythrum_portula_2131.jpeg,https://inaturalist-open-data.s3.amazonaws.com/photos/95358274/medium.jpeg,cc-by-nc,59669769,research,43.982298321,11.3000257937
lythrum_portula_2132.jpeg,https://inaturalist-open-data.s3.amazonaws.com/photos/95358365/medium.jpeg,cc-by-nc,59669769,research,43.982298321,11.3000257937
lythrum_portula_2133.jpeg,https://inaturalist-open-data.s3.amazonaws.com/photos/95357698/medium.jpeg,cc-by-nc,59669377,research,44.1198682797,10.8040485047
lythrum_portula_2134.jpeg,https://inaturalist-open-data.s3.amazonaws.com/photos/95357801/medium.jpeg,cc-by-nc,59669377,research,44.1198682797,10.8040485047
lythrum_portula_2135.jpg,https://inaturalist-open-data.s3.amazonaws.com/photos/95226602/medium.jpg,cc-by-nc,59592492,research,49.115597791,9.2737075414
lythrum_portula_2136.jpg,https://inaturalist-open-data.s3.amazonaws.com/photos/95226620/medium.jpg,cc-by-nc,59592492,research,49.115597791,9.2737075414
lythrum_portula_2137.jpg,https://inaturalist-open-data.s3.amazonaws.com/photos/95042393/medium.jpg,cc-by-nc,59485057,research,56.4560654444,48.1006941944
lythrum_portula_2138.jpg,https://inaturalist-open-data.s3.amazonaws.com/photos/95042409/medium.jpg,cc-by-nc,59485057,research,56.4560654444,48.1006941944
lythrum_portula_2139.jpg,https://inaturalist-open-data.s3.amazonaws.com/photos/95042441/medium.jpg,cc-by-nc,59485057,research,56.4560654444,48.1006941944
lythrum_portula_2140.jpg,https://inaturalist-open-data.s3.amazonaws.com/photos/95042470/medium.jpg,cc-by-nc,59485057,research,56.4560654444,48.1006941944
lythrum_portula_2141.jpg,https://inaturalist-open-data.s3.amazonaws.com/photos/95042544/medium.jpg,cc-by-nc,59485057,research,56.4560654444,48.1006941944
lythrum_portula_2142.jpg,https://inaturalist-open-data.s3.amazonaws.com/photos/95042508/medium.jpg,cc-by-nc,59485057,research,56.4560654444,48.1006941944
lythrum_portula_2143.jpg,https://inaturalist-open-data.s3.amazonaws.com/photos/95030897/medium.jpg,cc0,59473710,research,50.864166,-1.482331
lythrum_portula_2144.jpeg,https://inaturalist-open-data.s3.amazonaws.com/photos/94985952/medium.jpeg,cc-by,59446138,research,54.331336975,37.3729171753
lythrum_portula_2145.jpeg,https://inaturalist-open-data.s3.amazonaws.com/photos/94985985/medium.jpeg,cc-by,59446138,research,54.331336975,37.3729171753
lythrum_portula_2146.jpeg,https://inaturalist-open-data.s3.amazonaws.com/photos/94986026/medium.jpeg,cc-by,59446138,research,54.331336975,37.3729171753
lythrum_portula_2147.jpeg,https://inaturalist-open-data.s3.amazonaws.com/photos/94986066/medium.jpeg,cc-by,59446138,research,54.331336975,37.3729171753
lythrum_portula_2148.jpeg,https://inaturalist-open-data.s3.amazonaws.com/photos/94986099/medium.jpeg,cc-by,59446138,research,54.331336975,37.3729171753
lythrum_portula_2149.jpeg,https://inaturalist-open-data.s3.amazonaws.com/photos/94986132/medium.jpeg,cc-by,59446138,research,54.331336975,37.3729171753
lythrum_portula_2150.jpeg,https://inaturalist-open-data.s3.amazonaws.com/photos/94423253/medium.jpeg,cc-by-nc,59109993,research,50.852507807,-1.5199523249
lythrum_portula_2151.jpg,https://inaturalist-open-data.s3.amazonaws.com/photos/94194455/medium.jpg,cc-by-nc,58981812,needs_id,47.7916489795,-1.630567917
lythrum_portula_2152.jpg,https://inaturalist-open-data.s3.amazonaws.com/photos/94159333/medium.jpg,cc-by-nc,58956633,research,56.0329598546,37.5094171373
lythrum_portula_2153.jpg,https://inaturalist-open-data.s3.amazonaws.com/photos/94159322/medium.jpg,cc-by-nc,58956633,research,56.0329598546,37.5094171373
lythrum_portula_2154.jpg,https://inaturalist-open-data.s3.amazonaws.com/photos/94159317/medium.jpg,cc-by-nc,58956633,research,56.0329598546,37.5094171373
lythrum_portula_2155.jpg,https://inaturalist-open-data.s3.amazonaws.com/photos/94159341/medium.jpg,cc-by-nc,58956633,research,56.0329598546,37.5094171373
lythrum_portula_2156.jpg,https://inaturalist-open-data.s3.amazonaws.com/photos/94159311/medium.jpg,cc-by-nc,58956633,research,56.0329598546,37.5094171373
lythrum_portula_2157.jpeg,https://inaturalist-open-data.s3.amazonaws.com/photos/94120743/medium.jpeg,cc-by-nc,58931660,research,53.1921323061,8.2358951618
lythrum_portula_2158.jpeg,https://inaturalist-open-data.s3.amazonaws.com/photos/94120782/medium.jpeg,cc-by-nc,58931660,research,53.1921323061,8.2358951618
lythrum_portula_2159.jpeg,https://inaturalist-open-data.s3.amazonaws.com/photos/93754432/medium.jpeg,cc-by-nc,58710898,research,55.8887539722,37.9761009722
lythrum_portula_2160.jpeg,https://inaturalist-open-data.s3.amazonaws.com/photos/93754456/medium.jpeg,cc-by-nc,58710898,research,55.8887539722,37.9761009722
lythrum_portula_2161.jpeg,https://inaturalist-open-data.s3.amazonaws.com/photos/93754464/medium.jpeg,cc-by-nc,58710898,research,55.8887539722,37.9761009722
lythrum_portula_2162.jpeg,https://inaturalist-open-data.s3.amazonaws.com/photos/93754481/medium.jpeg,cc-by-nc,58710898,research,55.8887539722,37.9761009722
lythrum_portula_2163.jpeg,https://inaturalist-open-data.s3.amazonaws.com/photos/93754497/medium.jpeg,cc-by-nc,58710898,research,55.8887539722,37.9761009722
lythrum_portula_2164.jpg,https://inaturalist-open-data.s3.amazonaws.com/photos/94015164/medium.jpg,cc-by-nc,58710898,research,55.8887539722,37.9761009722
lythrum_portula_2165.jpg,https://inaturalist-open-data.s3.amazonaws.com/photos/93726598/medium.jpg,cc0,58694088,needs_id,50.934636,-1.582056
lythrum_portula_2166.jpg,https://inaturalist-open-data.s3.amazonaws.com/photos/93726594/medium.jpg,cc0,58694083,research,50.934622,-1.582098
lythrum_portula_2167.jpg,https://inaturalist-open-data.s3.amazonaws.com/photos/93723546/medium.jpg,cc0,58691800,research,50.933183,-1.584923
lythrum_portula_2168.jpeg,https://inaturalist-open-data.s3.amazonaws.com/photos/93604107/medium.jpeg,cc-by-nc,58623446,research,53.3586865851,34.0497780215
lythrum_portula_2169.jpeg,https://inaturalist-open-data.s3.amazonaws.com/photos/93579036/medium.jpeg,cc-by-nc,58605558,research,54.7889709472,24.7843551633
lythrum_portula_2170.jpeg,https://inaturalist-open-data.s3.amazonaws.com/photos/93579098/medium.jpeg,cc-by-nc,58605558,research,54.7889709472,24.7843551633
lythrum_portula_2171.jpeg,https://inaturalist-open-data.s3.amazonaws.com/photos/93579134/medium.jpeg,cc-by-nc,58605558,research,54.7889709472,24.7843551633
lythrum_portula_2172.jpeg,https://inaturalist-open-data.s3.amazonaws.com/photos/93579199/medium.jpeg,cc-by-nc,58605558,research,54.7889709472,24.7843551633
lythrum_portula_2173.jpeg,https://inaturalist-open-data.s3.amazonaws.com/photos/93440264/medium.jpeg,cc-by-nc,58523991,research,53.3547177967,34.0970390492
lythrum_portula_2174.jpeg,https://inaturalist-open-data.s3.amazonaws.com/photos/93440246/medium.jpeg,cc-by-nc,58523991,research,53.3547177967,34.0970390492
lythrum_portula_2175.jpeg,https://inaturalist-open-data.s3.amazonaws.com/photos/93440227/medium.jpeg,cc-by-nc,58523991,research,53.3547177967,34.0970390492
lythrum_portula_2176.jpg,https://inaturalist-open-data.s3.amazonaws.com/photos/93301398/medium.jpg,cc-by-nc,58440338,research,53.2044715833,34.4819068889
lythrum_portula_2177.jpg,https://inaturalist-open-data.s3.amazonaws.com/photos/93301410/medium.jpg,cc-by-nc,58440338,research,53.2044715833,34.4819068889
lythrum_portula_2178.jpeg,https://inaturalist-open-data.s3.amazonaws.com/photos/93298574/medium.jpeg,cc-by,58437993,research,55.995777474,37.4944854533
lythrum_portula_2179.jpeg,https://inaturalist-open-data.s3.amazonaws.com/photos/93298589/medium.jpeg,cc-by,58437993,research,55.995777474,37.4944854533
lythrum_portula_2180.jpeg,https://inaturalist-open-data.s3.amazonaws.com/photos/93298601/medium.jpeg,cc-by,58437993,research,55.995777474,37.4944854533
lythrum_portula_2181.jpeg,https://inaturalist-open-data.s3.amazonaws.com/photos/93298620/medium.jpeg,cc-by,58437993,research,55.995777474,37.4944854533
lythrum_portula_2182.jpg,https://inaturalist-open-data.s3.amazonaws.com/photos/93081617/medium.jpg,cc-by-nc,58389126,research,55.2788633333,37.2871346111
lythrum_portula_2183.jpg,https://inaturalist-open-data.s3.amazonaws.com/photos/93081582/medium.jpg,cc-by-nc,58389126,research,55.2788633333,37.2871346111
lythrum_portula_2184.jpg,https://inaturalist-open-data.s3.amazonaws.com/photos/92684340/medium.jpg,cc-by-nc,58077611,research,55.0175249722,37.80167
lythrum_portula_2185.jpg,https://inaturalist-open-data.s3.amazonaws.com/photos/92684370/medium.jpg,cc-by-nc,58077611,research,55.0175249722,37.80167
lythrum_portula_2186.jpg,https://inaturalist-open-data.s3.amazonaws.com/photos/92684397/medium.jpg,cc-by-nc,58077611,research,55.0175249722,37.80167
lythrum_portula_2187.jpeg,https://inaturalist-open-data.s3.amazonaws.com/photos/92589397/medium.jpeg,cc-by-nc,58015501,research,57.8423368405,41.3925602849
lythrum_portula_2188.jpeg,https://inaturalist-open-data.s3.amazonaws.com/photos/92589616/medium.jpeg,cc-by-nc,58015501,research,57.8423368405,41.3925602849
lythrum_portula_2189.jpeg,https://inaturalist-open-data.s3.amazonaws.com/photos/92585869/medium.jpeg,cc-by-nc,58013445,needs_id,51.1097221375,3.2911109924
lythrum_portula_2190.jpg,https://inaturalist-open-data.s3.amazonaws.com/photos/91784918/medium.jpg,cc-by-nc,57536825,research,60.0944574981,30.2944205214
lythrum_portula_2191.jpeg,https://inaturalist-open-data.s3.amazonaws.com/photos/91337788/medium.jpeg,cc-by-nc,57272303,research,54.366098,37.335253
lythrum_portula_2192.jpeg,https://inaturalist-open-data.s3.amazonaws.com/photos/91337849/medium.jpeg,cc-by-nc,57272303,research,54.366098,37.335253
lythrum_portula_2193.jpg,https://inaturalist-open-data.s3.amazonaws.com/photos/91127897/medium.jpg,cc-by-nc,57150547,research,55.9038777778,37.925
lythrum_portula_2194.jpg,https://inaturalist-open-data.s3.amazonaws.com/photos/91112812/medium.jpg,cc-by-nc,57136935,research,55.8036472222,37.90005
lythrum_portula_2195.jpeg,https://inaturalist-open-data.s3.amazonaws.com/photos/90940465/medium.jpeg,cc-by,57034245,research,52.4083583333,34.0365194444
lythrum_portula_2196.jpeg,https://inaturalist-open-data.s3.amazonaws.com/photos/90940493/medium.jpeg,cc-by,57034245,research,52.4083583333,34.0365194444
lythrum_portula_2197.jpeg,https://inaturalist-open-data.s3.amazonaws.com/photos/90898524/medium.jpeg,cc-by-nc,57009351,research,54.905638,37.6832787702
lythrum_portula_2198.jpeg,https://inaturalist-open-data.s3.amazonaws.com/photos/90898535/medium.jpeg,cc-by-nc,57009351,research,54.905638,37.6832787702
lythrum_portula_2199.jpeg,https://inaturalist-open-data.s3.amazonaws.com/photos/90898567/medium.jpeg,cc-by-nc,57009351,research,54.905638,37.6832787702
lythrum_portula_2200.jpeg,https://inaturalist-open-data.s3.amazonaws.com/photos/90608019/medium.jpeg,cc-by-nc,56838849,research,57.8570381958,41.4239044964
lythrum_portula_2201.jpeg,https://inaturalist-open-data.s3.amazonaws.com/photos/89930633/medium.jpeg,cc-by-nc,56433163,research,54.2263481416,37.8557625818
lythrum_portula_2202.jpeg,https://inaturalist-open-data.s3.amazonaws.com/photos/89930712/medium.jpeg,cc-by-nc,56433163,research,54.2263481416,37.8557625818
lythrum_portula_2203.jpeg,https://inaturalist-open-data.s3.amazonaws.com/photos/89930769/medium.jpeg,cc-by-nc,56433163,research,54.2263481416,37.8557625818
lythrum_portula_2204.jpeg,https://inaturalist-open-data.s3.amazonaws.com/photos/89637833/medium.jpeg,cc-by-nc,56256666,research,59.9167553997,43.7127910997
lythrum_portula_2205.jpg,https://inaturalist-open-data.s3.amazonaws.com/photos/89536237/medium.jpg,cc-by-nc,56214714,research,55.5311905833,37.2992371389
lythrum_portula_2206.jpg,https://inaturalist-open-data.s3.amazonaws.com/photos/89536265/medium.jpg,cc-by-nc,56214714,research,55.5311905833,37.2992371389
lythrum_portula_2207.jpg,https://inaturalist-open-data.s3.amazonaws.com/photos/89536293/medium.jpg,cc-by-nc,56214714,research,55.5311905833,37.2992371389
lythrum_portula_2208.jpg,https://inaturalist-open-data.s3.amazonaws.com/photos/89534295/medium.jpg,cc-by-nc,56214693,research,55.5335617222,37.298792
lythrum_portula_2209.jpg,https://inaturalist-open-data.s3.amazonaws.com/photos/89534314/medium.jpg,cc-by-nc,56214693,research,55.5335617222,37.298792
lythrum_portula_2210.jpeg,https://inaturalist-open-data.s3.amazonaws.com/photos/89542079/medium.jpeg,cc-by-nc,56198782,research,57.8672616315,41.4238405133
lythrum_portula_2211.jpeg,https://inaturalist-open-data.s3.amazonaws.com/photos/89542271/medium.jpeg,cc-by-nc,56198782,research,57.8672616315,41.4238405133
lythrum_portula_2212.jpeg,https://inaturalist-open-data.s3.amazonaws.com/photos/88847390/medium.jpeg,cc-by-nc,55782110,research,52.5635218953,25.8715666892
lythrum_portula_2213.jpg,https://inaturalist-open-data.s3.amazonaws.com/photos/88847869/medium.jpg,cc-by-nc,55774471,research,53.33645,-2.40128
lythrum_portula_2214.jpg,https://inaturalist-open-data.s3.amazonaws.com/photos/88163855/medium.jpg,cc-by-nc,55371423,research,55.3022501389,37.1742227778
lythrum_portula_2215.jpg,https://inaturalist-open-data.s3.amazonaws.com/photos/88163844/medium.jpg,cc-by-nc,55371423,research,55.3022501389,37.1742227778
lythrum_portula_2216.jpg,https://inaturalist-open-data.s3.amazonaws.com/photos/88141568/medium.jpg,cc-by-nc,55359080,research,55.3484764167,37.2496603611
lythrum_portula_2217.jpg,https://inaturalist-open-data.s3.amazonaws.com/photos/88141588/medium.jpg,cc-by-nc,55359080,research,55.3484764167,37.2496603611
lythrum_portula_2218.jpeg,https://inaturalist-open-data.s3.amazonaws.com/photos/87605615/medium.jpeg,cc0,55034200,research,51.07688821,3.34313655
lythrum_portula_2219.jpeg,https://inaturalist-open-data.s3.amazonaws.com/photos/87233675/medium.jpeg,cc-by-nc,54809999,research,57.944005066,41.3883062988
lythrum_portula_2220.jpeg,https://inaturalist-open-data.s3.amazonaws.com/photos/87233856/medium.jpeg,cc-by-nc,54809999,research,57.944005066,41.3883062988
lythrum_portula_2221.jpeg,https://inaturalist-open-data.s3.amazonaws.com/photos/86502462/medium.jpeg,cc-by-nc,54364669,research,57.810224335,41.4199939576
lythrum_portula_2222.jpg,https://inaturalist-open-data.s3.amazonaws.com/photos/86357977/medium.jpg,cc-by-nc,54277339,research,55.56892,39.0595445
lythrum_portula_2223.jpeg,https://inaturalist-open-data.s3.amazonaws.com/photos/86194908/medium.jpeg,cc-by-nc,54179170,research,55.9620460213,48.6623920917
lythrum_portula_2224.jpg,https://inaturalist-open-data.s3.amazonaws.com/photos/86124787/medium.jpg,cc-by-nc,54136609,research,55.9360555706,39.5778200559
lythrum_portula_2225.jpg,https://inaturalist-open-data.s3.amazonaws.com/photos/86124766/medium.jpg,cc-by-nc,54136609,research,55.9360555706,39.5778200559
lythrum_portula_2226.jpg,https://inaturalist-open-data.s3.amazonaws.com/photos/86124803/medium.jpg,cc-by-nc,54136609,research,55.9360555706,39.5778200559
lythrum_portula_2227.jpeg,https://inaturalist-open-data.s3.amazonaws.com/photos/86058433/medium.jpeg,cc-by-nc,54096037,research,52.2372739277,10.515082106
lythrum_portula_2228.jpeg,https://inaturalist-open-data.s3.amazonaws.com/photos/86054836/medium.jpeg,cc-by-nc,54094095,research,58.1861638816,42.971119964
lythrum_portula_2229.jpeg,https://inaturalist-open-data.s3.amazonaws.com/photos/86032719/medium.jpeg,cc-by-nc,54080674,research,47.7493167254,8.1800353419
lythrum_portula_2230.jpeg,https://inaturalist-open-data.s3.amazonaws.com/photos/86032732/medium.jpeg,cc-by-nc,54080674,research,47.7493167254,8.1800353419
lythrum_portula_2231.jpeg,https://inaturalist-open-data.s3.amazonaws.com/photos/85996515/medium.jpeg,cc-by,54058162,research,52.759,-2.9763138889
lythrum_portula_2232.jpeg,https://inaturalist-open-data.s3.amazonaws.com/photos/85626692/medium.jpeg,cc-by-nc,53827938,research,53.44988099,24.5664688
lythrum_portula_2233.jpeg,https://inaturalist-open-data.s3.amazonaws.com/photos/84510936/medium.jpeg,cc-by,53143496,research,49.13335716,14.22823945
lythrum_portula_2234.jpeg,https://inaturalist-open-data.s3.amazonaws.com/photos/84510965/medium.jpeg,cc-by,53143496,research,49.13335716,14.22823945
lythrum_portula_2235.jpeg,https://inaturalist-open-data.s3.amazonaws.com/photos/84506426/medium.jpeg,cc-by,53140472,research,49.160648,14.14361783
lythrum_portula_2236.jpeg,https://inaturalist-open-data.s3.amazonaws.com/photos/84506441/medium.jpeg,cc-by,53140472,research,49.160648,14.14361783
lythrum_portula_2237.jpg,https://inaturalist-open-data.s3.amazonaws.com/photos/84333101/medium.jpg,cc-by-nc,53032781,research,56.6912383889,37.0613174167
lythrum_portula_2238.jpg,https://inaturalist-open-data.s3.amazonaws.com/photos/84333092/medium.jpg,cc-by-nc,53032781,research,56.6912383889,37.0613174167
lythrum_portula_2239.jpg,https://inaturalist-open-data.s3.amazonaws.com/photos/84328498/medium.jpg,cc-by-nc,53029835,research,56.7025833056,37.0678787222
lythrum_portula_2240.jpg,https://inaturalist-open-data.s3.amazonaws.com/photos/84328493/medium.jpg,cc-by-nc,53029835,research,56.7025833056,37.0678787222
lythrum_portula_2241.jpg,https://inaturalist-open-data.s3.amazonaws.com/photos/84328502/medium.jpg,cc-by-nc,53029835,research,56.7025833056,37.0678787222
lythrum_portula_2242.jpeg,https://inaturalist-open-data.s3.amazonaws.com/photos/84197323/medium.jpeg,cc-by-nc,52948965,research,43.440829099,-7.9885651459
lythrum_portula_2243.jpeg,https://inaturalist-open-data.s3.amazonaws.com/photos/84196947/medium.jpeg,cc-by-nc,52948965,research,43.440829099,-7.9885651459
lythrum_portula_2244.jpeg,https://inaturalist-open-data.s3.amazonaws.com/photos/84197011/medium.jpeg,cc-by-nc,52948965,research,43.440829099,-7.9885651459
lythrum_portula_2245.jpeg,https://inaturalist-open-data.s3.amazonaws.com/photos/84137853/medium.jpeg,cc-by-nc,52912625,research,58.9141809722,30.6118789722
lythrum_portula_2246.jpeg,https://inaturalist-open-data.s3.amazonaws.com/photos/84137888/medium.jpeg,cc-by-nc,52912625,research,58.9141809722,30.6118789722
lythrum_portula_2247.jpeg,https://inaturalist-open-data.s3.amazonaws.com/photos/84137932/medium.jpeg,cc-by-nc,52912625,research,58.9141809722,30.6118789722
lythrum_portula_2248.jpeg,https://inaturalist-open-data.s3.amazonaws.com/photos/84137989/medium.jpeg,cc-by-nc,52912625,research,58.9141809722,30.6118789722
lythrum_portula_2249.jpeg,https://inaturalist-open-data.s3.amazonaws.com/photos/84138033/medium.jpeg,cc-by-nc,52912625,research,58.9141809722,30.6118789722
lythrum_portula_2250.jpeg,https://inaturalist-open-data.s3.amazonaws.com/photos/83624243/medium.jpeg,cc0,52602130,research,49.1619895345,14.1525766583
lythrum_portula_2251.jpeg,https://inaturalist-open-data.s3.amazonaws.com/photos/83624282/medium.jpeg,cc0,52602130,research,49.1619895345,14.1525766583
lythrum_portula_2252.jpeg,https://inaturalist-open-data.s3.amazonaws.com/photos/83320830/medium.jpeg,cc-by-nc,52415049,research,44.7859293617,-123.0866336869
lythrum_portula_2253.jpeg,https://inaturalist-open-data.s3.amazonaws.com/photos/83320881/medium.jpeg,cc-by-nc,52415049,research,44.7859293617,-123.0866336869
lythrum_portula_2254.jpeg,https://inaturalist-open-data.s3.amazonaws.com/photos/83320896/medium.jpeg,cc-by-nc,52415049,research,44.7859293617,-123.0866336869
lythrum_portula_2255.jpeg,https://inaturalist-open-data.s3.amazonaws.com/photos/83092800/medium.jpeg,cc-by-nc,52277282,research,58.186506448,42.9731378849
lythrum_portula_2256.jpeg,https://inaturalist-open-data.s3.amazonaws.com/photos/81949476/medium.jpeg,cc-by-nc,51572658,research,45.2016450801,7.8454865143
lythrum_portula_2257.jpeg,https://inaturalist-open-data.s3.amazonaws.com/photos/81436908/medium.jpeg,cc-by-nc,51266406,research,45.43532,-122.6484616667
lythrum_portula_2258.jpeg,https://inaturalist-open-data.s3.amazonaws.com/photos/81437613/medium.jpeg,cc-by-nc,51266406,research,45.43532,-122.6484616667
lythrum_portula_2259.jpeg,https://inaturalist-open-data.s3.amazonaws.com/photos/81437627/medium.jpeg,cc-by-nc,51266406,research,45.43532,-122.6484616667
lythrum_portula_2260.jpeg,https://inaturalist-open-data.s3.amazonaws.com/photos/81437643/medium.jpeg,cc-by-nc,51266406,research,45.43532,-122.6484616667
lythrum_portula_2261.jpeg,https://inaturalist-open-data.s3.amazonaws.com/photos/81437680/medium.jpeg,cc-by-nc,51266406,research,45.43532,-122.6484616667
lythrum_portula_2262.jpg,https://inaturalist-open-data.s3.amazonaws.com/photos/80951306/medium.jpg,cc-by-nc,50964007,research,45.4353527778,-122.6486833333
lythrum_portula_2263.jpg,https://inaturalist-open-data.s3.amazonaws.com/photos/80951304/medium.jpg,cc-by-nc,50964007,research,45.4353527778,-122.6486833333
lythrum_portula_2264.jpg,https://inaturalist-open-data.s3.amazonaws.com/photos/80951341/medium.jpg,cc-by-nc,50964007,research,45.4353527778,-122.6486833333
lythrum_portula_2265.jpeg,https://inaturalist-open-data.s3.amazonaws.com/photos/80951348/medium.jpeg,cc-by-nc,50964007,research,45.4353527778,-122.6486833333
lythrum_portula_2266.jpeg,https://inaturalist-open-data.s3.amazonaws.com/photos/80625885/medium.jpeg,cc-by-nc,50761532,research,45.2005784456,7.8204749152
lythrum_portula_2267.jpeg,https://inaturalist-open-data.s3.amazonaws.com/photos/79846524/medium.jpeg,cc-by-nc,50284274,research,44.7190778457,7.4209183082
lythrum_portula_2268.jpeg,https://inaturalist-open-data.s3.amazonaws.com/photos/79846214/medium.jpeg,cc-by-nc,50284066,research,44.7214594375,7.4229185656
lythrum_portula_2269.jpeg,https://inaturalist-open-data.s3.amazonaws.com/photos/79834510/medium.jpeg,cc-by-nc,50276108,research,44.7194237627,7.4196278304
lythrum_portula_2270.jpeg,https://inaturalist-open-data.s3.amazonaws.com/photos/78937812/medium.jpeg,cc-by,49721872,research,52.4753833333,-2.5997
lythrum_portula_2271.jpeg,https://inaturalist-open-data.s3.amazonaws.com/photos/78141400/medium.jpeg,cc-by-sa,49227698,research,50.1105957031,4.7935209272
lythrum_portula_2272.jpeg,https://inaturalist-open-data.s3.amazonaws.com/photos/78141414/medium.jpeg,cc-by-sa,49227698,research,50.1105957031,4.7935209272
lythrum_portula_2273.jpg,https://inaturalist-open-data.s3.amazonaws.com/photos/76550416/medium.jpg,cc-by-sa,48251589,research,41.8540622297,2.7852558723
lythrum_portula_2274.jpg,https://inaturalist-open-data.s3.amazonaws.com/photos/76550391/medium.jpg,cc-by-sa,48251589,research,41.8540622297,2.7852558723
lythrum_portula_2275.jpeg,https://inaturalist-open-data.s3.amazonaws.com/photos/76491579/medium.jpeg,cc-by-nc,48215636,research,53.7299367757,-2.6735913997
lythrum_portula_2276.jpeg,https://inaturalist-open-data.s3.amazonaws.com/photos/76349912/medium.jpeg,cc-by-nc,48140359,research,56.4013,38.37976
lythrum_portula_2277.jpg,https://inaturalist-open-data.s3.amazonaws.com/photos/75861884/medium.jpg,cc-by-nc,47822214,research,52.5740794327,25.9262612447
lythrum_portula_2278.jpeg,https://inaturalist-open-data.s3.amazonaws.com/photos/74414048/medium.jpeg,cc-by-nc,46920997,research,57.8006809642,41.4954128248
lythrum_portula_2279.jpeg,https://inaturalist-open-data.s3.amazonaws.com/photos/74414552/medium.jpeg,cc-by-nc,46920997,research,57.8006809642,41.4954128248
lythrum_portula_2280.jpeg,https://inaturalist-open-data.s3.amazonaws.com/photos/74414557/medium.jpeg,cc-by-nc,46920997,research,57.8006809642,41.4954128248
lythrum_portula_2281.jpeg,https://inaturalist-open-data.s3.amazonaws.com/photos/74286259/medium.jpeg,cc-by-nc,46840228,research,57.8006809642,41.4954128248
lythrum_portula_2282.jpeg,https://inaturalist-open-data.s3.amazonaws.com/photos/74411147/medium.jpeg,cc-by-nc,46840228,research,57.8006809642,41.4954128248
lythrum_portula_2283.jpeg,https://inaturalist-open-data.s3.amazonaws.com/photos/74411151/medium.jpeg,cc-by-nc,46840228,research,57.8006809642,41.4954128248
lythrum_portula_2284.jpeg,https://inaturalist-open-data.s3.amazonaws.com/photos/74411363/medium.jpeg,cc-by-nc,46840228,research,57.8006809642,41.4954128248
lythrum_portula_2285.jpeg,https://inaturalist-open-data.s3.amazonaws.com/photos/74412874/medium.jpeg,cc-by-nc,46840228,research,57.8006809642,41.4954128248
lythrum_portula_2286.jpeg,https://inaturalist-open-data.s3.amazonaws.com/photos/72336077/medium.jpeg,cc-by-nc,45614436,research,47.7998330988,-122.5023034215
lythrum_portula_2287.jpg,https://inaturalist-open-data.s3.amazonaws.com/photos/68196067/medium.jpg,cc-by-nc,42947735,research,40.61348,-4.336015
lythrum_portula_2288.jpg,https://inaturalist-open-data.s3.amazonaws.com/photos/64502933/medium.jpg,cc-by-nc,40690071,research,52.1864110061,35.3601410555
lythrum_portula_2289.jpg,https://inaturalist-open-data.s3.amazonaws.com/photos/64502935/medium.jpg,cc-by-nc,40690071,research,52.1864110061,35.3601410555
lythrum_portula_2290.jpg,https://inaturalist-open-data.s3.amazonaws.com/photos/64164266/medium.jpg,cc0,40416865,needs_id,47.490078225,-122.270700399
lythrum_portula_2291.jpg,https://inaturalist-open-data.s3.amazonaws.com/photos/64164274/medium.jpg,cc0,40416865,needs_id,47.490078225,-122.270700399
lythrum_portula_2292.jpg,https://inaturalist-open-data.s3.amazonaws.com/photos/64157425/medium.jpg,cc0,40405130,needs_id,47.514166812,-122.30989258
lythrum_portula_2293.jpeg,https://inaturalist-open-data.s3.amazonaws.com/photos/63850773/medium.jpeg,cc-by-nc,40196310,research,59.1446550236,44.0652728828
lythrum_portula_2294.jpeg,https://inaturalist-open-data.s3.amazonaws.com/photos/63661401/medium.jpeg,cc-by-nc,40083579,research,59.1604239422,43.8210468758
lythrum_portula_2295.jpeg,https://inaturalist-open-data.s3.amazonaws.com/photos/62996602/medium.jpeg,cc-by,39692136,needs_id,40.3025661779,-8.2425245685
lythrum_portula_2296.jpeg,https://inaturalist-open-data.s3.amazonaws.com/photos/62996621/medium.jpeg,cc-by,39692136,needs_id,40.3025661779,-8.2425245685
lythrum_portula_2297.jpeg,https://inaturalist-open-data.s3.amazonaws.com/photos/62529074/medium.jpeg,cc-by-nc,39414515,research,58.8440951829,44.3157303797
lythrum_portula_2298.jpeg,https://inaturalist-open-data.s3.amazonaws.com/photos/61000494/medium.jpeg,cc-by-nc,38385899,research,57.8125395503,43.2770622689
lythrum_portula_2299.jpeg,https://inaturalist-open-data.s3.amazonaws.com/photos/60951100/medium.jpeg,cc-by-nc,38357917,research,58.8322626618,43.8080705823
lythrum_portula_2300.jpg,https://inaturalist-open-data.s3.amazonaws.com/photos/60846189/medium.jpg,cc-by-nc,38297103,research,57.752892,38.578379
lythrum_portula_2301.jpg,https://inaturalist-open-data.s3.amazonaws.com/photos/60846194/medium.jpg,cc-by-nc,38297103,research,57.752892,38.578379
lythrum_portula_2302.jpg,https://inaturalist-open-data.s3.amazonaws.com/photos/60846184/medium.jpg,cc-by-nc,38297103,research,57.752892,38.578379
lythrum_portula_2303.jpg,https://inaturalist-open-data.s3.amazonaws.com/photos/60846178/medium.jpg,cc-by-nc,38297103,research,57.752892,38.578379
lythrum_portula_2304.jpg,https://inaturalist-open-data.s3.amazonaws.com/photos/60846175/medium.jpg,cc-by-nc,38297103,research,57.752892,38.578379
lythrum_portula_2305.jpg,https://inaturalist-open-data.s3.amazonaws.com/photos/60768964/medium.jpg,cc-by-nc,38251046,research,-43.5544281006,172.5751190183
lythrum_portula_2306.jpeg,https://inaturalist-open-data.s3.amazonaws.com/photos/58919331/medium.jpeg,cc-by-nc,37191933,research,53.4451144844,33.7851273976
lythrum_portula_2307.jpeg,https://inaturalist-open-data.s3.amazonaws.com/photos/58919351/medium.jpeg,cc-by-nc,37191933,research,53.4451144844,33.7851273976
lythrum_portula_2308.jpeg,https://inaturalist-open-data.s3.amazonaws.com/photos/58837507/medium.jpeg,cc-by,37145398,research,48.2837624903,15.0638058409
lythrum_portula_2309.jpeg,https://inaturalist-open-data.s3.amazonaws.com/photos/58837520/medium.jpeg,cc-by,37145398,research,48.2837624903,15.0638058409
lythrum_portula_2310.jpeg,https://inaturalist-open-data.s3.amazonaws.com/photos/58338088/medium.jpeg,cc-by-nc,36861428,research,44.5431077639,-123.3489059844
lythrum_portula_2311.jpg,https://inaturalist-open-data.s3.amazonaws.com/photos/58337886/medium.jpg,cc-by-nc,36861428,research,44.5431077639,-123.3489059844
lythrum_portula_2312.jpeg,https://inaturalist-open-data.s3.amazonaws.com/photos/57495453/medium.jpeg,cc-by-nc,36376103,research,53.6328713533,-2.0999584568
lythrum_portula_2313.jpeg,https://inaturalist-open-data.s3.amazonaws.com/photos/57495457/medium.jpeg,cc-by-nc,36376103,research,53.6328713533,-2.0999584568
lythrum_portula_2314.jpg,https://inaturalist-open-data.s3.amazonaws.com/photos/56180155/medium.jpg,cc-by-nc,35617432,research,55.3372849722,37.1277269444
lythrum_portula_2315.jpeg,https://inaturalist-open-data.s3.amazonaws.com/photos/55351786/medium.jpeg,cc-by-nc,35114251,research,56.2707481384,40.8490715027
lythrum_portula_2316.jpeg,https://inaturalist-open-data.s3.amazonaws.com/photos/55351788/medium.jpeg,cc-by-nc,35114251,research,56.2707481384,40.8490715027
lythrum_portula_2317.jpeg,https://inaturalist-open-data.s3.amazonaws.com/photos/53998758/medium.jpeg,cc-by-nc,34321521,research,,
lythrum_portula_2318.jpeg,https://inaturalist-open-data.s3.amazonaws.com/photos/53998775/medium.jpeg,cc-by-nc,34321521,research,,
lythrum_portula_2319.jpeg,https://inaturalist-open-data.s3.amazonaws.com/photos/53802867/medium.jpeg,cc-by-nc,34204437,research,52.4284973145,7.0077118874
lythrum_portula_2320.jpeg,https://inaturalist-open-data.s3.amazonaws.com/photos/53802878/medium.jpeg,cc-by-nc,34204437,research,52.4284973145,7.0077118874
lythrum_portula_2321.jpg,https://inaturalist-open-data.s3.amazonaws.com/photos/53642883/medium.jpg,cc-by-nc,34110608,research,48.2320307553,-1.1849135756
lythrum_portula_2322.jpg,https://inaturalist-open-data.s3.amazonaws.com/photos/53064931/medium.jpg,cc-by-nc,33765489,research,55.3445699167,37.3085673611
lythrum_portula_2323.jpg,https://inaturalist-open-data.s3.amazonaws.com/photos/53064939/medium.jpg,cc-by-nc,33765489,research,55.3445699167,37.3085673611
lythrum_portula_2324.jpg,https://inaturalist-open-data.s3.amazonaws.com/photos/53065003/medium.jpg,cc-by-nc,33765489,research,55.3445699167,37.3085673611
lythrum_portula_2325.jpg,https://inaturalist-open-data.s3.amazonaws.com/photos/52297296/medium.jpg,cc-by-nc,33302717,research,48.2342071531,-1.1811038256
lythrum_portula_2326.jpg,https://inaturalist-open-data.s3.amazonaws.com/photos/52297298/medium.jpg,cc-by-nc,33302717,research,48.2342071531,-1.1811038256
lythrum_portula_2327.jpeg,https://inaturalist-open-data.s3.amazonaws.com/photos/52259715/medium.jpeg,cc-by,33281122,needs_id,45.98072,-121.3340266667
lythrum_portula_2328.jpeg,https://inaturalist-open-data.s3.amazonaws.com/photos/51724518/medium.jpeg,cc-by,32956263,research,55.9721641541,37.2101249695
lythrum_portula_2329.jpeg,https://inaturalist-open-data.s3.amazonaws.com/photos/51724542/medium.jpeg,cc-by,32956263,research,55.9721641541,37.2101249695
lythrum_portula_2330.jpg,https://inaturalist-open-data.s3.amazonaws.com/photos/50297414/medium.jpg,cc-by-nc,32090069,research,45.9635116667,5.0302028333
lythrum_portula_2331.jpg,https://inaturalist-open-data.s3.amazonaws.com/photos/49917086/medium.jpg,cc-by,31865130,research,53.24152,6.7671583333
lythrum_portula_2332.jpeg,https://inaturalist-open-data.s3.amazonaws.com/photos/49727560/medium.jpeg,cc-by-sa,31752566,research,53.5009497222,16.6614480556
lythrum_portula_2333.jpeg,https://inaturalist-open-data.s3.amazonaws.com/photos/49395448/medium.jpeg,cc-by-nc,31554284,research,45.2975316667,8.259775
lythrum_portula_2334.jpg,https://inaturalist-open-data.s3.amazonaws.com/photos/49293358/medium.jpg,cc-by-nc,31493994,research,55.2022693611,37.1179965
lythrum_portula_2335.jpg,https://inaturalist-open-data.s3.amazonaws.com/photos/48784627/medium.jpg,cc-by-nc,31188126,research,55.3360217778,36.9548126944
lythrum_portula_2336.jpg,https://inaturalist-open-data.s3.amazonaws.com/photos/48784645/medium.jpg,cc-by-nc,31188126,research,55.3360217778,36.9548126944
lythrum_portula_2337.jpg,https://inaturalist-open-data.s3.amazonaws.com/photos/48359298/medium.jpg,cc-by-nc,30932027,research,55.2268510278,37.3091820278
lythrum_portula_2338.jpg,https://inaturalist-open-data.s3.amazonaws.com/photos/47855614/medium.jpg,cc-by-nc,30627125,research,55.4746055556,36.8737488889
lythrum_portula_2339.jpg,https://inaturalist-open-data.s3.amazonaws.com/photos/47855639/medium.jpg,cc-by-nc,30627125,research,55.4746055556,36.8737488889
lythrum_portula_2340.jpg,https://inaturalist-open-data.s3.amazonaws.com/photos/47854894/medium.jpg,cc-by-nc,30627111,research,55.4746731944,36.8740796667
lythrum_portula_2341.jpg,https://inaturalist-open-data.s3.amazonaws.com/photos/47854935/medium.jpg,cc-by-nc,30627111,research,55.4746731944,36.8740796667
lythrum_portula_2342.jpg,https://inaturalist-open-data.s3.amazonaws.com/photos/47774762/medium.jpg,cc-by-nc,30576415,research,49.0071020914,14.2938497386
lythrum_portula_2343.jpg,https://inaturalist-open-data.s3.amazonaws.com/photos/47775833/medium.jpg,cc-by-nc,30576415,research,49.0071020914,14.2938497386
lythrum_portula_2344.jpeg,https://inaturalist-open-data.s3.amazonaws.com/photos/47314179/medium.jpeg,cc-by-nc-nd,30290342,research,47.5586167048,-122.113011477
lythrum_portula_2345.jpg,https://inaturalist-open-data.s3.amazonaws.com/photos/47198214/medium.jpg,cc-by,30217557,research,47.795801363,-121.8443893177
lythrum_portula_2346.jpg,https://inaturalist-open-data.s3.amazonaws.com/photos/47198099/medium.jpg,cc-by,30217557,research,47.795801363,-121.8443893177
lythrum_portula_2347.jpg,https://inaturalist-open-data.s3.amazonaws.com/photos/47198329/medium.jpg,cc-by,30217557,research,47.795801363,-121.8443893177
lythrum_portula_2348.jpeg,https://inaturalist-open-data.s3.amazonaws.com/photos/47171738/medium.jpeg,cc-by-nc,30202969,research,57.6070721663,45.1403879354
lythrum_portula_2349.jpeg,https://inaturalist-open-data.s3.amazonaws.com/photos/47171793/medium.jpeg,cc-by-nc,30202969,research,57.6070721663,45.1403879354
lythrum_portula_2350.jpg,https://inaturalist-open-data.s3.amazonaws.com/photos/46695616/medium.jpg,cc-by-nc,29904304,research,55.46717025,37.3208718056
lythrum_portula_2351.jpg,https://inaturalist-open-data.s3.amazonaws.com/photos/46695633/medium.jpg,cc-by-nc,29904304,research,55.46717025,37.3208718056
lythrum_portula_2352.jpeg,https://inaturalist-open-data.s3.amazonaws.com/photos/45378983/medium.jpeg,cc0,29086397,research,44.14155336,-123.12344842
lythrum_portula_2353.jpeg,https://inaturalist-open-data.s3.amazonaws.com/photos/45266549/medium.jpeg,cc-by-nc,29017958,research,53.8335715999,8.6399960518
lythrum_portula_2354.jpeg,https://inaturalist-open-data.s3.amazonaws.com/photos/44604493/medium.jpeg,cc-by-nc,28606317,research,56.3360509292,42.0046377099
lythrum_portula_2355.jpeg,https://inaturalist-open-data.s3.amazonaws.com/photos/44604525/medium.jpeg,cc-by-nc,28606317,research,56.3360509292,42.0046377099
lythrum_portula_2356.jpg,https://inaturalist-open-data.s3.amazonaws.com/photos/43522427/medium.jpg,cc-by-nc,27942954,research,55.4266807222,36.8355901389
lythrum_portula_2357.jpeg,https://inaturalist-open-data.s3.amazonaws.com/photos/43063409/medium.jpeg,cc-by-sa,27662643,needs_id,44.51334091,-67.96646072
lythrum_portula_2358.jpeg,https://inaturalist-open-data.s3.amazonaws.com/photos/42717414/medium.jpeg,cc-by-nc-nd,27454092,research,47.5586167048,-122.113011477
lythrum_portula_2359.jpeg,https://inaturalist-open-data.s3.amazonaws.com/photos/41129024/medium.jpeg,cc-by-nc,26483409,research,50.6733606367,14.5686390915
lythrum_portula_2360.jpeg,https://inaturalist-open-data.s3.amazonaws.com/photos/40355530/medium.jpeg,cc-by-nc,26013752,research,43.3496825249,3.3831668861
lythrum_portula_2361.jpeg,https://inaturalist-open-data.s3.amazonaws.com/photos/40355584/medium.jpeg,cc-by-nc,26013752,research,43.3496825249,3.3831668861
lythrum_portula_2362.jpeg,https://inaturalist-open-data.s3.amazonaws.com/photos/40355583/medium.jpeg,cc-by-nc,26013752,research,43.3496825249,3.3831668861
lythrum_portula_2363.jpeg,https://inaturalist-open-data.s3.amazonaws.com/photos/34663136/medium.jpeg,cc-by-nc,22381207,research,53.2275094161,35.0092037102
lythrum_portula_2364.jpeg,https://inaturalist-open-data.s3.amazonaws.com/photos/32129630/medium.jpeg,cc-by-nc,20829631,research,55.5660528357,40.2929372854
lythrum_portula_2365.jpg,https://inaturalist-open-data.s3.amazonaws.com/photos/31254480/medium.jpg,cc-by-nc,20249153,research,54.9033282768,37.5263378233
lythrum_portula_2366.jpg,https://inaturalist-open-data.s3.amazonaws.com/photos/31142346/medium.jpg,cc-by,20179831,research,56.0225583297,37.1554386292
lythrum_portula_2367.jpg,https://inaturalist-open-data.s3.amazonaws.com/photos/30592415/medium.jpg,cc-by-nc,19843356,research,56.4762513142,39.275237193
lythrum_portula_2368.jpeg,https://inaturalist-open-data.s3.amazonaws.com/photos/30513884/medium.jpeg,cc-by-nc,19797487,research,55.6199428586,43.5138685619
lythrum_portula_2369.jpeg,https://inaturalist-open-data.s3.amazonaws.com/photos/30513891/medium.jpeg,cc-by-nc,19797487,research,55.6199428586,43.5138685619
lythrum_portula_2370.jpg,https://inaturalist-open-data.s3.amazonaws.com/photos/30400631/medium.jpg,cc-by-nc,19731024,research,55.6699535591,36.7227218091
lythrum_portula_2371.jpg,https://inaturalist-open-data.s3.amazonaws.com/photos/29434983/medium.jpg,cc-by-nc,19167882,research,-43.66158675,172.5736541667
lythrum_portula_2372.jpg,https://inaturalist-open-data.s3.amazonaws.com/photos/29434985/medium.jpg,cc-by-nc,19167882,research,-43.66158675,172.5736541667
lythrum_portula_2373.jpg,https://inaturalist-open-data.s3.amazonaws.com/photos/29434986/medium.jpg,cc-by-nc,19167882,research,-43.66158675,172.5736541667
lythrum_portula_2374.jpg,https://inaturalist-open-data.s3.amazonaws.com/photos/28083659/medium.jpg,cc-by-nc,18373746,research,46.1276388889,-123.3459638889
lythrum_portula_2375.jpg,https://inaturalist-open-data.s3.amazonaws.com/photos/28083661/medium.jpg,cc-by-nc,18373746,research,46.1276388889,-123.3459638889
lythrum_portula_2376.jpg,https://inaturalist-open-data.s3.amazonaws.com/photos/28083662/medium.jpg,cc-by-nc,18373746,research,46.1276388889,-123.3459638889
lythrum_portula_2377.jpg,https://inaturalist-open-data.s3.amazonaws.com/photos/28083664/medium.jpg,cc-by-nc,18373746,research,46.1276388889,-123.3459638889
lythrum_portula_2378.jpg,https://inaturalist-open-data.s3.amazonaws.com/photos/28083666/medium.jpg,cc-by-nc,18373746,research,46.1276388889,-123.3459638889
lythrum_portula_2379.jpg,https://inaturalist-open-data.s3.amazonaws.com/photos/25840081/medium.jpg,cc-by,17073077,research,53.1070221667,6.5694616667
lythrum_portula_2380.jpg,https://inaturalist-open-data.s3.amazonaws.com/photos/24998615/medium.jpg,cc-by,16593591,research,53.0835611667,6.6462783333
lythrum_portula_2381.jpg,https://inaturalist-open-data.s3.amazonaws.com/photos/24881627/medium.jpg,cc-by-nc,16528695,research,47.5823201739,7.1348100748
lythrum_portula_2382.jpg,https://inaturalist-open-data.s3.amazonaws.com/photos/24881618/medium.jpg,cc-by-nc,16528695,research,47.5823201739,7.1348100748
lythrum_portula_2383.jpg,https://inaturalist-open-data.s3.amazonaws.com/photos/24881609/medium.jpg,cc-by-nc,16528695,research,47.5823201739,7.1348100748
lythrum_portula_2384.jpeg,https://inaturalist-open-data.s3.amazonaws.com/photos/24004889/medium.jpeg,cc-by-sa,16024847,research,53.0605647222,14.8781913889
lythrum_portula_2385.jpg,https://inaturalist-open-data.s3.amazonaws.com/photos/23603356/medium.jpg,cc-by,15793779,needs_id,52.832345,6.4871333333
lythrum_portula_2386.jpeg,https://inaturalist-open-data.s3.amazonaws.com/photos/23323473/medium.jpeg,cc-by,15600358,research,41.7923,-8.4895
lythrum_portula_2387.jpeg,https://inaturalist-open-data.s3.amazonaws.com/photos/23321883/medium.jpeg,cc-by,15599172,research,41.816,-8.4351
lythrum_portula_2388.jpeg,https://inaturalist-open-data.s3.amazonaws.com/photos/23247721/medium.jpeg,cc-by,15506721,research,52.5213,4.7483
lythrum_portula_2389.jpeg,https://inaturalist-open-data.s3.amazonaws.com/photos/23223301/medium.jpeg,cc-by-nc,15477415,research,49.1081632897,9.0254702738
lythrum_portula_2390.jpeg,https://inaturalist-open-data.s3.amazonaws.com/photos/23223303/medium.jpeg,cc-by-nc,15477415,research,49.1081632897,9.0254702738
lythrum_portula_2391.jpeg,https://inaturalist-open-data.s3.amazonaws.com/photos/23223305/medium.jpeg,cc-by-nc,15477415,research,49.1081632897,9.0254702738
lythrum_portula_2392.jpeg,https://inaturalist-open-data.s3.amazonaws.com/photos/20669837/medium.jpeg,cc-by-nc,13978758,research,50.9622311755,14.5921016505
lythrum_portula_2393.jpeg,https://inaturalist-open-data.s3.amazonaws.com/photos/20502585/medium.jpeg,cc-by-nc,13884475,research,44.718995,7.42097
lythrum_portula_2394.jpeg,https://inaturalist-open-data.s3.amazonaws.com/photos/20502461/medium.jpeg,cc-by-nc,13884396,research,44.7194033333,7.419715
lythrum_portula_2395.jpeg,https://inaturalist-open-data.s3.amazonaws.com/photos/12003537/medium.jpeg,cc-by-sa,8915913,research,-43.554788,172.577919
lythrum_portula_2396.jpg,https://inaturalist-open-data.s3.amazonaws.com/photos/10217361/medium.jpg,cc-by,7775630,research,51.4445407634,5.2037319199
lythrum_portula_2397.jpeg,https://inaturalist-open-data.s3.amazonaws.com/photos/8985359/medium.jpeg,cc-by-nc,7010128,research,44.719166,7.42081
lythrum_portula_2398.jpeg,https://inaturalist-open-data.s3.amazonaws.com/photos/8593106/medium.jpeg,cc-by,6762195,research,45.479675,-123.10965
lythrum_portula_2399.jpeg,https://inaturalist-open-data.s3.amazonaws.com/photos/8208128/medium.jpeg,cc-by-nc,6488519,research,44.4238891602,-123.3016662598
lythrum_portula_2400.jpeg,https://inaturalist-open-data.s3.amazonaws.com/photos/8208129/medium.jpeg,cc-by-nc,6488519,research,44.4238891602,-123.3016662598
lythrum_portula_2401.jpeg,https://inaturalist-open-data.s3.amazonaws.com/photos/8120620/medium.jpeg,cc-by-nc,6430955,research,44.719166,7.42081
lythrum_portula_2402.jpeg,https://inaturalist-open-data.s3.amazonaws.com/photos/8120621/medium.jpeg,cc-by-nc,6430955,research,44.719166,7.42081
lythrum_portula_2403.jpg,https://inaturalist-open-data.s3.amazonaws.com/photos/6661084/medium.jpg,cc-by-nc-nd,5417889,research,56.9396367916,14.0501403809
lythrum_portula_2404.jpg,https://inaturalist-open-data.s3.amazonaws.com/photos/5057401/medium.jpg,cc-by-nc,4233252,needs_id,50.9130543285,-1.7300817277
lythrum_portula_2405.jpg,https://inaturalist-open-data.s3.amazonaws.com/photos/5057392/medium.jpg,cc-by-nc,4233252,needs_id,50.9130543285,-1.7300817277
lythrum_portula_2406.jpeg,https://inaturalist-open-data.s3.amazonaws.com/photos/4618080/medium.jpeg,cc-by-nc,3924498,research,54.8069839478,24.7816772461
lythrum_portula_2407.jpeg,https://inaturalist-open-data.s3.amazonaws.com/photos/4618087/medium.jpeg,cc-by-nc,3924498,research,54.8069839478,24.7816772461
lythrum_portula_2408.jpeg,https://inaturalist-open-data.s3.amazonaws.com/photos/4618088/medium.jpeg,cc-by-nc,3924498,research,54.8069839478,24.7816772461
lythrum_portula_2409.jpeg,https://inaturalist-open-data.s3.amazonaws.com/photos/4421144/medium.jpeg,cc-by-nc,3787907,research,44.719417,7.419414
lythrum_portula_2410.jpg,https://inaturalist-open-data.s3.amazonaws.com/photos/3781141/medium.jpg,cc-by-nc,3270363,research,46.11796,-123.875699
lythrum_portula_2411.JPG,https://inaturalist-open-data.s3.amazonaws.com/photos/2749195/medium.JPG,cc-by-nc,2457883,research,-41.757115,171.791072
lythrum_portula_2412.JPG,https://inaturalist-open-data.s3.amazonaws.com/photos/2749219/medium.JPG,cc-by-nc,2457883,research,-41.757115,171.791072
lythrum_portula_2413.JPG,https://inaturalist-open-data.s3.amazonaws.com/photos/2286596/medium.JPG,cc-by-nc,1876626,research,44.719417,7.419414
lythrum_portula_2414.JPG,https://inaturalist-open-data.s3.amazonaws.com/photos/2120897/medium.JPG,cc-by-nc,1747841,research,44.719417,7.419414
lythrum_portula_2415.JPG,https://inaturalist-open-data.s3.amazonaws.com/photos/1872908/medium.JPG,cc-by-nc,1511944,research,44.719417,7.419414
lythrum_portula_2416.JPG,https://inaturalist-open-data.s3.amazonaws.com/photos/1872909/medium.JPG,cc-by-nc,1511944,research,44.719417,7.419414
lythrum_portula_2417.JPG,https://inaturalist-open-data.s3.amazonaws.com/photos/1630373/medium.JPG,cc-by-nc,1298969,research,44.836564,7.866987
