filename,url,license_code,observation_id,quality_grade,latitude,longitude,label
lythrum_junceum_001.jpg,https://inaturalist-open-data.s3.amazonaws.com/photos/523333255/medium.jpg,cc-by-nc,290888327,needs_id,41.9610479,12.4432525,native
lythrum_junceum_002.jpg,https://inaturalist-open-data.s3.amazonaws.com/photos/522976367/medium.jpg,cc-by-nc,290702209,needs_id,35.3586540222,24.4226837158,native
lythrum_junceum_003.jpg,https://inaturalist-open-data.s3.amazonaws.com/photos/522521209/medium.jpg,cc-by-nc,290459654,needs_id,36.2005000633,-5.4070702233,native
lythrum_junceum_004.jpg,https://inaturalist-open-data.s3.amazonaws.com/photos/522101473/medium.jpg,cc-by-nc,290241839,research,36.98707,-2.847455,native
lythrum_junceum_005.jpg,https://inaturalist-open-data.s3.amazonaws.com/photos/522101468/medium.jpg,cc-by-nc,290241839,research,36.98707,-2.847455,native
lythrum_junceum_006.jpg,https://inaturalist-open-data.s3.amazonaws.com/photos/522101461/medium.jpg,cc-by-nc,290241839,research,36.98707,-2.847455,native
lythrum_junceum_007.jpg,https://inaturalist-open-data.s3.amazonaws.com/photos/522008853/medium.jpg,cc-by-nc,290191449,needs_id,43.4725093665,-3.8250027224,native
lythrum_junceum_008.jpg,https://inaturalist-open-data.s3.amazonaws.com/photos/522008895/medium.jpg,cc-by-nc,290191449,needs_id,43.4725093665,-3.8250027224,native
lythrum_junceum_009.jpg,https://inaturalist-open-data.s3.amazonaws.com/photos/522008943/medium.jpg,cc-by-nc,290191449,needs_id,43.4725093665,-3.8250027224,native
lythrum_junceum_010.jpg,https://inaturalist-open-data.s3.amazonaws.com/photos/522008999/medium.jpg,cc-by-nc,290191449,needs_id,43.4725093665,-3.8250027224,native
lythrum_junceum_011.jpg,https://inaturalist-open-data.s3.amazonaws.com/photos/522009077/medium.jpg,cc-by-nc,290191449,needs_id,43.4725093665,-3.8250027224,native
lythrum_junceum_012.jpg,https://inaturalist-open-data.s3.amazonaws.com/photos/521477460/medium.jpg,cc-by-nc,289912519,needs_id,41.3950833,-8.5510348,native
lythrum_junceum_013.jpg,https://inaturalist-open-data.s3.amazonaws.com/photos/521477529/medium.jpg,cc-by-nc,289912519,needs_id,41.3950833,-8.5510348,native
lythrum_junceum_014.jpg,https://inaturalist-open-data.s3.amazonaws.com/photos/521351076/medium.jpg,cc-by-nc,289846577,research,43.3512400833,-8.2014994,native
lythrum_junceum_015.jpg,https://inaturalist-open-data.s3.amazonaws.com/photos/521351084/medium.jpg,cc-by-nc,289846577,research,43.3512400833,-8.2014994,native
lythrum_junceum_016.jpg,https://inaturalist-open-data.s3.amazonaws.com/photos/521351079/medium.jpg,cc-by-nc,289846577,research,43.3512400833,-8.2014994,native
lythrum_junceum_017.jpg,https://inaturalist-open-data.s3.amazonaws.com/photos/521265615/medium.jpg,cc-by-nc,289797046,needs_id,38.6436944444,-9.1922805556,native
lythrum_junceum_018.jpg,https://inaturalist-open-data.s3.amazonaws.com/photos/521228001/medium.jpg,cc-by-nc,289777222,needs_id,40.7265783369,-8.6038519442,native
lythrum_junceum_019.jpg,https://inaturalist-open-data.s3.amazonaws.com/photos/520826937/medium.jpg,cc-by,289566436,needs_id,38.0772183264,12.6460163669,native
lythrum_junceum_020.jpg,https://inaturalist-open-data.s3.amazonaws.com/photos/520682281/medium.jpg,cc-by-nc,289485569,research,38.7044866667,-9.3803083333,native
lythrum_junceum_021.jpg,https://inaturalist-open-data.s3.amazonaws.com/photos/520682292/medium.jpg,cc-by-nc,289485569,research,38.7044866667,-9.3803083333,native
lythrum_junceum_022.jpg,https://inaturalist-open-data.s3.amazonaws.com/photos/520682290/medium.jpg,cc-by-nc,289485569,research,38.7044866667,-9.3803083333,native
lythrum_junceum_023.jpg,https://inaturalist-open-data.s3.amazonaws.com/photos/520736172/medium.jpg,cc-by-nc,289471042,needs_id,37.2812995911,-8.6938676834,native
lythrum_junceum_024.jpg,https://inaturalist-open-data.s3.amazonaws.com/photos/520617481/medium.jpg,cc0,289450068,needs_id,37.4468076746,-121.8497544134,introduced non-invasive
lythrum_junceum_025.jpg,https://inaturalist-open-data.s3.amazonaws.com/photos/520617469/medium.jpg,cc0,289450068,needs_id,37.4468076746,-121.8497544134,introduced non-invasive
lythrum_junceum_026.jpg,https://inaturalist-open-data.s3.amazonaws.com/photos/520617506/medium.jpg,cc0,289450068,needs_id,37.4468076746,-121.8497544134,introduced non-invasive
lythrum_junceum_027.jpg,https://inaturalist-open-data.s3.amazonaws.com/photos/520617515/medium.jpg,cc0,289450068,needs_id,37.4468076746,-121.8497544134,introduced non-invasive
lythrum_junceum_028.jpg,https://inaturalist-open-data.s3.amazonaws.com/photos/520617539/medium.jpg,cc0,289450068,needs_id,37.4468076746,-121.8497544134,introduced non-invasive
lythrum_junceum_029.jpg,https://inaturalist-open-data.s3.amazonaws.com/photos/520399197/medium.jpg,cc-by-nc,289339325,research,39.521333,16.265467,native
lythrum_junceum_030.jpg,https://inaturalist-open-data.s3.amazonaws.com/photos/519875275/medium.jpg,cc-by-nc,289060954,needs_id,39.51868,16.253114,native
lythrum_junceum_031.jpg,https://inaturalist-open-data.s3.amazonaws.com/photos/519717340/medium.jpg,cc-by-nc,288972382,needs_id,37.42383355,-121.9250354999,introduced non-invasive
lythrum_junceum_032.jpg,https://inaturalist-open-data.s3.amazonaws.com/photos/519765270/medium.jpg,cc-by-nc,288951908,needs_id,39.1776847839,-9.34258461,native
lythrum_junceum_033.jpg,https://inaturalist-open-data.s3.amazonaws.com/photos/519765264/medium.jpg,cc-by-nc,288951865,needs_id,39.1777114868,-9.342373848,native
lythrum_junceum_034.jpg,https://inaturalist-open-data.s3.amazonaws.com/photos/519569695/medium.jpg,cc-by-nc,288893256,research,32.8395782253,-17.1506089977,native
lythrum_junceum_035.jpg,https://inaturalist-open-data.s3.amazonaws.com/photos/519522015/medium.jpg,cc-by-nc,288868419,needs_id,38.8643833333,-9.3279866667,native
lythrum_junceum_036.jpg,https://inaturalist-open-data.s3.amazonaws.com/photos/519522055/medium.jpg,cc-by-nc,288868419,needs_id,38.8643833333,-9.3279866667,native
lythrum_junceum_037.jpg,https://inaturalist-open-data.s3.amazonaws.com/photos/519522083/medium.jpg,cc-by-nc,288868419,needs_id,38.8643833333,-9.3279866667,native
lythrum_junceum_038.jpg,https://inaturalist-open-data.s3.amazonaws.com/photos/519417914/medium.jpg,cc-by-nc,288813678,research,39.494635,16.256098,native
lythrum_junceum_039.jpg,https://inaturalist-open-data.s3.amazonaws.com/photos/519406590/medium.jpg,cc-by-nc,288806236,needs_id,37.9476798,13.3521426,native
lythrum_junceum_040.jpg,https://inaturalist-open-data.s3.amazonaws.com/photos/519366611/medium.jpg,cc-by-nc,288785788,needs_id,42.7886009722,-8.226912,native
lythrum_junceum_041.jpg,https://inaturalist-open-data.s3.amazonaws.com/photos/519366758/medium.jpg,cc-by-nc,288785788,needs_id,42.7886009722,-8.226912,native
lythrum_junceum_042.jpg,https://inaturalist-open-data.s3.amazonaws.com/photos/519366652/medium.jpg,cc-by-nc,288785788,needs_id,42.7886009722,-8.226912,native
lythrum_junceum_043.jpg,https://inaturalist-open-data.s3.amazonaws.com/photos/519366692/medium.jpg,cc-by-nc,288785788,needs_id,42.7886009722,-8.226912,native
lythrum_junceum_044.jpg,https://inaturalist-open-data.s3.amazonaws.com/photos/519284454/medium.jpg,cc-by-nc,288740705,needs_id,40.5907069,-8.6853304997,native
lythrum_junceum_045.jpg,https://inaturalist-open-data.s3.amazonaws.com/photos/519284503/medium.jpg,cc-by-nc,288740705,needs_id,40.5907069,-8.6853304997,native
lythrum_junceum_046.jpg,https://inaturalist-open-data.s3.amazonaws.com/photos/518802918/medium.jpg,cc-by-nc,288484289,research,38.8547436959,-9.3546039239,native
lythrum_junceum_047.jpg,https://inaturalist-open-data.s3.amazonaws.com/photos/518803108/medium.jpg,cc-by-nc,288484289,research,38.8547436959,-9.3546039239,native
lythrum_junceum_048.jpg,https://inaturalist-open-data.s3.amazonaws.com/photos/518803175/medium.jpg,cc-by-nc,288484289,research,38.8547436959,-9.3546039239,native
lythrum_junceum_049.jpg,https://inaturalist-open-data.s3.amazonaws.com/photos/518333365/medium.jpg,cc-by,288239914,research,36.210779,28.141213,native
lythrum_junceum_050.jpg,https://inaturalist-open-data.s3.amazonaws.com/photos/518332851/medium.jpg,cc-by,288239914,research,36.210779,28.141213,native
lythrum_junceum_051.jpg,https://inaturalist-open-data.s3.amazonaws.com/photos/518333052/medium.jpg,cc-by,288239914,research,36.210779,28.141213,native
lythrum_junceum_052.jpg,https://inaturalist-open-data.s3.amazonaws.com/photos/518462257/medium.jpg,cc-by-nc,288213083,needs_id,39.9090955,-8.6853305,native
lythrum_junceum_053.jpg,https://inaturalist-open-data.s3.amazonaws.com/photos/518267567/medium.jpg,cc-by-nc,288203985,needs_id,38.0253346,12.6943971997,native
lythrum_junceum_054.jpg,https://inaturalist-open-data.s3.amazonaws.com/photos/518230915/medium.jpg,cc-by-nc,288186614,needs_id,37.44169644,-121.85208413,introduced non-invasive
lythrum_junceum_055.jpg,https://inaturalist-open-data.s3.amazonaws.com/photos/518230926/medium.jpg,cc-by-nc,288186614,needs_id,37.44169644,-121.85208413,introduced non-invasive
lythrum_junceum_056.jpg,https://inaturalist-open-data.s3.amazonaws.com/photos/518186733/medium.jpg,cc-by-nc,288160813,needs_id,41.3196027778,12.9987916667,native
lythrum_junceum_057.jpg,https://inaturalist-open-data.s3.amazonaws.com/photos/518182691/medium.jpg,cc-by-nc,288158609,needs_id,41.4479888889,12.900525,native
lythrum_junceum_058.jpg,https://inaturalist-open-data.s3.amazonaws.com/photos/517701894/medium.jpg,cc-by-nc,287905434,research,38.68627,-27.2098516667,native
lythrum_junceum_059.jpg,https://inaturalist-open-data.s3.amazonaws.com/photos/517701959/medium.jpg,cc-by-nc,287905434,research,38.68627,-27.2098516667,native
lythrum_junceum_060.jpg,https://inaturalist-open-data.s3.amazonaws.com/photos/517645304/medium.jpg,cc-by-nc,287873930,research,38.7947533333,-27.199395,native
lythrum_junceum_061.jpg,https://inaturalist-open-data.s3.amazonaws.com/photos/517645379/medium.jpg,cc-by-nc,287873930,research,38.7947533333,-27.199395,native
lythrum_junceum_062.jpg,https://inaturalist-open-data.s3.amazonaws.com/photos/517536968/medium.jpg,cc-by-nc-sa,287813183,research,38.616569,-9.042706,native
lythrum_junceum_063.jpg,https://inaturalist-open-data.s3.amazonaws.com/photos/517536975/medium.jpg,cc-by-nc-sa,287813183,research,38.616569,-9.042706,native
lythrum_junceum_064.jpg,https://inaturalist-open-data.s3.amazonaws.com/photos/517536980/medium.jpg,cc-by-nc-sa,287813183,research,38.616569,-9.042706,native
lythrum_junceum_065.jpg,https://inaturalist-open-data.s3.amazonaws.com/photos/517537016/medium.jpg,cc-by-nc-sa,287813183,research,38.616569,-9.042706,native
lythrum_junceum_066.jpg,https://inaturalist-open-data.s3.amazonaws.com/photos/517262783/medium.jpg,cc-by-nc,287672042,needs_id,38.7280345,-9.4292479,native
lythrum_junceum_067.jpg,https://inaturalist-open-data.s3.amazonaws.com/photos/517259284/medium.jpg,cc-by-nc,287669881,needs_id,37.7113698471,20.9846803173,native
lythrum_junceum_068.jpg,https://inaturalist-open-data.s3.amazonaws.com/photos/517259624/medium.jpg,cc-by-nc,287669881,needs_id,37.7113698471,20.9846803173,native
lythrum_junceum_069.jpg,https://inaturalist-open-data.s3.amazonaws.com/photos/517193116/medium.jpg,cc-by-nc,287634261,needs_id,43.6019029681,-8.1544964388,native
lythrum_junceum_070.jpg,https://inaturalist-open-data.s3.amazonaws.com/photos/517193418/medium.jpg,cc-by-nc,287634261,needs_id,43.6019029681,-8.1544964388,native
lythrum_junceum_071.jpg,https://inaturalist-open-data.s3.amazonaws.com/photos/517193502/medium.jpg,cc-by-nc,287634261,needs_id,43.6019029681,-8.1544964388,native
lythrum_junceum_072.jpg,https://inaturalist-open-data.s3.amazonaws.com/photos/516729577/medium.jpg,cc-by-nc,287383293,research,40.204312963,-8.4165344906,native
lythrum_junceum_073.jpg,https://inaturalist-open-data.s3.amazonaws.com/photos/516730346/medium.jpg,cc-by-nc,287383293,research,40.204312963,-8.4165344906,native
lythrum_junceum_074.jpg,https://inaturalist-open-data.s3.amazonaws.com/photos/516730345/medium.jpg,cc-by-nc,287383293,research,40.204312963,-8.4165344906,native
lythrum_junceum_075.jpg,https://inaturalist-open-data.s3.amazonaws.com/photos/516552464/medium.jpg,cc-by-nc,287286588,needs_id,43.3064413,-2.6492268,native
lythrum_junceum_076.jpg,https://inaturalist-open-data.s3.amazonaws.com/photos/516556442/medium.jpg,cc-by-nc,287286588,needs_id,43.3064413,-2.6492268,native
lythrum_junceum_077.jpg,https://inaturalist-open-data.s3.amazonaws.com/photos/516484232/medium.jpg,cc-by-nc,287250064,needs_id,39.8118783333,-8.84237,native
lythrum_junceum_078.jpg,https://inaturalist-open-data.s3.amazonaws.com/photos/516484245/medium.jpg,cc-by-nc,287250064,needs_id,39.8118783333,-8.84237,native
lythrum_junceum_079.jpg,https://inaturalist-open-data.s3.amazonaws.com/photos/516463017/medium.jpg,cc-by-nc,287238481,needs_id,40.0398139722,-8.5471277222,native
lythrum_junceum_080.jpg,https://inaturalist-open-data.s3.amazonaws.com/photos/516463039/medium.jpg,cc-by-nc,287238481,needs_id,40.0398139722,-8.5471277222,native
lythrum_junceum_081.jpg,https://inaturalist-open-data.s3.amazonaws.com/photos/516462735/medium.jpg,cc-by-nc,287238321,needs_id,40.0408973611,-8.5455045556,native
lythrum_junceum_082.jpg,https://inaturalist-open-data.s3.amazonaws.com/photos/516462744/medium.jpg,cc-by-nc,287238321,needs_id,40.0408973611,-8.5455045556,native
lythrum_junceum_083.jpg,https://inaturalist-open-data.s3.amazonaws.com/photos/516106685/medium.jpg,cc-by-nc,287051547,needs_id,43.4721799153,-3.8081617688,native
lythrum_junceum_084.jpg,https://inaturalist-open-data.s3.amazonaws.com/photos/516227079/medium.jpg,cc-by-nc,287038065,needs_id,42.4370388916,-8.6402538403,native
lythrum_junceum_085.jpg,https://inaturalist-open-data.s3.amazonaws.com/photos/516039617/medium.jpg,cc-by-nc,287012460,research,39.4004377,-9.1437127,native
lythrum_junceum_086.jpg,https://inaturalist-open-data.s3.amazonaws.com/photos/516002636/medium.jpg,cc-by-nc,286992659,needs_id,39.5704515997,-8.5874033,native
lythrum_junceum_087.jpg,https://inaturalist-open-data.s3.amazonaws.com/photos/516002659/medium.jpg,cc-by-nc,286992659,needs_id,39.5704515997,-8.5874033,native
lythrum_junceum_088.jpg,https://inaturalist-open-data.s3.amazonaws.com/photos/515752246/medium.jpg,cc-by-nc,286863984,needs_id,38.781767,-9.2610623,native
lythrum_junceum_089.jpg,https://inaturalist-open-data.s3.amazonaws.com/photos/515651042/medium.jpg,cc-by,286809169,needs_id,42.4367561997,-8.6403496,native
lythrum_junceum_090.jpg,https://inaturalist-open-data.s3.amazonaws.com/photos/515651093/medium.jpg,cc-by,286809169,needs_id,42.4367561997,-8.6403496,native
lythrum_junceum_091.jpg,https://inaturalist-open-data.s3.amazonaws.com/photos/515663743/medium.jpg,cc-by,286809169,needs_id,42.4367561997,-8.6403496,native
lythrum_junceum_092.jpg,https://inaturalist-open-data.s3.amazonaws.com/photos/515582486/medium.jpg,cc-by-nc,286768091,needs_id,42.7623243,-8.2558847,native
lythrum_junceum_093.jpg,https://inaturalist-open-data.s3.amazonaws.com/photos/515582551/medium.jpg,cc-by-nc,286768091,needs_id,42.7623243,-8.2558847,native
lythrum_junceum_094.jpg,https://inaturalist-open-data.s3.amazonaws.com/photos/515501880/medium.jpg,cc-by,286740588,research,-37.0057427044,174.5864679121,
lythrum_junceum_095.jpg,https://inaturalist-open-data.s3.amazonaws.com/photos/515325741/medium.jpg,cc-by-nc,286641747,research,43.3752333333,-4.5041111111,native
lythrum_junceum_096.jpg,https://inaturalist-open-data.s3.amazonaws.com/photos/515229865/medium.jpg,cc-by-nc,286590638,needs_id,42.1405361667,12.0255055,native
lythrum_junceum_097.jpg,https://inaturalist-open-data.s3.amazonaws.com/photos/515234914/medium.jpg,cc-by-nc,286590638,needs_id,42.1405361667,12.0255055,native
lythrum_junceum_098.jpg,https://inaturalist-open-data.s3.amazonaws.com/photos/515234926/medium.jpg,cc-by-nc,286590638,needs_id,42.1405361667,12.0255055,native
lythrum_junceum_099.jpg,https://inaturalist-open-data.s3.amazonaws.com/photos/515226186/medium.jpg,cc-by-nc,286588612,needs_id,37.0849907399,-5.0917567313,native
lythrum_junceum_100.jpg,https://inaturalist-open-data.s3.amazonaws.com/photos/515226238/medium.jpg,cc-by-nc,286588612,needs_id,37.0849907399,-5.0917567313,native
lythrum_junceum_101.jpg,https://inaturalist-open-data.s3.amazonaws.com/photos/515147541/medium.jpg,cc-by-nc,286538879,research,42.7589530762,-8.3082785457,native
lythrum_junceum_102.jpg,https://inaturalist-open-data.s3.amazonaws.com/photos/515147635/medium.jpg,cc-by-nc,286538879,research,42.7589530762,-8.3082785457,native
lythrum_junceum_103.jpg,https://inaturalist-open-data.s3.amazonaws.com/photos/515136296/medium.jpg,cc-by-nc,286538513,needs_id,37.1573945,-7.6953283333,native
lythrum_junceum_104.jpg,https://inaturalist-open-data.s3.amazonaws.com/photos/515090784/medium.jpg,cc-by-nc,286513709,research,39.3694599722,16.228538,native
lythrum_junceum_105.jpg,https://inaturalist-open-data.s3.amazonaws.com/photos/514678263/medium.jpg,cc-by-nc,286297204,research,37.3015366667,-8.53103,native
lythrum_junceum_106.jpg,https://inaturalist-open-data.s3.amazonaws.com/photos/514678314/medium.jpg,cc-by-nc,286297204,research,37.3015366667,-8.53103,native
lythrum_junceum_107.jpg,https://inaturalist-open-data.s3.amazonaws.com/photos/514653701/medium.jpg,cc-by-nc,286283806,needs_id,40.6378468997,-8.6095486,native
lythrum_junceum_108.jpg,https://inaturalist-open-data.s3.amazonaws.com/photos/514654452/medium.jpg,cc-by-nc,286283806,needs_id,40.6378468997,-8.6095486,native
lythrum_junceum_109.jpg,https://inaturalist-open-data.s3.amazonaws.com/photos/514654494/medium.jpg,cc-by-nc,286283806,needs_id,40.6378468997,-8.6095486,native
lythrum_junceum_110.jpg,https://inaturalist-open-data.s3.amazonaws.com/photos/514655258/medium.jpg,cc-by-nc,286283806,needs_id,40.6378468997,-8.6095486,native
lythrum_junceum_111.jpg,https://inaturalist-open-data.s3.amazonaws.com/photos/514655321/medium.jpg,cc-by-nc,286283806,needs_id,40.6378468997,-8.6095486,native
lythrum_junceum_112.jpg,https://inaturalist-open-data.s3.amazonaws.com/photos/514655389/medium.jpg,cc-by-nc,286283806,needs_id,40.6378468997,-8.6095486,native
lythrum_junceum_113.jpg,https://inaturalist-open-data.s3.amazonaws.com/photos/514590150/medium.jpg,cc-by-nc,286250680,needs_id,38.8643973,-9.3279642,native
lythrum_junceum_114.jpg,https://inaturalist-open-data.s3.amazonaws.com/photos/514262260/medium.jpg,cc-by-nc,286084069,needs_id,37.450712335,-121.8602582964,introduced non-invasive
lythrum_junceum_115.jpg,https://inaturalist-open-data.s3.amazonaws.com/photos/513972633/medium.jpg,cc-by-nc,285926931,research,39.5490540916,-0.5647102743,native
lythrum_junceum_116.jpg,https://inaturalist-open-data.s3.amazonaws.com/photos/513972710/medium.jpg,cc-by-nc,285926931,research,39.5490540916,-0.5647102743,native
lythrum_junceum_117.jpg,https://inaturalist-open-data.s3.amazonaws.com/photos/513972801/medium.jpg,cc-by-nc,285926931,research,39.5490540916,-0.5647102743,native
lythrum_junceum_118.jpg,https://inaturalist-open-data.s3.amazonaws.com/photos/513954979/medium.jpg,cc-by-nc-sa,285919029,research,38.9017710956,-9.1849716665,native
lythrum_junceum_119.jpg,https://inaturalist-open-data.s3.amazonaws.com/photos/513954988/medium.jpg,cc-by-nc-sa,285919029,research,38.9017710956,-9.1849716665,native
lythrum_junceum_120.jpg,https://inaturalist-open-data.s3.amazonaws.com/photos/513954969/medium.jpg,cc-by-nc-sa,285919029,research,38.9017710956,-9.1849716665,native
lythrum_junceum_121.jpg,https://inaturalist-open-data.s3.amazonaws.com/photos/513954992/medium.jpg,cc-by-nc-sa,285919029,research,38.9017710956,-9.1849716665,native
lythrum_junceum_122.jpg,https://inaturalist-open-data.s3.amazonaws.com/photos/513955010/medium.jpg,cc-by-nc-sa,285919029,research,38.9017710956,-9.1849716665,native
lythrum_junceum_123.jpg,https://inaturalist-open-data.s3.amazonaws.com/photos/513512506/medium.jpg,cc-by,285812427,research,40.03007306,4.158548889,native
lythrum_junceum_124.jpg,https://inaturalist-open-data.s3.amazonaws.com/photos/513475551/medium.jpg,cc-by-nc,285694731,needs_id,37.7274474546,-2.9130295397,native
lythrum_junceum_125.jpg,https://inaturalist-open-data.s3.amazonaws.com/photos/513475624/medium.jpg,cc-by-nc,285694731,needs_id,37.7274474546,-2.9130295397,native
lythrum_junceum_126.jpg,https://inaturalist-open-data.s3.amazonaws.com/photos/513475650/medium.jpg,cc-by-nc,285694731,needs_id,37.7274474546,-2.9130295397,native
lythrum_junceum_127.jpg,https://inaturalist-open-data.s3.amazonaws.com/photos/513522699/medium.jpg,cc-by-nc,285693931,needs_id,35.0595629722,25.4189059722,native
lythrum_junceum_128.jpg,https://inaturalist-open-data.s3.amazonaws.com/photos/513319814/medium.jpg,cc-by-nc,285577131,research,37.1077778333,-7.6618916667,native
lythrum_junceum_129.jpg,https://inaturalist-open-data.s3.amazonaws.com/photos/513236606/medium.jpg,cc-by-nc,285531197,needs_id,37.6344167472,-8.5779127444,native
lythrum_junceum_130.jpg,https://inaturalist-open-data.s3.amazonaws.com/photos/512877377/medium.jpg,cc-by-nc,285338365,research,37.6050776,25.0682842,native
lythrum_junceum_131.jpg,https://inaturalist-open-data.s3.amazonaws.com/photos/512877464/medium.jpg,cc-by-nc,285338365,research,37.6050776,25.0682842,native
lythrum_junceum_132.jpg,https://inaturalist-open-data.s3.amazonaws.com/photos/512877545/medium.jpg,cc-by-nc,285338365,research,37.6050776,25.0682842,native
lythrum_junceum_133.jpg,https://inaturalist-open-data.s3.amazonaws.com/photos/512877626/medium.jpg,cc-by-nc,285338365,research,37.6050776,25.0682842,native
lythrum_junceum_134.jpg,https://inaturalist-open-data.s3.amazonaws.com/photos/512807838/medium.jpg,cc-by-nc,285298360,research,43.35779,-4.063695,native
lythrum_junceum_135.jpg,https://inaturalist-open-data.s3.amazonaws.com/photos/512802956/medium.jpg,cc-by-nc-sa,285296671,research,40.1719970556,-8.2000350833,native
lythrum_junceum_136.jpg,https://inaturalist-open-data.s3.amazonaws.com/photos/512622812/medium.jpg,cc-by-nc,285203039,needs_id,37.5112702275,-121.8994091274,introduced non-invasive
lythrum_junceum_137.jpg,https://inaturalist-open-data.s3.amazonaws.com/photos/512622814/medium.jpg,cc-by-nc,285203039,needs_id,37.5112702275,-121.8994091274,introduced non-invasive
lythrum_junceum_138.jpg,https://inaturalist-open-data.s3.amazonaws.com/photos/512622809/medium.jpg,cc-by-nc,285203039,needs_id,37.5112702275,-121.8994091274,introduced non-invasive
lythrum_junceum_139.jpg,https://inaturalist-open-data.s3.amazonaws.com/photos/512599034/medium.jpg,cc-by-nc,285192087,research,43.3430839833,-8.3548579333,native
lythrum_junceum_140.jpg,https://inaturalist-open-data.s3.amazonaws.com/photos/512599031/medium.jpg,cc-by-nc,285192087,research,43.3430839833,-8.3548579333,native
lythrum_junceum_141.jpg,https://inaturalist-open-data.s3.amazonaws.com/photos/512521090/medium.jpg,cc-by-nc,285150124,needs_id,37.6025283333,25.1675216667,native
lythrum_junceum_142.jpg,https://inaturalist-open-data.s3.amazonaws.com/photos/512521027/medium.jpg,cc-by-nc,285150124,needs_id,37.6025283333,25.1675216667,native
lythrum_junceum_143.jpg,https://inaturalist-open-data.s3.amazonaws.com/photos/512357794/medium.jpg,cc-by-nc,285059926,needs_id,39.4083104599,-8.9884873621,native
lythrum_junceum_144.jpg,https://inaturalist-open-data.s3.amazonaws.com/photos/512250404/medium.jpg,cc-by-nc,285001206,casual,,,
lythrum_junceum_145.jpg,https://inaturalist-open-data.s3.amazonaws.com/photos/512236164/medium.jpg,cc-by-nc,284994569,research,37.34049526,-121.90264604,introduced non-invasive
lythrum_junceum_146.jpg,https://inaturalist-open-data.s3.amazonaws.com/photos/512236169/medium.jpg,cc-by-nc,284994569,research,37.34049526,-121.90264604,introduced non-invasive
lythrum_junceum_147.jpg,https://inaturalist-open-data.s3.amazonaws.com/photos/512236174/medium.jpg,cc-by-nc,284994569,research,37.34049526,-121.90264604,introduced non-invasive
lythrum_junceum_148.jpg,https://inaturalist-open-data.s3.amazonaws.com/photos/512063331/medium.jpg,cc-by-nc,284904912,research,38.8471777778,-9.2822194444,native
lythrum_junceum_149.jpg,https://inaturalist-open-data.s3.amazonaws.com/photos/512063395/medium.jpg,cc-by-nc,284904912,research,38.8471777778,-9.2822194444,native
lythrum_junceum_150.jpg,https://inaturalist-open-data.s3.amazonaws.com/photos/512063491/medium.jpg,cc-by-nc,284904912,research,38.8471777778,-9.2822194444,native
lythrum_junceum_151.jpg,https://inaturalist-open-data.s3.amazonaws.com/photos/512063549/medium.jpg,cc-by-nc,284904912,research,38.8471777778,-9.2822194444,native
lythrum_junceum_152.jpg,https://inaturalist-open-data.s3.amazonaws.com/photos/512063614/medium.jpg,cc-by-nc,284904912,research,38.8471777778,-9.2822194444,native
lythrum_junceum_153.jpg,https://inaturalist-open-data.s3.amazonaws.com/photos/511944703/medium.jpg,cc-by-nc,284839406,needs_id,38.1200286183,15.4224874114,native
lythrum_junceum_154.jpg,https://inaturalist-open-data.s3.amazonaws.com/photos/511944768/medium.jpg,cc-by-nc,284839406,needs_id,38.1200286183,15.4224874114,native
lythrum_junceum_155.jpg,https://inaturalist-open-data.s3.amazonaws.com/photos/511787770/medium.jpg,cc-by-nc,284753499,needs_id,37.1080778333,-7.6618633333,native
lythrum_junceum_156.jpg,https://inaturalist-open-data.s3.amazonaws.com/photos/511549312/medium.jpg,cc-by,284630685,needs_id,33.2483343,35.7546748997,
lythrum_junceum_157.jpg,https://inaturalist-open-data.s3.amazonaws.com/photos/511549366/medium.jpg,cc-by,284630685,needs_id,33.2483343,35.7546748997,
lythrum_junceum_158.jpg,https://inaturalist-open-data.s3.amazonaws.com/photos/511549416/medium.jpg,cc-by,284630685,needs_id,33.2483343,35.7546748997,
lythrum_junceum_159.jpg,https://inaturalist-open-data.s3.amazonaws.com/photos/511528318/medium.jpg,cc-by-nc,284620175,needs_id,39.3184805,-8.8450624,native
lythrum_junceum_160.jpg,https://inaturalist-open-data.s3.amazonaws.com/photos/511451719/medium.jpg,cc-by-nc,284578768,research,43.3549222222,-8.2809611111,native
lythrum_junceum_161.jpg,https://inaturalist-open-data.s3.amazonaws.com/photos/511451787/medium.jpg,cc-by-nc,284578768,research,43.3549222222,-8.2809611111,native
lythrum_junceum_162.jpg,https://inaturalist-open-data.s3.amazonaws.com/photos/511451845/medium.jpg,cc-by-nc,284578768,research,43.3549222222,-8.2809611111,native
lythrum_junceum_163.jpg,https://inaturalist-open-data.s3.amazonaws.com/photos/511451919/medium.jpg,cc-by-nc,284578768,research,43.3549222222,-8.2809611111,native
lythrum_junceum_164.jpg,https://inaturalist-open-data.s3.amazonaws.com/photos/511280362/medium.jpg,cc-by-nc,284486428,research,37.3510466667,-8.8344216667,native
lythrum_junceum_165.jpg,https://inaturalist-open-data.s3.amazonaws.com/photos/511280397/medium.jpg,cc-by-nc,284486428,research,37.3510466667,-8.8344216667,native
lythrum_junceum_166.jpg,https://inaturalist-open-data.s3.amazonaws.com/photos/511280415/medium.jpg,cc-by-nc,284486428,research,37.3510466667,-8.8344216667,native
lythrum_junceum_167.jpg,https://inaturalist-open-data.s3.amazonaws.com/photos/511280446/medium.jpg,cc-by-nc,284486428,research,37.3510466667,-8.8344216667,native
lythrum_junceum_168.jpg,https://inaturalist-open-data.s3.amazonaws.com/photos/510996647/medium.jpg,cc-by-nc-sa,284342836,research,42.252875,-8.66354833,native
lythrum_junceum_169.jpg,https://inaturalist-open-data.s3.amazonaws.com/photos/510973586/medium.jpg,cc-by-nc,284330548,research,36.3214035033,6.5774102208,native
lythrum_junceum_170.jpg,https://inaturalist-open-data.s3.amazonaws.com/photos/510973648/medium.jpg,cc-by-nc,284330548,research,36.3214035033,6.5774102208,native
lythrum_junceum_171.jpg,https://inaturalist-open-data.s3.amazonaws.com/photos/510973936/medium.jpg,cc-by-nc,284330548,research,36.3214035033,6.5774102208,native
lythrum_junceum_172.jpg,https://inaturalist-open-data.s3.amazonaws.com/photos/510987486/medium.jpg,cc-by-nc,284321246,needs_id,37.5751478187,-121.9328274204,introduced non-invasive
lythrum_junceum_173.jpg,https://inaturalist-open-data.s3.amazonaws.com/photos/510936411/medium.jpg,cc-by-nc,284309908,needs_id,40.226495,-8.4096216667,native
lythrum_junceum_174.jpg,https://inaturalist-open-data.s3.amazonaws.com/photos/510859492/medium.jpg,cc-by-nc,284267601,needs_id,37.62922369,25.1577634377,native
lythrum_junceum_175.jpg,https://inaturalist-open-data.s3.amazonaws.com/photos/510453438/medium.jpg,cc-by-nc,284055911,needs_id,38.66484616,-9.16719774,native
lythrum_junceum_176.jpg,https://inaturalist-open-data.s3.amazonaws.com/photos/510453620/medium.jpg,cc-by-nc,284055911,needs_id,38.66484616,-9.16719774,native
lythrum_junceum_177.jpg,https://inaturalist-open-data.s3.amazonaws.com/photos/510169292/medium.jpg,cc-by-nc,283901588,needs_id,39.7669429724,-8.8074506689,native
lythrum_junceum_178.jpg,https://inaturalist-open-data.s3.amazonaws.com/photos/510169327/medium.jpg,cc-by-nc,283901588,needs_id,39.7669429724,-8.8074506689,native
lythrum_junceum_179.jpg,https://inaturalist-open-data.s3.amazonaws.com/photos/510184353/medium.jpg,cc-by-nc,283900875,needs_id,43.3981474848,-8.3216306988,native
lythrum_junceum_180.jpg,https://inaturalist-open-data.s3.amazonaws.com/photos/510157987/medium.jpg,cc-by-nc,283895782,needs_id,43.39811142,-8.32180994,native
lythrum_junceum_181.jpg,https://inaturalist-open-data.s3.amazonaws.com/photos/510164063/medium.jpg,cc-by-nc,283895782,needs_id,43.39811142,-8.32180994,native
lythrum_junceum_182.jpg,https://inaturalist-open-data.s3.amazonaws.com/photos/510336531/medium.jpg,cc-by-nc,283895782,needs_id,43.39811142,-8.32180994,native
lythrum_junceum_183.jpg,https://inaturalist-open-data.s3.amazonaws.com/photos/510154163/medium.jpg,cc-by-nc,283893827,research,43.3965097991,-8.320453986,native
lythrum_junceum_184.jpg,https://inaturalist-open-data.s3.amazonaws.com/photos/510110498/medium.jpg,cc-by-nc,283869773,needs_id,38.8908722222,-9.2206388889,native
lythrum_junceum_185.jpg,https://inaturalist-open-data.s3.amazonaws.com/photos/510110515/medium.jpg,cc-by-nc,283869773,needs_id,38.8908722222,-9.2206388889,native
lythrum_junceum_186.jpg,https://inaturalist-open-data.s3.amazonaws.com/photos/510110543/medium.jpg,cc-by-nc,283869773,needs_id,38.8908722222,-9.2206388889,native
lythrum_junceum_187.jpg,https://inaturalist-open-data.s3.amazonaws.com/photos/510110583/medium.jpg,cc-by-nc,283869773,needs_id,38.8908722222,-9.2206388889,native
lythrum_junceum_188.jpg,https://inaturalist-open-data.s3.amazonaws.com/photos/510110620/medium.jpg,cc-by-nc,283869773,needs_id,38.8908722222,-9.2206388889,native
lythrum_junceum_189.jpg,https://inaturalist-open-data.s3.amazonaws.com/photos/509925391/medium.jpg,cc-by-nc,283776448,needs_id,33.9709748999,-118.430655995,introduced non-invasive
lythrum_junceum_190.jpg,https://inaturalist-open-data.s3.amazonaws.com/photos/509925383/medium.jpg,cc-by-nc,283776448,needs_id,33.9709748999,-118.430655995,introduced non-invasive
lythrum_junceum_191.jpg,https://inaturalist-open-data.s3.amazonaws.com/photos/509925393/medium.jpg,cc-by-nc,283776448,needs_id,33.9709748999,-118.430655995,introduced non-invasive
lythrum_junceum_192.jpg,https://inaturalist-open-data.s3.amazonaws.com/photos/509925395/medium.jpg,cc-by-nc,283776448,needs_id,33.9709748999,-118.430655995,introduced non-invasive
lythrum_junceum_193.jpg,https://inaturalist-open-data.s3.amazonaws.com/photos/509784624/medium.jpg,cc-by-nc,283699441,needs_id,38.4589883333,-8.447725,native
lythrum_junceum_194.jpg,https://inaturalist-open-data.s3.amazonaws.com/photos/509784673/medium.jpg,cc-by-nc,283699441,needs_id,38.4589883333,-8.447725,native
lythrum_junceum_195.jpg,https://inaturalist-open-data.s3.amazonaws.com/photos/509785214/medium.jpg,cc-by-nc,283699441,needs_id,38.4589883333,-8.447725,native
lythrum_junceum_196.jpg,https://inaturalist-open-data.s3.amazonaws.com/photos/509700646/medium.jpg,cc-by-nc,283653273,needs_id,36.2413173,-5.8863394,native
lythrum_junceum_197.jpg,https://inaturalist-open-data.s3.amazonaws.com/photos/509743263/medium.jpg,cc-by-nc,283653273,needs_id,36.2413173,-5.8863394,native
lythrum_junceum_198.jpg,https://inaturalist-open-data.s3.amazonaws.com/photos/509687469/medium.jpg,cc-by-nc,283645266,research,43.5385959888,-5.7105225697,native
lythrum_junceum_199.jpg,https://inaturalist-open-data.s3.amazonaws.com/photos/509687501/medium.jpg,cc-by-nc,283645266,research,43.5385959888,-5.7105225697,native
lythrum_junceum_200.jpg,https://inaturalist-open-data.s3.amazonaws.com/photos/509687545/medium.jpg,cc-by-nc,283645266,research,43.5385959888,-5.7105225697,native
lythrum_junceum_201.jpg,https://inaturalist-open-data.s3.amazonaws.com/photos/509687584/medium.jpg,cc-by-nc,283645266,research,43.5385959888,-5.7105225697,native
lythrum_junceum_202.jpg,https://inaturalist-open-data.s3.amazonaws.com/photos/509687627/medium.jpg,cc-by-nc,283645266,research,43.5385959888,-5.7105225697,native
lythrum_junceum_203.jpg,https://inaturalist-open-data.s3.amazonaws.com/photos/509687665/medium.jpg,cc-by-nc,283645266,research,43.5385959888,-5.7105225697,native
lythrum_junceum_204.jpg,https://inaturalist-open-data.s3.amazonaws.com/photos/509605518/medium.jpg,cc-by-nc,283599078,needs_id,35.7735000709,-5.7765379469,native
lythrum_junceum_205.jpg,https://inaturalist-open-data.s3.amazonaws.com/photos/509575682/medium.jpg,cc-by-nc,283582815,needs_id,38.985105,-8.8371366667,native
lythrum_junceum_206.jpg,https://inaturalist-open-data.s3.amazonaws.com/photos/509575681/medium.jpg,cc-by-nc,283582815,needs_id,38.985105,-8.8371366667,native
lythrum_junceum_207.jpg,https://inaturalist-open-data.s3.amazonaws.com/photos/509325569/medium.jpg,cc-by,283454158,casual,,,
lythrum_junceum_208.jpg,https://inaturalist-open-data.s3.amazonaws.com/photos/509312438/medium.jpg,cc-by-nc,283447124,needs_id,38.9008256927,-0.6899194792,native
lythrum_junceum_209.jpg,https://inaturalist-open-data.s3.amazonaws.com/photos/509312621/medium.jpg,cc-by-nc,283447124,needs_id,38.9008256927,-0.6899194792,native
lythrum_junceum_210.jpg,https://inaturalist-open-data.s3.amazonaws.com/photos/509090164/medium.jpg,cc-by-nc,283326529,needs_id,39.2393805556,-9.3087611111,native
lythrum_junceum_211.jpg,https://inaturalist-open-data.s3.amazonaws.com/photos/509090183/medium.jpg,cc-by-nc,283326529,needs_id,39.2393805556,-9.3087611111,native
lythrum_junceum_212.jpg,https://inaturalist-open-data.s3.amazonaws.com/photos/509079142/medium.jpg,cc-by-nc,283320503,needs_id,36.1491,-5.3555883333,native
lythrum_junceum_213.jpg,https://inaturalist-open-data.s3.amazonaws.com/photos/509079148/medium.jpg,cc-by-nc,283320503,needs_id,36.1491,-5.3555883333,native
lythrum_junceum_214.jpg,https://inaturalist-open-data.s3.amazonaws.com/photos/509074542/medium.jpg,cc-by-nc,283317864,needs_id,38.9723864253,-9.0128291398,native
lythrum_junceum_215.jpg,https://inaturalist-open-data.s3.amazonaws.com/photos/509074615/medium.jpg,cc-by-nc,283317864,needs_id,38.9723864253,-9.0128291398,native
lythrum_junceum_216.jpg,https://inaturalist-open-data.s3.amazonaws.com/photos/509074630/medium.jpg,cc-by-nc,283317864,needs_id,38.9723864253,-9.0128291398,native
lythrum_junceum_217.jpg,https://inaturalist-open-data.s3.amazonaws.com/photos/508854937/medium.jpg,cc-by-nc,283204188,needs_id,38.462425,-8.4401283333,native
lythrum_junceum_218.jpg,https://inaturalist-open-data.s3.amazonaws.com/photos/508855018/medium.jpg,cc-by-nc,283204188,needs_id,38.462425,-8.4401283333,native
lythrum_junceum_219.jpg,https://inaturalist-open-data.s3.amazonaws.com/photos/508855310/medium.jpg,cc-by-nc,283204188,needs_id,38.462425,-8.4401283333,native
lythrum_junceum_220.jpg,https://inaturalist-open-data.s3.amazonaws.com/photos/508781163/medium.jpg,cc-by-nc,283163370,needs_id,36.7105083333,2.9600555556,native
lythrum_junceum_221.jpg,https://inaturalist-open-data.s3.amazonaws.com/photos/508781682/medium.jpg,cc-by-nc,283163370,needs_id,36.7105083333,2.9600555556,native
lythrum_junceum_222.jpg,https://inaturalist-open-data.s3.amazonaws.com/photos/508747368/medium.jpg,cc-by,283143648,needs_id,40.03003799,4.15847799,native
lythrum_junceum_223.jpg,https://inaturalist-open-data.s3.amazonaws.com/photos/508665291/medium.jpg,cc-by-nc,283095453,needs_id,38.98252534,-8.86192141,native
lythrum_junceum_224.jpg,https://inaturalist-open-data.s3.amazonaws.com/photos/508665310/medium.jpg,cc-by-nc,283095453,needs_id,38.98252534,-8.86192141,native
lythrum_junceum_225.jpg,https://inaturalist-open-data.s3.amazonaws.com/photos/508476560/medium.jpg,cc-by-nc,282998185,needs_id,37.7663069389,-8.0101003139,native
lythrum_junceum_226.jpg,https://inaturalist-open-data.s3.amazonaws.com/photos/508475794/medium.jpg,cc-by,282997854,needs_id,42.0586257,11.9391539,native
lythrum_junceum_227.jpg,https://inaturalist-open-data.s3.amazonaws.com/photos/508475833/medium.jpg,cc-by,282997854,needs_id,42.0586257,11.9391539,native
lythrum_junceum_228.jpg,https://inaturalist-open-data.s3.amazonaws.com/photos/508409143/medium.jpg,cc-by-nc,282962268,needs_id,38.878678,-8.9734649722,native
lythrum_junceum_229.jpg,https://inaturalist-open-data.s3.amazonaws.com/photos/508409267/medium.jpg,cc-by-nc,282962268,needs_id,38.878678,-8.9734649722,native
lythrum_junceum_230.jpg,https://inaturalist-open-data.s3.amazonaws.com/photos/508361438/medium.jpg,cc-by-nc,282936269,needs_id,40.2691836,-8.4315886,native
lythrum_junceum_231.jpg,https://inaturalist-open-data.s3.amazonaws.com/photos/508361781/medium.jpg,cc-by-nc,282936269,needs_id,40.2691836,-8.4315886,native
lythrum_junceum_232.jpg,https://inaturalist-open-data.s3.amazonaws.com/photos/508338397/medium.jpg,cc-by-nc,282923261,needs_id,14.603762,-90.489248,
lythrum_junceum_233.jpg,https://inaturalist-open-data.s3.amazonaws.com/photos/508207170/medium.jpg,cc-by-nc,282849985,needs_id,38.8642857997,-9.3280636997,native
lythrum_junceum_234.jpg,https://inaturalist-open-data.s3.amazonaws.com/photos/508113559/medium.jpg,cc-by-nc,282800160,research,40.2872609584,-8.4108252186,native
lythrum_junceum_235.jpg,https://inaturalist-open-data.s3.amazonaws.com/photos/507826941/medium.jpg,cc-by-nc,282649842,needs_id,36.77038055,-6.31099445,native
lythrum_junceum_236.jpg,https://inaturalist-open-data.s3.amazonaws.com/photos/507766653/medium.jpg,cc-by-nc,282617935,needs_id,31.1421783493,-4.0219183915,native
lythrum_junceum_237.jpg,https://inaturalist-open-data.s3.amazonaws.com/photos/507766672/medium.jpg,cc-by-nc,282617935,needs_id,31.1421783493,-4.0219183915,native
lythrum_junceum_238.jpg,https://inaturalist-open-data.s3.amazonaws.com/photos/507518273/medium.jpg,cc-by-nc,282484945,needs_id,39.4490861111,-9.1337277778,native
lythrum_junceum_239.jpg,https://inaturalist-open-data.s3.amazonaws.com/photos/507767157/medium.jpg,cc-by,282354407,needs_id,40.19383929,-8.41647463,native
lythrum_junceum_240.jpg,https://inaturalist-open-data.s3.amazonaws.com/photos/507767278/medium.jpg,cc-by,282354407,needs_id,40.19383929,-8.41647463,native
lythrum_junceum_241.jpg,https://inaturalist-open-data.s3.amazonaws.com/photos/507269218/medium.jpg,cc-by-nc,282346207,needs_id,37.0850595411,-8.6711433307,native
lythrum_junceum_242.jpg,https://inaturalist-open-data.s3.amazonaws.com/photos/507269420/medium.jpg,cc-by-nc,282346207,needs_id,37.0850595411,-8.6711433307,native
lythrum_junceum_243.jpg,https://inaturalist-open-data.s3.amazonaws.com/photos/507269425/medium.jpg,cc-by-nc,282346207,needs_id,37.0850595411,-8.6711433307,native
lythrum_junceum_244.jpg,https://inaturalist-open-data.s3.amazonaws.com/photos/507244711/medium.jpg,cc-by-nc,282333381,needs_id,38.5132,-8.9116621,native
lythrum_junceum_245.jpg,https://inaturalist-open-data.s3.amazonaws.com/photos/507059793/medium.jpg,cc-by-nc,282252022,research,37.1101066631,-7.6619895357,native
lythrum_junceum_246.jpg,https://inaturalist-open-data.s3.amazonaws.com/photos/507059848/medium.jpg,cc-by-nc,282252022,research,37.1101066631,-7.6619895357,native
lythrum_junceum_247.jpg,https://inaturalist-open-data.s3.amazonaws.com/photos/507059851/medium.jpg,cc-by-nc,282252022,research,37.1101066631,-7.6619895357,native
lythrum_junceum_248.jpg,https://inaturalist-open-data.s3.amazonaws.com/photos/507059862/medium.jpg,cc-by-nc,282252022,research,37.1101066631,-7.6619895357,native
lythrum_junceum_249.jpg,https://inaturalist-open-data.s3.amazonaws.com/photos/507059901/medium.jpg,cc-by-nc,282252022,research,37.1101066631,-7.6619895357,native
lythrum_junceum_250.jpg,https://inaturalist-open-data.s3.amazonaws.com/photos/507059915/medium.jpg,cc-by-nc,282252022,research,37.1101066631,-7.6619895357,native
lythrum_junceum_251.jpg,https://inaturalist-open-data.s3.amazonaws.com/photos/507059907/medium.jpg,cc-by-nc,282252022,research,37.1101066631,-7.6619895357,native
lythrum_junceum_252.jpg,https://inaturalist-open-data.s3.amazonaws.com/photos/507059947/medium.jpg,cc-by-nc,282252022,research,37.1101066631,-7.6619895357,native
lythrum_junceum_253.jpg,https://inaturalist-open-data.s3.amazonaws.com/photos/507059959/medium.jpg,cc-by-nc,282252022,research,37.1101066631,-7.6619895357,native
lythrum_junceum_254.jpg,https://inaturalist-open-data.s3.amazonaws.com/photos/507059975/medium.jpg,cc-by-nc,282252022,research,37.1101066631,-7.6619895357,native
lythrum_junceum_255.jpg,https://inaturalist-open-data.s3.amazonaws.com/photos/507060008/medium.jpg,cc-by-nc,282252022,research,37.1101066631,-7.6619895357,native
lythrum_junceum_256.jpg,https://inaturalist-open-data.s3.amazonaws.com/photos/507060009/medium.jpg,cc-by-nc,282252022,research,37.1101066631,-7.6619895357,native
lythrum_junceum_257.jpg,https://inaturalist-open-data.s3.amazonaws.com/photos/507060045/medium.jpg,cc-by-nc,282252022,research,37.1101066631,-7.6619895357,native
lythrum_junceum_258.jpg,https://inaturalist-open-data.s3.amazonaws.com/photos/507059252/medium.jpg,cc-by-nc,282241150,needs_id,37.1518083333,-7.671525,native
lythrum_junceum_259.jpg,https://inaturalist-open-data.s3.amazonaws.com/photos/507059305/medium.jpg,cc-by-nc,282241150,needs_id,37.1518083333,-7.671525,native
lythrum_junceum_260.jpg,https://inaturalist-open-data.s3.amazonaws.com/photos/507059254/medium.jpg,cc-by-nc,282241150,needs_id,37.1518083333,-7.671525,native
lythrum_junceum_261.jpg,https://inaturalist-open-data.s3.amazonaws.com/photos/507059327/medium.jpg,cc-by-nc,282241150,needs_id,37.1518083333,-7.671525,native
lythrum_junceum_262.jpg,https://inaturalist-open-data.s3.amazonaws.com/photos/507055188/medium.jpg,cc-by-nc,282236846,needs_id,37.1519533333,-7.6712233333,native
lythrum_junceum_263.jpg,https://inaturalist-open-data.s3.amazonaws.com/photos/507055110/medium.jpg,cc-by-nc,282236846,needs_id,37.1519533333,-7.6712233333,native
lythrum_junceum_264.jpg,https://inaturalist-open-data.s3.amazonaws.com/photos/507024465/medium.jpg,cc-by-nc,282220212,research,39.3757299722,-8.60176,native
lythrum_junceum_265.jpg,https://inaturalist-open-data.s3.amazonaws.com/photos/507024512/medium.jpg,cc-by-nc,282220212,research,39.3757299722,-8.60176,native
lythrum_junceum_266.jpg,https://inaturalist-open-data.s3.amazonaws.com/photos/507024551/medium.jpg,cc-by-nc,282220212,research,39.3757299722,-8.60176,native
lythrum_junceum_267.jpg,https://inaturalist-open-data.s3.amazonaws.com/photos/507024589/medium.jpg,cc-by-nc,282220212,research,39.3757299722,-8.60176,native
lythrum_junceum_268.jpg,https://inaturalist-open-data.s3.amazonaws.com/photos/506999049/medium.jpg,cc-by-nc,282206552,needs_id,37.23997485,-121.869703775,introduced non-invasive
lythrum_junceum_269.jpg,https://inaturalist-open-data.s3.amazonaws.com/photos/506959711/medium.jpg,cc-by-nc,282189922,research,32.1093972222,34.9238527778,native
lythrum_junceum_270.jpg,https://inaturalist-open-data.s3.amazonaws.com/photos/506866372/medium.jpg,cc-by-nc,282136555,needs_id,38.8123989,-9.35224014,native
lythrum_junceum_271.jpg,https://inaturalist-open-data.s3.amazonaws.com/photos/506770127/medium.jpg,cc-by-nc,282082949,needs_id,37.4319932998,-6.2145880982,native
lythrum_junceum_272.jpg,https://inaturalist-open-data.s3.amazonaws.com/photos/506746807/medium.jpg,cc-by-nc-sa,282070619,needs_id,38.7477055245,-9.1932131439,native
lythrum_junceum_273.jpg,https://inaturalist-open-data.s3.amazonaws.com/photos/506746995/medium.jpg,cc-by-nc-sa,282070619,needs_id,38.7477055245,-9.1932131439,native
lythrum_junceum_274.jpg,https://inaturalist-open-data.s3.amazonaws.com/photos/506746902/medium.jpg,cc-by-nc-sa,282070619,needs_id,38.7477055245,-9.1932131439,native
lythrum_junceum_275.jpg,https://inaturalist-open-data.s3.amazonaws.com/photos/506733386/medium.jpg,cc-by-nc,282062558,needs_id,38.5739517,-9.036958,native
lythrum_junceum_276.jpg,https://inaturalist-open-data.s3.amazonaws.com/photos/506733474/medium.jpg,cc-by-nc,282062558,needs_id,38.5739517,-9.036958,native
lythrum_junceum_277.jpg,https://inaturalist-open-data.s3.amazonaws.com/photos/506733522/medium.jpg,cc-by-nc,282062558,needs_id,38.5739517,-9.036958,native
lythrum_junceum_278.jpg,https://inaturalist-open-data.s3.amazonaws.com/photos/506729953/medium.jpg,cc-by-nc,282060470,needs_id,38.5732625527,-9.0358837321,native
lythrum_junceum_279.jpg,https://inaturalist-open-data.s3.amazonaws.com/photos/506730033/medium.jpg,cc-by-nc,282060470,needs_id,38.5732625527,-9.0358837321,native
lythrum_junceum_280.jpg,https://inaturalist-open-data.s3.amazonaws.com/photos/506730074/medium.jpg,cc-by-nc,282060470,needs_id,38.5732625527,-9.0358837321,native
lythrum_junceum_281.jpg,https://inaturalist-open-data.s3.amazonaws.com/photos/506730121/medium.jpg,cc-by-nc,282060470,needs_id,38.5732625527,-9.0358837321,native
lythrum_junceum_282.jpg,https://inaturalist-open-data.s3.amazonaws.com/photos/506730163/medium.jpg,cc-by-nc,282060470,needs_id,38.5732625527,-9.0358837321,native
lythrum_junceum_283.jpg,https://inaturalist-open-data.s3.amazonaws.com/photos/506730213/medium.jpg,cc-by-nc,282060470,needs_id,38.5732625527,-9.0358837321,native
lythrum_junceum_284.jpg,https://inaturalist-open-data.s3.amazonaws.com/photos/506729578/medium.jpg,cc-by-nc,282060168,needs_id,38.57325905,-9.03588241,native
lythrum_junceum_285.jpg,https://inaturalist-open-data.s3.amazonaws.com/photos/506729682/medium.jpg,cc-by-nc,282060168,needs_id,38.57325905,-9.03588241,native
lythrum_junceum_286.jpg,https://inaturalist-open-data.s3.amazonaws.com/photos/506729765/medium.jpg,cc-by-nc,282060168,needs_id,38.57325905,-9.03588241,native
lythrum_junceum_287.jpg,https://inaturalist-open-data.s3.amazonaws.com/photos/506729838/medium.jpg,cc-by-nc,282060168,needs_id,38.57325905,-9.03588241,native
lythrum_junceum_288.jpg,https://inaturalist-open-data.s3.amazonaws.com/photos/506652906/medium.jpg,cc-by-nc,282018619,needs_id,37.1475997041,-4.0686189798,native
lythrum_junceum_289.jpg,https://inaturalist-open-data.s3.amazonaws.com/photos/506652981/medium.jpg,cc-by-nc,282018619,needs_id,37.1475997041,-4.0686189798,native
lythrum_junceum_290.jpg,https://inaturalist-open-data.s3.amazonaws.com/photos/506529570/medium.jpg,cc-by-nc,281954656,needs_id,37.4557472222,-121.8649638889,introduced non-invasive
lythrum_junceum_291.jpg,https://inaturalist-open-data.s3.amazonaws.com/photos/506523093/medium.jpg,cc-by-nc,281951041,needs_id,37.4482083333,-121.8585861111,introduced non-invasive
lythrum_junceum_292.jpg,https://inaturalist-open-data.s3.amazonaws.com/photos/506089843/medium.jpg,cc-by-nc,281714207,needs_id,39.7471919391,-8.8112192649,native
lythrum_junceum_293.jpg,https://inaturalist-open-data.s3.amazonaws.com/photos/506084389/medium.jpg,cc-by-nc,281710842,needs_id,39.75185665,-8.81127799,native
lythrum_junceum_294.jpg,https://inaturalist-open-data.s3.amazonaws.com/photos/505869338/medium.jpg,cc-by-nc,281599912,research,41.0279947198,-8.6228729304,native
lythrum_junceum_295.jpg,https://inaturalist-open-data.s3.amazonaws.com/photos/505383624/medium.jpg,cc-by-nc,281581427,needs_id,43.3662865,-5.0551213997,native
lythrum_junceum_296.jpg,https://inaturalist-open-data.s3.amazonaws.com/photos/505383637/medium.jpg,cc-by-nc,281581427,needs_id,43.3662865,-5.0551213997,native
lythrum_junceum_297.jpg,https://inaturalist-open-data.s3.amazonaws.com/photos/505759053/medium.jpg,cc-by-nc-sa,281540449,needs_id,35.1693416667,25.0186083333,native
lythrum_junceum_298.jpg,https://inaturalist-open-data.s3.amazonaws.com/photos/505758516/medium.jpg,cc-by-nc-sa,281539941,needs_id,35.1693416667,25.0186083333,native
lythrum_junceum_299.jpg,https://inaturalist-open-data.s3.amazonaws.com/photos/505631416/medium.jpg,cc-by-nc,281471879,research,36.730525,-3.573725,native
lythrum_junceum_300.jpg,https://inaturalist-open-data.s3.amazonaws.com/photos/505631433/medium.jpg,cc-by-nc,281471879,research,36.730525,-3.573725,native
lythrum_junceum_301.jpg,https://inaturalist-open-data.s3.amazonaws.com/photos/505606920/medium.jpg,cc-by-nc,281458040,needs_id,38.9534638815,-8.1028169766,native
lythrum_junceum_302.jpg,https://inaturalist-open-data.s3.amazonaws.com/photos/505606950/medium.jpg,cc-by-nc,281458040,needs_id,38.9534638815,-8.1028169766,native
lythrum_junceum_303.jpg,https://inaturalist-open-data.s3.amazonaws.com/photos/505606989/medium.jpg,cc-by-nc,281458040,needs_id,38.9534638815,-8.1028169766,native
lythrum_junceum_304.jpg,https://inaturalist-open-data.s3.amazonaws.com/photos/505607019/medium.jpg,cc-by-nc,281458040,needs_id,38.9534638815,-8.1028169766,native
lythrum_junceum_305.jpg,https://inaturalist-open-data.s3.amazonaws.com/photos/505569378/medium.jpg,cc-by-nc,281438953,research,33.2556357766,35.7557528839,
lythrum_junceum_306.jpg,https://inaturalist-open-data.s3.amazonaws.com/photos/505569398/medium.jpg,cc-by-nc,281438953,research,33.2556357766,35.7557528839,
lythrum_junceum_307.jpg,https://inaturalist-open-data.s3.amazonaws.com/photos/505570874/medium.jpg,cc-by-nc,281438953,research,33.2556357766,35.7557528839,
lythrum_junceum_308.jpg,https://inaturalist-open-data.s3.amazonaws.com/photos/505279692/medium.jpg,cc-by-nc,281288294,needs_id,36.911175,-4.7690833333,native
lythrum_junceum_309.jpg,https://inaturalist-open-data.s3.amazonaws.com/photos/505279704/medium.jpg,cc-by-nc,281288294,needs_id,36.911175,-4.7690833333,native
lythrum_junceum_310.jpg,https://inaturalist-open-data.s3.amazonaws.com/photos/505279809/medium.jpg,cc-by-nc,281288294,needs_id,36.911175,-4.7690833333,native
lythrum_junceum_311.jpg,https://inaturalist-open-data.s3.amazonaws.com/photos/504958430/medium.jpg,cc-by-nc,281117148,needs_id,38.5200424167,-8.9225320556,native
lythrum_junceum_312.jpg,https://inaturalist-open-data.s3.amazonaws.com/photos/504958485/medium.jpg,cc-by-nc,281117148,needs_id,38.5200424167,-8.9225320556,native
lythrum_junceum_313.jpg,https://inaturalist-open-data.s3.amazonaws.com/photos/504958470/medium.jpg,cc-by-nc,281117148,needs_id,38.5200424167,-8.9225320556,native
lythrum_junceum_314.jpg,https://inaturalist-open-data.s3.amazonaws.com/photos/504888623/medium.jpg,cc-by,281080658,needs_id,35.165325,25.018975,native
lythrum_junceum_315.jpg,https://inaturalist-open-data.s3.amazonaws.com/photos/504831088/medium.jpg,cc-by-nc,281049020,needs_id,40.0579147336,15.4384832381,native
lythrum_junceum_316.jpg,https://inaturalist-open-data.s3.amazonaws.com/photos/504831133/medium.jpg,cc-by-nc,281049020,needs_id,40.0579147336,15.4384832381,native
lythrum_junceum_317.jpg,https://inaturalist-open-data.s3.amazonaws.com/photos/504740604/medium.jpg,cc-by-nc,280997352,needs_id,39.4637996748,19.9327349195,native
lythrum_junceum_318.jpg,https://inaturalist-open-data.s3.amazonaws.com/photos/504470125/medium.jpg,cc-by,280858299,needs_id,35.1653166667,25.0189695,native
lythrum_junceum_319.jpg,https://inaturalist-open-data.s3.amazonaws.com/photos/504425537/medium.jpg,cc-by-nc,280834830,needs_id,38.8959388,-9.4205701,native
lythrum_junceum_320.jpeg,https://inaturalist-open-data.s3.amazonaws.com/photos/504365869/medium.jpeg,cc-by-nc,280802967,research,41.4122194444,12.8999055556,native
lythrum_junceum_321.jpeg,https://inaturalist-open-data.s3.amazonaws.com/photos/504365909/medium.jpeg,cc-by-nc,280802967,research,41.4122194444,12.8999055556,native
lythrum_junceum_322.jpeg,https://inaturalist-open-data.s3.amazonaws.com/photos/504365711/medium.jpeg,cc-by-nc,280802891,research,41.409175,12.9020944444,native
lythrum_junceum_323.jpg,https://inaturalist-open-data.s3.amazonaws.com/photos/504344839/medium.jpg,cc-by-nc,280790777,needs_id,38.8989757,-9.4309571,native
lythrum_junceum_324.jpeg,https://inaturalist-open-data.s3.amazonaws.com/photos/504251353/medium.jpeg,cc-by-nc,280740148,needs_id,39.2367805556,-9.2887777778,native
lythrum_junceum_325.jpeg,https://inaturalist-open-data.s3.amazonaws.com/photos/504251377/medium.jpeg,cc-by-nc,280740148,needs_id,39.2367805556,-9.2887777778,native
lythrum_junceum_326.jpeg,https://inaturalist-open-data.s3.amazonaws.com/photos/503938319/medium.jpeg,cc-by-nc-sa,280578282,needs_id,35.1693416667,25.0186083333,native
lythrum_junceum_327.jpeg,https://inaturalist-open-data.s3.amazonaws.com/photos/503938458/medium.jpeg,cc-by-nc-sa,280578282,needs_id,35.1693416667,25.0186083333,native
lythrum_junceum_328.jpeg,https://inaturalist-open-data.s3.amazonaws.com/photos/503861697/medium.jpeg,cc-by-nc,280536780,needs_id,39.3932228088,-8.849694252,native
lythrum_junceum_329.jpeg,https://inaturalist-open-data.s3.amazonaws.com/photos/503431470/medium.jpeg,cc-by-nc,280310779,needs_id,40.7210041,-8.5711133,native
lythrum_junceum_330.jpeg,https://inaturalist-open-data.s3.amazonaws.com/photos/503431548/medium.jpeg,cc-by-nc,280310779,needs_id,40.7210041,-8.5711133,native
lythrum_junceum_331.jpeg,https://inaturalist-open-data.s3.amazonaws.com/photos/503431674/medium.jpeg,cc-by-nc,280310779,needs_id,40.7210041,-8.5711133,native
lythrum_junceum_332.jpeg,https://inaturalist-open-data.s3.amazonaws.com/photos/503290983/medium.jpeg,cc-by-nc,280233629,needs_id,38.8142117,-9.3296818,native
lythrum_junceum_333.jpeg,https://inaturalist-open-data.s3.amazonaws.com/photos/503291049/medium.jpeg,cc-by-nc,280233629,needs_id,38.8142117,-9.3296818,native
lythrum_junceum_334.jpeg,https://inaturalist-open-data.s3.amazonaws.com/photos/503291097/medium.jpeg,cc-by-nc,280233629,needs_id,38.8142117,-9.3296818,native
lythrum_junceum_335.jpg,https://inaturalist-open-data.s3.amazonaws.com/photos/503254544/medium.jpg,cc-by-nc,280213340,needs_id,33.7082466667,35.5289833333,
lythrum_junceum_336.jpg,https://inaturalist-open-data.s3.amazonaws.com/photos/503254587/medium.jpg,cc-by-nc,280213340,needs_id,33.7082466667,35.5289833333,
lythrum_junceum_337.jpg,https://inaturalist-open-data.s3.amazonaws.com/photos/503254635/medium.jpg,cc-by-nc,280213340,needs_id,33.7082466667,35.5289833333,
lythrum_junceum_338.jpg,https://inaturalist-open-data.s3.amazonaws.com/photos/503213365/medium.jpg,cc-by-nc,280192413,research,33.1073209782,35.608167918,
lythrum_junceum_339.jpeg,https://inaturalist-open-data.s3.amazonaws.com/photos/502947085/medium.jpeg,cc-by-nc,280054667,needs_id,32.0995819,34.8216682,native
lythrum_junceum_340.jpeg,https://inaturalist-open-data.s3.amazonaws.com/photos/502947119/medium.jpeg,cc-by-nc,280054667,needs_id,32.0995819,34.8216682,native
lythrum_junceum_341.jpeg,https://inaturalist-open-data.s3.amazonaws.com/photos/502947094/medium.jpeg,cc-by-nc,280054667,needs_id,32.0995819,34.8216682,native
lythrum_junceum_342.jpeg,https://inaturalist-open-data.s3.amazonaws.com/photos/502947180/medium.jpeg,cc-by-nc,280054667,needs_id,32.0995819,34.8216682,native
lythrum_junceum_343.jpeg,https://inaturalist-open-data.s3.amazonaws.com/photos/502947177/medium.jpeg,cc-by-nc,280054667,needs_id,32.0995819,34.8216682,native
lythrum_junceum_344.jpeg,https://inaturalist-open-data.s3.amazonaws.com/photos/502724559/medium.jpeg,cc0,279931161,research,-38.0790726645,145.3563643992,native
lythrum_junceum_345.jpeg,https://inaturalist-open-data.s3.amazonaws.com/photos/502380055/medium.jpeg,cc-by-sa,279757002,needs_id,39.4736286974,-8.5302528537,native
lythrum_junceum_346.jpeg,https://inaturalist-open-data.s3.amazonaws.com/photos/502380078/medium.jpeg,cc-by-sa,279757002,needs_id,39.4736286974,-8.5302528537,native
lythrum_junceum_347.jpeg,https://inaturalist-open-data.s3.amazonaws.com/photos/502380146/medium.jpeg,cc-by-nc,279750920,needs_id,40.5907933333,-8.7449633333,native
lythrum_junceum_348.jpeg,https://inaturalist-open-data.s3.amazonaws.com/photos/502380209/medium.jpeg,cc-by-nc,279750920,needs_id,40.5907933333,-8.7449633333,native
lythrum_junceum_349.jpg,https://inaturalist-open-data.s3.amazonaws.com/photos/502206976/medium.jpg,cc-by-nc,279656418,needs_id,38.8217985,-9.352221,native
lythrum_junceum_350.jpeg,https://inaturalist-open-data.s3.amazonaws.com/photos/502189871/medium.jpeg,cc-by-nc,279646900,research,43.3597881997,-5.1378611,native
lythrum_junceum_351.jpeg,https://inaturalist-open-data.s3.amazonaws.com/photos/502189890/medium.jpeg,cc-by-nc,279646900,research,43.3597881997,-5.1378611,native
lythrum_junceum_352.jpeg,https://inaturalist-open-data.s3.amazonaws.com/photos/502120829/medium.jpeg,cc-by-nc,279610547,needs_id,40.157413566,-8.467027772,native
lythrum_junceum_353.jpeg,https://inaturalist-open-data.s3.amazonaws.com/photos/502121066/medium.jpeg,cc-by-nc,279610547,needs_id,40.157413566,-8.467027772,native
lythrum_junceum_354.jpg,https://inaturalist-open-data.s3.amazonaws.com/photos/501764392/medium.jpg,cc-by-nc,279419567,research,38.8217985,-9.352221,native
lythrum_junceum_355.jpg,https://inaturalist-open-data.s3.amazonaws.com/photos/501770782/medium.jpg,cc-by-nc,279419567,research,38.8217985,-9.352221,native
lythrum_junceum_356.jpeg,https://inaturalist-open-data.s3.amazonaws.com/photos/501725137/medium.jpeg,cc0,279398945,needs_id,35.8952861111,14.3939388889,native
lythrum_junceum_357.jpeg,https://inaturalist-open-data.s3.amazonaws.com/photos/501725169/medium.jpeg,cc0,279398945,needs_id,35.8952861111,14.3939388889,native
lythrum_junceum_358.jpeg,https://inaturalist-open-data.s3.amazonaws.com/photos/501725200/medium.jpeg,cc0,279398945,needs_id,35.8952861111,14.3939388889,native
lythrum_junceum_359.jpeg,https://inaturalist-open-data.s3.amazonaws.com/photos/501614643/medium.jpeg,cc0,279343611,needs_id,35.8896305556,14.380975,native
lythrum_junceum_360.jpeg,https://inaturalist-open-data.s3.amazonaws.com/photos/501614750/medium.jpeg,cc0,279343611,needs_id,35.8896305556,14.380975,native
lythrum_junceum_361.jpeg,https://inaturalist-open-data.s3.amazonaws.com/photos/501614854/medium.jpeg,cc0,279343611,needs_id,35.8896305556,14.380975,native
lythrum_junceum_362.jpeg,https://inaturalist-open-data.s3.amazonaws.com/photos/501614947/medium.jpeg,cc0,279343611,needs_id,35.8896305556,14.380975,native
lythrum_junceum_363.jpg,https://inaturalist-open-data.s3.amazonaws.com/photos/501186026/medium.jpg,cc-by-nc,279109448,research,37.575245,-121.932975,introduced non-invasive
lythrum_junceum_364.jpg,https://inaturalist-open-data.s3.amazonaws.com/photos/501186066/medium.jpg,cc-by-nc,279109448,research,37.575245,-121.932975,introduced non-invasive
lythrum_junceum_365.jpg,https://inaturalist-open-data.s3.amazonaws.com/photos/501186100/medium.jpg,cc-by-nc,279109448,research,37.575245,-121.932975,introduced non-invasive
lythrum_junceum_366.jpeg,https://inaturalist-open-data.s3.amazonaws.com/photos/501171025/medium.jpeg,cc-by-nc,279102430,research,37.45754268,-121.86937377,introduced non-invasive
lythrum_junceum_367.jpeg,https://inaturalist-open-data.s3.amazonaws.com/photos/501171053/medium.jpeg,cc-by-nc,279102430,research,37.45754268,-121.86937377,introduced non-invasive
lythrum_junceum_368.jpeg,https://inaturalist-open-data.s3.amazonaws.com/photos/501171074/medium.jpeg,cc-by-nc,279102430,research,37.45754268,-121.86937377,introduced non-invasive
lythrum_junceum_369.jpeg,https://inaturalist-open-data.s3.amazonaws.com/photos/501171092/medium.jpeg,cc-by-nc,279102430,research,37.45754268,-121.86937377,introduced non-invasive
lythrum_junceum_370.jpeg,https://inaturalist-open-data.s3.amazonaws.com/photos/500887218/medium.jpeg,cc-by-nc,278944748,needs_id,40.0549784299,19.8276336864,native
lythrum_junceum_371.jpeg,https://inaturalist-open-data.s3.amazonaws.com/photos/500887233/medium.jpeg,cc-by-nc,278944748,needs_id,40.0549784299,19.8276336864,native
lythrum_junceum_372.jpeg,https://inaturalist-open-data.s3.amazonaws.com/photos/500887253/medium.jpeg,cc-by-nc,278944748,needs_id,40.0549784299,19.8276336864,native
lythrum_junceum_373.jpeg,https://inaturalist-open-data.s3.amazonaws.com/photos/500887269/medium.jpeg,cc-by-nc,278944748,needs_id,40.0549784299,19.8276336864,native
lythrum_junceum_374.jpeg,https://inaturalist-open-data.s3.amazonaws.com/photos/500813755/medium.jpeg,cc-by-nc,278904745,needs_id,35.1556332605,24.4725437835,native
lythrum_junceum_375.jpeg,https://inaturalist-open-data.s3.amazonaws.com/photos/500813874/medium.jpeg,cc-by-nc,278904745,needs_id,35.1556332605,24.4725437835,native
lythrum_junceum_376.jpg,https://inaturalist-open-data.s3.amazonaws.com/photos/500675037/medium.jpg,cc-by-nc,278831385,needs_id,37.9817538374,14.0516332038,native
lythrum_junceum_377.jpg,https://inaturalist-open-data.s3.amazonaws.com/photos/500158414/medium.jpg,cc-by-nc,278566175,needs_id,37.1095416667,-7.6619866667,native
lythrum_junceum_378.jpeg,https://inaturalist-open-data.s3.amazonaws.com/photos/500158625/medium.jpeg,cc-by-nc,278566175,needs_id,37.1095416667,-7.6619866667,native
lythrum_junceum_379.jpeg,https://inaturalist-open-data.s3.amazonaws.com/photos/500158629/medium.jpeg,cc-by-nc,278566175,needs_id,37.1095416667,-7.6619866667,native
lythrum_junceum_380.jpeg,https://inaturalist-open-data.s3.amazonaws.com/photos/500158626/medium.jpeg,cc-by-nc,278566175,needs_id,37.1095416667,-7.6619866667,native
lythrum_junceum_381.jpeg,https://inaturalist-open-data.s3.amazonaws.com/photos/500158701/medium.jpeg,cc-by-nc,278566175,needs_id,37.1095416667,-7.6619866667,native
lythrum_junceum_382.jpeg,https://inaturalist-open-data.s3.amazonaws.com/photos/500158707/medium.jpeg,cc-by-nc,278566175,needs_id,37.1095416667,-7.6619866667,native
lythrum_junceum_383.jpeg,https://inaturalist-open-data.s3.amazonaws.com/photos/500158709/medium.jpeg,cc-by-nc,278566175,needs_id,37.1095416667,-7.6619866667,native
lythrum_junceum_384.jpeg,https://inaturalist-open-data.s3.amazonaws.com/photos/500158760/medium.jpeg,cc-by-nc,278566175,needs_id,37.1095416667,-7.6619866667,native
lythrum_junceum_385.jpeg,https://inaturalist-open-data.s3.amazonaws.com/photos/500158779/medium.jpeg,cc-by-nc,278566175,needs_id,37.1095416667,-7.6619866667,native
lythrum_junceum_386.jpeg,https://inaturalist-open-data.s3.amazonaws.com/photos/500158770/medium.jpeg,cc-by-nc,278566175,needs_id,37.1095416667,-7.6619866667,native
lythrum_junceum_387.jpeg,https://inaturalist-open-data.s3.amazonaws.com/photos/500158826/medium.jpeg,cc-by-nc,278566175,needs_id,37.1095416667,-7.6619866667,native
lythrum_junceum_388.jpeg,https://inaturalist-open-data.s3.amazonaws.com/photos/500158862/medium.jpeg,cc-by-nc,278566175,needs_id,37.1095416667,-7.6619866667,native
lythrum_junceum_389.jpeg,https://inaturalist-open-data.s3.amazonaws.com/photos/499749449/medium.jpeg,cc-by-nc,278321839,research,32.4822283,35.0215571,native
lythrum_junceum_390.jpeg,https://inaturalist-open-data.s3.amazonaws.com/photos/499438891/medium.jpeg,cc-by-nc,278152957,research,35.3393984,33.0724032,native
lythrum_junceum_391.jpeg,https://inaturalist-open-data.s3.amazonaws.com/photos/499439000/medium.jpeg,cc-by-nc,278152957,research,35.3393984,33.0724032,native
lythrum_junceum_392.jpg,https://inaturalist-open-data.s3.amazonaws.com/photos/499333718/medium.jpg,cc-by-nc,278093797,needs_id,37.0421638333,15.2352033333,native
lythrum_junceum_393.jpg,https://inaturalist-open-data.s3.amazonaws.com/photos/499333817/medium.jpg,cc-by-nc,278093797,needs_id,37.0421638333,15.2352033333,native
lythrum_junceum_394.jpg,https://inaturalist-open-data.s3.amazonaws.com/photos/498668897/medium.jpg,cc-by-nc-sa,277722736,needs_id,38.747047,-9.193336,native
lythrum_junceum_395.jpg,https://inaturalist-open-data.s3.amazonaws.com/photos/498681795/medium.jpg,cc-by-nc-sa,277722736,needs_id,38.747047,-9.193336,native
lythrum_junceum_396.jpg,https://inaturalist-open-data.s3.amazonaws.com/photos/498681793/medium.jpg,cc-by-nc-sa,277722736,needs_id,38.747047,-9.193336,native
lythrum_junceum_397.jpg,https://inaturalist-open-data.s3.amazonaws.com/photos/498681796/medium.jpg,cc-by-nc-sa,277722736,needs_id,38.747047,-9.193336,native
lythrum_junceum_398.jpg,https://inaturalist-open-data.s3.amazonaws.com/photos/498681798/medium.jpg,cc-by-nc-sa,277722736,needs_id,38.747047,-9.193336,native
lythrum_junceum_399.jpeg,https://inaturalist-open-data.s3.amazonaws.com/photos/498644958/medium.jpeg,cc-by-nc,277709446,needs_id,41.2619361111,13.0413555556,native
lythrum_junceum_400.jpeg,https://inaturalist-open-data.s3.amazonaws.com/photos/498315628/medium.jpeg,cc-by-nc,277522050,needs_id,40.5824333155,-8.6475279388,native
lythrum_junceum_401.jpeg,https://inaturalist-open-data.s3.amazonaws.com/photos/498315698/medium.jpeg,cc-by-nc,277522050,needs_id,40.5824333155,-8.6475279388,native
lythrum_junceum_402.jpg,https://inaturalist-open-data.s3.amazonaws.com/photos/498215116/medium.jpg,cc-by-nc,277466793,needs_id,38.7350676,-9.4105049,native
lythrum_junceum_403.jpeg,https://inaturalist-open-data.s3.amazonaws.com/photos/498055037/medium.jpeg,cc-by-nc,277375093,needs_id,38.0883827209,-8.6676855087,native
lythrum_junceum_404.jpg,https://inaturalist-open-data.s3.amazonaws.com/photos/497596860/medium.jpg,cc-by-nc,277112698,research,37.51302,-121.8920833333,introduced non-invasive
lythrum_junceum_405.jpg,https://inaturalist-open-data.s3.amazonaws.com/photos/497596694/medium.jpg,cc-by-nc,277112698,research,37.51302,-121.8920833333,introduced non-invasive
lythrum_junceum_406.jpeg,https://inaturalist-open-data.s3.amazonaws.com/photos/496767668/medium.jpeg,cc-by-nc,276637944,needs_id,39.5614732,20.3814446997,native
lythrum_junceum_407.jpeg,https://inaturalist-open-data.s3.amazonaws.com/photos/496767721/medium.jpeg,cc-by-nc,276637944,needs_id,39.5614732,20.3814446997,native
lythrum_junceum_408.jpeg,https://inaturalist-open-data.s3.amazonaws.com/photos/496440289/medium.jpeg,cc-by,276442207,research,36.7351487,-4.5007504,native
lythrum_junceum_409.jpeg,https://inaturalist-open-data.s3.amazonaws.com/photos/496440342/medium.jpeg,cc-by,276442207,research,36.7351487,-4.5007504,native
lythrum_junceum_410.jpeg,https://inaturalist-open-data.s3.amazonaws.com/photos/496440386/medium.jpeg,cc-by,276442207,research,36.7351487,-4.5007504,native
lythrum_junceum_411.jpeg,https://inaturalist-open-data.s3.amazonaws.com/photos/496440446/medium.jpeg,cc-by,276442207,research,36.7351487,-4.5007504,native
lythrum_junceum_412.jpeg,https://inaturalist-open-data.s3.amazonaws.com/photos/496405388/medium.jpeg,cc-by,276419240,needs_id,36.7234234,-4.4952401997,native
lythrum_junceum_413.jpeg,https://inaturalist-open-data.s3.amazonaws.com/photos/496405458/medium.jpeg,cc-by,276419240,needs_id,36.7234234,-4.4952401997,native
lythrum_junceum_414.jpeg,https://inaturalist-open-data.s3.amazonaws.com/photos/496405526/medium.jpeg,cc-by,276419240,needs_id,36.7234234,-4.4952401997,native
lythrum_junceum_415.jpeg,https://inaturalist-open-data.s3.amazonaws.com/photos/496405576/medium.jpeg,cc-by,276419240,needs_id,36.7234234,-4.4952401997,native
lythrum_junceum_416.jpg,https://inaturalist-open-data.s3.amazonaws.com/photos/495511483/medium.jpg,cc-by,275845070,needs_id,39.79641,19.69683665,native
lythrum_junceum_417.jpg,https://inaturalist-open-data.s3.amazonaws.com/photos/495508095/medium.jpg,cc-by,275845003,needs_id,39.7958633167,19.6994833167,native
lythrum_junceum_418.jpeg,https://inaturalist-open-data.s3.amazonaws.com/photos/495178327/medium.jpeg,cc-by-nc,275598558,needs_id,41.4558194444,13.1203972222,native
lythrum_junceum_419.jpeg,https://inaturalist-open-data.s3.amazonaws.com/photos/495178446/medium.jpeg,cc-by-nc,275598558,needs_id,41.4558194444,13.1203972222,native
lythrum_junceum_420.jpg,https://inaturalist-open-data.s3.amazonaws.com/photos/494079313/medium.jpg,cc-by-nc,274893370,research,36.0948,-5.7997633333,native
lythrum_junceum_421.jpg,https://inaturalist-open-data.s3.amazonaws.com/photos/493258119/medium.jpg,cc-by-nc,274361723,needs_id,35.62993747,35.9053385437,
lythrum_junceum_422.jpeg,https://inaturalist-open-data.s3.amazonaws.com/photos/492562070/medium.jpeg,cc-by-nc,273934806,needs_id,35.8386383372,-86.388855502,
lythrum_junceum_423.jpg,https://inaturalist-open-data.s3.amazonaws.com/photos/492156647/medium.jpg,cc-by-nc,273670791,research,41.3691615808,9.2186479503,native
lythrum_junceum_424.jpeg,https://inaturalist-open-data.s3.amazonaws.com/photos/492102409/medium.jpeg,cc-by-nc,273629035,needs_id,37.34099176,-121.90243888,introduced non-invasive
lythrum_junceum_425.jpeg,https://inaturalist-open-data.s3.amazonaws.com/photos/492102419/medium.jpeg,cc-by-nc,273629035,needs_id,37.34099176,-121.90243888,introduced non-invasive
lythrum_junceum_426.jpeg,https://inaturalist-open-data.s3.amazonaws.com/photos/491746962/medium.jpeg,cc-by-nc,273411613,casual,-16.6825800473,-65.6931771711,
lythrum_junceum_427.jpg,https://inaturalist-open-data.s3.amazonaws.com/photos/491553038/medium.jpg,cc-by,273303086,needs_id,39.5961783333,19.8010666667,native
lythrum_junceum_428.jpeg,https://inaturalist-open-data.s3.amazonaws.com/photos/491430710/medium.jpeg,cc-by-nc,273211361,casual,-16.6830447715,-65.6924087182,
lythrum_junceum_429.jpeg,https://inaturalist-open-data.s3.amazonaws.com/photos/490990706/medium.jpeg,cc-by-nc,272914448,research,32.9060699997,35.6154608,
lythrum_junceum_430.jpg,https://inaturalist-open-data.s3.amazonaws.com/photos/490728259/medium.jpg,cc-by,272772916,research,39.43959665,19.9378783333,native
lythrum_junceum_431.jpg,https://inaturalist-open-data.s3.amazonaws.com/photos/490728000/medium.jpg,cc-by,272772916,research,39.43959665,19.9378783333,native
lythrum_junceum_432.jpg,https://inaturalist-open-data.s3.amazonaws.com/photos/490728046/medium.jpg,cc-by,272772916,research,39.43959665,19.9378783333,native
lythrum_junceum_433.jpg,https://inaturalist-open-data.s3.amazonaws.com/photos/490728191/medium.jpg,cc-by,272772916,research,39.43959665,19.9378783333,native
lythrum_junceum_434.jpeg,https://inaturalist-open-data.s3.amazonaws.com/photos/489763496/medium.jpeg,cc-by-nc,272236814,needs_id,31.2132269985,-3.9877729558,native
lythrum_junceum_435.jpeg,https://inaturalist-open-data.s3.amazonaws.com/photos/489237474/medium.jpeg,cc-by,271954015,needs_id,39.7099055556,19.8510861111,native
lythrum_junceum_436.jpeg,https://inaturalist-open-data.s3.amazonaws.com/photos/489237535/medium.jpeg,cc-by,271954015,needs_id,39.7099055556,19.8510861111,native
lythrum_junceum_437.jpeg,https://inaturalist-open-data.s3.amazonaws.com/photos/489098974/medium.jpeg,cc0,271883091,needs_id,37.4560472222,-121.8643638889,introduced non-invasive
lythrum_junceum_438.jpeg,https://inaturalist-open-data.s3.amazonaws.com/photos/489098931/medium.jpeg,cc0,271883091,needs_id,37.4560472222,-121.8643638889,introduced non-invasive
lythrum_junceum_439.jpeg,https://inaturalist-open-data.s3.amazonaws.com/photos/489069607/medium.jpeg,cc0,271868241,needs_id,37.4582555556,-121.8649055556,introduced non-invasive
lythrum_junceum_440.jpeg,https://inaturalist-open-data.s3.amazonaws.com/photos/489069492/medium.jpeg,cc0,271868241,needs_id,37.4582555556,-121.8649055556,introduced non-invasive
lythrum_junceum_441.jpeg,https://inaturalist-open-data.s3.amazonaws.com/photos/489069806/medium.jpeg,cc0,271868241,needs_id,37.4582555556,-121.8649055556,introduced non-invasive
lythrum_junceum_442.jpeg,https://inaturalist-open-data.s3.amazonaws.com/photos/489069832/medium.jpeg,cc0,271868241,needs_id,37.4582555556,-121.8649055556,introduced non-invasive
lythrum_junceum_443.jpeg,https://inaturalist-open-data.s3.amazonaws.com/photos/488809927/medium.jpeg,cc-by-nc,271731884,research,42.8683694444,-8.6587055556,native
lythrum_junceum_444.jpg,https://inaturalist-open-data.s3.amazonaws.com/photos/487514401/medium.jpg,cc-by-nc,271045672,research,37.6147616667,-5.8283216667,native
lythrum_junceum_445.jpg,https://inaturalist-open-data.s3.amazonaws.com/photos/487514418/medium.jpg,cc-by-nc,271045672,research,37.6147616667,-5.8283216667,native
lythrum_junceum_446.jpg,https://inaturalist-open-data.s3.amazonaws.com/photos/487514442/medium.jpg,cc-by-nc,271045672,research,37.6147616667,-5.8283216667,native
lythrum_junceum_447.jpg,https://inaturalist-open-data.s3.amazonaws.com/photos/487514453/medium.jpg,cc-by-nc,271045672,research,37.6147616667,-5.8283216667,native
lythrum_junceum_448.jpg,https://inaturalist-open-data.s3.amazonaws.com/photos/486886379/medium.jpg,cc-by-nc,270716105,needs_id,37.4503333333,-121.86052,introduced non-invasive
lythrum_junceum_449.jpeg,https://inaturalist-open-data.s3.amazonaws.com/photos/486846929/medium.jpeg,cc-by-nc,270696269,research,36.7453,-2.8439183333,native
lythrum_junceum_450.jpeg,https://inaturalist-open-data.s3.amazonaws.com/photos/486846920/medium.jpeg,cc-by-nc,270696268,research,36.7453,-2.8439183333,native
lythrum_junceum_451.jpeg,https://inaturalist-open-data.s3.amazonaws.com/photos/486846912/medium.jpeg,cc-by-nc,270696268,research,36.7453,-2.8439183333,native
lythrum_junceum_452.jpeg,https://inaturalist-open-data.s3.amazonaws.com/photos/486767454/medium.jpeg,cc-by-nc,270651274,research,32.8084297178,35.7443504333,
lythrum_junceum_453.jpeg,https://inaturalist-open-data.s3.amazonaws.com/photos/486767621/medium.jpeg,cc-by-nc,270651274,research,32.8084297178,35.7443504333,
lythrum_junceum_454.jpeg,https://inaturalist-open-data.s3.amazonaws.com/photos/486767750/medium.jpeg,cc-by-nc,270651274,research,32.8084297178,35.7443504333,
lythrum_junceum_455.jpeg,https://inaturalist-open-data.s3.amazonaws.com/photos/486767874/medium.jpeg,cc-by-nc,270651274,research,32.8084297178,35.7443504333,
lythrum_junceum_456.jpeg,https://inaturalist-open-data.s3.amazonaws.com/photos/486768076/medium.jpeg,cc-by-nc,270651274,research,32.8084297178,35.7443504333,
lythrum_junceum_457.jpeg,https://inaturalist-open-data.s3.amazonaws.com/photos/486304272/medium.jpeg,cc-by-nc,270407202,needs_id,39.85631267,3.09708103,native
lythrum_junceum_458.jpeg,https://inaturalist-open-data.s3.amazonaws.com/photos/485655458/medium.jpeg,cc-by-nc-sa,270071326,needs_id,36.7262539722,4.07474,native
lythrum_junceum_459.jpeg,https://inaturalist-open-data.s3.amazonaws.com/photos/485655571/medium.jpeg,cc-by-nc-sa,270071326,needs_id,36.7262539722,4.07474,native
lythrum_junceum_460.jpg,https://inaturalist-open-data.s3.amazonaws.com/photos/484818690/medium.jpg,cc-by-nc,269630791,research,32.4588087286,35.5598214773,
lythrum_junceum_461.jpg,https://inaturalist-open-data.s3.amazonaws.com/photos/482781185/medium.jpg,cc-by-nc,268575196,needs_id,36.7110348098,2.9575526012,native
lythrum_junceum_462.jpg,https://inaturalist-open-data.s3.amazonaws.com/photos/482782186/medium.jpg,cc-by-nc,268575196,needs_id,36.7110348098,2.9575526012,native
lythrum_junceum_463.jpeg,https://inaturalist-open-data.s3.amazonaws.com/photos/481670901/medium.jpeg,cc0,267994939,research,-36.7473563889,174.6437683056,
lythrum_junceum_464.jpeg,https://inaturalist-open-data.s3.amazonaws.com/photos/479651038/medium.jpeg,cc-by-nc,266939073,needs_id,33.1746472222,35.5687916667,
lythrum_junceum_465.jpeg,https://inaturalist-open-data.s3.amazonaws.com/photos/478031326/medium.jpeg,cc-by-sa,266076760,needs_id,-38.1289186039,141.6292884133,native
lythrum_junceum_466.jpeg,https://inaturalist-open-data.s3.amazonaws.com/photos/478031333/medium.jpeg,cc-by-sa,266076760,needs_id,-38.1289186039,141.6292884133,native
lythrum_junceum_467.jpeg,https://inaturalist-open-data.s3.amazonaws.com/photos/477986152/medium.jpeg,cc-by,266053449,needs_id,-37.64893,178.487525,
lythrum_junceum_468.jpeg,https://inaturalist-open-data.s3.amazonaws.com/photos/477986169/medium.jpeg,cc-by,266053449,needs_id,-37.64893,178.487525,
lythrum_junceum_469.jpeg,https://inaturalist-open-data.s3.amazonaws.com/photos/477986183/medium.jpeg,cc-by,266053449,needs_id,-37.64893,178.487525,
lythrum_junceum_470.jpg,https://inaturalist-open-data.s3.amazonaws.com/photos/477731116/medium.jpg,cc-by-nc,265919763,needs_id,-40.8433756,175.0866211,
lythrum_junceum_471.jpeg,https://inaturalist-open-data.s3.amazonaws.com/photos/477538428/medium.jpeg,cc-by-nc,265821483,casual,7.1908388318,125.4552093521,native
lythrum_junceum_472.jpg,https://inaturalist-open-data.s3.amazonaws.com/photos/480027952/medium.jpg,cc-by-nc,265773597,research,-37.9310133333,145.3135383333,native
lythrum_junceum_473.jpg,https://inaturalist-open-data.s3.amazonaws.com/photos/476958396/medium.jpg,cc-by-nc-sa,265527851,needs_id,32.0185596,-6.7221232,native
lythrum_junceum_474.jpg,https://inaturalist-open-data.s3.amazonaws.com/photos/476234257/medium.jpg,cc-by-nc,265158525,needs_id,-37.8807333333,145.1352528333,native
lythrum_junceum_475.jpg,https://inaturalist-open-data.s3.amazonaws.com/photos/476234260/medium.jpg,cc-by-nc,265158525,needs_id,-37.8807333333,145.1352528333,native
lythrum_junceum_476.jpeg,https://inaturalist-open-data.s3.amazonaws.com/photos/474701033/medium.jpeg,cc-by-nc,264223358,needs_id,-37.93141721,145.30003785,native
lythrum_junceum_477.jpeg,https://inaturalist-open-data.s3.amazonaws.com/photos/474509562/medium.jpeg,cc-by-nc,264082129,needs_id,32.48213779,35.02175691,native
lythrum_junceum_478.jpg,https://inaturalist-open-data.s3.amazonaws.com/photos/473675683/medium.jpg,cc-by-nc,263655137,research,36.9095663198,-4.8238494327,native
lythrum_junceum_479.jpg,https://inaturalist-open-data.s3.amazonaws.com/photos/473099120/medium.jpg,cc-by-nc,263356364,needs_id,32.888447287,35.0957130865,
lythrum_junceum_480.jpg,https://inaturalist-open-data.s3.amazonaws.com/photos/473099123/medium.jpg,cc-by-nc,263356364,needs_id,32.888447287,35.0957130865,
lythrum_junceum_481.jpg,https://inaturalist-open-data.s3.amazonaws.com/photos/473099109/medium.jpg,cc-by-nc,263356364,needs_id,32.888447287,35.0957130865,
lythrum_junceum_482.jpg,https://inaturalist-open-data.s3.amazonaws.com/photos/473099108/medium.jpg,cc-by-nc,263356364,needs_id,32.888447287,35.0957130865,
lythrum_junceum_483.jpeg,https://inaturalist-open-data.s3.amazonaws.com/photos/472796344/medium.jpeg,cc-by-nc,263202079,research,-36.609188495,174.6345467529,
lythrum_junceum_484.jpeg,https://inaturalist-open-data.s3.amazonaws.com/photos/472726992/medium.jpeg,cc-by,263166474,research,35.1740493772,25.9911804197,native
lythrum_junceum_485.jpeg,https://inaturalist-open-data.s3.amazonaws.com/photos/472722269/medium.jpeg,cc-by-nc,263163720,needs_id,39.1234116667,-9.146735,native
lythrum_junceum_486.jpeg,https://inaturalist-open-data.s3.amazonaws.com/photos/472722306/medium.jpeg,cc-by-nc,263163720,needs_id,39.1234116667,-9.146735,native
lythrum_junceum_487.jpeg,https://inaturalist-open-data.s3.amazonaws.com/photos/472312220/medium.jpeg,cc-by-nc,262959681,research,38.6096823297,-27.9246776231,native
lythrum_junceum_488.jpeg,https://inaturalist-open-data.s3.amazonaws.com/photos/472622012/medium.jpeg,cc-by-nc,262900586,needs_id,-37.8812522,145.1338044,native
lythrum_junceum_489.jpg,https://inaturalist-open-data.s3.amazonaws.com/photos/471071228/medium.jpg,cc-by-nc-sa,262186644,research,-37.889393,145.352828,native
lythrum_junceum_490.jpeg,https://inaturalist-open-data.s3.amazonaws.com/photos/470352767/medium.jpeg,cc-by-nc,261774115,needs_id,43.6724609743,-8.0384086088,native
lythrum_junceum_491.jpeg,https://inaturalist-open-data.s3.amazonaws.com/photos/470352710/medium.jpeg,cc-by-nc,261774115,needs_id,43.6724609743,-8.0384086088,native
lythrum_junceum_492.jpeg,https://inaturalist-open-data.s3.amazonaws.com/photos/468967960/medium.jpeg,cc-by-nc,261076140,needs_id,-38.0462638889,140.9122666667,native
lythrum_junceum_493.jpeg,https://inaturalist-open-data.s3.amazonaws.com/photos/468217532/medium.jpeg,cc-by-nc,260696695,casual,-6.88680432,107.63100329,native
lythrum_junceum_494.jpeg,https://inaturalist-open-data.s3.amazonaws.com/photos/467688090/medium.jpeg,cc-by-nc,260431899,needs_id,36.043341734,-5.6325844242,native
lythrum_junceum_495.jpeg,https://inaturalist-open-data.s3.amazonaws.com/photos/467407843/medium.jpeg,cc-by-nc,260367637,needs_id,35.337125,24.506096,native
lythrum_junceum_496.jpeg,https://inaturalist-open-data.s3.amazonaws.com/photos/466997687/medium.jpeg,cc-by-nc,260081650,needs_id,42.7686807628,-8.2812298089,native
lythrum_junceum_497.jpeg,https://inaturalist-open-data.s3.amazonaws.com/photos/466997723/medium.jpeg,cc-by-nc,260081650,needs_id,42.7686807628,-8.2812298089,native
lythrum_junceum_498.jpg,https://inaturalist-open-data.s3.amazonaws.com/photos/464248694/medium.jpg,cc-by-nc-sa,258714707,needs_id,-37.94081375,145.314307,native
lythrum_junceum_499.jpg,https://inaturalist-open-data.s3.amazonaws.com/photos/464248125/medium.jpg,cc-by-nc-sa,258714396,needs_id,-37.9415376197,145.3153981831,native
lythrum_junceum_500.jpg,https://inaturalist-open-data.s3.amazonaws.com/photos/464078917/medium.jpg,cc-by-nc-sa,258631919,needs_id,-37.923972,145.3373654,native
lythrum_junceum_501.jpg,https://inaturalist-open-data.s3.amazonaws.com/photos/464076310/medium.jpg,cc-by-nc-sa,258631266,needs_id,-37.9283858333,145.3221467084,native
lythrum_junceum_502.jpg,https://inaturalist-open-data.s3.amazonaws.com/photos/463299121/medium.jpg,cc-by-nc,258236298,needs_id,32.6957984289,-16.9177358152,native
lythrum_junceum_503.jpeg,https://inaturalist-open-data.s3.amazonaws.com/photos/463197757/medium.jpeg,cc-by,258191032,needs_id,-42.0315038536,171.3858230838,native
lythrum_junceum_504.jpeg,https://inaturalist-open-data.s3.amazonaws.com/photos/463197759/medium.jpeg,cc-by,258191032,needs_id,-42.0315038536,171.3858230838,native
lythrum_junceum_505.jpeg,https://inaturalist-open-data.s3.amazonaws.com/photos/463197761/medium.jpeg,cc-by,258191032,needs_id,-42.0315038536,171.3858230838,native
lythrum_junceum_506.jpeg,https://inaturalist-open-data.s3.amazonaws.com/photos/463197770/medium.jpeg,cc-by,258191032,needs_id,-42.0315038536,171.3858230838,native
lythrum_junceum_507.jpeg,https://inaturalist-open-data.s3.amazonaws.com/photos/463197768/medium.jpeg,cc-by,258191032,needs_id,-42.0315038536,171.3858230838,native
lythrum_junceum_508.jpg,https://inaturalist-open-data.s3.amazonaws.com/photos/463115265/medium.jpg,cc-by-nc,258150717,needs_id,36.893451557,22.2388690071,native
lythrum_junceum_509.jpg,https://inaturalist-open-data.s3.amazonaws.com/photos/462667835/medium.jpg,cc-by-nc,257905622,research,-35.2745361111,138.5617,native
lythrum_junceum_510.jpg,https://inaturalist-open-data.s3.amazonaws.com/photos/462667843/medium.jpg,cc-by-nc,257905622,research,-35.2745361111,138.5617,native
lythrum_junceum_511.jpg,https://inaturalist-open-data.s3.amazonaws.com/photos/462586347/medium.jpg,cc-by-nc,257865360,needs_id,28.529525,-16.2311216667,native
lythrum_junceum_512.jpg,https://inaturalist-open-data.s3.amazonaws.com/photos/462586360/medium.jpg,cc-by-nc,257865360,needs_id,28.529525,-16.2311216667,native
lythrum_junceum_513.jpg,https://inaturalist-open-data.s3.amazonaws.com/photos/462586212/medium.jpg,cc-by-nc,257865200,needs_id,28.526895,-16.23052,native
lythrum_junceum_514.jpg,https://inaturalist-open-data.s3.amazonaws.com/photos/462005785/medium.jpg,cc-by-nc-sa,257532525,needs_id,-37.9020144211,145.3085110527,native
lythrum_junceum_515.jpg,https://inaturalist-open-data.s3.amazonaws.com/photos/462001539/medium.jpg,cc-by-nc-sa,257530888,needs_id,-37.9231183333,145.333859,native
lythrum_junceum_516.jpg,https://inaturalist-open-data.s3.amazonaws.com/photos/462000423/medium.jpg,cc-by-nc-sa,257529924,needs_id,-37.9243896667,145.332995,native
lythrum_junceum_517.jpg,https://inaturalist-open-data.s3.amazonaws.com/photos/461999234/medium.jpg,cc-by-nc-sa,257529362,needs_id,-37.923671,145.330231,native
lythrum_junceum_518.jpeg,https://inaturalist-open-data.s3.amazonaws.com/photos/461719616/medium.jpeg,cc-by-nc,257396880,research,42.1601295471,-8.7017831802,native
lythrum_junceum_519.jpg,https://inaturalist-open-data.s3.amazonaws.com/photos/461449074/medium.jpg,cc-by-nc,257258146,research,37.2838601892,-8.5539911689,native
lythrum_junceum_520.jpeg,https://inaturalist-open-data.s3.amazonaws.com/photos/461263764/medium.jpeg,cc-by-nc,257169853,research,42.1569404602,-8.8423290253,native
lythrum_junceum_521.jpeg,https://inaturalist-open-data.s3.amazonaws.com/photos/460952770/medium.jpeg,cc-by-nc,257012227,needs_id,36.830955,-2.701175,native
lythrum_junceum_522.jpg,https://inaturalist-open-data.s3.amazonaws.com/photos/460171261/medium.jpg,cc-by-nc,256629835,needs_id,40.0668179913,-8.3670622802,native
lythrum_junceum_523.jpg,https://inaturalist-open-data.s3.amazonaws.com/photos/460171269/medium.jpg,cc-by-nc,256629835,needs_id,40.0668179913,-8.3670622802,native
lythrum_junceum_524.jpg,https://inaturalist-open-data.s3.amazonaws.com/photos/460171287/medium.jpg,cc-by-nc,256629835,needs_id,40.0668179913,-8.3670622802,native
lythrum_junceum_525.jpg,https://inaturalist-open-data.s3.amazonaws.com/photos/460171292/medium.jpg,cc-by-nc,256629835,needs_id,40.0668179913,-8.3670622802,native
lythrum_junceum_526.jpeg,https://inaturalist-open-data.s3.amazonaws.com/photos/458786707/medium.jpeg,cc-by-nc,255950736,research,43.5665334997,-6.2081077997,native
lythrum_junceum_527.jpeg,https://inaturalist-open-data.s3.amazonaws.com/photos/458786720/medium.jpeg,cc-by-nc,255950736,research,43.5665334997,-6.2081077997,native
lythrum_junceum_528.jpeg,https://inaturalist-open-data.s3.amazonaws.com/photos/458786734/medium.jpeg,cc-by-nc,255950736,research,43.5665334997,-6.2081077997,native
lythrum_junceum_529.jpeg,https://inaturalist-open-data.s3.amazonaws.com/photos/458786746/medium.jpeg,cc-by-nc,255950736,research,43.5665334997,-6.2081077997,native
lythrum_junceum_530.jpeg,https://inaturalist-open-data.s3.amazonaws.com/photos/457683859/medium.jpeg,cc-by-nc,255394141,research,35.3605488485,24.2517380085,native
lythrum_junceum_531.jpeg,https://inaturalist-open-data.s3.amazonaws.com/photos/457683845/medium.jpeg,cc-by-nc,255394136,research,35.360754465,24.2519096698,native
lythrum_junceum_532.jpeg,https://inaturalist-open-data.s3.amazonaws.com/photos/457404483/medium.jpeg,cc-by-nc,255257673,needs_id,-37.937936721,145.2888002247,native
lythrum_junceum_533.jpeg,https://inaturalist-open-data.s3.amazonaws.com/photos/457404498/medium.jpeg,cc-by-nc,255257673,needs_id,-37.937936721,145.2888002247,native
lythrum_junceum_534.jpeg,https://inaturalist-open-data.s3.amazonaws.com/photos/457404510/medium.jpeg,cc-by-nc,255257673,needs_id,-37.937936721,145.2888002247,native
lythrum_junceum_535.jpeg,https://inaturalist-open-data.s3.amazonaws.com/photos/457404519/medium.jpeg,cc-by-nc,255257673,needs_id,-37.937936721,145.2888002247,native
lythrum_junceum_536.jpeg,https://inaturalist-open-data.s3.amazonaws.com/photos/457404526/medium.jpeg,cc-by-nc,255257673,needs_id,-37.937936721,145.2888002247,native
lythrum_junceum_537.jpeg,https://inaturalist-open-data.s3.amazonaws.com/photos/457185843/medium.jpeg,cc-by-nc,255151562,needs_id,-38.6526896695,146.6874306469,native
lythrum_junceum_538.jpeg,https://inaturalist-open-data.s3.amazonaws.com/photos/457187389/medium.jpeg,cc-by-nc,255151562,needs_id,-38.6526896695,146.6874306469,native
lythrum_junceum_539.jpeg,https://inaturalist-open-data.s3.amazonaws.com/photos/457187392/medium.jpeg,cc-by-nc,255151562,needs_id,-38.6526896695,146.6874306469,native
lythrum_junceum_540.jpg,https://inaturalist-open-data.s3.amazonaws.com/photos/455842345/medium.jpg,cc-by-nc,254485751,research,-37.9242264001,145.3327484004,native
lythrum_junceum_541.jpg,https://inaturalist-open-data.s3.amazonaws.com/photos/455585009/medium.jpg,cc-by-nc-sa,254358147,needs_id,-37.9228455,145.329237,native
lythrum_junceum_542.jpg,https://inaturalist-open-data.s3.amazonaws.com/photos/455583744/medium.jpg,cc-by-nc-sa,254357564,needs_id,-37.925108,145.324764,native
lythrum_junceum_543.jpeg,https://inaturalist-open-data.s3.amazonaws.com/photos/367127670/medium.jpeg,cc-by-nc,254149717,research,37.1334448735,15.032827964,native
lythrum_junceum_544.jpeg,https://inaturalist-open-data.s3.amazonaws.com/photos/367127749/medium.jpeg,cc-by-nc,254149717,research,37.1334448735,15.032827964,native
lythrum_junceum_545.jpeg,https://inaturalist-open-data.s3.amazonaws.com/photos/454840002/medium.jpeg,cc-by-nc,253982131,needs_id,-37.9224374241,145.355470553,native
lythrum_junceum_546.jpg,https://inaturalist-open-data.s3.amazonaws.com/photos/454763180/medium.jpg,cc-by-nc-sa,253943887,needs_id,-37.8932916667,145.3470853333,native
lythrum_junceum_547.jpeg,https://inaturalist-open-data.s3.amazonaws.com/photos/454522772/medium.jpeg,cc-by-nc,253807404,needs_id,37.975,12.895,native
lythrum_junceum_548.jpeg,https://inaturalist-open-data.s3.amazonaws.com/photos/454298751/medium.jpeg,cc-by-nc,253693381,research,37.2391366667,-121.8717116667,introduced non-invasive
lythrum_junceum_549.jpeg,https://inaturalist-open-data.s3.amazonaws.com/photos/454298765/medium.jpeg,cc-by-nc,253693381,research,37.2391366667,-121.8717116667,introduced non-invasive
lythrum_junceum_550.jpg,https://inaturalist-open-data.s3.amazonaws.com/photos/453461941/medium.jpg,cc-by-nc,253273334,research,32.5672458998,34.925798254,native
lythrum_junceum_551.jpg,https://inaturalist-open-data.s3.amazonaws.com/photos/453461940/medium.jpg,cc-by-nc,253273333,research,32.5672458998,34.925798254,native
lythrum_junceum_552.jpg,https://inaturalist-open-data.s3.amazonaws.com/photos/453453016/medium.jpg,cc-by-nc-sa,253268156,needs_id,40.2916030833,-8.3181524167,native
lythrum_junceum_553.jpg,https://inaturalist-open-data.s3.amazonaws.com/photos/452725971/medium.jpg,cc-by-nc,252875609,research,32.760074993,35.2303557398,
lythrum_junceum_554.jpg,https://inaturalist-open-data.s3.amazonaws.com/photos/452725696/medium.jpg,cc-by-nc,252875608,research,32.7605165214,35.2301724605,
lythrum_junceum_555.jpeg,https://inaturalist-open-data.s3.amazonaws.com/photos/452568250/medium.jpeg,cc-by-nc,252792729,research,-37.9100570556,145.3425140278,native
lythrum_junceum_556.jpeg,https://inaturalist-open-data.s3.amazonaws.com/photos/452568476/medium.jpeg,cc-by-nc,252792729,research,-37.9100570556,145.3425140278,native
lythrum_junceum_557.jpg,https://inaturalist-open-data.s3.amazonaws.com/photos/452179023/medium.jpg,cc-by-nc,252581063,needs_id,-38.0411698431,141.6727256538,native
lythrum_junceum_558.jpg,https://inaturalist-open-data.s3.amazonaws.com/photos/452179019/medium.jpg,cc-by-nc,252581063,needs_id,-38.0411698431,141.6727256538,native
lythrum_junceum_559.jpeg,https://inaturalist-open-data.s3.amazonaws.com/photos/454096611/medium.jpeg,cc-by-nc,252427334,needs_id,-38.4044033333,144.9774633333,native
lythrum_junceum_560.jpeg,https://inaturalist-open-data.s3.amazonaws.com/photos/454096582/medium.jpeg,cc-by-nc,252427334,needs_id,-38.4044033333,144.9774633333,native
lythrum_junceum_561.jpeg,https://inaturalist-open-data.s3.amazonaws.com/photos/454096596/medium.jpeg,cc-by-nc,252427334,needs_id,-38.4044033333,144.9774633333,native
lythrum_junceum_562.jpeg,https://inaturalist-open-data.s3.amazonaws.com/photos/451532054/medium.jpeg,cc-by-nc,252253347,casual,,,
lythrum_junceum_563.jpeg,https://inaturalist-open-data.s3.amazonaws.com/photos/451511035/medium.jpeg,cc-by-nc,252243003,needs_id,,,
lythrum_junceum_564.jpeg,https://inaturalist-open-data.s3.amazonaws.com/photos/451511063/medium.jpeg,cc-by-nc,252243003,needs_id,,,
lythrum_junceum_565.jpeg,https://inaturalist-open-data.s3.amazonaws.com/photos/451511100/medium.jpeg,cc-by-nc,252243003,needs_id,,,
lythrum_junceum_566.jpeg,https://inaturalist-open-data.s3.amazonaws.com/photos/451511132/medium.jpeg,cc-by-nc,252243003,needs_id,,,
lythrum_junceum_567.jpeg,https://inaturalist-open-data.s3.amazonaws.com/photos/451511151/medium.jpeg,cc-by-nc,252243003,needs_id,,,
lythrum_junceum_568.jpeg,https://inaturalist-open-data.s3.amazonaws.com/photos/451511164/medium.jpeg,cc-by-nc,252243003,needs_id,,,
lythrum_junceum_569.jpeg,https://inaturalist-open-data.s3.amazonaws.com/photos/451511183/medium.jpeg,cc-by-nc,252243003,needs_id,,,
lythrum_junceum_570.jpeg,https://inaturalist-open-data.s3.amazonaws.com/photos/451430790/medium.jpeg,cc-by,252204320,research,-37.0059447,174.5851089997,
lythrum_junceum_571.jpeg,https://inaturalist-open-data.s3.amazonaws.com/photos/451430820/medium.jpeg,cc-by,252204320,research,-37.0059447,174.5851089997,
lythrum_junceum_572.jpeg,https://inaturalist-open-data.s3.amazonaws.com/photos/451430845/medium.jpeg,cc-by,252204320,research,-37.0059447,174.5851089997,
lythrum_junceum_573.jpeg,https://inaturalist-open-data.s3.amazonaws.com/photos/451430871/medium.jpeg,cc-by,252204320,research,-37.0059447,174.5851089997,
lythrum_junceum_574.jpeg,https://inaturalist-open-data.s3.amazonaws.com/photos/451430895/medium.jpeg,cc-by,252204320,research,-37.0059447,174.5851089997,
lythrum_junceum_575.jpeg,https://inaturalist-open-data.s3.amazonaws.com/photos/451431176/medium.jpeg,cc-by,252204320,research,-37.0059447,174.5851089997,
lythrum_junceum_576.jpeg,https://inaturalist-open-data.s3.amazonaws.com/photos/451391386/medium.jpeg,cc-by-nc,252184882,needs_id,,,
lythrum_junceum_577.jpeg,https://inaturalist-open-data.s3.amazonaws.com/photos/451391473/medium.jpeg,cc-by-nc,252184882,needs_id,,,
lythrum_junceum_578.jpeg,https://inaturalist-open-data.s3.amazonaws.com/photos/451391582/medium.jpeg,cc-by-nc,252184882,needs_id,,,
lythrum_junceum_579.jpeg,https://inaturalist-open-data.s3.amazonaws.com/photos/450662559/medium.jpeg,cc-by-nc,251822770,research,37.5066986084,-121.8883666992,introduced non-invasive
lythrum_junceum_580.jpeg,https://inaturalist-open-data.s3.amazonaws.com/photos/450476134/medium.jpeg,cc-by-nc,251729276,needs_id,-38.3340152079,143.1018192009,native
lythrum_junceum_581.jpeg,https://inaturalist-open-data.s3.amazonaws.com/photos/450476145/medium.jpeg,cc-by-nc,251729276,needs_id,-38.3340152079,143.1018192009,native
lythrum_junceum_582.jpeg,https://inaturalist-open-data.s3.amazonaws.com/photos/449184718/medium.jpeg,cc-by-nc,251087910,research,-37.1291862972,175.5529157806,
lythrum_junceum_583.jpeg,https://inaturalist-open-data.s3.amazonaws.com/photos/449185424/medium.jpeg,cc-by-nc,251087910,research,-37.1291862972,175.5529157806,
lythrum_junceum_584.jpeg,https://inaturalist-open-data.s3.amazonaws.com/photos/449133783/medium.jpeg,cc-by-nc,251009736,research,-36.3435676645,174.5648796111,
lythrum_junceum_585.jpeg,https://inaturalist-open-data.s3.amazonaws.com/photos/449133809/medium.jpeg,cc-by-nc,251009736,research,-36.3435676645,174.5648796111,
lythrum_junceum_586.jpeg,https://inaturalist-open-data.s3.amazonaws.com/photos/449133837/medium.jpeg,cc-by-nc,251009736,research,-36.3435676645,174.5648796111,
lythrum_junceum_587.jpeg,https://inaturalist-open-data.s3.amazonaws.com/photos/448622156/medium.jpeg,cc-by-nc,250796638,casual,,,
lythrum_junceum_588.jpeg,https://inaturalist-open-data.s3.amazonaws.com/photos/448553069/medium.jpeg,cc-by-nc,250762555,research,-36.3504138889,174.6047805556,
lythrum_junceum_589.jpeg,https://inaturalist-open-data.s3.amazonaws.com/photos/448553078/medium.jpeg,cc-by-nc,250762555,research,-36.3504138889,174.6047805556,
lythrum_junceum_590.jpeg,https://inaturalist-open-data.s3.amazonaws.com/photos/448553076/medium.jpeg,cc-by-nc,250762555,research,-36.3504138889,174.6047805556,
lythrum_junceum_591.jpeg,https://inaturalist-open-data.s3.amazonaws.com/photos/448532583/medium.jpeg,cc-by-nc,250751371,research,-37.9139671111,145.3445892222,native
lythrum_junceum_592.jpeg,https://inaturalist-open-data.s3.amazonaws.com/photos/448541329/medium.jpeg,cc-by-nc,250751371,research,-37.9139671111,145.3445892222,native
lythrum_junceum_593.jpg,https://inaturalist-open-data.s3.amazonaws.com/photos/447261862/medium.jpg,cc-by-nc-sa,250123423,research,40.0062103056,-8.3958578056,native
lythrum_junceum_594.jpg,https://inaturalist-open-data.s3.amazonaws.com/photos/447261861/medium.jpg,cc-by-nc-sa,250123423,research,40.0062103056,-8.3958578056,native
lythrum_junceum_595.jpg,https://inaturalist-open-data.s3.amazonaws.com/photos/446682214/medium.jpg,cc-by-nc,249833450,research,-36.8663470997,174.8384412,
lythrum_junceum_596.jpg,https://inaturalist-open-data.s3.amazonaws.com/photos/446682243/medium.jpg,cc-by-nc,249833450,research,-36.8663470997,174.8384412,
lythrum_junceum_597.jpg,https://inaturalist-open-data.s3.amazonaws.com/photos/446682216/medium.jpg,cc-by-nc,249833450,research,-36.8663470997,174.8384412,
lythrum_junceum_598.jpg,https://inaturalist-open-data.s3.amazonaws.com/photos/446682225/medium.jpg,cc-by-nc,249833450,research,-36.8663470997,174.8384412,
lythrum_junceum_599.jpg,https://inaturalist-open-data.s3.amazonaws.com/photos/446682226/medium.jpg,cc-by-nc,249833450,research,-36.8663470997,174.8384412,
lythrum_junceum_600.jpg,https://inaturalist-open-data.s3.amazonaws.com/photos/446682245/medium.jpg,cc-by-nc,249833450,research,-36.8663470997,174.8384412,
lythrum_junceum_601.jpg,https://inaturalist-open-data.s3.amazonaws.com/photos/446682253/medium.jpg,cc-by-nc,249833450,research,-36.8663470997,174.8384412,
lythrum_junceum_602.jpg,https://inaturalist-open-data.s3.amazonaws.com/photos/446682259/medium.jpg,cc-by-nc,249833450,research,-36.8663470997,174.8384412,
lythrum_junceum_603.jpg,https://inaturalist-open-data.s3.amazonaws.com/photos/446682265/medium.jpg,cc-by-nc,249833450,research,-36.8663470997,174.8384412,
lythrum_junceum_604.jpg,https://inaturalist-open-data.s3.amazonaws.com/photos/446682285/medium.jpg,cc-by-nc,249833450,research,-36.8663470997,174.8384412,
lythrum_junceum_605.jpeg,https://inaturalist-open-data.s3.amazonaws.com/photos/446124289/medium.jpeg,cc-by-nc,249554928,needs_id,-35.2748666667,138.5617361111,native
lythrum_junceum_606.jpeg,https://inaturalist-open-data.s3.amazonaws.com/photos/446124415/medium.jpeg,cc-by-nc,249554928,needs_id,-35.2748666667,138.5617361111,native
lythrum_junceum_607.jpeg,https://inaturalist-open-data.s3.amazonaws.com/photos/446187934/medium.jpeg,cc-by-nc,249554928,needs_id,-35.2748666667,138.5617361111,native
lythrum_junceum_608.jpeg,https://inaturalist-open-data.s3.amazonaws.com/photos/445508503/medium.jpeg,cc-by-nc,249243279,research,37.837047,20.776924,native
lythrum_junceum_609.jpeg,https://inaturalist-open-data.s3.amazonaws.com/photos/445508514/medium.jpeg,cc-by-nc,249243279,research,37.837047,20.776924,native
lythrum_junceum_610.jpeg,https://inaturalist-open-data.s3.amazonaws.com/photos/445508531/medium.jpeg,cc-by-nc,249243279,research,37.837047,20.776924,native
lythrum_junceum_611.jpeg,https://inaturalist-open-data.s3.amazonaws.com/photos/445216272/medium.jpeg,cc-by-nc,249096431,research,37.40248463,-121.91873604,introduced non-invasive
lythrum_junceum_612.jpeg,https://inaturalist-open-data.s3.amazonaws.com/photos/445216345/medium.jpeg,cc-by-nc,249096431,research,37.40248463,-121.91873604,introduced non-invasive
lythrum_junceum_613.jpg,https://inaturalist-open-data.s3.amazonaws.com/photos/444857190/medium.jpg,cc-by-nc,248922028,needs_id,38.1679779722,20.3795539722,native
lythrum_junceum_614.jpg,https://inaturalist-open-data.s3.amazonaws.com/photos/444857229/medium.jpg,cc-by-nc,248922028,needs_id,38.1679779722,20.3795539722,native
lythrum_junceum_615.jpg,https://inaturalist-open-data.s3.amazonaws.com/photos/444857224/medium.jpg,cc-by-nc,248922028,needs_id,38.1679779722,20.3795539722,native
lythrum_junceum_616.jpeg,https://inaturalist-open-data.s3.amazonaws.com/photos/441447145/medium.jpeg,cc-by-nc,247199157,research,37.4567539,-121.86858285,introduced non-invasive
lythrum_junceum_617.jpeg,https://inaturalist-open-data.s3.amazonaws.com/photos/441445949/medium.jpeg,cc-by-nc,247199117,research,37.46248808,-121.87362444,introduced non-invasive
lythrum_junceum_618.jpeg,https://inaturalist-open-data.s3.amazonaws.com/photos/441446011/medium.jpeg,cc-by-nc,247199117,research,37.46248808,-121.87362444,introduced non-invasive
lythrum_junceum_619.jpeg,https://inaturalist-open-data.s3.amazonaws.com/photos/441445982/medium.jpeg,cc-by-nc,247199117,research,37.46248808,-121.87362444,introduced non-invasive
lythrum_junceum_620.jpeg,https://inaturalist-open-data.s3.amazonaws.com/photos/439571480/medium.jpeg,cc-by-nc,246249677,needs_id,37.4254883333,-121.9247283333,introduced non-invasive
lythrum_junceum_621.jpeg,https://inaturalist-open-data.s3.amazonaws.com/photos/439571417/medium.jpeg,cc-by-nc,246249677,needs_id,37.4254883333,-121.9247283333,introduced non-invasive
lythrum_junceum_622.jpeg,https://inaturalist-open-data.s3.amazonaws.com/photos/439571532/medium.jpeg,cc-by-nc,246249677,needs_id,37.4254883333,-121.9247283333,introduced non-invasive
lythrum_junceum_623.jpeg,https://inaturalist-open-data.s3.amazonaws.com/photos/439572135/medium.jpeg,cc-by-nc,246249677,needs_id,37.4254883333,-121.9247283333,introduced non-invasive
lythrum_junceum_624.jpeg,https://inaturalist-open-data.s3.amazonaws.com/photos/439437513/medium.jpeg,cc-by-nc,246191189,research,43.673562576,-8.0389341863,native
lythrum_junceum_625.jpeg,https://inaturalist-open-data.s3.amazonaws.com/photos/439437403/medium.jpeg,cc-by-nc,246191189,research,43.673562576,-8.0389341863,native
lythrum_junceum_626.jpeg,https://inaturalist-open-data.s3.amazonaws.com/photos/437956759/medium.jpeg,cc-by-nc,245430227,research,36.7682588166,3.3392756674,native
lythrum_junceum_627.jpeg,https://inaturalist-open-data.s3.amazonaws.com/photos/437957787/medium.jpeg,cc-by-nc,245430227,research,36.7682588166,3.3392756674,native
lythrum_junceum_628.jpeg,https://inaturalist-open-data.s3.amazonaws.com/photos/436802023/medium.jpeg,cc-by-nc-sa,244839687,research,-35.9206811689,173.9351696956,
lythrum_junceum_629.jpeg,https://inaturalist-open-data.s3.amazonaws.com/photos/436802021/medium.jpeg,cc-by-nc-sa,244839687,research,-35.9206811689,173.9351696956,
lythrum_junceum_630.jpg,https://inaturalist-open-data.s3.amazonaws.com/photos/435138484/medium.jpg,cc-by-nc,243982366,needs_id,36.1362871503,-5.4957040436,native
lythrum_junceum_631.jpeg,https://inaturalist-open-data.s3.amazonaws.com/photos/435135904/medium.jpeg,cc-by-nc,243981512,research,43.6895127026,-8.034914732,native
lythrum_junceum_632.jpg,https://inaturalist-open-data.s3.amazonaws.com/photos/433515489/medium.jpg,cc-by-nc-sa,243140015,needs_id,38.864083,-9.214115,native
lythrum_junceum_633.jpg,https://inaturalist-open-data.s3.amazonaws.com/photos/433515491/medium.jpg,cc-by-nc-sa,243140015,needs_id,38.864083,-9.214115,native
lythrum_junceum_634.jpg,https://inaturalist-open-data.s3.amazonaws.com/photos/433515493/medium.jpg,cc-by-nc-sa,243140015,needs_id,38.864083,-9.214115,native
lythrum_junceum_635.jpg,https://inaturalist-open-data.s3.amazonaws.com/photos/433318810/medium.jpg,cc-by-nc-sa,243031088,needs_id,40.1341056667,-8.2660617778,native
lythrum_junceum_636.jpg,https://inaturalist-open-data.s3.amazonaws.com/photos/433318813/medium.jpg,cc-by-nc-sa,243031088,needs_id,40.1341056667,-8.2660617778,native
lythrum_junceum_637.jpg,https://inaturalist-open-data.s3.amazonaws.com/photos/433318818/medium.jpg,cc-by-nc-sa,243031088,needs_id,40.1341056667,-8.2660617778,native
lythrum_junceum_638.jpg,https://inaturalist-open-data.s3.amazonaws.com/photos/433204143/medium.jpg,cc-by-nc,242974202,research,37.4474800997,-121.8580393,introduced non-invasive
lythrum_junceum_639.jpg,https://inaturalist-open-data.s3.amazonaws.com/photos/433204395/medium.jpg,cc-by-nc,242974202,research,37.4474800997,-121.8580393,introduced non-invasive
lythrum_junceum_640.jpg,https://inaturalist-open-data.s3.amazonaws.com/photos/433204416/medium.jpg,cc-by-nc,242974202,research,37.4474800997,-121.8580393,introduced non-invasive
lythrum_junceum_641.jpg,https://inaturalist-open-data.s3.amazonaws.com/photos/433204436/medium.jpg,cc-by-nc,242974202,research,37.4474800997,-121.8580393,introduced non-invasive
lythrum_junceum_642.jpeg,https://inaturalist-open-data.s3.amazonaws.com/photos/431095150/medium.jpeg,cc-by-nc,241856288,needs_id,35.19844278,24.39587971,native
lythrum_junceum_643.jpeg,https://inaturalist-open-data.s3.amazonaws.com/photos/431094589/medium.jpeg,cc-by-nc,241856269,needs_id,35.19838195,24.3958026099,native
lythrum_junceum_644.jpeg,https://inaturalist-open-data.s3.amazonaws.com/photos/431061342/medium.jpeg,cc-by-nc,241838754,needs_id,34.86190684,24.10278453,native
lythrum_junceum_645.jpeg,https://inaturalist-open-data.s3.amazonaws.com/photos/431061286/medium.jpeg,cc-by-nc,241838752,needs_id,34.86190286,24.10285079,native
lythrum_junceum_646.jpeg,https://inaturalist-open-data.s3.amazonaws.com/photos/431061282/medium.jpeg,cc-by-nc,241838752,needs_id,34.86190286,24.10285079,native
lythrum_junceum_647.jpeg,https://inaturalist-open-data.s3.amazonaws.com/photos/431061292/medium.jpeg,cc-by-nc,241838752,needs_id,34.86190286,24.10285079,native
lythrum_junceum_648.jpeg,https://inaturalist-open-data.s3.amazonaws.com/photos/431061187/medium.jpeg,cc-by-nc,241838745,needs_id,34.86190114,24.10284436,native
lythrum_junceum_649.jpeg,https://inaturalist-open-data.s3.amazonaws.com/photos/431061132/medium.jpeg,cc-by-nc,241838741,needs_id,34.86189956,24.10285034,native
lythrum_junceum_650.jpeg,https://inaturalist-open-data.s3.amazonaws.com/photos/431058919/medium.jpeg,cc-by-nc,241838660,needs_id,34.82648508,24.10994997,native
lythrum_junceum_651.jpeg,https://inaturalist-open-data.s3.amazonaws.com/photos/431058893/medium.jpeg,cc-by-nc,241838660,needs_id,34.82648508,24.10994997,native
lythrum_junceum_652.jpeg,https://inaturalist-open-data.s3.amazonaws.com/photos/431054013/medium.jpeg,cc-by-nc,241838542,needs_id,35.19955625,24.39357055,native
lythrum_junceum_653.jpeg,https://inaturalist-open-data.s3.amazonaws.com/photos/431054079/medium.jpeg,cc-by-nc,241838542,needs_id,35.19955625,24.39357055,native
lythrum_junceum_654.jpeg,https://inaturalist-open-data.s3.amazonaws.com/photos/431038547/medium.jpeg,cc-by-nc,241826028,needs_id,35.1951388527,24.5490310978,native
lythrum_junceum_655.jpeg,https://inaturalist-open-data.s3.amazonaws.com/photos/431038604/medium.jpeg,cc-by-nc,241826028,needs_id,35.1951388527,24.5490310978,native
lythrum_junceum_656.jpeg,https://inaturalist-open-data.s3.amazonaws.com/photos/429635258/medium.jpeg,cc-by-nc,241091426,needs_id,34.9912312699,32.4449001253,native
lythrum_junceum_657.jpeg,https://inaturalist-open-data.s3.amazonaws.com/photos/429635287/medium.jpeg,cc-by-nc,241091426,needs_id,34.9912312699,32.4449001253,native
lythrum_junceum_658.jpeg,https://inaturalist-open-data.s3.amazonaws.com/photos/429635326/medium.jpeg,cc-by-nc,241091426,needs_id,34.9912312699,32.4449001253,native
lythrum_junceum_659.jpeg,https://inaturalist-open-data.s3.amazonaws.com/photos/429635361/medium.jpeg,cc-by-nc,241091426,needs_id,34.9912312699,32.4449001253,native
lythrum_junceum_660.jpeg,https://inaturalist-open-data.s3.amazonaws.com/photos/428736207/medium.jpeg,cc-by-nc,240632514,needs_id,41.1673469542,-8.6829233169,native
lythrum_junceum_661.jpeg,https://inaturalist-open-data.s3.amazonaws.com/photos/428714045/medium.jpeg,cc-by-nc,240622314,research,37.45505989,-121.8602148199,introduced non-invasive
lythrum_junceum_662.jpeg,https://inaturalist-open-data.s3.amazonaws.com/photos/428714098/medium.jpeg,cc-by-nc,240622314,research,37.45505989,-121.8602148199,introduced non-invasive
lythrum_junceum_663.jpg,https://inaturalist-open-data.s3.amazonaws.com/photos/428679101/medium.jpg,cc-by-nc,240603937,research,37.45474777,-121.85962104,introduced non-invasive
lythrum_junceum_664.jpg,https://inaturalist-open-data.s3.amazonaws.com/photos/428679088/medium.jpg,cc-by-nc,240603934,research,37.4547087,-121.8595656701,introduced non-invasive
lythrum_junceum_665.jpeg,https://inaturalist-open-data.s3.amazonaws.com/photos/428630518/medium.jpeg,cc-by-nc,240575756,needs_id,42.1308416667,12.0625638333,native
lythrum_junceum_666.jpeg,https://inaturalist-open-data.s3.amazonaws.com/photos/428552251/medium.jpeg,cc-by-nc,240533617,needs_id,40.4428866667,-8.7546116667,native
lythrum_junceum_667.jpg,https://inaturalist-open-data.s3.amazonaws.com/photos/427736304/medium.jpg,cc-by-nc-sa,240110660,needs_id,40.2331466667,-8.20745275,native
lythrum_junceum_668.jpg,https://inaturalist-open-data.s3.amazonaws.com/photos/427736306/medium.jpg,cc-by-nc-sa,240110660,needs_id,40.2331466667,-8.20745275,native
lythrum_junceum_669.jpg,https://inaturalist-open-data.s3.amazonaws.com/photos/427736302/medium.jpg,cc-by-nc-sa,240110660,needs_id,40.2331466667,-8.20745275,native
lythrum_junceum_670.jpg,https://inaturalist-open-data.s3.amazonaws.com/photos/427736315/medium.jpg,cc-by-nc-sa,240110660,needs_id,40.2331466667,-8.20745275,native
lythrum_junceum_671.jpeg,https://inaturalist-open-data.s3.amazonaws.com/photos/426741077/medium.jpeg,cc-by-nc,239591996,research,43.4705704426,-5.1194763738,native
lythrum_junceum_672.jpeg,https://inaturalist-open-data.s3.amazonaws.com/photos/426350641/medium.jpeg,cc-by-nc,239402977,research,43.4698172245,-5.0787384374,native
lythrum_junceum_673.jpg,https://inaturalist-open-data.s3.amazonaws.com/photos/426279456/medium.jpg,cc-by-nc,239352584,research,43.1592309722,-9.0583399722,native
lythrum_junceum_674.jpg,https://inaturalist-open-data.s3.amazonaws.com/photos/426279517/medium.jpg,cc-by-nc,239352584,research,43.1592309722,-9.0583399722,native
lythrum_junceum_675.jpg,https://inaturalist-open-data.s3.amazonaws.com/photos/426279482/medium.jpg,cc-by-nc,239352584,research,43.1592309722,-9.0583399722,native
lythrum_junceum_676.jpeg,https://inaturalist-open-data.s3.amazonaws.com/photos/425888108/medium.jpeg,cc-by-nc,239154418,research,40.4347002448,-8.6139134327,native
lythrum_junceum_677.jpeg,https://inaturalist-open-data.s3.amazonaws.com/photos/425888145/medium.jpeg,cc-by-nc,239154418,research,40.4347002448,-8.6139134327,native
lythrum_junceum_678.jpeg,https://inaturalist-open-data.s3.amazonaws.com/photos/425888171/medium.jpeg,cc-by-nc,239154418,research,40.4347002448,-8.6139134327,native
lythrum_junceum_679.jpeg,https://inaturalist-open-data.s3.amazonaws.com/photos/425888194/medium.jpeg,cc-by-nc,239154418,research,40.4347002448,-8.6139134327,native
lythrum_junceum_680.jpeg,https://inaturalist-open-data.s3.amazonaws.com/photos/425483833/medium.jpeg,cc-by-nc,238946601,needs_id,40.1964530944,-8.8839626311,native
lythrum_junceum_681.jpg,https://inaturalist-open-data.s3.amazonaws.com/photos/425176510/medium.jpg,cc-by-nc-sa,238787891,research,38.747103,-9.193306,native
lythrum_junceum_682.jpg,https://inaturalist-open-data.s3.amazonaws.com/photos/425176519/medium.jpg,cc-by-nc-sa,238787891,research,38.747103,-9.193306,native
lythrum_junceum_683.jpg,https://inaturalist-open-data.s3.amazonaws.com/photos/425176515/medium.jpg,cc-by-nc-sa,238787891,research,38.747103,-9.193306,native
lythrum_junceum_684.jpg,https://inaturalist-open-data.s3.amazonaws.com/photos/425176540/medium.jpg,cc-by-nc-sa,238787891,research,38.747103,-9.193306,native
lythrum_junceum_685.jpg,https://inaturalist-open-data.s3.amazonaws.com/photos/425176559/medium.jpg,cc-by-nc-sa,238787891,research,38.747103,-9.193306,native
lythrum_junceum_686.jpeg,https://inaturalist-open-data.s3.amazonaws.com/photos/424640674/medium.jpeg,cc0,238513244,needs_id,-37.87906569,144.59784156,native
lythrum_junceum_687.jpeg,https://inaturalist-open-data.s3.amazonaws.com/photos/424400229/medium.jpeg,cc-by-nc,238385701,research,38.514225822,-7.6185395704,native
lythrum_junceum_688.jpeg,https://inaturalist-open-data.s3.amazonaws.com/photos/423040947/medium.jpeg,cc-by-nc-nd,237686158,research,40.6055635389,-8.4458640818,native
lythrum_junceum_689.jpeg,https://inaturalist-open-data.s3.amazonaws.com/photos/423040983/medium.jpeg,cc-by-nc-nd,237686158,research,40.6055635389,-8.4458640818,native
lythrum_junceum_690.jpeg,https://inaturalist-open-data.s3.amazonaws.com/photos/423041014/medium.jpeg,cc-by-nc-nd,237686158,research,40.6055635389,-8.4458640818,native
lythrum_junceum_691.jpeg,https://inaturalist-open-data.s3.amazonaws.com/photos/423041054/medium.jpeg,cc-by-nc-nd,237686158,research,40.6055635389,-8.4458640818,native
lythrum_junceum_692.jpeg,https://inaturalist-open-data.s3.amazonaws.com/photos/423041090/medium.jpeg,cc-by-nc-nd,237686158,research,40.6055635389,-8.4458640818,native
lythrum_junceum_693.jpeg,https://inaturalist-open-data.s3.amazonaws.com/photos/423041135/medium.jpeg,cc-by-nc-nd,237686158,research,40.6055635389,-8.4458640818,native
lythrum_junceum_694.jpeg,https://inaturalist-open-data.s3.amazonaws.com/photos/423041189/medium.jpeg,cc-by-nc-nd,237686158,research,40.6055635389,-8.4458640818,native
lythrum_junceum_695.jpg,https://inaturalist-open-data.s3.amazonaws.com/photos/422730840/medium.jpg,cc-by,237531002,needs_id,36.137745,27.979501,native
lythrum_junceum_696.jpg,https://inaturalist-open-data.s3.amazonaws.com/photos/422730870/medium.jpg,cc-by,237531002,needs_id,36.137745,27.979501,native
lythrum_junceum_697.jpeg,https://inaturalist-open-data.s3.amazonaws.com/photos/422375502/medium.jpeg,cc-by-nc,237339675,needs_id,42.4731076234,-9.0080665424,native
lythrum_junceum_698.jpeg,https://inaturalist-open-data.s3.amazonaws.com/photos/422375546/medium.jpeg,cc-by-nc,237339675,needs_id,42.4731076234,-9.0080665424,native
lythrum_junceum_699.jpeg,https://inaturalist-open-data.s3.amazonaws.com/photos/422038498/medium.jpeg,cc-by-nc,237166557,research,38.57413,-27.867895,native
lythrum_junceum_700.jpeg,https://inaturalist-open-data.s3.amazonaws.com/photos/422038524/medium.jpeg,cc-by-nc,237166557,research,38.57413,-27.867895,native
lythrum_junceum_701.jpeg,https://inaturalist-open-data.s3.amazonaws.com/photos/422036881/medium.jpeg,cc-by-nc,237165743,needs_id,40.7346177,-8.5420615,native
lythrum_junceum_702.jpeg,https://inaturalist-open-data.s3.amazonaws.com/photos/422036938/medium.jpeg,cc-by-nc,237165743,needs_id,40.7346177,-8.5420615,native
lythrum_junceum_703.jpeg,https://inaturalist-open-data.s3.amazonaws.com/photos/420514919/medium.jpeg,cc-by-nc,236376523,needs_id,36.9856183333,-2.8538366667,native
lythrum_junceum_704.jpeg,https://inaturalist-open-data.s3.amazonaws.com/photos/420514869/medium.jpeg,cc-by-nc,236376519,needs_id,36.98562,-2.8538533333,native
lythrum_junceum_705.jpeg,https://inaturalist-open-data.s3.amazonaws.com/photos/420294586/medium.jpeg,cc-by-nc,236257030,research,32.7776434108,35.1203067704,
lythrum_junceum_706.jpeg,https://inaturalist-open-data.s3.amazonaws.com/photos/420294597/medium.jpeg,cc-by-nc,236257030,research,32.7776434108,35.1203067704,
lythrum_junceum_707.jpeg,https://inaturalist-open-data.s3.amazonaws.com/photos/420121794/medium.jpeg,cc-by-nc,236168047,research,43.4110222889,-4.1381140806,native
lythrum_junceum_708.jpeg,https://inaturalist-open-data.s3.amazonaws.com/photos/420017206/medium.jpeg,cc0,236113974,research,42.2528799722,-8.864112,native
lythrum_junceum_709.jpeg,https://inaturalist-open-data.s3.amazonaws.com/photos/420017333/medium.jpeg,cc0,236113974,research,42.2528799722,-8.864112,native
lythrum_junceum_710.jpeg,https://inaturalist-open-data.s3.amazonaws.com/photos/420018038/medium.jpeg,cc0,236113974,research,42.2528799722,-8.864112,native
lythrum_junceum_711.jpg,https://inaturalist-open-data.s3.amazonaws.com/photos/419779504/medium.jpg,cc-by-nc,235988912,research,32.7048116967,-16.9590890489,native
lythrum_junceum_712.jpg,https://inaturalist-open-data.s3.amazonaws.com/photos/419772536/medium.jpg,cc-by-nc,235988912,research,32.7048116967,-16.9590890489,native
lythrum_junceum_713.jpg,https://inaturalist-open-data.s3.amazonaws.com/photos/419779694/medium.jpg,cc-by-nc,235988912,research,32.7048116967,-16.9590890489,native
lythrum_junceum_714.jpg,https://inaturalist-open-data.s3.amazonaws.com/photos/419376350/medium.jpg,cc-by-nc,235787263,needs_id,41.3396841109,-8.687082419,native
lythrum_junceum_715.jpeg,https://inaturalist-open-data.s3.amazonaws.com/photos/419320749/medium.jpeg,cc-by-nc,235756587,research,37.3118216667,-8.6092216667,native
lythrum_junceum_716.jpeg,https://inaturalist-open-data.s3.amazonaws.com/photos/419320788/medium.jpeg,cc-by-nc,235756587,research,37.3118216667,-8.6092216667,native
lythrum_junceum_717.jpeg,https://inaturalist-open-data.s3.amazonaws.com/photos/419320826/medium.jpeg,cc-by-nc,235756587,research,37.3118216667,-8.6092216667,native
lythrum_junceum_718.jpg,https://inaturalist-open-data.s3.amazonaws.com/photos/419302672/medium.jpg,cc-by-nc,235753583,needs_id,31.3191611807,-7.7533500648,native
lythrum_junceum_719.jpg,https://inaturalist-open-data.s3.amazonaws.com/photos/419302649/medium.jpg,cc-by-nc,235753583,needs_id,31.3191611807,-7.7533500648,native
lythrum_junceum_720.jpeg,https://inaturalist-open-data.s3.amazonaws.com/photos/418817325/medium.jpeg,cc-by-nc,235490198,research,35.9674119904,27.8596325879,native
lythrum_junceum_721.jpeg,https://inaturalist-open-data.s3.amazonaws.com/photos/418817549/medium.jpeg,cc-by-nc,235490198,research,35.9674119904,27.8596325879,native
lythrum_junceum_722.jpeg,https://inaturalist-open-data.s3.amazonaws.com/photos/418817557/medium.jpeg,cc-by-nc,235490198,research,35.9674119904,27.8596325879,native
lythrum_junceum_723.jpeg,https://inaturalist-open-data.s3.amazonaws.com/photos/418817990/medium.jpeg,cc-by-nc,235490198,research,35.9674119904,27.8596325879,native
lythrum_junceum_724.jpeg,https://inaturalist-open-data.s3.amazonaws.com/photos/418817992/medium.jpeg,cc-by-nc,235490198,research,35.9674119904,27.8596325879,native
lythrum_junceum_725.jpeg,https://inaturalist-open-data.s3.amazonaws.com/photos/418817998/medium.jpeg,cc-by-nc,235490198,research,35.9674119904,27.8596325879,native
lythrum_junceum_726.jpeg,https://inaturalist-open-data.s3.amazonaws.com/photos/418700627/medium.jpeg,cc-by-nc,235431737,needs_id,36.7704142511,-5.1762546971,native
lythrum_junceum_727.jpeg,https://inaturalist-open-data.s3.amazonaws.com/photos/418700671/medium.jpeg,cc-by-nc,235431737,needs_id,36.7704142511,-5.1762546971,native
lythrum_junceum_728.jpeg,https://inaturalist-open-data.s3.amazonaws.com/photos/418700717/medium.jpeg,cc-by-nc,235431737,needs_id,36.7704142511,-5.1762546971,native
lythrum_junceum_729.jpeg,https://inaturalist-open-data.s3.amazonaws.com/photos/418673896/medium.jpeg,cc-by-nc,235418030,research,43.224320869,-8.3800916746,native
lythrum_junceum_730.jpeg,https://inaturalist-open-data.s3.amazonaws.com/photos/418099105/medium.jpeg,cc-by-nc,235111610,research,41.6943821751,-8.8491759973,native
lythrum_junceum_731.jpeg,https://inaturalist-open-data.s3.amazonaws.com/photos/417712287/medium.jpeg,cc-by-nc,234922053,research,37.22422,-121.85643,introduced non-invasive
lythrum_junceum_732.jpeg,https://inaturalist-open-data.s3.amazonaws.com/photos/417712579/medium.jpeg,cc-by-nc,234922053,research,37.22422,-121.85643,introduced non-invasive
lythrum_junceum_733.jpg,https://inaturalist-open-data.s3.amazonaws.com/photos/417547424/medium.jpg,cc-by-nc-sa,234834942,needs_id,40.1811561389,-8.1842632222,native
lythrum_junceum_734.jpg,https://inaturalist-open-data.s3.amazonaws.com/photos/417547428/medium.jpg,cc-by-nc-sa,234834942,needs_id,40.1811561389,-8.1842632222,native
lythrum_junceum_735.jpg,https://inaturalist-open-data.s3.amazonaws.com/photos/417547406/medium.jpg,cc-by-nc-sa,234834942,needs_id,40.1811561389,-8.1842632222,native
lythrum_junceum_736.jpg,https://inaturalist-open-data.s3.amazonaws.com/photos/417547408/medium.jpg,cc-by-nc-sa,234834942,needs_id,40.1811561389,-8.1842632222,native
lythrum_junceum_737.jpg,https://inaturalist-open-data.s3.amazonaws.com/photos/417547427/medium.jpg,cc-by-nc-sa,234834942,needs_id,40.1811561389,-8.1842632222,native
lythrum_junceum_738.jpg,https://inaturalist-open-data.s3.amazonaws.com/photos/417547442/medium.jpg,cc-by-nc-sa,234834942,needs_id,40.1811561389,-8.1842632222,native
lythrum_junceum_739.jpg,https://inaturalist-open-data.s3.amazonaws.com/photos/417547444/medium.jpg,cc-by-nc-sa,234834942,needs_id,40.1811561389,-8.1842632222,native
lythrum_junceum_740.jpg,https://inaturalist-open-data.s3.amazonaws.com/photos/417547450/medium.jpg,cc-by-nc-sa,234834942,needs_id,40.1811561389,-8.1842632222,native
lythrum_junceum_741.jpg,https://inaturalist-open-data.s3.amazonaws.com/photos/417547458/medium.jpg,cc-by-nc-sa,234834942,needs_id,40.1811561389,-8.1842632222,native
lythrum_junceum_742.jpg,https://inaturalist-open-data.s3.amazonaws.com/photos/417547462/medium.jpg,cc-by-nc-sa,234834942,needs_id,40.1811561389,-8.1842632222,native
lythrum_junceum_743.jpg,https://inaturalist-open-data.s3.amazonaws.com/photos/417547474/medium.jpg,cc-by-nc-sa,234834942,needs_id,40.1811561389,-8.1842632222,native
lythrum_junceum_744.jpg,https://inaturalist-open-data.s3.amazonaws.com/photos/417547493/medium.jpg,cc-by-nc-sa,234834942,needs_id,40.1811561389,-8.1842632222,native
lythrum_junceum_745.jpeg,https://inaturalist-open-data.s3.amazonaws.com/photos/417217878/medium.jpeg,cc-by-nc,234665884,research,43.5212184279,-5.6125599146,native
lythrum_junceum_746.jpeg,https://inaturalist-open-data.s3.amazonaws.com/photos/417217888/medium.jpeg,cc-by-nc,234665884,research,43.5212184279,-5.6125599146,native
lythrum_junceum_747.jpeg,https://inaturalist-open-data.s3.amazonaws.com/photos/417217897/medium.jpeg,cc-by-nc,234665884,research,43.5212184279,-5.6125599146,native
lythrum_junceum_748.jpeg,https://inaturalist-open-data.s3.amazonaws.com/photos/417156473/medium.jpeg,cc-by-nc,234635282,needs_id,37.5158383333,-122.0843195,introduced non-invasive
lythrum_junceum_749.jpeg,https://inaturalist-open-data.s3.amazonaws.com/photos/416961558/medium.jpeg,cc-by-nc,234536537,research,43.6393783333,-5.829595,native
lythrum_junceum_750.jpeg,https://inaturalist-open-data.s3.amazonaws.com/photos/416961599/medium.jpeg,cc-by-nc,234536537,research,43.6393783333,-5.829595,native
lythrum_junceum_751.jpeg,https://inaturalist-open-data.s3.amazonaws.com/photos/416623938/medium.jpeg,cc-by-nc,234363619,research,37.5472621205,-122.090071218,introduced non-invasive
lythrum_junceum_752.jpeg,https://inaturalist-open-data.s3.amazonaws.com/photos/416216741/medium.jpeg,cc-by-nc,234151325,research,43.6247366667,-5.7956216667,native
lythrum_junceum_753.jpeg,https://inaturalist-open-data.s3.amazonaws.com/photos/415965685/medium.jpeg,cc-by-nc,234018838,research,43.6316215503,-5.8426158066,native
lythrum_junceum_754.jpeg,https://inaturalist-open-data.s3.amazonaws.com/photos/415965738/medium.jpeg,cc-by-nc,234018838,research,43.6316215503,-5.8426158066,native
lythrum_junceum_755.jpeg,https://inaturalist-open-data.s3.amazonaws.com/photos/415905375/medium.jpeg,cc-by-nc,233987919,research,43.6332366729,-5.8520333333,native
lythrum_junceum_756.jpeg,https://inaturalist-open-data.s3.amazonaws.com/photos/415881988/medium.jpeg,cc0,233976668,research,43.3624937046,-3.1937845279,native
lythrum_junceum_757.jpeg,https://inaturalist-open-data.s3.amazonaws.com/photos/415879111/medium.jpeg,cc-by-nc,233974453,research,43.6532833333,-5.8511533333,native
lythrum_junceum_758.jpeg,https://inaturalist-open-data.s3.amazonaws.com/photos/415879155/medium.jpeg,cc-by-nc,233974453,research,43.6532833333,-5.8511533333,native
lythrum_junceum_759.jpeg,https://inaturalist-open-data.s3.amazonaws.com/photos/415762054/medium.jpeg,cc-by-nc,233910378,needs_id,41.1522216794,-8.5816488264,native
lythrum_junceum_760.jpeg,https://inaturalist-open-data.s3.amazonaws.com/photos/415433615/medium.jpeg,cc-by-nc,233739894,research,43.6494166667,-5.854795,native
lythrum_junceum_761.jpeg,https://inaturalist-open-data.s3.amazonaws.com/photos/415354436/medium.jpeg,cc-by-nc,233696875,research,43.6434366667,-5.8534083333,native
lythrum_junceum_762.jpeg,https://inaturalist-open-data.s3.amazonaws.com/photos/415354402/medium.jpeg,cc-by-nc,233696875,research,43.6434366667,-5.8534083333,native
lythrum_junceum_763.jpeg,https://inaturalist-open-data.s3.amazonaws.com/photos/414966132/medium.jpeg,cc-by-nc,233494383,research,43.6374466667,-5.814845,native
lythrum_junceum_764.jpeg,https://inaturalist-open-data.s3.amazonaws.com/photos/414966188/medium.jpeg,cc-by-nc,233494383,research,43.6374466667,-5.814845,native
lythrum_junceum_765.jpeg,https://inaturalist-open-data.s3.amazonaws.com/photos/414699330/medium.jpeg,cc-by-nc,233351863,research,42.5397984,-9.0343055997,native
lythrum_junceum_766.jpeg,https://inaturalist-open-data.s3.amazonaws.com/photos/414699383/medium.jpeg,cc-by-nc,233351863,research,42.5397984,-9.0343055997,native
lythrum_junceum_767.jpeg,https://inaturalist-open-data.s3.amazonaws.com/photos/414167966/medium.jpeg,cc-by-nc,233072435,research,42.5832509261,-9.0719886124,native
lythrum_junceum_768.jpeg,https://inaturalist-open-data.s3.amazonaws.com/photos/413833660/medium.jpeg,cc-by-nc,232899398,research,32.7551083333,-17.1445166667,native
lythrum_junceum_769.jpg,https://inaturalist-open-data.s3.amazonaws.com/photos/413781041/medium.jpg,cc-by-nc,232870355,needs_id,36.7773966667,-3.5486383333,native
lythrum_junceum_770.jpg,https://inaturalist-open-data.s3.amazonaws.com/photos/413781506/medium.jpg,cc-by-nc,232870355,needs_id,36.7773966667,-3.5486383333,native
lythrum_junceum_771.jpeg,https://inaturalist-open-data.s3.amazonaws.com/photos/413781507/medium.jpeg,cc-by-nc,232870355,needs_id,36.7773966667,-3.5486383333,native
lythrum_junceum_772.jpeg,https://inaturalist-open-data.s3.amazonaws.com/photos/413748621/medium.jpeg,cc-by,232853128,research,32.8388465,-17.1456379,native
lythrum_junceum_773.jpeg,https://inaturalist-open-data.s3.amazonaws.com/photos/413748706/medium.jpeg,cc-by,232853128,research,32.8388465,-17.1456379,native
lythrum_junceum_774.jpeg,https://inaturalist-open-data.s3.amazonaws.com/photos/413748734/medium.jpeg,cc-by,232853128,research,32.8388465,-17.1456379,native
lythrum_junceum_775.jpg,https://inaturalist-open-data.s3.amazonaws.com/photos/413400332/medium.jpg,cc-by-nc,232673640,research,43.3257909338,-8.4225149734,native
lythrum_junceum_776.jpeg,https://inaturalist-open-data.s3.amazonaws.com/photos/412999128/medium.jpeg,cc-by-nc,232463752,research,32.8084333333,-16.9814733333,native
lythrum_junceum_777.jpeg,https://inaturalist-open-data.s3.amazonaws.com/photos/412751401/medium.jpeg,cc-by-nc,232335281,needs_id,39.156664023,-9.3675184326,native
lythrum_junceum_778.jpeg,https://inaturalist-open-data.s3.amazonaws.com/photos/412713359/medium.jpeg,cc-by-nc,232314243,needs_id,39.3799533333,-9.02855,native
lythrum_junceum_779.jpeg,https://inaturalist-open-data.s3.amazonaws.com/photos/412578957/medium.jpeg,cc-by,232244394,needs_id,32.8951980271,35.6130550225,
lythrum_junceum_780.jpeg,https://inaturalist-open-data.s3.amazonaws.com/photos/412576407/medium.jpeg,cc-by,232244380,needs_id,32.8960773277,35.6131209657,
lythrum_junceum_781.jpg,https://inaturalist-open-data.s3.amazonaws.com/photos/411920474/medium.jpg,cc-by-nc,231898454,research,43.3799433333,-8.2705149444,native
lythrum_junceum_782.jpg,https://inaturalist-open-data.s3.amazonaws.com/photos/411920480/medium.jpg,cc-by-nc,231898454,research,43.3799433333,-8.2705149444,native
lythrum_junceum_783.jpg,https://inaturalist-open-data.s3.amazonaws.com/photos/411920499/medium.jpg,cc-by-nc,231898454,research,43.3799433333,-8.2705149444,native
lythrum_junceum_784.jpg,https://inaturalist-open-data.s3.amazonaws.com/photos/411920481/medium.jpg,cc-by-nc,231898454,research,43.3799433333,-8.2705149444,native
lythrum_junceum_785.jpeg,https://inaturalist-open-data.s3.amazonaws.com/photos/411856028/medium.jpeg,cc-by-nc,231861857,needs_id,38.9377194444,-9.2752638889,native
lythrum_junceum_786.jpeg,https://inaturalist-open-data.s3.amazonaws.com/photos/411856075/medium.jpeg,cc-by-nc,231861857,needs_id,38.9377194444,-9.2752638889,native
lythrum_junceum_787.jpg,https://inaturalist-open-data.s3.amazonaws.com/photos/411629743/medium.jpg,cc-by-nc,231739748,research,38.5391169,-8.8840125,native
lythrum_junceum_788.jpeg,https://inaturalist-open-data.s3.amazonaws.com/photos/411604056/medium.jpeg,cc-by-nc,231727054,research,37.461431,-121.872867,introduced non-invasive
lythrum_junceum_789.jpeg,https://inaturalist-open-data.s3.amazonaws.com/photos/411604084/medium.jpeg,cc-by-nc,231727054,research,37.461431,-121.872867,introduced non-invasive
lythrum_junceum_790.jpeg,https://inaturalist-open-data.s3.amazonaws.com/photos/411604181/medium.jpeg,cc-by-nc,231727054,research,37.461431,-121.872867,introduced non-invasive
lythrum_junceum_791.jpeg,https://inaturalist-open-data.s3.amazonaws.com/photos/411395912/medium.jpeg,cc-by-nc,231595374,research,43.3849078781,-8.3454760909,native
lythrum_junceum_792.jpg,https://inaturalist-open-data.s3.amazonaws.com/photos/411063736/medium.jpg,cc-by-nc,231443454,research,43.029049,-8.6149459722,native
lythrum_junceum_793.jpg,https://inaturalist-open-data.s3.amazonaws.com/photos/411063797/medium.jpg,cc-by-nc,231443454,research,43.029049,-8.6149459722,native
lythrum_junceum_794.jpg,https://inaturalist-open-data.s3.amazonaws.com/photos/411063771/medium.jpg,cc-by-nc,231443454,research,43.029049,-8.6149459722,native
lythrum_junceum_795.jpeg,https://inaturalist-open-data.s3.amazonaws.com/photos/410688391/medium.jpeg,cc-by-nc,231249598,research,43.3109864289,-8.8687101668,native
lythrum_junceum_796.jpeg,https://inaturalist-open-data.s3.amazonaws.com/photos/410688383/medium.jpeg,cc-by-nc,231249598,research,43.3109864289,-8.8687101668,native
lythrum_junceum_797.jpeg,https://inaturalist-open-data.s3.amazonaws.com/photos/410688597/medium.jpeg,cc-by-nc,231249598,research,43.3109864289,-8.8687101668,native
lythrum_junceum_798.jpeg,https://inaturalist-open-data.s3.amazonaws.com/photos/410688802/medium.jpeg,cc-by-nc,231249598,research,43.3109864289,-8.8687101668,native
lythrum_junceum_799.jpeg,https://inaturalist-open-data.s3.amazonaws.com/photos/409856582/medium.jpeg,cc-by-nc,230809651,research,43.26708933,-8.39623377,native
lythrum_junceum_800.jpeg,https://inaturalist-open-data.s3.amazonaws.com/photos/409856632/medium.jpeg,cc-by-nc,230809651,research,43.26708933,-8.39623377,native
lythrum_junceum_801.jpeg,https://inaturalist-open-data.s3.amazonaws.com/photos/409856756/medium.jpeg,cc-by-nc,230809651,research,43.26708933,-8.39623377,native
lythrum_junceum_802.jpeg,https://inaturalist-open-data.s3.amazonaws.com/photos/409856818/medium.jpeg,cc-by-nc,230809651,research,43.26708933,-8.39623377,native
lythrum_junceum_803.jpeg,https://inaturalist-open-data.s3.amazonaws.com/photos/409725170/medium.jpeg,cc-by-nc,230736193,needs_id,33.6532783333,35.60815,
lythrum_junceum_804.jpeg,https://inaturalist-open-data.s3.amazonaws.com/photos/409725226/medium.jpeg,cc-by-nc,230736193,needs_id,33.6532783333,35.60815,
lythrum_junceum_805.jpeg,https://inaturalist-open-data.s3.amazonaws.com/photos/409725294/medium.jpeg,cc-by-nc,230736193,needs_id,33.6532783333,35.60815,
lythrum_junceum_806.jpeg,https://inaturalist-open-data.s3.amazonaws.com/photos/409725327/medium.jpeg,cc-by-nc,230736193,needs_id,33.6532783333,35.60815,
lythrum_junceum_807.jpeg,https://inaturalist-open-data.s3.amazonaws.com/photos/409692701/medium.jpeg,cc-by-nc,230718090,research,43.44332839,-4.9740098,native
lythrum_junceum_808.jpeg,https://inaturalist-open-data.s3.amazonaws.com/photos/409664122/medium.jpeg,cc-by-nc,230703727,needs_id,32.7419226688,-17.0883245074,native
lythrum_junceum_809.jpeg,https://inaturalist-open-data.s3.amazonaws.com/photos/409663888/medium.jpeg,cc-by-nc,230703697,research,32.7369416667,-17.0951833333,native
lythrum_junceum_810.jpeg,https://inaturalist-open-data.s3.amazonaws.com/photos/409520423/medium.jpeg,cc-by-nc,230626873,needs_id,37.4557333333,-121.8616783333,introduced non-invasive
lythrum_junceum_811.jpeg,https://inaturalist-open-data.s3.amazonaws.com/photos/409520402/medium.jpeg,cc-by-nc,230626873,needs_id,37.4557333333,-121.8616783333,introduced non-invasive
lythrum_junceum_812.jpeg,https://inaturalist-open-data.s3.amazonaws.com/photos/409520454/medium.jpeg,cc-by-nc,230626873,needs_id,37.4557333333,-121.8616783333,introduced non-invasive
lythrum_junceum_813.jpg,https://inaturalist-open-data.s3.amazonaws.com/photos/409385692/medium.jpg,cc-by-nc,230557673,research,42.8697919333,-8.5397057333,native
lythrum_junceum_814.jpg,https://inaturalist-open-data.s3.amazonaws.com/photos/409385709/medium.jpg,cc-by-nc,230557673,research,42.8697919333,-8.5397057333,native
lythrum_junceum_815.jpeg,https://inaturalist-open-data.s3.amazonaws.com/photos/409260115/medium.jpeg,cc-by-nc,230486704,research,38.6787478254,-28.0818273314,native
lythrum_junceum_816.jpeg,https://inaturalist-open-data.s3.amazonaws.com/photos/408884848/medium.jpeg,cc-by-nc,230288954,needs_id,40.637739,-8.6095548997,native
lythrum_junceum_817.jpeg,https://inaturalist-open-data.s3.amazonaws.com/photos/408884877/medium.jpeg,cc-by-nc,230288954,needs_id,40.637739,-8.6095548997,native
lythrum_junceum_818.jpeg,https://inaturalist-open-data.s3.amazonaws.com/photos/408884906/medium.jpeg,cc-by-nc,230288954,needs_id,40.637739,-8.6095548997,native
lythrum_junceum_819.jpeg,https://inaturalist-open-data.s3.amazonaws.com/photos/408884932/medium.jpeg,cc-by-nc,230288954,needs_id,40.637739,-8.6095548997,native
lythrum_junceum_820.jpeg,https://inaturalist-open-data.s3.amazonaws.com/photos/408851337/medium.jpeg,cc-by-nc,230274994,research,40.2075724197,-8.4523985943,native
lythrum_junceum_821.jpg,https://inaturalist-open-data.s3.amazonaws.com/photos/408604087/medium.jpg,cc-by-nc,230143961,research,43.3841883333,-8.2728583333,native
lythrum_junceum_822.jpeg,https://inaturalist-open-data.s3.amazonaws.com/photos/408101778/medium.jpeg,cc-by-nc,229877236,research,42.4721894,-9.0071958303,native
lythrum_junceum_823.jpeg,https://inaturalist-open-data.s3.amazonaws.com/photos/408101824/medium.jpeg,cc-by-nc,229877236,research,42.4721894,-9.0071958303,native
lythrum_junceum_824.jpeg,https://inaturalist-open-data.s3.amazonaws.com/photos/408101890/medium.jpeg,cc-by-nc,229877236,research,42.4721894,-9.0071958303,native
lythrum_junceum_825.jpeg,https://inaturalist-open-data.s3.amazonaws.com/photos/408101946/medium.jpeg,cc-by-nc,229877236,research,42.4721894,-9.0071958303,native
lythrum_junceum_826.jpeg,https://inaturalist-open-data.s3.amazonaws.com/photos/408102029/medium.jpeg,cc-by-nc,229877236,research,42.4721894,-9.0071958303,native
lythrum_junceum_827.jpeg,https://inaturalist-open-data.s3.amazonaws.com/photos/408102085/medium.jpeg,cc-by-nc,229877236,research,42.4721894,-9.0071958303,native
lythrum_junceum_828.jpeg,https://inaturalist-open-data.s3.amazonaws.com/photos/407698160/medium.jpeg,cc-by-nc,229665167,research,37.5456062908,-121.958996787,introduced non-invasive
lythrum_junceum_829.jpeg,https://inaturalist-open-data.s3.amazonaws.com/photos/407698219/medium.jpeg,cc-by-nc,229665167,research,37.5456062908,-121.958996787,introduced non-invasive
lythrum_junceum_830.jpg,https://inaturalist-open-data.s3.amazonaws.com/photos/407590862/medium.jpg,cc-by-nc,229610806,research,42.7477159722,-8.6131949722,native
lythrum_junceum_831.jpg,https://inaturalist-open-data.s3.amazonaws.com/photos/407590913/medium.jpg,cc-by-nc,229610806,research,42.7477159722,-8.6131949722,native
lythrum_junceum_832.jpg,https://inaturalist-open-data.s3.amazonaws.com/photos/407590887/medium.jpg,cc-by-nc,229610806,research,42.7477159722,-8.6131949722,native
lythrum_junceum_833.jpg,https://inaturalist-open-data.s3.amazonaws.com/photos/407551755/medium.jpg,cc-by,229594011,needs_id,34.0322083333,-6.8366555556,native
lythrum_junceum_834.jpeg,https://inaturalist-open-data.s3.amazonaws.com/photos/407388666/medium.jpeg,cc-by-nc,229503840,needs_id,38.7728861111,-9.3230416667,native
lythrum_junceum_835.jpeg,https://inaturalist-open-data.s3.amazonaws.com/photos/406998222/medium.jpeg,cc0,229298027,research,41.1203183333,-8.6645633333,native
lythrum_junceum_836.jpeg,https://inaturalist-open-data.s3.amazonaws.com/photos/406861675/medium.jpeg,cc-by-nc,229221433,needs_id,38.8279236513,-9.2931863666,native
lythrum_junceum_837.jpeg,https://inaturalist-open-data.s3.amazonaws.com/photos/406861694/medium.jpeg,cc-by-nc,229221433,needs_id,38.8279236513,-9.2931863666,native
lythrum_junceum_838.jpeg,https://inaturalist-open-data.s3.amazonaws.com/photos/406861770/medium.jpeg,cc-by-nc,229221433,needs_id,38.8279236513,-9.2931863666,native
lythrum_junceum_839.jpg,https://inaturalist-open-data.s3.amazonaws.com/photos/406827445/medium.jpg,cc-by-nc,229203046,research,42.92119,-8.573347,native
lythrum_junceum_840.jpg,https://inaturalist-open-data.s3.amazonaws.com/photos/406827493/medium.jpg,cc-by-nc,229203046,research,42.92119,-8.573347,native
lythrum_junceum_841.jpg,https://inaturalist-open-data.s3.amazonaws.com/photos/406827464/medium.jpg,cc-by-nc,229203046,research,42.92119,-8.573347,native
lythrum_junceum_842.jpg,https://inaturalist-open-data.s3.amazonaws.com/photos/406827479/medium.jpg,cc-by-nc,229203046,research,42.92119,-8.573347,native
lythrum_junceum_843.jpg,https://inaturalist-open-data.s3.amazonaws.com/photos/406517023/medium.jpg,cc-by-nc,229041685,research,42.1142116667,-8.869705,native
lythrum_junceum_844.jpg,https://inaturalist-open-data.s3.amazonaws.com/photos/406517054/medium.jpg,cc-by-nc,229041685,research,42.1142116667,-8.869705,native
lythrum_junceum_845.jpeg,https://inaturalist-open-data.s3.amazonaws.com/photos/406443816/medium.jpeg,cc-by,228998873,needs_id,36.6605042,4.6140481,native
lythrum_junceum_846.jpeg,https://inaturalist-open-data.s3.amazonaws.com/photos/406298940/medium.jpeg,cc0,228923187,needs_id,38.7059444444,-9.1404222222,native
lythrum_junceum_847.jpeg,https://inaturalist-open-data.s3.amazonaws.com/photos/406298973/medium.jpeg,cc0,228923187,needs_id,38.7059444444,-9.1404222222,native
lythrum_junceum_848.jpeg,https://inaturalist-open-data.s3.amazonaws.com/photos/406298995/medium.jpeg,cc0,228923187,needs_id,38.7059444444,-9.1404222222,native
lythrum_junceum_849.jpeg,https://inaturalist-open-data.s3.amazonaws.com/photos/406299021/medium.jpeg,cc0,228923187,needs_id,38.7059444444,-9.1404222222,native
lythrum_junceum_850.jpeg,https://inaturalist-open-data.s3.amazonaws.com/photos/406299062/medium.jpeg,cc0,228923187,needs_id,38.7059444444,-9.1404222222,native
lythrum_junceum_851.jpeg,https://inaturalist-open-data.s3.amazonaws.com/photos/406290226/medium.jpeg,cc-by-nc,228919158,research,42.8677305556,-8.6592277778,native
lythrum_junceum_852.jpeg,https://inaturalist-open-data.s3.amazonaws.com/photos/406069285/medium.jpeg,cc-by-nc,228803165,needs_id,39.4115418344,-8.9839570572,native
lythrum_junceum_853.jpeg,https://inaturalist-open-data.s3.amazonaws.com/photos/406069315/medium.jpeg,cc-by-nc,228803165,needs_id,39.4115418344,-8.9839570572,native
lythrum_junceum_854.jpeg,https://inaturalist-open-data.s3.amazonaws.com/photos/406069385/medium.jpeg,cc-by-nc,228803165,needs_id,39.4115418344,-8.9839570572,native
lythrum_junceum_855.jpg,https://inaturalist-open-data.s3.amazonaws.com/photos/405926935/medium.jpg,cc-by-nc,228737834,needs_id,35.2345722222,-5.1765833333,native
lythrum_junceum_856.jpg,https://inaturalist-open-data.s3.amazonaws.com/photos/405682613/medium.jpg,cc-by-nc,228601845,research,43.3812916667,-8.2686083333,native
lythrum_junceum_857.jpeg,https://inaturalist-open-data.s3.amazonaws.com/photos/405435931/medium.jpeg,cc0,228473356,research,41.1696583333,-8.68639,native
lythrum_junceum_858.jpg,https://inaturalist-open-data.s3.amazonaws.com/photos/405408799/medium.jpg,cc-by-nc,228459459,needs_id,37.29483,-8.4906416667,native
lythrum_junceum_859.jpg,https://inaturalist-open-data.s3.amazonaws.com/photos/405408830/medium.jpg,cc-by-nc,228459459,needs_id,37.29483,-8.4906416667,native
lythrum_junceum_860.jpg,https://inaturalist-open-data.s3.amazonaws.com/photos/405408870/medium.jpg,cc-by-nc,228459459,needs_id,37.29483,-8.4906416667,native
lythrum_junceum_861.jpg,https://inaturalist-open-data.s3.amazonaws.com/photos/405169456/medium.jpg,cc-by-nc,228332089,needs_id,38.7445443,-9.1486702,native
lythrum_junceum_862.jpeg,https://inaturalist-open-data.s3.amazonaws.com/photos/405076649/medium.jpeg,cc-by-nc,228283172,research,43.5567277778,-8.3010277778,native
lythrum_junceum_863.jpeg,https://inaturalist-open-data.s3.amazonaws.com/photos/404904414/medium.jpeg,cc-by-nc,228189896,needs_id,39.3796464861,-9.2122870566,native
lythrum_junceum_864.jpeg,https://inaturalist-open-data.s3.amazonaws.com/photos/404904400/medium.jpeg,cc-by-nc,228189896,needs_id,39.3796464861,-9.2122870566,native
lythrum_junceum_865.jpeg,https://inaturalist-open-data.s3.amazonaws.com/photos/404904371/medium.jpeg,cc-by-nc,228189896,needs_id,39.3796464861,-9.2122870566,native
lythrum_junceum_866.jpeg,https://inaturalist-open-data.s3.amazonaws.com/photos/404904399/medium.jpeg,cc-by-nc,228189896,needs_id,39.3796464861,-9.2122870566,native
lythrum_junceum_867.jpeg,https://inaturalist-open-data.s3.amazonaws.com/photos/404904405/medium.jpeg,cc-by-nc,228189896,needs_id,39.3796464861,-9.2122870566,native
lythrum_junceum_868.jpg,https://inaturalist-open-data.s3.amazonaws.com/photos/404516830/medium.jpg,cc-by-nc,227985366,research,42.615141,-8.7857219722,native
lythrum_junceum_869.jpg,https://inaturalist-open-data.s3.amazonaws.com/photos/404516857/medium.jpg,cc-by-nc,227985366,research,42.615141,-8.7857219722,native
lythrum_junceum_870.jpeg,https://inaturalist-open-data.s3.amazonaws.com/photos/404301319/medium.jpeg,cc-by-nc,227874739,research,42.9086055556,-8.9162,native
lythrum_junceum_871.jpeg,https://inaturalist-open-data.s3.amazonaws.com/photos/404025505/medium.jpeg,cc-by-nc,227725999,needs_id,38.9749916667,-9.0121,native
lythrum_junceum_872.jpeg,https://inaturalist-open-data.s3.amazonaws.com/photos/404025526/medium.jpeg,cc-by-nc,227725999,needs_id,38.9749916667,-9.0121,native
lythrum_junceum_873.jpeg,https://inaturalist-open-data.s3.amazonaws.com/photos/404025554/medium.jpeg,cc-by-nc,227725999,needs_id,38.9749916667,-9.0121,native
lythrum_junceum_874.jpeg,https://inaturalist-open-data.s3.amazonaws.com/photos/404026708/medium.jpeg,cc-by-nc,227725999,needs_id,38.9749916667,-9.0121,native
lythrum_junceum_875.jpeg,https://inaturalist-open-data.s3.amazonaws.com/photos/403832481/medium.jpeg,cc-by-nc,227625809,needs_id,30.6889444444,-8.1451972222,native
lythrum_junceum_876.jpeg,https://inaturalist-open-data.s3.amazonaws.com/photos/403832512/medium.jpeg,cc-by-nc,227625809,needs_id,30.6889444444,-8.1451972222,native
lythrum_junceum_877.jpeg,https://inaturalist-open-data.s3.amazonaws.com/photos/403832555/medium.jpeg,cc-by-nc,227625809,needs_id,30.6889444444,-8.1451972222,native
lythrum_junceum_878.jpeg,https://inaturalist-open-data.s3.amazonaws.com/photos/403651227/medium.jpeg,cc-by-nc,227528624,research,41.6894245252,-8.6972190234,native
lythrum_junceum_879.jpeg,https://inaturalist-open-data.s3.amazonaws.com/photos/403651283/medium.jpeg,cc-by-nc,227528624,research,41.6894245252,-8.6972190234,native
lythrum_junceum_880.jpeg,https://inaturalist-open-data.s3.amazonaws.com/photos/403651351/medium.jpeg,cc-by-nc,227528624,research,41.6894245252,-8.6972190234,native
lythrum_junceum_881.jpeg,https://inaturalist-open-data.s3.amazonaws.com/photos/403651420/medium.jpeg,cc-by-nc,227528624,research,41.6894245252,-8.6972190234,native
lythrum_junceum_882.jpeg,https://inaturalist-open-data.s3.amazonaws.com/photos/403651461/medium.jpeg,cc-by-nc,227528624,research,41.6894245252,-8.6972190234,native
lythrum_junceum_883.jpg,https://inaturalist-open-data.s3.amazonaws.com/photos/403565609/medium.jpg,cc-by-nc,227482186,casual,,,
lythrum_junceum_884.jpeg,https://inaturalist-open-data.s3.amazonaws.com/photos/403562591/medium.jpeg,cc-by-nc,227480679,research,31.9360963313,34.7396593541,native
lythrum_junceum_885.jpeg,https://inaturalist-open-data.s3.amazonaws.com/photos/403405410/medium.jpeg,cc-by-nc,227405337,needs_id,16.3897565909,101.1257857554,native
lythrum_junceum_886.jpeg,https://inaturalist-open-data.s3.amazonaws.com/photos/403405464/medium.jpeg,cc-by-nc,227405337,needs_id,16.3897565909,101.1257857554,native
lythrum_junceum_887.jpeg,https://inaturalist-open-data.s3.amazonaws.com/photos/403282639/medium.jpeg,cc-by,227333988,research,43.4367069778,-4.8636200806,native
lythrum_junceum_888.jpeg,https://inaturalist-open-data.s3.amazonaws.com/photos/402965606/medium.jpeg,cc-by-nc,227169158,research,36.601249066,4.4133368157,native
lythrum_junceum_889.jpeg,https://inaturalist-open-data.s3.amazonaws.com/photos/402965648/medium.jpeg,cc-by-nc,227169158,research,36.601249066,4.4133368157,native
lythrum_junceum_890.jpeg,https://inaturalist-open-data.s3.amazonaws.com/photos/402888537/medium.jpeg,cc-by-nc,227126925,casual,,,
lythrum_junceum_891.jpeg,https://inaturalist-open-data.s3.amazonaws.com/photos/402863212/medium.jpeg,cc0,227114141,research,43.3602083333,-8.2070266667,native
lythrum_junceum_892.jpeg,https://inaturalist-open-data.s3.amazonaws.com/photos/402863237/medium.jpeg,cc0,227114141,research,43.3602083333,-8.2070266667,native
lythrum_junceum_893.jpg,https://inaturalist-open-data.s3.amazonaws.com/photos/402499291/medium.jpg,cc-by-nc,226920618,needs_id,37.3567783333,-5.9343883333,native
lythrum_junceum_894.jpeg,https://inaturalist-open-data.s3.amazonaws.com/photos/402377139/medium.jpeg,cc0,226852725,research,43.2974583333,-8.6615283333,native
lythrum_junceum_895.jpeg,https://inaturalist-open-data.s3.amazonaws.com/photos/402246735/medium.jpeg,cc-by-nc,226787434,research,40.1474070583,-8.2424360335,native
lythrum_junceum_896.jpeg,https://inaturalist-open-data.s3.amazonaws.com/photos/402246742/medium.jpeg,cc-by-nc,226787434,research,40.1474070583,-8.2424360335,native
lythrum_junceum_897.jpeg,https://inaturalist-open-data.s3.amazonaws.com/photos/402013958/medium.jpeg,cc0,226660277,research,42.47450413,-9.00974903,native
lythrum_junceum_898.jpeg,https://inaturalist-open-data.s3.amazonaws.com/photos/402014007/medium.jpeg,cc0,226660277,research,42.47450413,-9.00974903,native
lythrum_junceum_899.jpeg,https://inaturalist-open-data.s3.amazonaws.com/photos/401976315/medium.jpeg,cc0,226639182,research,43.4789366667,-5.1370383333,native
lythrum_junceum_900.jpeg,https://inaturalist-open-data.s3.amazonaws.com/photos/401974290/medium.jpeg,cc0,226638494,research,43.479145,-5.1369816667,native
lythrum_junceum_901.jpeg,https://inaturalist-open-data.s3.amazonaws.com/photos/401974297/medium.jpeg,cc0,226638494,research,43.479145,-5.1369816667,native
lythrum_junceum_902.jpeg,https://inaturalist-open-data.s3.amazonaws.com/photos/401974322/medium.jpeg,cc0,226638494,research,43.479145,-5.1369816667,native
lythrum_junceum_903.jpg,https://inaturalist-open-data.s3.amazonaws.com/photos/401805119/medium.jpg,cc-by-nc,226553126,research,43.341725,-8.3533933333,native
lythrum_junceum_904.jpg,https://inaturalist-open-data.s3.amazonaws.com/photos/401805062/medium.jpg,cc-by-nc,226553117,research,43.3416133333,-8.3532316667,native
lythrum_junceum_905.jpeg,https://inaturalist-open-data.s3.amazonaws.com/photos/401653122/medium.jpeg,cc0,226470674,research,43.552065,-7.0194233333,native
lythrum_junceum_906.jpeg,https://inaturalist-open-data.s3.amazonaws.com/photos/401649332/medium.jpeg,cc0,226469003,research,43.55172,-7.019595,native
lythrum_junceum_907.jpeg,https://inaturalist-open-data.s3.amazonaws.com/photos/401649349/medium.jpeg,cc0,226469003,research,43.55172,-7.019595,native
lythrum_junceum_908.jpeg,https://inaturalist-open-data.s3.amazonaws.com/photos/401649111/medium.jpeg,cc0,226468996,research,43.5514833333,-7.0196183333,native
lythrum_junceum_909.jpeg,https://inaturalist-open-data.s3.amazonaws.com/photos/401649196/medium.jpeg,cc0,226468996,research,43.5514833333,-7.0196183333,native
lythrum_junceum_910.jpg,https://inaturalist-open-data.s3.amazonaws.com/photos/401539302/medium.jpg,cc-by-nc-sa,226410607,needs_id,37.9954490556,-8.3853416389,native
lythrum_junceum_911.jpg,https://inaturalist-open-data.s3.amazonaws.com/photos/401539299/medium.jpg,cc-by-nc-sa,226410607,needs_id,37.9954490556,-8.3853416389,native
lythrum_junceum_912.jpg,https://inaturalist-open-data.s3.amazonaws.com/photos/401539303/medium.jpg,cc-by-nc-sa,226410607,needs_id,37.9954490556,-8.3853416389,native
lythrum_junceum_913.jpg,https://inaturalist-open-data.s3.amazonaws.com/photos/401539317/medium.jpg,cc-by-nc-sa,226410607,needs_id,37.9954490556,-8.3853416389,native
lythrum_junceum_914.jpg,https://inaturalist-open-data.s3.amazonaws.com/photos/401539316/medium.jpg,cc-by-nc-sa,226410607,needs_id,37.9954490556,-8.3853416389,native
lythrum_junceum_915.jpg,https://inaturalist-open-data.s3.amazonaws.com/photos/401539321/medium.jpg,cc-by-nc-sa,226410607,needs_id,37.9954490556,-8.3853416389,native
lythrum_junceum_916.jpg,https://inaturalist-open-data.s3.amazonaws.com/photos/401378602/medium.jpg,cc-by,226329928,needs_id,37.1428138889,-6.5446888889,native
lythrum_junceum_917.jpeg,https://inaturalist-open-data.s3.amazonaws.com/photos/401335720/medium.jpeg,cc-by-nc,226306439,needs_id,37.4636287299,-121.87472926,introduced non-invasive
lythrum_junceum_918.jpeg,https://inaturalist-open-data.s3.amazonaws.com/photos/401335647/medium.jpeg,cc-by-nc,226306439,needs_id,37.4636287299,-121.87472926,introduced non-invasive
lythrum_junceum_919.jpg,https://inaturalist-open-data.s3.amazonaws.com/photos/401032383/medium.jpg,cc-by-nc,226143876,research,43.1425589722,-8.7623689722,native
lythrum_junceum_920.jpg,https://inaturalist-open-data.s3.amazonaws.com/photos/401032451/medium.jpg,cc-by-nc,226143876,research,43.1425589722,-8.7623689722,native
lythrum_junceum_921.jpg,https://inaturalist-open-data.s3.amazonaws.com/photos/401032419/medium.jpg,cc-by-nc,226143876,research,43.1425589722,-8.7623689722,native
lythrum_junceum_922.jpg,https://inaturalist-open-data.s3.amazonaws.com/photos/401002845/medium.jpg,cc-by-nc,226127803,research,37.6379866667,-8.6194083333,native
lythrum_junceum_923.jpg,https://inaturalist-open-data.s3.amazonaws.com/photos/401002859/medium.jpg,cc-by-nc,226127803,research,37.6379866667,-8.6194083333,native
lythrum_junceum_924.jpg,https://inaturalist-open-data.s3.amazonaws.com/photos/401002875/medium.jpg,cc-by-nc,226127803,research,37.6379866667,-8.6194083333,native
lythrum_junceum_925.jpg,https://inaturalist-open-data.s3.amazonaws.com/photos/401002909/medium.jpg,cc-by-nc,226127803,research,37.6379866667,-8.6194083333,native
lythrum_junceum_926.jpeg,https://inaturalist-open-data.s3.amazonaws.com/photos/400600226/medium.jpeg,cc-by-nc,225917685,needs_id,37.140382,-5.3974429722,native
lythrum_junceum_927.jpeg,https://inaturalist-open-data.s3.amazonaws.com/photos/400600312/medium.jpeg,cc-by-nc,225917685,needs_id,37.140382,-5.3974429722,native
lythrum_junceum_928.jpeg,https://inaturalist-open-data.s3.amazonaws.com/photos/400600507/medium.jpeg,cc-by-nc,225917685,needs_id,37.140382,-5.3974429722,native
lythrum_junceum_929.jpg,https://inaturalist-open-data.s3.amazonaws.com/photos/399918786/medium.jpg,cc-by-nc,225868653,research,43.3057273,-5.1006035,native
lythrum_junceum_930.jpg,https://inaturalist-open-data.s3.amazonaws.com/photos/399915391/medium.jpg,cc-by-nc,225868608,research,43.3145261,-5.1047696,native
lythrum_junceum_931.jpeg,https://inaturalist-open-data.s3.amazonaws.com/photos/400345089/medium.jpeg,cc-by-nc,225782278,needs_id,41.2056843087,-8.5273784772,native
lythrum_junceum_932.jpg,https://inaturalist-open-data.s3.amazonaws.com/photos/399988945/medium.jpg,cc-by-nc,225601134,research,40.0695930071,-8.8624729491,native
lythrum_junceum_933.jpeg,https://inaturalist-open-data.s3.amazonaws.com/photos/399821744/medium.jpeg,cc-by-nc,225505085,research,42.4520375222,-8.821300976,native
lythrum_junceum_934.jpeg,https://inaturalist-open-data.s3.amazonaws.com/photos/399821264/medium.jpeg,cc-by-nc,225505085,research,42.4520375222,-8.821300976,native
lythrum_junceum_935.jpeg,https://inaturalist-open-data.s3.amazonaws.com/photos/399821304/medium.jpeg,cc-by-nc,225505085,research,42.4520375222,-8.821300976,native
lythrum_junceum_936.jpg,https://inaturalist-open-data.s3.amazonaws.com/photos/399153013/medium.jpg,cc-by-nc,225167666,needs_id,42.803836907,10.872348577,native
lythrum_junceum_937.jpg,https://inaturalist-open-data.s3.amazonaws.com/photos/398568553/medium.jpg,cc-by-nc,224848360,needs_id,37.995223,-8.188408,native
lythrum_junceum_938.jpg,https://inaturalist-open-data.s3.amazonaws.com/photos/398568560/medium.jpg,cc-by-nc,224848360,needs_id,37.995223,-8.188408,native
lythrum_junceum_939.jpg,https://inaturalist-open-data.s3.amazonaws.com/photos/398568576/medium.jpg,cc-by-nc,224848360,needs_id,37.995223,-8.188408,native
lythrum_junceum_940.jpeg,https://inaturalist-open-data.s3.amazonaws.com/photos/398235434/medium.jpeg,cc-by-nc,224676358,research,38.6716949997,-28.1060599997,native
lythrum_junceum_941.jpeg,https://inaturalist-open-data.s3.amazonaws.com/photos/398168379/medium.jpeg,cc0,224639512,research,43.4860266667,-3.790705,native
lythrum_junceum_942.jpeg,https://inaturalist-open-data.s3.amazonaws.com/photos/398168381/medium.jpeg,cc0,224639512,research,43.4860266667,-3.790705,native
lythrum_junceum_943.jpeg,https://inaturalist-open-data.s3.amazonaws.com/photos/398168386/medium.jpeg,cc0,224639512,research,43.4860266667,-3.790705,native
lythrum_junceum_944.jpg,https://inaturalist-open-data.s3.amazonaws.com/photos/398159180/medium.jpg,cc-by-nc-sa,224633734,research,40.2546272222,-8.2161245278,native
lythrum_junceum_945.jpg,https://inaturalist-open-data.s3.amazonaws.com/photos/398159183/medium.jpg,cc-by-nc-sa,224633734,research,40.2546272222,-8.2161245278,native
lythrum_junceum_946.jpg,https://inaturalist-open-data.s3.amazonaws.com/photos/398159189/medium.jpg,cc-by-nc-sa,224633734,research,40.2546272222,-8.2161245278,native
lythrum_junceum_947.jpg,https://inaturalist-open-data.s3.amazonaws.com/photos/398159241/medium.jpg,cc-by-nc-sa,224633734,research,40.2546272222,-8.2161245278,native
lythrum_junceum_948.jpg,https://inaturalist-open-data.s3.amazonaws.com/photos/398159232/medium.jpg,cc-by-nc-sa,224633734,research,40.2546272222,-8.2161245278,native
lythrum_junceum_949.jpg,https://inaturalist-open-data.s3.amazonaws.com/photos/398159224/medium.jpg,cc-by-nc-sa,224633734,research,40.2546272222,-8.2161245278,native
lythrum_junceum_950.jpg,https://inaturalist-open-data.s3.amazonaws.com/photos/397846394/medium.jpg,cc-by-nc,224471542,needs_id,41.3203315733,-8.7283296583,native
lythrum_junceum_951.jpg,https://inaturalist-open-data.s3.amazonaws.com/photos/397793687/medium.jpg,cc-by-nc,224443956,research,32.802345,-16.8627916667,native
lythrum_junceum_952.jpg,https://inaturalist-open-data.s3.amazonaws.com/photos/397793657/medium.jpg,cc-by-nc,224443956,research,32.802345,-16.8627916667,native
lythrum_junceum_953.jpg,https://inaturalist-open-data.s3.amazonaws.com/photos/397793734/medium.jpg,cc-by-nc,224443956,research,32.802345,-16.8627916667,native
lythrum_junceum_954.jpeg,https://inaturalist-open-data.s3.amazonaws.com/photos/397866160/medium.jpeg,cc-by-nc,224440044,needs_id,39.5431693,-9.1125992997,native
lythrum_junceum_955.jpeg,https://inaturalist-open-data.s3.amazonaws.com/photos/397866203/medium.jpeg,cc-by-nc,224440044,needs_id,39.5431693,-9.1125992997,native
lythrum_junceum_956.jpeg,https://inaturalist-open-data.s3.amazonaws.com/photos/397866236/medium.jpeg,cc-by-nc,224440044,needs_id,39.5431693,-9.1125992997,native
lythrum_junceum_957.jpg,https://inaturalist-open-data.s3.amazonaws.com/photos/397551749/medium.jpg,cc-by-nc,224314279,needs_id,37.5044833333,-121.9046633333,introduced non-invasive
lythrum_junceum_958.jpg,https://inaturalist-open-data.s3.amazonaws.com/photos/397551691/medium.jpg,cc-by-nc,224314279,needs_id,37.5044833333,-121.9046633333,introduced non-invasive
lythrum_junceum_959.jpg,https://inaturalist-open-data.s3.amazonaws.com/photos/397311465/medium.jpg,cc-by-nc,224189872,needs_id,36.7711,28.2509583333,native
lythrum_junceum_960.jpeg,https://inaturalist-open-data.s3.amazonaws.com/photos/397299171/medium.jpeg,cc-by-nc,224183290,needs_id,38.53943288,-8.36483001,native
lythrum_junceum_961.jpeg,https://inaturalist-open-data.s3.amazonaws.com/photos/397299201/medium.jpeg,cc-by-nc,224183290,needs_id,38.53943288,-8.36483001,native
lythrum_junceum_962.jpeg,https://inaturalist-open-data.s3.amazonaws.com/photos/397299219/medium.jpeg,cc-by-nc,224183290,needs_id,38.53943288,-8.36483001,native
lythrum_junceum_963.jpeg,https://inaturalist-open-data.s3.amazonaws.com/photos/396846800/medium.jpeg,cc0,223941554,research,42.61671552,-8.78608892,native
lythrum_junceum_964.jpeg,https://inaturalist-open-data.s3.amazonaws.com/photos/396847080/medium.jpeg,cc0,223941554,research,42.61671552,-8.78608892,native
lythrum_junceum_965.jpeg,https://inaturalist-open-data.s3.amazonaws.com/photos/396847159/medium.jpeg,cc0,223941554,research,42.61671552,-8.78608892,native
lythrum_junceum_966.jpeg,https://inaturalist-open-data.s3.amazonaws.com/photos/396849919/medium.jpeg,cc0,223941554,research,42.61671552,-8.78608892,native
lythrum_junceum_967.jpeg,https://inaturalist-open-data.s3.amazonaws.com/photos/396850033/medium.jpeg,cc0,223941554,research,42.61671552,-8.78608892,native
lythrum_junceum_968.jpeg,https://inaturalist-open-data.s3.amazonaws.com/photos/396465751/medium.jpeg,cc-by-nc,223733584,needs_id,32.69708519,-17.08726595,native
lythrum_junceum_969.jpeg,https://inaturalist-open-data.s3.amazonaws.com/photos/396465781/medium.jpeg,cc-by-nc,223733584,needs_id,32.69708519,-17.08726595,native
lythrum_junceum_970.jpeg,https://inaturalist-open-data.s3.amazonaws.com/photos/396468559/medium.jpeg,cc-by-nc,223733584,needs_id,32.69708519,-17.08726595,native
lythrum_junceum_971.jpg,https://inaturalist-open-data.s3.amazonaws.com/photos/396376644/medium.jpg,cc-by-nc,223686197,needs_id,37.4444466667,-121.8405833333,introduced non-invasive
lythrum_junceum_972.jpg,https://inaturalist-open-data.s3.amazonaws.com/photos/396376668/medium.jpg,cc-by-nc,223686197,needs_id,37.4444466667,-121.8405833333,introduced non-invasive
lythrum_junceum_973.jpg,https://inaturalist-open-data.s3.amazonaws.com/photos/396376690/medium.jpg,cc-by-nc,223686197,needs_id,37.4444466667,-121.8405833333,introduced non-invasive
lythrum_junceum_974.jpg,https://inaturalist-open-data.s3.amazonaws.com/photos/396376709/medium.jpg,cc-by-nc,223686197,needs_id,37.4444466667,-121.8405833333,introduced non-invasive
lythrum_junceum_975.jpg,https://inaturalist-open-data.s3.amazonaws.com/photos/396187761/medium.jpg,cc-by-nc,223589429,research,37.3301166667,-8.772795,native
lythrum_junceum_976.jpg,https://inaturalist-open-data.s3.amazonaws.com/photos/396187809/medium.jpg,cc-by-nc,223589429,research,37.3301166667,-8.772795,native
lythrum_junceum_977.jpg,https://inaturalist-open-data.s3.amazonaws.com/photos/396187860/medium.jpg,cc-by-nc,223589429,research,37.3301166667,-8.772795,native
lythrum_junceum_978.jpg,https://inaturalist-open-data.s3.amazonaws.com/photos/396187894/medium.jpg,cc-by-nc,223589429,research,37.3301166667,-8.772795,native
lythrum_junceum_979.jpeg,https://inaturalist-open-data.s3.amazonaws.com/photos/396132911/medium.jpeg,cc-by,223559822,research,43.5373769722,-5.527013,native
lythrum_junceum_980.jpeg,https://inaturalist-open-data.s3.amazonaws.com/photos/396133042/medium.jpeg,cc-by,223559822,research,43.5373769722,-5.527013,native
lythrum_junceum_981.jpeg,https://inaturalist-open-data.s3.amazonaws.com/photos/395798189/medium.jpeg,cc-by,223383362,research,32.7113688093,-17.0159665123,native
lythrum_junceum_982.jpeg,https://inaturalist-open-data.s3.amazonaws.com/photos/395798246/medium.jpeg,cc-by,223383362,research,32.7113688093,-17.0159665123,native
lythrum_junceum_983.jpeg,https://inaturalist-open-data.s3.amazonaws.com/photos/395798290/medium.jpeg,cc-by,223383362,research,32.7113688093,-17.0159665123,native
lythrum_junceum_984.jpeg,https://inaturalist-open-data.s3.amazonaws.com/photos/395766795/medium.jpeg,cc-by-nc,223370974,research,43.4646802923,-5.0756440155,native
lythrum_junceum_985.jpg,https://inaturalist-open-data.s3.amazonaws.com/photos/395675012/medium.jpg,cc-by-nc,223316153,needs_id,37.356761056,-5.9344008565,native
lythrum_junceum_986.jpg,https://inaturalist-open-data.s3.amazonaws.com/photos/395652003/medium.jpg,cc-by-nc-sa,223304393,needs_id,39.8317527778,-8.5790271667,native
lythrum_junceum_987.jpg,https://inaturalist-open-data.s3.amazonaws.com/photos/395652054/medium.jpg,cc-by-nc-sa,223304393,needs_id,39.8317527778,-8.5790271667,native
lythrum_junceum_988.jpg,https://inaturalist-open-data.s3.amazonaws.com/photos/395652030/medium.jpg,cc-by-nc-sa,223304393,needs_id,39.8317527778,-8.5790271667,native
lythrum_junceum_989.jpg,https://inaturalist-open-data.s3.amazonaws.com/photos/395652018/medium.jpg,cc-by-nc-sa,223304393,needs_id,39.8317527778,-8.5790271667,native
lythrum_junceum_990.jpg,https://inaturalist-open-data.s3.amazonaws.com/photos/395652022/medium.jpg,cc-by-nc-sa,223304393,needs_id,39.8317527778,-8.5790271667,native
lythrum_junceum_991.jpg,https://inaturalist-open-data.s3.amazonaws.com/photos/395652052/medium.jpg,cc-by-nc-sa,223304393,needs_id,39.8317527778,-8.5790271667,native
lythrum_junceum_992.jpg,https://inaturalist-open-data.s3.amazonaws.com/photos/395652061/medium.jpg,cc-by-nc-sa,223304393,needs_id,39.8317527778,-8.5790271667,native
lythrum_junceum_993.jpeg,https://inaturalist-open-data.s3.amazonaws.com/photos/395543358/medium.jpeg,cc-by,223248803,research,37.5126361111,-121.8920277778,introduced non-invasive
lythrum_junceum_994.jpeg,https://inaturalist-open-data.s3.amazonaws.com/photos/395543394/medium.jpeg,cc-by,223248803,research,37.5126361111,-121.8920277778,introduced non-invasive
lythrum_junceum_995.jpeg,https://inaturalist-open-data.s3.amazonaws.com/photos/395543416/medium.jpeg,cc-by,223248803,research,37.5126361111,-121.8920277778,introduced non-invasive
lythrum_junceum_996.jpeg,https://inaturalist-open-data.s3.amazonaws.com/photos/394967098/medium.jpeg,cc-by-nc,222898553,needs_id,34.7650239,32.9362082,native
lythrum_junceum_997.jpeg,https://inaturalist-open-data.s3.amazonaws.com/photos/394735046/medium.jpeg,cc-by,222815652,research,32.6844397997,-16.9263185,native
lythrum_junceum_998.jpeg,https://inaturalist-open-data.s3.amazonaws.com/photos/394699518/medium.jpeg,cc-by-nc,222796515,research,35.3533369941,24.2848227182,native
lythrum_junceum_999.jpeg,https://inaturalist-open-data.s3.amazonaws.com/photos/394477133/medium.jpeg,cc-by-nc,222680091,needs_id,40.63249795,-8.66064788,native
lythrum_junceum_1000.jpeg,https://inaturalist-open-data.s3.amazonaws.com/photos/394477176/medium.jpeg,cc-by-nc,222680091,needs_id,40.63249795,-8.66064788,native
lythrum_junceum_1001.jpg,https://inaturalist-open-data.s3.amazonaws.com/photos/394357532/medium.jpg,cc-by-nc,222615461,research,43.472189363,-3.8077038826,native
lythrum_junceum_1002.jpg,https://inaturalist-open-data.s3.amazonaws.com/photos/394358483/medium.jpg,cc-by-nc,222613604,needs_id,38.7929594584,-9.4545678349,native
lythrum_junceum_1003.jpg,https://inaturalist-open-data.s3.amazonaws.com/photos/394358497/medium.jpg,cc-by-nc,222613604,needs_id,38.7929594584,-9.4545678349,native
lythrum_junceum_1004.jpg,https://inaturalist-open-data.s3.amazonaws.com/photos/394358511/medium.jpg,cc-by-nc,222613604,needs_id,38.7929594584,-9.4545678349,native
lythrum_junceum_1005.jpg,https://inaturalist-open-data.s3.amazonaws.com/photos/394358527/medium.jpg,cc-by-nc,222613604,needs_id,38.7929594584,-9.4545678349,native
lythrum_junceum_1006.jpeg,https://inaturalist-open-data.s3.amazonaws.com/photos/393359444/medium.jpeg,cc-by-nc,222085858,needs_id,37.7884826389,-8.6858825556,native
lythrum_junceum_1007.jpeg,https://inaturalist-open-data.s3.amazonaws.com/photos/393359509/medium.jpeg,cc-by-nc,222085858,needs_id,37.7884826389,-8.6858825556,native
lythrum_junceum_1008.jpeg,https://inaturalist-open-data.s3.amazonaws.com/photos/393011094/medium.jpeg,cc-by-nc,221901715,research,32.6828955266,-16.9241976409,native
lythrum_junceum_1009.jpeg,https://inaturalist-open-data.s3.amazonaws.com/photos/393019048/medium.jpeg,cc-by-nc,221901715,research,32.6828955266,-16.9241976409,native
lythrum_junceum_1010.jpeg,https://inaturalist-open-data.s3.amazonaws.com/photos/393019158/medium.jpeg,cc-by-nc,221901715,research,32.6828955266,-16.9241976409,native
lythrum_junceum_1011.jpeg,https://inaturalist-open-data.s3.amazonaws.com/photos/393019474/medium.jpeg,cc-by-nc,221901715,research,32.6828955266,-16.9241976409,native
lythrum_junceum_1012.jpeg,https://inaturalist-open-data.s3.amazonaws.com/photos/392865894/medium.jpeg,cc-by-nc,221825678,research,43.3324086138,-2.965964449,native
lythrum_junceum_1013.jpeg,https://inaturalist-open-data.s3.amazonaws.com/photos/392865788/medium.jpeg,cc-by-nc,221825678,research,43.3324086138,-2.965964449,native
lythrum_junceum_1014.jpeg,https://inaturalist-open-data.s3.amazonaws.com/photos/392865802/medium.jpeg,cc-by-nc,221825678,research,43.3324086138,-2.965964449,native
lythrum_junceum_1015.jpg,https://inaturalist-open-data.s3.amazonaws.com/photos/392490444/medium.jpg,cc-by-nc,221624400,research,36.7483361111,4.4305861111,native
lythrum_junceum_1016.jpg,https://inaturalist-open-data.s3.amazonaws.com/photos/392489381/medium.jpg,cc-by-nc,221623153,research,36.7483361111,4.4305861111,native
lythrum_junceum_1017.jpeg,https://inaturalist-open-data.s3.amazonaws.com/photos/392392308/medium.jpeg,cc-by-nc,221569587,needs_id,37.3572234441,-5.9344729409,native
lythrum_junceum_1018.jpeg,https://inaturalist-open-data.s3.amazonaws.com/photos/392392355/medium.jpeg,cc-by-nc,221569587,needs_id,37.3572234441,-5.9344729409,native
lythrum_junceum_1019.jpeg,https://inaturalist-open-data.s3.amazonaws.com/photos/392392401/medium.jpeg,cc-by-nc,221569587,needs_id,37.3572234441,-5.9344729409,native
lythrum_junceum_1020.jpeg,https://inaturalist-open-data.s3.amazonaws.com/photos/392392454/medium.jpeg,cc-by-nc,221569587,needs_id,37.3572234441,-5.9344729409,native
lythrum_junceum_1021.jpg,https://inaturalist-open-data.s3.amazonaws.com/photos/391877380/medium.jpg,cc-by-nc-sa,221288950,needs_id,36.6967336066,-6.4244611043,native
lythrum_junceum_1022.jpg,https://inaturalist-open-data.s3.amazonaws.com/photos/391788018/medium.jpg,cc-by-nc,221238551,needs_id,33.3752583333,-7.5807716667,native
lythrum_junceum_1023.jpg,https://inaturalist-open-data.s3.amazonaws.com/photos/391788036/medium.jpg,cc-by-nc,221238551,needs_id,33.3752583333,-7.5807716667,native
lythrum_junceum_1024.jpeg,https://inaturalist-open-data.s3.amazonaws.com/photos/391344451/medium.jpeg,cc-by-nc,221005684,needs_id,19.6449319539,-101.2734806849,
lythrum_junceum_1025.jpeg,https://inaturalist-open-data.s3.amazonaws.com/photos/391344458/medium.jpeg,cc-by-nc,221005684,needs_id,19.6449319539,-101.2734806849,
lythrum_junceum_1026.jpeg,https://inaturalist-open-data.s3.amazonaws.com/photos/391240155/medium.jpeg,cc-by-nc,220955120,research,43.6983386058,-8.026893998,native
lythrum_junceum_1027.jpeg,https://inaturalist-open-data.s3.amazonaws.com/photos/391240150/medium.jpeg,cc-by-nc,220955120,research,43.6983386058,-8.026893998,native
lythrum_junceum_1028.jpeg,https://inaturalist-open-data.s3.amazonaws.com/photos/391205105/medium.jpeg,cc-by-nc,220933494,research,32.5366521752,34.9303951931,native
lythrum_junceum_1029.jpeg,https://inaturalist-open-data.s3.amazonaws.com/photos/391205093/medium.jpeg,cc-by-nc,220933494,research,32.5366521752,34.9303951931,native
lythrum_junceum_1030.jpg,https://inaturalist-open-data.s3.amazonaws.com/photos/390694829/medium.jpg,cc-by,220656259,research,36.383363,28.026055,native
lythrum_junceum_1031.jpeg,https://inaturalist-open-data.s3.amazonaws.com/photos/390486698/medium.jpeg,cc-by-nc-nd,220546761,needs_id,37.4471677,-121.8478095,introduced non-invasive
lythrum_junceum_1032.jpeg,https://inaturalist-open-data.s3.amazonaws.com/photos/390403318/medium.jpeg,cc-by-nc,220506466,needs_id,39.4953908265,-9.1590476915,native
lythrum_junceum_1033.jpeg,https://inaturalist-open-data.s3.amazonaws.com/photos/390408743/medium.jpeg,cc-by-nc,220505533,research,42.9855416667,-8.1377527778,native
lythrum_junceum_1034.jpg,https://inaturalist-open-data.s3.amazonaws.com/photos/390408739/medium.jpg,cc-by-nc,220505517,needs_id,37.5503166667,-121.9572916667,introduced non-invasive
lythrum_junceum_1035.jpeg,https://inaturalist-open-data.s3.amazonaws.com/photos/390408252/medium.jpeg,cc-by-nc,220505115,research,42.9810666667,-8.1389444444,native
lythrum_junceum_1036.jpg,https://inaturalist-open-data.s3.amazonaws.com/photos/390400027/medium.jpg,cc-by-nc,220500262,needs_id,37.5457216667,-121.9587033333,introduced non-invasive
lythrum_junceum_1037.jpeg,https://inaturalist-open-data.s3.amazonaws.com/photos/390121550/medium.jpeg,cc-by-nc,220352947,needs_id,40.6364238877,-8.6531217769,native
lythrum_junceum_1038.jpeg,https://inaturalist-open-data.s3.amazonaws.com/photos/390121567/medium.jpeg,cc-by-nc,220352947,needs_id,40.6364238877,-8.6531217769,native
lythrum_junceum_1039.jpeg,https://inaturalist-open-data.s3.amazonaws.com/photos/390121600/medium.jpeg,cc-by-nc,220352947,needs_id,40.6364238877,-8.6531217769,native
lythrum_junceum_1040.jpeg,https://inaturalist-open-data.s3.amazonaws.com/photos/390088177/medium.jpeg,cc-by-nc,220334998,research,43.3964053998,-8.5499203517,native
lythrum_junceum_1041.jpeg,https://inaturalist-open-data.s3.amazonaws.com/photos/390088219/medium.jpeg,cc-by-nc,220334998,research,43.3964053998,-8.5499203517,native
lythrum_junceum_1042.jpeg,https://inaturalist-open-data.s3.amazonaws.com/photos/390015606/medium.jpeg,cc-by-nc,220296241,research,42.7583236,-8.3240726,native
lythrum_junceum_1043.jpeg,https://inaturalist-open-data.s3.amazonaws.com/photos/390016033/medium.jpeg,cc-by-nc,220296241,research,42.7583236,-8.3240726,native
lythrum_junceum_1044.jpeg,https://inaturalist-open-data.s3.amazonaws.com/photos/390016351/medium.jpeg,cc-by-nc,220296241,research,42.7583236,-8.3240726,native
lythrum_junceum_1045.jpg,https://inaturalist-open-data.s3.amazonaws.com/photos/389699998/medium.jpg,cc-by-nc,220128614,needs_id,40.2741083333,-8.7925833333,native
lythrum_junceum_1046.jpg,https://inaturalist-open-data.s3.amazonaws.com/photos/389700023/medium.jpg,cc-by-nc,220128614,needs_id,40.2741083333,-8.7925833333,native
lythrum_junceum_1047.jpeg,https://inaturalist-open-data.s3.amazonaws.com/photos/389549971/medium.jpeg,cc-by-nc,220048237,needs_id,34.5466788508,36.1604706854,
lythrum_junceum_1048.jpeg,https://inaturalist-open-data.s3.amazonaws.com/photos/389550035/medium.jpeg,cc-by-nc,220048237,needs_id,34.5466788508,36.1604706854,
lythrum_junceum_1049.jpeg,https://inaturalist-open-data.s3.amazonaws.com/photos/389550146/medium.jpeg,cc-by-nc,220048237,needs_id,34.5466788508,36.1604706854,
lythrum_junceum_1050.jpeg,https://inaturalist-open-data.s3.amazonaws.com/photos/389550244/medium.jpeg,cc-by-nc,220048237,needs_id,34.5466788508,36.1604706854,
lythrum_junceum_1051.jpg,https://inaturalist-open-data.s3.amazonaws.com/photos/389355041/medium.jpg,cc-by-nc,219942503,needs_id,31.7332633333,-7.28285,native
lythrum_junceum_1052.jpg,https://inaturalist-open-data.s3.amazonaws.com/photos/389355082/medium.jpg,cc-by-nc,219942503,needs_id,31.7332633333,-7.28285,native
lythrum_junceum_1053.jpeg,https://inaturalist-open-data.s3.amazonaws.com/photos/389277383/medium.jpeg,cc-by-nc,219903699,needs_id,37.49588878,-121.96430277,introduced non-invasive
lythrum_junceum_1054.jpg,https://inaturalist-open-data.s3.amazonaws.com/photos/389172074/medium.jpg,cc-by-nc,219848734,needs_id,31.2888333333,-7.961375,native
lythrum_junceum_1055.jpg,https://inaturalist-open-data.s3.amazonaws.com/photos/389005325/medium.jpg,cc-by-nd,219757451,research,31.7326583333,-7.282405,native
lythrum_junceum_1056.jpg,https://inaturalist-open-data.s3.amazonaws.com/photos/389005438/medium.jpg,cc-by-nd,219757451,research,31.7326583333,-7.282405,native
lythrum_junceum_1057.jpeg,https://inaturalist-open-data.s3.amazonaws.com/photos/388919482/medium.jpeg,cc-by-nc,219709566,needs_id,38.9021314453,-9.1864688847,native
lythrum_junceum_1058.jpg,https://inaturalist-open-data.s3.amazonaws.com/photos/388594728/medium.jpg,cc-by-nc,219537444,needs_id,37.3888366667,-6.0156722167,native
lythrum_junceum_1059.jpg,https://inaturalist-open-data.s3.amazonaws.com/photos/388594749/medium.jpg,cc-by-nc,219537444,needs_id,37.3888366667,-6.0156722167,native
lythrum_junceum_1060.jpg,https://inaturalist-open-data.s3.amazonaws.com/photos/388594777/medium.jpg,cc-by-nc,219537444,needs_id,37.3888366667,-6.0156722167,native
lythrum_junceum_1061.jpg,https://inaturalist-open-data.s3.amazonaws.com/photos/388594803/medium.jpg,cc-by-nc,219537444,needs_id,37.3888366667,-6.0156722167,native
lythrum_junceum_1062.jpg,https://inaturalist-open-data.s3.amazonaws.com/photos/388392236/medium.jpg,cc-by-nd,219429847,needs_id,33.0429333333,-5.61335,native
lythrum_junceum_1063.jpg,https://inaturalist-open-data.s3.amazonaws.com/photos/388325803/medium.jpg,cc-by-nc,219394343,needs_id,33.0441945,-5.61248,native
lythrum_junceum_1064.jpeg,https://inaturalist-open-data.s3.amazonaws.com/photos/388002024/medium.jpeg,cc-by-nc,219229413,needs_id,37.4503746701,-121.8605905365,introduced non-invasive
lythrum_junceum_1065.jpeg,https://inaturalist-open-data.s3.amazonaws.com/photos/388002022/medium.jpeg,cc-by-nc,219229413,needs_id,37.4503746701,-121.8605905365,introduced non-invasive
lythrum_junceum_1066.jpeg,https://inaturalist-open-data.s3.amazonaws.com/photos/388002025/medium.jpeg,cc-by-nc,219229413,needs_id,37.4503746701,-121.8605905365,introduced non-invasive
lythrum_junceum_1067.jpeg,https://inaturalist-open-data.s3.amazonaws.com/photos/388002050/medium.jpeg,cc-by-nc,219229413,needs_id,37.4503746701,-121.8605905365,introduced non-invasive
lythrum_junceum_1068.jpeg,https://inaturalist-open-data.s3.amazonaws.com/photos/388002046/medium.jpeg,cc-by-nc,219229413,needs_id,37.4503746701,-121.8605905365,introduced non-invasive
lythrum_junceum_1069.jpeg,https://inaturalist-open-data.s3.amazonaws.com/photos/388002099/medium.jpeg,cc-by-nc,219229413,needs_id,37.4503746701,-121.8605905365,introduced non-invasive
lythrum_junceum_1070.jpeg,https://inaturalist-open-data.s3.amazonaws.com/photos/388002091/medium.jpeg,cc-by-nc,219229413,needs_id,37.4503746701,-121.8605905365,introduced non-invasive
lythrum_junceum_1071.jpeg,https://inaturalist-open-data.s3.amazonaws.com/photos/388002100/medium.jpeg,cc-by-nc,219229413,needs_id,37.4503746701,-121.8605905365,introduced non-invasive
lythrum_junceum_1072.jpg,https://inaturalist-open-data.s3.amazonaws.com/photos/387983273/medium.jpg,cc-by,219211693,needs_id,39.255285,-9.324434,native
lythrum_junceum_1073.jpg,https://inaturalist-open-data.s3.amazonaws.com/photos/387983277/medium.jpg,cc-by,219211693,needs_id,39.255285,-9.324434,native
lythrum_junceum_1074.jpg,https://inaturalist-open-data.s3.amazonaws.com/photos/387983289/medium.jpg,cc-by,219211693,needs_id,39.255285,-9.324434,native
lythrum_junceum_1075.jpg,https://inaturalist-open-data.s3.amazonaws.com/photos/387918635/medium.jpg,cc-by-nc,219177344,research,33.5482133333,-5.0956971667,native
lythrum_junceum_1076.jpg,https://inaturalist-open-data.s3.amazonaws.com/photos/387867849/medium.jpg,cc-by-nc,219151009,research,32.7345083333,35.0946528333,
lythrum_junceum_1077.jpg,https://inaturalist-open-data.s3.amazonaws.com/photos/387867886/medium.jpg,cc-by-nc,219151009,research,32.7345083333,35.0946528333,
lythrum_junceum_1078.jpg,https://inaturalist-open-data.s3.amazonaws.com/photos/387867931/medium.jpg,cc-by-nc,219151009,research,32.7345083333,35.0946528333,
lythrum_junceum_1079.jpeg,https://inaturalist-open-data.s3.amazonaws.com/photos/387851000/medium.jpeg,cc-by-nc,219143673,research,37.47142087,-121.94247013,introduced non-invasive
lythrum_junceum_1080.jpeg,https://inaturalist-open-data.s3.amazonaws.com/photos/387851058/medium.jpeg,cc-by-nc,219143673,research,37.47142087,-121.94247013,introduced non-invasive
lythrum_junceum_1081.jpeg,https://inaturalist-open-data.s3.amazonaws.com/photos/387743645/medium.jpeg,cc-by-nc,219081474,research,41.128053354,-8.5007867217,native
lythrum_junceum_1082.jpeg,https://inaturalist-open-data.s3.amazonaws.com/photos/387743761/medium.jpeg,cc-by-nc,219081474,research,41.128053354,-8.5007867217,native
lythrum_junceum_1083.jpeg,https://inaturalist-open-data.s3.amazonaws.com/photos/387743796/medium.jpeg,cc-by-nc,219081474,research,41.128053354,-8.5007867217,native
lythrum_junceum_1084.jpeg,https://inaturalist-open-data.s3.amazonaws.com/photos/387708913/medium.jpeg,cc-by-nc,219062750,research,42.6434445906,-8.795828037,native
lythrum_junceum_1085.jpeg,https://inaturalist-open-data.s3.amazonaws.com/photos/387708945/medium.jpeg,cc-by-nc,219062750,research,42.6434445906,-8.795828037,native
lythrum_junceum_1086.jpeg,https://inaturalist-open-data.s3.amazonaws.com/photos/387708991/medium.jpeg,cc-by-nc,219062750,research,42.6434445906,-8.795828037,native
lythrum_junceum_1087.jpeg,https://inaturalist-open-data.s3.amazonaws.com/photos/387609217/medium.jpeg,cc-by,219012187,research,32.6924629997,-16.9151319997,native
lythrum_junceum_1088.jpeg,https://inaturalist-open-data.s3.amazonaws.com/photos/387609290/medium.jpeg,cc-by,219012187,research,32.6924629997,-16.9151319997,native
lythrum_junceum_1089.jpeg,https://inaturalist-open-data.s3.amazonaws.com/photos/387562873/medium.jpeg,cc-by-nc,218934197,needs_id,39.7489533333,-8.4775966667,native
lythrum_junceum_1090.jpeg,https://inaturalist-open-data.s3.amazonaws.com/photos/387563082/medium.jpeg,cc-by-nc,218934197,needs_id,39.7489533333,-8.4775966667,native
lythrum_junceum_1091.jpeg,https://inaturalist-open-data.s3.amazonaws.com/photos/387462371/medium.jpeg,cc-by-nc,218934197,needs_id,39.7489533333,-8.4775966667,native
lythrum_junceum_1092.jpeg,https://inaturalist-open-data.s3.amazonaws.com/photos/387462689/medium.jpeg,cc-by-nc,218934197,needs_id,39.7489533333,-8.4775966667,native
lythrum_junceum_1093.jpeg,https://inaturalist-open-data.s3.amazonaws.com/photos/387462731/medium.jpeg,cc-by-nc,218934197,needs_id,39.7489533333,-8.4775966667,native
lythrum_junceum_1094.jpeg,https://inaturalist-open-data.s3.amazonaws.com/photos/387462916/medium.jpeg,cc-by-nc,218934197,needs_id,39.7489533333,-8.4775966667,native
lythrum_junceum_1095.jpeg,https://inaturalist-open-data.s3.amazonaws.com/photos/387563273/medium.jpeg,cc-by-nc,218934197,needs_id,39.7489533333,-8.4775966667,native
lythrum_junceum_1096.jpeg,https://inaturalist-open-data.s3.amazonaws.com/photos/387563354/medium.jpeg,cc-by-nc,218934197,needs_id,39.7489533333,-8.4775966667,native
lythrum_junceum_1097.jpeg,https://inaturalist-open-data.s3.amazonaws.com/photos/387563536/medium.jpeg,cc-by-nc,218934197,needs_id,39.7489533333,-8.4775966667,native
lythrum_junceum_1098.jpg,https://inaturalist-open-data.s3.amazonaws.com/photos/387324127/medium.jpg,cc-by-nc,218856682,needs_id,40.5649262481,-8.6917947882,native
lythrum_junceum_1099.jpg,https://inaturalist-open-data.s3.amazonaws.com/photos/387324146/medium.jpg,cc-by-nc,218856682,needs_id,40.5649262481,-8.6917947882,native
lythrum_junceum_1100.jpg,https://inaturalist-open-data.s3.amazonaws.com/photos/387274694/medium.jpg,cc-by,218829707,needs_id,37.4457600244,-121.8462777069,introduced non-invasive
lythrum_junceum_1101.jpg,https://inaturalist-open-data.s3.amazonaws.com/photos/387274707/medium.jpg,cc-by,218829707,needs_id,37.4457600244,-121.8462777069,introduced non-invasive
lythrum_junceum_1102.jpg,https://inaturalist-open-data.s3.amazonaws.com/photos/387274718/medium.jpg,cc-by,218829707,needs_id,37.4457600244,-121.8462777069,introduced non-invasive
lythrum_junceum_1103.jpg,https://inaturalist-open-data.s3.amazonaws.com/photos/387274751/medium.jpg,cc-by,218829707,needs_id,37.4457600244,-121.8462777069,introduced non-invasive
lythrum_junceum_1104.jpeg,https://inaturalist-open-data.s3.amazonaws.com/photos/387269015/medium.jpeg,cc-by-nc,218828138,needs_id,37.4552623854,-121.8605546874,introduced non-invasive
lythrum_junceum_1105.jpg,https://inaturalist-open-data.s3.amazonaws.com/photos/391034484/medium.jpg,cc-by-nc,218824856,needs_id,39.1511333333,23.4041466667,native
lythrum_junceum_1106.jpg,https://inaturalist-open-data.s3.amazonaws.com/photos/391034494/medium.jpg,cc-by-nc,218824856,needs_id,39.1511333333,23.4041466667,native
lythrum_junceum_1107.jpeg,https://inaturalist-open-data.s3.amazonaws.com/photos/387122763/medium.jpeg,cc-by-nc,218752464,research,43.4504172766,-8.2592078671,native
lythrum_junceum_1108.jpeg,https://inaturalist-open-data.s3.amazonaws.com/photos/387001127/medium.jpeg,cc-by-nc,218686994,research,37.46259059,-121.87369986,introduced non-invasive
lythrum_junceum_1109.jpeg,https://inaturalist-open-data.s3.amazonaws.com/photos/387001174/medium.jpeg,cc-by-nc,218686994,research,37.46259059,-121.87369986,introduced non-invasive
lythrum_junceum_1110.jpg,https://inaturalist-open-data.s3.amazonaws.com/photos/386904424/medium.jpg,cc-by-nc,218634221,needs_id,40.3379216667,14.9637333333,native
lythrum_junceum_1111.jpg,https://inaturalist-open-data.s3.amazonaws.com/photos/387524971/medium.jpg,cc-by-nc,218634221,needs_id,40.3379216667,14.9637333333,native
lythrum_junceum_1112.jpeg,https://inaturalist-open-data.s3.amazonaws.com/photos/386411731/medium.jpeg,cc-by-nc,218371275,research,42.2112439,-8.7436232,native
lythrum_junceum_1113.jpeg,https://inaturalist-open-data.s3.amazonaws.com/photos/386411908/medium.jpeg,cc-by-nc,218371275,research,42.2112439,-8.7436232,native
lythrum_junceum_1114.jpeg,https://inaturalist-open-data.s3.amazonaws.com/photos/386403031/medium.jpeg,cc-by-nc,218366302,research,40.6376804,-8.608714,native
lythrum_junceum_1115.jpeg,https://inaturalist-open-data.s3.amazonaws.com/photos/386403082/medium.jpeg,cc-by-nc,218366302,research,40.6376804,-8.608714,native
lythrum_junceum_1116.jpeg,https://inaturalist-open-data.s3.amazonaws.com/photos/386403120/medium.jpeg,cc-by-nc,218366302,research,40.6376804,-8.608714,native
lythrum_junceum_1117.jpeg,https://inaturalist-open-data.s3.amazonaws.com/photos/386403159/medium.jpeg,cc-by-nc,218366302,research,40.6376804,-8.608714,native
lythrum_junceum_1118.jpeg,https://inaturalist-open-data.s3.amazonaws.com/photos/386386307/medium.jpeg,cc-by-nc,218357120,needs_id,40.5857225,-8.7345229997,native
lythrum_junceum_1119.jpeg,https://inaturalist-open-data.s3.amazonaws.com/photos/386386342/medium.jpeg,cc-by-nc,218357120,needs_id,40.5857225,-8.7345229997,native
lythrum_junceum_1120.jpeg,https://inaturalist-open-data.s3.amazonaws.com/photos/385993203/medium.jpeg,cc-by-nc,218147878,research,42.8673305556,-8.6597305556,native
lythrum_junceum_1121.jpeg,https://inaturalist-open-data.s3.amazonaws.com/photos/385993335/medium.jpeg,cc-by-nc,218147878,research,42.8673305556,-8.6597305556,native
lythrum_junceum_1122.jpeg,https://inaturalist-open-data.s3.amazonaws.com/photos/385948758/medium.jpeg,cc-by-nc,218122417,needs_id,36.11245995,-5.49375218,native
lythrum_junceum_1123.jpeg,https://inaturalist-open-data.s3.amazonaws.com/photos/385948809/medium.jpeg,cc-by-nc,218122417,needs_id,36.11245995,-5.49375218,native
lythrum_junceum_1124.jpeg,https://inaturalist-open-data.s3.amazonaws.com/photos/385948857/medium.jpeg,cc-by-nc,218122417,needs_id,36.11245995,-5.49375218,native
lythrum_junceum_1125.jpg,https://inaturalist-open-data.s3.amazonaws.com/photos/385590135/medium.jpg,cc-by-nc,217930824,needs_id,39.4775916667,-8.5297333333,native
lythrum_junceum_1126.jpg,https://inaturalist-open-data.s3.amazonaws.com/photos/385502890/medium.jpg,cc-by-nc,217881939,needs_id,37.512945,-121.8921133333,introduced non-invasive
lythrum_junceum_1127.jpg,https://inaturalist-open-data.s3.amazonaws.com/photos/385469081/medium.jpg,cc-by-nc,217863704,needs_id,34.6356466667,32.9230716667,native
lythrum_junceum_1128.jpeg,https://inaturalist-open-data.s3.amazonaws.com/photos/385467748/medium.jpeg,cc-by-nc,217862609,needs_id,34.6357169722,32.9231169722,native
lythrum_junceum_1129.jpeg,https://inaturalist-open-data.s3.amazonaws.com/photos/385467790/medium.jpeg,cc-by-nc,217862609,needs_id,34.6357169722,32.9231169722,native
lythrum_junceum_1130.jpeg,https://inaturalist-open-data.s3.amazonaws.com/photos/385467881/medium.jpeg,cc-by-nc,217862609,needs_id,34.6357169722,32.9231169722,native
lythrum_junceum_1131.jpeg,https://inaturalist-open-data.s3.amazonaws.com/photos/385468138/medium.jpeg,cc-by-nc,217862609,needs_id,34.6357169722,32.9231169722,native
lythrum_junceum_1132.jpeg,https://inaturalist-open-data.s3.amazonaws.com/photos/385454104/medium.jpeg,cc-by-nc,217855182,needs_id,34.63577857,32.92304521,native
lythrum_junceum_1133.jpeg,https://inaturalist-open-data.s3.amazonaws.com/photos/385453363/medium.jpeg,cc-by-nc,217854886,needs_id,39.4778258396,-8.5301099718,native
lythrum_junceum_1134.jpg,https://inaturalist-open-data.s3.amazonaws.com/photos/385445808/medium.jpg,cc-by-nc,217850848,needs_id,34.635774531,32.9230436398,native
lythrum_junceum_1135.jpg,https://inaturalist-open-data.s3.amazonaws.com/photos/385445754/medium.jpg,cc-by-nc,217850789,needs_id,34.6358220326,32.9230170418,native
lythrum_junceum_1136.jpeg,https://inaturalist-open-data.s3.amazonaws.com/photos/385445038/medium.jpeg,cc-by-nc,217850443,needs_id,39.4779049722,-8.5301069722,native
lythrum_junceum_1137.jpeg,https://inaturalist-open-data.s3.amazonaws.com/photos/385295696/medium.jpeg,cc-by-nc,217775279,research,37.3592466865,-5.9354972094,native
lythrum_junceum_1138.jpeg,https://inaturalist-open-data.s3.amazonaws.com/photos/385295744/medium.jpeg,cc-by-nc,217775279,research,37.3592466865,-5.9354972094,native
lythrum_junceum_1139.jpeg,https://inaturalist-open-data.s3.amazonaws.com/photos/385295812/medium.jpeg,cc-by-nc,217775279,research,37.3592466865,-5.9354972094,native
lythrum_junceum_1140.jpeg,https://inaturalist-open-data.s3.amazonaws.com/photos/385295009/medium.jpeg,cc-by-nc,217774918,research,37.3592477525,-5.9355133027,native
lythrum_junceum_1141.jpeg,https://inaturalist-open-data.s3.amazonaws.com/photos/385295051/medium.jpeg,cc-by-nc,217774918,research,37.3592477525,-5.9355133027,native
lythrum_junceum_1142.jpeg,https://inaturalist-open-data.s3.amazonaws.com/photos/385295082/medium.jpeg,cc-by-nc,217774918,research,37.3592477525,-5.9355133027,native
lythrum_junceum_1143.jpeg,https://inaturalist-open-data.s3.amazonaws.com/photos/385260852/medium.jpeg,cc-by-nc-nd,217757584,needs_id,34.9045249969,35.9336490006,
lythrum_junceum_1144.jpg,https://inaturalist-open-data.s3.amazonaws.com/photos/385256617/medium.jpg,cc-by-nc,217755340,research,37.4352033333,-121.92775,introduced non-invasive
lythrum_junceum_1145.jpg,https://inaturalist-open-data.s3.amazonaws.com/photos/385256637/medium.jpg,cc-by-nc,217755340,research,37.4352033333,-121.92775,introduced non-invasive
lythrum_junceum_1146.jpg,https://inaturalist-open-data.s3.amazonaws.com/photos/385256673/medium.jpg,cc-by-nc,217755340,research,37.4352033333,-121.92775,introduced non-invasive
lythrum_junceum_1147.jpg,https://inaturalist-open-data.s3.amazonaws.com/photos/385256724/medium.jpg,cc-by-nc,217755340,research,37.4352033333,-121.92775,introduced non-invasive
lythrum_junceum_1148.jpg,https://inaturalist-open-data.s3.amazonaws.com/photos/385256748/medium.jpg,cc-by-nc,217755340,research,37.4352033333,-121.92775,introduced non-invasive
lythrum_junceum_1149.jpg,https://inaturalist-open-data.s3.amazonaws.com/photos/385225179/medium.jpg,cc-by-nc,217737209,needs_id,37.5039145442,-121.8939345963,introduced non-invasive
lythrum_junceum_1150.jpg,https://inaturalist-open-data.s3.amazonaws.com/photos/385097119/medium.jpg,cc-by-nc,217667707,research,37.3570798198,-5.9348935448,native
lythrum_junceum_1151.jpeg,https://inaturalist-open-data.s3.amazonaws.com/photos/385059831/medium.jpeg,cc-by-nc,217647473,research,33.0554920769,35.7072002068,
lythrum_junceum_1152.jpeg,https://inaturalist-open-data.s3.amazonaws.com/photos/385059857/medium.jpeg,cc-by-nc,217647473,research,33.0554920769,35.7072002068,
lythrum_junceum_1153.jpeg,https://inaturalist-open-data.s3.amazonaws.com/photos/385059872/medium.jpeg,cc-by-nc,217647473,research,33.0554920769,35.7072002068,
lythrum_junceum_1154.jpeg,https://inaturalist-open-data.s3.amazonaws.com/photos/385059887/medium.jpeg,cc-by-nc,217647473,research,33.0554920769,35.7072002068,
lythrum_junceum_1155.jpeg,https://inaturalist-open-data.s3.amazonaws.com/photos/385059905/medium.jpeg,cc-by-nc,217647473,research,33.0554920769,35.7072002068,
lythrum_junceum_1156.jpeg,https://inaturalist-open-data.s3.amazonaws.com/photos/385059916/medium.jpeg,cc-by-nc,217647473,research,33.0554920769,35.7072002068,
lythrum_junceum_1157.jpeg,https://inaturalist-open-data.s3.amazonaws.com/photos/385059954/medium.jpeg,cc-by-nc,217647473,research,33.0554920769,35.7072002068,
lythrum_junceum_1158.jpg,https://inaturalist-open-data.s3.amazonaws.com/photos/385043781/medium.jpg,cc-by-nc,217638713,research,42.1308416667,12.0627083333,native
lythrum_junceum_1159.jpg,https://inaturalist-open-data.s3.amazonaws.com/photos/385043817/medium.jpg,cc-by-nc,217638713,research,42.1308416667,12.0627083333,native
lythrum_junceum_1160.jpg,https://inaturalist-open-data.s3.amazonaws.com/photos/385043836/medium.jpg,cc-by-nc,217638713,research,42.1308416667,12.0627083333,native
lythrum_junceum_1161.jpg,https://inaturalist-open-data.s3.amazonaws.com/photos/385043868/medium.jpg,cc-by-nc,217638713,research,42.1308416667,12.0627083333,native
lythrum_junceum_1162.jpeg,https://inaturalist-open-data.s3.amazonaws.com/photos/385043350/medium.jpeg,cc-by-nc,217638610,needs_id,42.1307956039,12.0626704992,native
lythrum_junceum_1163.jpeg,https://inaturalist-open-data.s3.amazonaws.com/photos/385043337/medium.jpeg,cc-by-nc,217638610,needs_id,42.1307956039,12.0626704992,native
lythrum_junceum_1164.jpeg,https://inaturalist-open-data.s3.amazonaws.com/photos/385043366/medium.jpeg,cc-by-nc,217638610,needs_id,42.1307956039,12.0626704992,native
lythrum_junceum_1165.jpeg,https://inaturalist-open-data.s3.amazonaws.com/photos/385043920/medium.jpeg,cc-by-nc,217638610,needs_id,42.1307956039,12.0626704992,native
lythrum_junceum_1166.jpeg,https://inaturalist-open-data.s3.amazonaws.com/photos/384847806/medium.jpeg,cc-by-nc,217536951,research,32.5363005966,34.9322290577,native
lythrum_junceum_1167.jpeg,https://inaturalist-open-data.s3.amazonaws.com/photos/384847013/medium.jpeg,cc-by-nc,217535975,research,42.4426166667,-8.647475,native
lythrum_junceum_1168.jpeg,https://inaturalist-open-data.s3.amazonaws.com/photos/384847073/medium.jpeg,cc-by-nc,217535975,research,42.4426166667,-8.647475,native
lythrum_junceum_1169.jpeg,https://inaturalist-open-data.s3.amazonaws.com/photos/384838129/medium.jpeg,cc-by-nc,217531123,needs_id,39.3463247997,-9.2297039997,native
lythrum_junceum_1170.jpeg,https://inaturalist-open-data.s3.amazonaws.com/photos/384838179/medium.jpeg,cc-by-nc,217531123,needs_id,39.3463247997,-9.2297039997,native
lythrum_junceum_1171.jpeg,https://inaturalist-open-data.s3.amazonaws.com/photos/384838219/medium.jpeg,cc-by-nc,217531123,needs_id,39.3463247997,-9.2297039997,native
lythrum_junceum_1172.jpeg,https://inaturalist-open-data.s3.amazonaws.com/photos/384838285/medium.jpeg,cc-by-nc,217531123,needs_id,39.3463247997,-9.2297039997,native
lythrum_junceum_1173.jpeg,https://inaturalist-open-data.s3.amazonaws.com/photos/384838335/medium.jpeg,cc-by-nc,217531123,needs_id,39.3463247997,-9.2297039997,native
lythrum_junceum_1174.jpeg,https://inaturalist-open-data.s3.amazonaws.com/photos/384838387/medium.jpeg,cc-by-nc,217531123,needs_id,39.3463247997,-9.2297039997,native
lythrum_junceum_1175.jpg,https://inaturalist-open-data.s3.amazonaws.com/photos/384728447/medium.jpg,cc-by-nc,217470577,needs_id,40.73047,-8.5671033333,native
lythrum_junceum_1176.jpeg,https://inaturalist-open-data.s3.amazonaws.com/photos/384517339/medium.jpeg,cc-by-nc,217360266,needs_id,36.3278007506,6.5821852683,native
lythrum_junceum_1177.jpeg,https://inaturalist-open-data.s3.amazonaws.com/photos/384517394/medium.jpeg,cc-by-nc,217360266,needs_id,36.3278007506,6.5821852683,native
lythrum_junceum_1178.jpeg,https://inaturalist-open-data.s3.amazonaws.com/photos/384517477/medium.jpeg,cc-by-nc,217360266,needs_id,36.3278007506,6.5821852683,native
lythrum_junceum_1179.jpeg,https://inaturalist-open-data.s3.amazonaws.com/photos/384517547/medium.jpeg,cc-by-nc,217360266,needs_id,36.3278007506,6.5821852683,native
lythrum_junceum_1180.jpeg,https://inaturalist-open-data.s3.amazonaws.com/photos/384517592/medium.jpeg,cc-by-nc,217360266,needs_id,36.3278007506,6.5821852683,native
lythrum_junceum_1181.jpeg,https://inaturalist-open-data.s3.amazonaws.com/photos/384298002/medium.jpeg,cc-by-nc,217242542,needs_id,31.9194622,34.7506205997,native
lythrum_junceum_1182.jpeg,https://inaturalist-open-data.s3.amazonaws.com/photos/383856366/medium.jpeg,cc-by-nc,217009195,needs_id,39.4843964615,-8.4811925143,native
lythrum_junceum_1183.jpeg,https://inaturalist-open-data.s3.amazonaws.com/photos/383856397/medium.jpeg,cc-by-nc,217009195,needs_id,39.4843964615,-8.4811925143,native
lythrum_junceum_1184.jpeg,https://inaturalist-open-data.s3.amazonaws.com/photos/383702794/medium.jpeg,cc-by-nc,216932454,needs_id,38.8977208984,-9.1824926063,native
lythrum_junceum_1185.jpeg,https://inaturalist-open-data.s3.amazonaws.com/photos/383702844/medium.jpeg,cc-by-nc,216932454,needs_id,38.8977208984,-9.1824926063,native
lythrum_junceum_1186.jpeg,https://inaturalist-open-data.s3.amazonaws.com/photos/383649539/medium.jpeg,cc-by-nc,216904736,research,37.446093,-121.848677,introduced non-invasive
lythrum_junceum_1187.jpeg,https://inaturalist-open-data.s3.amazonaws.com/photos/383649492/medium.jpeg,cc-by-nc,216904736,research,37.446093,-121.848677,introduced non-invasive
lythrum_junceum_1188.jpeg,https://inaturalist-open-data.s3.amazonaws.com/photos/383640230/medium.jpeg,cc-by-nc,216901619,needs_id,37.4461030801,-121.84903421,introduced non-invasive
lythrum_junceum_1189.jpeg,https://inaturalist-open-data.s3.amazonaws.com/photos/383640365/medium.jpeg,cc-by-nc,216901619,needs_id,37.4461030801,-121.84903421,introduced non-invasive
lythrum_junceum_1190.jpeg,https://inaturalist-open-data.s3.amazonaws.com/photos/383633234/medium.jpeg,cc-by-nc,216899183,needs_id,37.1538033333,-7.67356,native
lythrum_junceum_1191.jpeg,https://inaturalist-open-data.s3.amazonaws.com/photos/383633216/medium.jpeg,cc-by-nc,216899183,needs_id,37.1538033333,-7.67356,native
lythrum_junceum_1192.jpeg,https://inaturalist-open-data.s3.amazonaws.com/photos/383633182/medium.jpeg,cc-by-nc,216899183,needs_id,37.1538033333,-7.67356,native
lythrum_junceum_1193.jpg,https://inaturalist-open-data.s3.amazonaws.com/photos/383520623/medium.jpg,cc-by-nc,216834279,needs_id,37.5126,-121.8920883333,introduced non-invasive
lythrum_junceum_1194.jpeg,https://inaturalist-open-data.s3.amazonaws.com/photos/383509625/medium.jpeg,cc-by-nc,216827970,needs_id,39.9089975946,-8.6281509175,native
lythrum_junceum_1195.jpeg,https://inaturalist-open-data.s3.amazonaws.com/photos/383509711/medium.jpeg,cc-by-nc,216827970,needs_id,39.9089975946,-8.6281509175,native
lythrum_junceum_1196.jpeg,https://inaturalist-open-data.s3.amazonaws.com/photos/383345031/medium.jpeg,cc-by-nc,216736989,needs_id,38.56561632,-9.03404563,native
lythrum_junceum_1197.jpeg,https://inaturalist-open-data.s3.amazonaws.com/photos/383345067/medium.jpeg,cc-by-nc,216736989,needs_id,38.56561632,-9.03404563,native
lythrum_junceum_1198.jpeg,https://inaturalist-open-data.s3.amazonaws.com/photos/383345100/medium.jpeg,cc-by-nc,216736989,needs_id,38.56561632,-9.03404563,native
lythrum_junceum_1199.jpeg,https://inaturalist-open-data.s3.amazonaws.com/photos/383345140/medium.jpeg,cc-by-nc,216736989,needs_id,38.56561632,-9.03404563,native
lythrum_junceum_1200.jpeg,https://inaturalist-open-data.s3.amazonaws.com/photos/383345218/medium.jpeg,cc-by-nc,216736989,needs_id,38.56561632,-9.03404563,native
lythrum_junceum_1201.jpeg,https://inaturalist-open-data.s3.amazonaws.com/photos/383345265/medium.jpeg,cc-by-nc,216736989,needs_id,38.56561632,-9.03404563,native
lythrum_junceum_1202.jpeg,https://inaturalist-open-data.s3.amazonaws.com/photos/382903351/medium.jpeg,cc-by-nc-sa,216500393,needs_id,36.7203528963,4.0672574937,native
lythrum_junceum_1203.jpeg,https://inaturalist-open-data.s3.amazonaws.com/photos/382897059/medium.jpeg,cc-by-nc,216496898,needs_id,38.61745205,-9.04199382,native
lythrum_junceum_1204.jpeg,https://inaturalist-open-data.s3.amazonaws.com/photos/382897084/medium.jpeg,cc-by-nc,216496898,needs_id,38.61745205,-9.04199382,native
lythrum_junceum_1205.jpeg,https://inaturalist-open-data.s3.amazonaws.com/photos/382897117/medium.jpeg,cc-by-nc,216496898,needs_id,38.61745205,-9.04199382,native
lythrum_junceum_1206.jpeg,https://inaturalist-open-data.s3.amazonaws.com/photos/382897143/medium.jpeg,cc-by-nc,216496898,needs_id,38.61745205,-9.04199382,native
lythrum_junceum_1207.jpeg,https://inaturalist-open-data.s3.amazonaws.com/photos/382897165/medium.jpeg,cc-by-nc,216496898,needs_id,38.61745205,-9.04199382,native
lythrum_junceum_1208.jpeg,https://inaturalist-open-data.s3.amazonaws.com/photos/382897200/medium.jpeg,cc-by-nc,216496898,needs_id,38.61745205,-9.04199382,native
lythrum_junceum_1209.jpeg,https://inaturalist-open-data.s3.amazonaws.com/photos/382875731/medium.jpeg,cc-by-nc,216484950,needs_id,37.4266166667,-6.0994682222,native
lythrum_junceum_1210.jpeg,https://inaturalist-open-data.s3.amazonaws.com/photos/382875776/medium.jpeg,cc-by-nc,216484950,needs_id,37.4266166667,-6.0994682222,native
lythrum_junceum_1211.jpeg,https://inaturalist-open-data.s3.amazonaws.com/photos/382848030/medium.jpeg,cc-by-nc,216469797,needs_id,38.6222871,-9.034134,native
lythrum_junceum_1212.jpeg,https://inaturalist-open-data.s3.amazonaws.com/photos/382848064/medium.jpeg,cc-by-nc,216469797,needs_id,38.6222871,-9.034134,native
lythrum_junceum_1213.jpeg,https://inaturalist-open-data.s3.amazonaws.com/photos/382848089/medium.jpeg,cc-by-nc,216469797,needs_id,38.6222871,-9.034134,native
lythrum_junceum_1214.jpeg,https://inaturalist-open-data.s3.amazonaws.com/photos/382848118/medium.jpeg,cc-by-nc,216469797,needs_id,38.6222871,-9.034134,native
lythrum_junceum_1215.jpeg,https://inaturalist-open-data.s3.amazonaws.com/photos/382848153/medium.jpeg,cc-by-nc,216469797,needs_id,38.6222871,-9.034134,native
lythrum_junceum_1216.jpeg,https://inaturalist-open-data.s3.amazonaws.com/photos/382848253/medium.jpeg,cc-by-nc,216469797,needs_id,38.6222871,-9.034134,native
lythrum_junceum_1217.jpeg,https://inaturalist-open-data.s3.amazonaws.com/photos/382708713/medium.jpeg,cc-by-nc,216399540,needs_id,37.0684833333,-7.7267666667,native
lythrum_junceum_1218.jpeg,https://inaturalist-open-data.s3.amazonaws.com/photos/382708719/medium.jpeg,cc-by-nc,216399540,needs_id,37.0684833333,-7.7267666667,native
lythrum_junceum_1219.jpeg,https://inaturalist-open-data.s3.amazonaws.com/photos/382708290/medium.jpeg,cc-by-nc,216399538,needs_id,37.0684933333,-7.72679,native
lythrum_junceum_1220.jpeg,https://inaturalist-open-data.s3.amazonaws.com/photos/382708309/medium.jpeg,cc-by-nc,216399538,needs_id,37.0684933333,-7.72679,native
lythrum_junceum_1221.jpg,https://inaturalist-open-data.s3.amazonaws.com/photos/382132171/medium.jpg,cc-by-nc,216091377,research,-38.4276507346,144.1793133975,native
lythrum_junceum_1222.jpg,https://inaturalist-open-data.s3.amazonaws.com/photos/382132259/medium.jpg,cc-by-nc,216091377,research,-38.4276507346,144.1793133975,native
lythrum_junceum_1223.jpg,https://inaturalist-open-data.s3.amazonaws.com/photos/382127882/medium.jpg,cc-by-nc,216089076,needs_id,36.7628638889,3.363425,native
lythrum_junceum_1224.jpg,https://inaturalist-open-data.s3.amazonaws.com/photos/381854825/medium.jpg,cc-by-nc,215948675,needs_id,36.7123945512,-5.4299466385,native
lythrum_junceum_1225.jpg,https://inaturalist-open-data.s3.amazonaws.com/photos/381854857/medium.jpg,cc-by-nc,215948675,needs_id,36.7123945512,-5.4299466385,native
lythrum_junceum_1226.jpeg,https://inaturalist-open-data.s3.amazonaws.com/photos/381549435/medium.jpeg,cc-by-nc-nd,215790672,needs_id,36.957360804,-4.5320977436,native
lythrum_junceum_1227.jpg,https://inaturalist-open-data.s3.amazonaws.com/photos/381066539/medium.jpg,cc-by,215549938,needs_id,35.5665647,6.2162739882,native
lythrum_junceum_1228.jpg,https://inaturalist-open-data.s3.amazonaws.com/photos/380530664/medium.jpg,cc-by-nc,215243500,needs_id,39.26115,-9.2781533333,native
lythrum_junceum_1229.jpg,https://inaturalist-open-data.s3.amazonaws.com/photos/380384722/medium.jpg,cc-by-nc,215165006,needs_id,,,
lythrum_junceum_1230.jpeg,https://inaturalist-open-data.s3.amazonaws.com/photos/380186380/medium.jpeg,cc-by-nc,215060183,research,39.9036783,-8.6643562997,native
lythrum_junceum_1231.jpeg,https://inaturalist-open-data.s3.amazonaws.com/photos/380186460/medium.jpeg,cc-by-nc,215060183,research,39.9036783,-8.6643562997,native
lythrum_junceum_1232.jpeg,https://inaturalist-open-data.s3.amazonaws.com/photos/380186552/medium.jpeg,cc-by-nc,215060183,research,39.9036783,-8.6643562997,native
lythrum_junceum_1233.jpeg,https://inaturalist-open-data.s3.amazonaws.com/photos/380186610/medium.jpeg,cc-by-nc,215060183,research,39.9036783,-8.6643562997,native
lythrum_junceum_1234.jpg,https://inaturalist-open-data.s3.amazonaws.com/photos/380102234/medium.jpg,cc-by-nc,215013091,needs_id,40.3841923925,-8.4475742582,native
lythrum_junceum_1235.jpg,https://inaturalist-open-data.s3.amazonaws.com/photos/379843498/medium.jpg,cc-by-nc,214874182,needs_id,37.4467166667,-121.8507,introduced non-invasive
lythrum_junceum_1236.jpeg,https://inaturalist-open-data.s3.amazonaws.com/photos/379689328/medium.jpeg,cc-by-nc,214791298,research,37.45132356,-121.86022096,introduced non-invasive
lythrum_junceum_1237.jpeg,https://inaturalist-open-data.s3.amazonaws.com/photos/379689341/medium.jpeg,cc-by-nc,214791298,research,37.45132356,-121.86022096,introduced non-invasive
lythrum_junceum_1238.jpeg,https://inaturalist-open-data.s3.amazonaws.com/photos/379689377/medium.jpeg,cc-by-nc,214791298,research,37.45132356,-121.86022096,introduced non-invasive
lythrum_junceum_1239.jpeg,https://inaturalist-open-data.s3.amazonaws.com/photos/379689422/medium.jpeg,cc-by-nc,214791298,research,37.45132356,-121.86022096,introduced non-invasive
lythrum_junceum_1240.jpg,https://inaturalist-open-data.s3.amazonaws.com/photos/379633990/medium.jpg,cc-by-nc,214759141,needs_id,41.4156618631,9.2391612472,native
lythrum_junceum_1241.jpg,https://inaturalist-open-data.s3.amazonaws.com/photos/379634024/medium.jpg,cc-by-nc,214759141,needs_id,41.4156618631,9.2391612472,native
lythrum_junceum_1242.jpg,https://inaturalist-open-data.s3.amazonaws.com/photos/379634050/medium.jpg,cc-by-nc,214759141,needs_id,41.4156618631,9.2391612472,native
lythrum_junceum_1243.jpg,https://inaturalist-open-data.s3.amazonaws.com/photos/379633806/medium.jpg,cc-by-nc,214758870,needs_id,41.4156439607,9.2391556556,native
lythrum_junceum_1244.jpg,https://inaturalist-open-data.s3.amazonaws.com/photos/379633939/medium.jpg,cc-by-nc,214758870,needs_id,41.4156439607,9.2391556556,native
lythrum_junceum_1245.jpg,https://inaturalist-open-data.s3.amazonaws.com/photos/379633965/medium.jpg,cc-by-nc,214758870,needs_id,41.4156439607,9.2391556556,native
lythrum_junceum_1246.jpg,https://inaturalist-open-data.s3.amazonaws.com/photos/379295457/medium.jpg,cc-by-nc,214579936,needs_id,-37.93937,145.30908,native
lythrum_junceum_1247.jpg,https://inaturalist-open-data.s3.amazonaws.com/photos/379295545/medium.jpg,cc-by-nc,214579936,needs_id,-37.93937,145.30908,native
lythrum_junceum_1248.jpg,https://inaturalist-open-data.s3.amazonaws.com/photos/379296120/medium.jpg,cc-by-nc,214579936,needs_id,-37.93937,145.30908,native
lythrum_junceum_1249.jpeg,https://inaturalist-open-data.s3.amazonaws.com/photos/379219163/medium.jpeg,cc-by-nc,214536342,research,32.44745587,34.9313809,native
lythrum_junceum_1250.jpeg,https://inaturalist-open-data.s3.amazonaws.com/photos/379219183/medium.jpeg,cc-by-nc,214536342,research,32.44745587,34.9313809,native
lythrum_junceum_1251.jpeg,https://inaturalist-open-data.s3.amazonaws.com/photos/379001244/medium.jpeg,cc-by-nc,214422241,needs_id,36.3264541625,6.5834617614,native
lythrum_junceum_1252.jpeg,https://inaturalist-open-data.s3.amazonaws.com/photos/379001306/medium.jpeg,cc-by-nc,214422241,needs_id,36.3264541625,6.5834617614,native
lythrum_junceum_1253.jpeg,https://inaturalist-open-data.s3.amazonaws.com/photos/379001357/medium.jpeg,cc-by-nc,214422241,needs_id,36.3264541625,6.5834617614,native
lythrum_junceum_1254.jpeg,https://inaturalist-open-data.s3.amazonaws.com/photos/379001404/medium.jpeg,cc-by-nc,214422241,needs_id,36.3264541625,6.5834617614,native
lythrum_junceum_1255.jpeg,https://inaturalist-open-data.s3.amazonaws.com/photos/379001441/medium.jpeg,cc-by-nc,214422241,needs_id,36.3264541625,6.5834617614,native
lythrum_junceum_1256.jpeg,https://inaturalist-open-data.s3.amazonaws.com/photos/379001475/medium.jpeg,cc-by-nc,214422241,needs_id,36.3264541625,6.5834617614,native
lythrum_junceum_1257.jpeg,https://inaturalist-open-data.s3.amazonaws.com/photos/379130636/medium.jpeg,cc-by-nc,214394608,needs_id,38.9031408504,-9.1873195137,native
lythrum_junceum_1258.jpeg,https://inaturalist-open-data.s3.amazonaws.com/photos/379593535/medium.jpeg,cc-by-nc,214394608,needs_id,38.9031408504,-9.1873195137,native
lythrum_junceum_1259.jpg,https://inaturalist-open-data.s3.amazonaws.com/photos/378242815/medium.jpg,cc-by-nc,214018348,needs_id,35.5945604732,34.3538844575,native
lythrum_junceum_1260.jpg,https://inaturalist-open-data.s3.amazonaws.com/photos/378242827/medium.jpg,cc-by-nc,214018348,needs_id,35.5945604732,34.3538844575,native
lythrum_junceum_1261.jpg,https://inaturalist-open-data.s3.amazonaws.com/photos/378242832/medium.jpg,cc-by-nc,214018348,needs_id,35.5945604732,34.3538844575,native
lythrum_junceum_1262.jpeg,https://inaturalist-open-data.s3.amazonaws.com/photos/378140081/medium.jpeg,cc-by-sa,213957698,needs_id,35.164385,24.4728147222,native
lythrum_junceum_1263.jpeg,https://inaturalist-open-data.s3.amazonaws.com/photos/378140088/medium.jpeg,cc-by-sa,213957698,needs_id,35.164385,24.4728147222,native
lythrum_junceum_1264.jpg,https://inaturalist-open-data.s3.amazonaws.com/photos/376676287/medium.jpg,cc-by-nc,213144992,needs_id,39.2791617107,-9.29246214,native
lythrum_junceum_1265.jpeg,https://inaturalist-open-data.s3.amazonaws.com/photos/376635072/medium.jpeg,cc-by-nc,213121902,needs_id,37.4239637689,-6.1038021371,native
lythrum_junceum_1266.jpeg,https://inaturalist-open-data.s3.amazonaws.com/photos/376635116/medium.jpeg,cc-by-nc,213121902,needs_id,37.4239637689,-6.1038021371,native
lythrum_junceum_1267.jpeg,https://inaturalist-open-data.s3.amazonaws.com/photos/392007174/medium.jpeg,cc-by-nc,212843626,needs_id,39.3781127928,20.1137657164,native
lythrum_junceum_1268.jpeg,https://inaturalist-open-data.s3.amazonaws.com/photos/376136310/medium.jpeg,cc-by-nc,212843626,needs_id,39.3781127928,20.1137657164,native
lythrum_junceum_1269.jpeg,https://inaturalist-open-data.s3.amazonaws.com/photos/375834379/medium.jpeg,cc-by-nc,212682137,research,32.0406372123,34.8147106328,native
lythrum_junceum_1270.jpeg,https://inaturalist-open-data.s3.amazonaws.com/photos/375308462/medium.jpeg,cc-by-nc,212372609,needs_id,37.4467982011,-7.6029283181,native
lythrum_junceum_1271.jpeg,https://inaturalist-open-data.s3.amazonaws.com/photos/375062527/medium.jpeg,cc-by-nc-sa,212231778,needs_id,36.8888979722,27.181384,native
lythrum_junceum_1272.jpeg,https://inaturalist-open-data.s3.amazonaws.com/photos/375018540/medium.jpeg,cc-by,212205124,needs_id,36.8889874997,27.1810252,native
lythrum_junceum_1273.jpeg,https://inaturalist-open-data.s3.amazonaws.com/photos/375018496/medium.jpeg,cc-by,212205105,needs_id,36.8889728997,27.1810675997,native
lythrum_junceum_1274.jpeg,https://inaturalist-open-data.s3.amazonaws.com/photos/375018256/medium.jpeg,cc-by,212205005,needs_id,36.8889386997,27.1811065997,native
lythrum_junceum_1275.jpeg,https://inaturalist-open-data.s3.amazonaws.com/photos/375017097/medium.jpeg,cc-by,212204429,needs_id,36.8887622,27.1815387,native
lythrum_junceum_1276.jpeg,https://inaturalist-open-data.s3.amazonaws.com/photos/374949031/medium.jpeg,cc-by-nc,212166876,research,39.3450616,-9.2253723,native
lythrum_junceum_1277.jpeg,https://inaturalist-open-data.s3.amazonaws.com/photos/374949059/medium.jpeg,cc-by-nc,212166876,research,39.3450616,-9.2253723,native
lythrum_junceum_1278.jpeg,https://inaturalist-open-data.s3.amazonaws.com/photos/374949096/medium.jpeg,cc-by-nc,212166876,research,39.3450616,-9.2253723,native
lythrum_junceum_1279.jpeg,https://inaturalist-open-data.s3.amazonaws.com/photos/374949124/medium.jpeg,cc-by-nc,212166876,research,39.3450616,-9.2253723,native
lythrum_junceum_1280.jpg,https://inaturalist-open-data.s3.amazonaws.com/photos/374132172/medium.jpg,cc-by-nc,211667137,research,40.1429732566,-8.7128472899,native
lythrum_junceum_1281.jpg,https://inaturalist-open-data.s3.amazonaws.com/photos/374168354/medium.jpg,cc-by-nc,211667137,research,40.1429732566,-8.7128472899,native
lythrum_junceum_1282.jpg,https://inaturalist-open-data.s3.amazonaws.com/photos/374168377/medium.jpg,cc-by-nc,211667137,research,40.1429732566,-8.7128472899,native
lythrum_junceum_1283.jpeg,https://inaturalist-open-data.s3.amazonaws.com/photos/374129454/medium.jpeg,cc-by-nc,211643930,needs_id,37.4128706944,-6.1226533726,native
lythrum_junceum_1284.jpeg,https://inaturalist-open-data.s3.amazonaws.com/photos/374129579/medium.jpeg,cc-by-nc,211643930,needs_id,37.4128706944,-6.1226533726,native
lythrum_junceum_1285.jpeg,https://inaturalist-open-data.s3.amazonaws.com/photos/374129799/medium.jpeg,cc-by-nc,211643930,needs_id,37.4128706944,-6.1226533726,native
lythrum_junceum_1286.jpeg,https://inaturalist-open-data.s3.amazonaws.com/photos/373857875/medium.jpeg,cc0,211461975,needs_id,37.4622255997,-121.9354998,introduced non-invasive
lythrum_junceum_1287.jpeg,https://inaturalist-open-data.s3.amazonaws.com/photos/373857946/medium.jpeg,cc0,211461975,needs_id,37.4622255997,-121.9354998,introduced non-invasive
lythrum_junceum_1288.jpeg,https://inaturalist-open-data.s3.amazonaws.com/photos/373858027/medium.jpeg,cc0,211461975,needs_id,37.4622255997,-121.9354998,introduced non-invasive
lythrum_junceum_1289.jpeg,https://inaturalist-open-data.s3.amazonaws.com/photos/373758770/medium.jpeg,cc-by-nc,211395923,needs_id,7.4471661465,125.8093464375,native
lythrum_junceum_1290.jpg,https://inaturalist-open-data.s3.amazonaws.com/photos/373351610/medium.jpg,cc-by-nc,211151405,needs_id,36.7264442222,-3.5765500278,native
lythrum_junceum_1291.jpeg,https://inaturalist-open-data.s3.amazonaws.com/photos/372080039/medium.jpeg,cc-by,210380443,needs_id,37.8370016667,24.9315066667,native
lythrum_junceum_1292.jpeg,https://inaturalist-open-data.s3.amazonaws.com/photos/372080365/medium.jpeg,cc-by,210380443,needs_id,37.8370016667,24.9315066667,native
lythrum_junceum_1293.jpeg,https://inaturalist-open-data.s3.amazonaws.com/photos/372080417/medium.jpeg,cc-by,210380443,needs_id,37.8370016667,24.9315066667,native
lythrum_junceum_1294.jpeg,https://inaturalist-open-data.s3.amazonaws.com/photos/372080096/medium.jpeg,cc-by,210380443,needs_id,37.8370016667,24.9315066667,native
lythrum_junceum_1295.jpeg,https://inaturalist-open-data.s3.amazonaws.com/photos/372080474/medium.jpeg,cc-by,210380443,needs_id,37.8370016667,24.9315066667,native
lythrum_junceum_1296.jpeg,https://inaturalist-open-data.s3.amazonaws.com/photos/371090802/medium.jpeg,cc-by-nc,209737697,needs_id,37.4536559,-121.85895367,introduced non-invasive
lythrum_junceum_1297.jpeg,https://inaturalist-open-data.s3.amazonaws.com/photos/370854804/medium.jpeg,cc-by,209642861,needs_id,32.6482021451,35.1316648245,
lythrum_junceum_1298.jpeg,https://inaturalist-open-data.s3.amazonaws.com/photos/370791311/medium.jpeg,cc-by,209540849,casual,,,
lythrum_junceum_1299.jpeg,https://inaturalist-open-data.s3.amazonaws.com/photos/370791770/medium.jpeg,cc-by,209540849,casual,,,
lythrum_junceum_1300.jpeg,https://inaturalist-open-data.s3.amazonaws.com/photos/370795476/medium.jpeg,cc-by,209540849,casual,,,
lythrum_junceum_1301.jpeg,https://inaturalist-open-data.s3.amazonaws.com/photos/370396280/medium.jpeg,cc-by-nc,209303505,needs_id,37.3588301567,-5.9360242635,native
lythrum_junceum_1302.jpg,https://inaturalist-open-data.s3.amazonaws.com/photos/370365115/medium.jpg,cc-by-nc,209286121,research,37.9247633333,23.98815,native
lythrum_junceum_1303.jpg,https://inaturalist-open-data.s3.amazonaws.com/photos/370364531/medium.jpg,cc-by-nc,209285905,needs_id,37.9055108804,22.8282719133,native
lythrum_junceum_1304.jpeg,https://inaturalist-open-data.s3.amazonaws.com/photos/370281731/medium.jpeg,cc-by-nc,209241941,research,32.9402881105,35.7921380789,
lythrum_junceum_1305.jpeg,https://inaturalist-open-data.s3.amazonaws.com/photos/370281840/medium.jpeg,cc-by-nc,209241941,research,32.9402881105,35.7921380789,
lythrum_junceum_1306.jpeg,https://inaturalist-open-data.s3.amazonaws.com/photos/370040967/medium.jpeg,cc-by-nc,209112819,research,38.7999528465,20.7180559355,native
lythrum_junceum_1307.jpeg,https://inaturalist-open-data.s3.amazonaws.com/photos/369426203/medium.jpeg,cc-by-nc,208781495,needs_id,36.3858909606,6.6067523956,native
lythrum_junceum_1308.jpeg,https://inaturalist-open-data.s3.amazonaws.com/photos/369426242/medium.jpeg,cc-by-nc,208781495,needs_id,36.3858909606,6.6067523956,native
lythrum_junceum_1309.jpeg,https://inaturalist-open-data.s3.amazonaws.com/photos/369426272/medium.jpeg,cc-by-nc,208781495,needs_id,36.3858909606,6.6067523956,native
lythrum_junceum_1310.jpeg,https://inaturalist-open-data.s3.amazonaws.com/photos/369426306/medium.jpeg,cc-by-nc,208781495,needs_id,36.3858909606,6.6067523956,native
lythrum_junceum_1311.jpeg,https://inaturalist-open-data.s3.amazonaws.com/photos/369426344/medium.jpeg,cc-by-nc,208781495,needs_id,36.3858909606,6.6067523956,native
lythrum_junceum_1312.jpeg,https://inaturalist-open-data.s3.amazonaws.com/photos/369426374/medium.jpeg,cc-by-nc,208781495,needs_id,36.3858909606,6.6067523956,native
lythrum_junceum_1313.jpeg,https://inaturalist-open-data.s3.amazonaws.com/photos/369425787/medium.jpeg,cc-by-nc,208781317,needs_id,36.3858489989,6.6067385672,native
lythrum_junceum_1314.jpeg,https://inaturalist-open-data.s3.amazonaws.com/photos/369425830/medium.jpeg,cc-by-nc,208781317,needs_id,36.3858489989,6.6067385672,native
lythrum_junceum_1315.jpeg,https://inaturalist-open-data.s3.amazonaws.com/photos/369425956/medium.jpeg,cc-by-nc,208781317,needs_id,36.3858489989,6.6067385672,native
lythrum_junceum_1316.jpeg,https://inaturalist-open-data.s3.amazonaws.com/photos/369425993/medium.jpeg,cc-by-nc,208781317,needs_id,36.3858489989,6.6067385672,native
lythrum_junceum_1317.jpeg,https://inaturalist-open-data.s3.amazonaws.com/photos/369426022/medium.jpeg,cc-by-nc,208781317,needs_id,36.3858489989,6.6067385672,native
lythrum_junceum_1318.jpeg,https://inaturalist-open-data.s3.amazonaws.com/photos/369426058/medium.jpeg,cc-by-nc,208781317,needs_id,36.3858489989,6.6067385672,native
lythrum_junceum_1319.jpeg,https://inaturalist-open-data.s3.amazonaws.com/photos/369362976/medium.jpeg,cc-by-nc,208746324,research,35.1970861111,-3.8880972222,native
lythrum_junceum_1320.jpeg,https://inaturalist-open-data.s3.amazonaws.com/photos/369362969/medium.jpeg,cc-by-nc,208746324,research,35.1970861111,-3.8880972222,native
lythrum_junceum_1321.jpg,https://inaturalist-open-data.s3.amazonaws.com/photos/367629521/medium.jpg,cc-by-nc,207816349,research,38.0230833333,-122.0728916667,introduced non-invasive
lythrum_junceum_1322.jpg,https://inaturalist-open-data.s3.amazonaws.com/photos/367629541/medium.jpg,cc-by-nc,207816349,research,38.0230833333,-122.0728916667,introduced non-invasive
lythrum_junceum_1323.jpg,https://inaturalist-open-data.s3.amazonaws.com/photos/367629566/medium.jpg,cc-by-nc,207816349,research,38.0230833333,-122.0728916667,introduced non-invasive
lythrum_junceum_1324.jpeg,https://inaturalist-open-data.s3.amazonaws.com/photos/367563626/medium.jpeg,cc-by-nc,207779792,casual,,,
lythrum_junceum_1325.jpg,https://inaturalist-open-data.s3.amazonaws.com/photos/367170633/medium.jpg,cc-by-nc-sa,207567778,needs_id,37.4948980988,-5.8094272277,native
lythrum_junceum_1326.jpeg,https://inaturalist-open-data.s3.amazonaws.com/photos/366805715/medium.jpeg,cc-by-nc,207374241,research,32.0950972222,34.8703222222,native
lythrum_junceum_1327.jpeg,https://inaturalist-open-data.s3.amazonaws.com/photos/364588983/medium.jpeg,cc-by-nc,206154854,needs_id,43.6974397975,-8.0298405641,native
lythrum_junceum_1328.jpeg,https://inaturalist-open-data.s3.amazonaws.com/photos/364230107/medium.jpeg,cc-by,205960120,research,32.7167085,35.1778326,
lythrum_junceum_1329.jpeg,https://inaturalist-open-data.s3.amazonaws.com/photos/364230169/medium.jpeg,cc-by,205960120,research,32.7167085,35.1778326,
lythrum_junceum_1330.jpeg,https://inaturalist-open-data.s3.amazonaws.com/photos/364230226/medium.jpeg,cc-by,205960120,research,32.7167085,35.1778326,
lythrum_junceum_1331.jpeg,https://inaturalist-open-data.s3.amazonaws.com/photos/363199569/medium.jpeg,cc-by-nc,205410403,research,32.7431857812,-17.1188377219,native
lythrum_junceum_1332.jpeg,https://inaturalist-open-data.s3.amazonaws.com/photos/363199558/medium.jpeg,cc-by-nc,205410403,research,32.7431857812,-17.1188377219,native
lythrum_junceum_1333.jpeg,https://inaturalist-open-data.s3.amazonaws.com/photos/362973992/medium.jpeg,cc-by-nc-sa,205290887,needs_id,-37.9284180556,145.3221658333,native
lythrum_junceum_1334.jpg,https://inaturalist-open-data.s3.amazonaws.com/photos/362946235/medium.jpg,cc-by-nc,205276846,needs_id,36.6516396676,-121.8002044418,introduced non-invasive
lythrum_junceum_1335.jpg,https://inaturalist-open-data.s3.amazonaws.com/photos/360999371/medium.jpg,cc-by-nc,204252274,needs_id,35.240117,24.8092691,native
lythrum_junceum_1336.jpeg,https://inaturalist-open-data.s3.amazonaws.com/photos/360624260/medium.jpeg,cc-by-nc,204057886,research,-37.919655,145.33969,native
lythrum_junceum_1337.jpeg,https://inaturalist-open-data.s3.amazonaws.com/photos/360624280/medium.jpeg,cc-by-nc,204057886,research,-37.919655,145.33969,native
lythrum_junceum_1338.jpeg,https://inaturalist-open-data.s3.amazonaws.com/photos/360624302/medium.jpeg,cc-by-nc,204057886,research,-37.919655,145.33969,native
lythrum_junceum_1339.jpeg,https://inaturalist-open-data.s3.amazonaws.com/photos/360624335/medium.jpeg,cc-by-nc,204057886,research,-37.919655,145.33969,native
lythrum_junceum_1340.jpeg,https://inaturalist-open-data.s3.amazonaws.com/photos/360503934/medium.jpeg,cc-by-nc-sa,203994088,research,-37.9284677778,145.331045,native
lythrum_junceum_1342.jpeg,https://inaturalist-open-data.s3.amazonaws.com/photos/359689281/medium.jpeg,cc-by-nc,203568210,research,-37.7685766667,141.7263216667,native
lythrum_junceum_1343.jpeg,https://inaturalist-open-data.s3.amazonaws.com/photos/359686634/medium.jpeg,cc-by-nc,203566762,research,-37.9197096651,145.3394473997,native
lythrum_junceum_1344.jpeg,https://inaturalist-open-data.s3.amazonaws.com/photos/359685669/medium.jpeg,cc-by-nc,203566390,needs_id,-37.76757,141.7240183333,native
lythrum_junceum_1345.jpeg,https://inaturalist-open-data.s3.amazonaws.com/photos/359686197/medium.jpeg,cc-by-nc,203566390,needs_id,-37.76757,141.7240183333,native
lythrum_junceum_1346.jpeg,https://inaturalist-open-data.s3.amazonaws.com/photos/359686337/medium.jpeg,cc-by-nc,203566390,needs_id,-37.76757,141.7240183333,native
lythrum_junceum_1347.jpg,https://inaturalist-open-data.s3.amazonaws.com/photos/358814607/medium.jpg,cc-by-nc,203112478,needs_id,37.5854832196,12.8313483455,native
lythrum_junceum_1348.jpeg,https://inaturalist-open-data.s3.amazonaws.com/photos/357704772/medium.jpeg,cc-by-nc,202530304,research,42.86724,-8.659595,native
lythrum_junceum_1349.jpg,https://inaturalist-open-data.s3.amazonaws.com/photos/357067125/medium.jpg,cc-by-nc,202201481,needs_id,37.7357680589,-25.5247456442,native
lythrum_junceum_1350.jpg,https://inaturalist-open-data.s3.amazonaws.com/photos/357067129/medium.jpg,cc-by-nc,202201481,needs_id,37.7357680589,-25.5247456442,native
lythrum_junceum_1351.jpg,https://inaturalist-open-data.s3.amazonaws.com/photos/357067145/medium.jpg,cc-by-nc,202201481,needs_id,37.7357680589,-25.5247456442,native
lythrum_junceum_1352.jpg,https://inaturalist-open-data.s3.amazonaws.com/photos/357067149/medium.jpg,cc-by-nc,202201481,needs_id,37.7357680589,-25.5247456442,native
lythrum_junceum_1353.jpeg,https://inaturalist-open-data.s3.amazonaws.com/photos/356929792/medium.jpeg,cc-by-nc,202130165,needs_id,35.2044212917,24.5764118195,native
lythrum_junceum_1354.jpeg,https://inaturalist-open-data.s3.amazonaws.com/photos/356076724/medium.jpeg,cc-by-nc,201691356,research,35.1431529531,24.5237151625,native
lythrum_junceum_1355.jpeg,https://inaturalist-open-data.s3.amazonaws.com/photos/355761662/medium.jpeg,cc-by-nc,201527579,research,-36.67454211,174.68464784,
lythrum_junceum_1356.jpg,https://inaturalist-open-data.s3.amazonaws.com/photos/354061542/medium.jpg,cc-by-nc,200656904,needs_id,39.2756118611,-9.3345222222,native
lythrum_junceum_1357.jpeg,https://inaturalist-open-data.s3.amazonaws.com/photos/353392571/medium.jpeg,cc-by-nc,200314560,needs_id,27.8328858758,-15.6582245976,native
lythrum_junceum_1358.jpeg,https://inaturalist-open-data.s3.amazonaws.com/photos/353392604/medium.jpeg,cc-by-nc,200314560,needs_id,27.8328858758,-15.6582245976,native
lythrum_junceum_1359.jpeg,https://inaturalist-open-data.s3.amazonaws.com/photos/353392630/medium.jpeg,cc-by-nc,200314560,needs_id,27.8328858758,-15.6582245976,native
lythrum_junceum_1360.jpeg,https://inaturalist-open-data.s3.amazonaws.com/photos/353164405/medium.jpeg,cc-by-nc,200197933,needs_id,35.3644566694,24.2589237343,native
lythrum_junceum_1361.jpeg,https://inaturalist-open-data.s3.amazonaws.com/photos/353164624/medium.jpeg,cc-by-nc,200197933,needs_id,35.3644566694,24.2589237343,native
lythrum_junceum_1362.jpeg,https://inaturalist-open-data.s3.amazonaws.com/photos/352118926/medium.jpeg,cc-by-nc,199648598,needs_id,-37.9875777778,145.2751694444,native
lythrum_junceum_1363.jpeg,https://inaturalist-open-data.s3.amazonaws.com/photos/352118948/medium.jpeg,cc-by-nc,199648598,needs_id,-37.9875777778,145.2751694444,native
lythrum_junceum_1364.jpeg,https://inaturalist-open-data.s3.amazonaws.com/photos/351738355/medium.jpeg,cc-by-nc-sa,199450033,needs_id,-37.9512502778,145.3080302778,native
lythrum_junceum_1365.jpeg,https://inaturalist-open-data.s3.amazonaws.com/photos/351730914/medium.jpeg,cc-by-nc-sa,199446854,needs_id,-37.93876,145.311445,native
lythrum_junceum_1366.jpg,https://inaturalist-open-data.s3.amazonaws.com/photos/351598151/medium.jpg,cc-by-nc,199375733,research,39.3123283333,-8.8437232778,native
lythrum_junceum_1367.jpg,https://inaturalist-open-data.s3.amazonaws.com/photos/351454796/medium.jpg,cc-by-nc,199300862,research,39.3088035556,-8.8493404167,native
lythrum_junceum_1368.jpeg,https://inaturalist-open-data.s3.amazonaws.com/photos/351355770/medium.jpeg,cc-by-nc-sa,199250326,research,-37.9244313889,145.3342616667,native
lythrum_junceum_1369.jpeg,https://inaturalist-open-data.s3.amazonaws.com/photos/351347663/medium.jpeg,cc-by-nc-sa,199247015,needs_id,-37.9233416667,145.3316047222,native
lythrum_junceum_1370.jpg,https://inaturalist-open-data.s3.amazonaws.com/photos/350883073/medium.jpg,cc-by-nc,199013797,research,-36.1591583333,174.4411666667,
lythrum_junceum_1371.jpg,https://inaturalist-open-data.s3.amazonaws.com/photos/350883062/medium.jpg,cc-by-nc,199013797,research,-36.1591583333,174.4411666667,
lythrum_junceum_1372.jpg,https://inaturalist-open-data.s3.amazonaws.com/photos/350806634/medium.jpg,cc-by-nc,198974512,research,-38.3557466667,141.5980216667,native
lythrum_junceum_1373.jpg,https://inaturalist-open-data.s3.amazonaws.com/photos/350806678/medium.jpg,cc-by-nc,198974512,research,-38.3557466667,141.5980216667,native
lythrum_junceum_1374.jpeg,https://inaturalist-open-data.s3.amazonaws.com/photos/350358668/medium.jpeg,cc-by-nc,198746265,research,32.8134535913,-16.8736657177,native
lythrum_junceum_1375.jpeg,https://inaturalist-open-data.s3.amazonaws.com/photos/350626281/medium.jpeg,cc-by-nc,198746265,research,32.8134535913,-16.8736657177,native
lythrum_junceum_1376.jpeg,https://inaturalist-open-data.s3.amazonaws.com/photos/349775067/medium.jpeg,cc-by-nc,198447370,needs_id,-35.2746055556,138.5616916667,native
lythrum_junceum_1377.jpeg,https://inaturalist-open-data.s3.amazonaws.com/photos/349775193/medium.jpeg,cc-by-nc,198447370,needs_id,-35.2746055556,138.5616916667,native
lythrum_junceum_1378.jpeg,https://inaturalist-open-data.s3.amazonaws.com/photos/349775222/medium.jpeg,cc-by-nc,198447370,needs_id,-35.2746055556,138.5616916667,native
lythrum_junceum_1379.jpeg,https://inaturalist-open-data.s3.amazonaws.com/photos/349775249/medium.jpeg,cc-by-nc,198447370,needs_id,-35.2746055556,138.5616916667,native
lythrum_junceum_1380.jpeg,https://inaturalist-open-data.s3.amazonaws.com/photos/349119676/medium.jpeg,cc-by-nc,198120477,research,-37.8929579949,145.3467459342,native
lythrum_junceum_1381.jpeg,https://inaturalist-open-data.s3.amazonaws.com/photos/348963377/medium.jpeg,cc-by-nc-sa,198042347,research,-37.9717852778,145.3006358333,native
lythrum_junceum_1382.jpeg,https://inaturalist-open-data.s3.amazonaws.com/photos/348709390/medium.jpeg,cc-by-nc,197917935,research,-36.7215305556,174.7071527778,
lythrum_junceum_1383.jpeg,https://inaturalist-open-data.s3.amazonaws.com/photos/348709395/medium.jpeg,cc-by-nc,197917935,research,-36.7215305556,174.7071527778,
lythrum_junceum_1384.jpeg,https://inaturalist-open-data.s3.amazonaws.com/photos/348709389/medium.jpeg,cc-by-nc,197917935,research,-36.7215305556,174.7071527778,
lythrum_junceum_1385.jpeg,https://inaturalist-open-data.s3.amazonaws.com/photos/348709420/medium.jpeg,cc-by-nc,197917935,research,-36.7215305556,174.7071527778,
lythrum_junceum_1386.jpeg,https://inaturalist-open-data.s3.amazonaws.com/photos/348628652/medium.jpeg,cc-by-nc-sa,197876890,research,-37.89479,145.3487266667,native
lythrum_junceum_1387.jpg,https://inaturalist-open-data.s3.amazonaws.com/photos/347231691/medium.jpg,cc-by-nc,197186899,needs_id,33.0463765,35.1008292,
lythrum_junceum_1388.jpeg,https://inaturalist-open-data.s3.amazonaws.com/photos/347117784/medium.jpeg,cc-by-nc,197129692,research,32.6524303566,-4.1296677392,native
lythrum_junceum_1389.jpeg,https://inaturalist-open-data.s3.amazonaws.com/photos/347117787/medium.jpeg,cc-by-nc,197129692,research,32.6524303566,-4.1296677392,native
lythrum_junceum_1390.jpeg,https://inaturalist-open-data.s3.amazonaws.com/photos/347117792/medium.jpeg,cc-by-nc,197129692,research,32.6524303566,-4.1296677392,native
lythrum_junceum_1391.jpeg,https://inaturalist-open-data.s3.amazonaws.com/photos/347107664/medium.jpeg,cc-by-nc-sa,197123967,research,-37.9244033333,145.335295,native
lythrum_junceum_1392.jpg,https://inaturalist-open-data.s3.amazonaws.com/photos/346748994/medium.jpg,cc-by-nc,196948212,needs_id,37.4433033333,-121.8935466667,introduced non-invasive
lythrum_junceum_1393.jpg,https://inaturalist-open-data.s3.amazonaws.com/photos/346435871/medium.jpg,cc-by-nc,196793388,needs_id,37.4328399678,-8.8031705631,native
lythrum_junceum_1394.jpg,https://inaturalist-open-data.s3.amazonaws.com/photos/346435861/medium.jpg,cc-by-nc,196793388,needs_id,37.4328399678,-8.8031705631,native
lythrum_junceum_1395.jpeg,https://inaturalist-open-data.s3.amazonaws.com/photos/346133383/medium.jpeg,cc-by-nc,196641294,research,-36.7869825057,174.6883743841,
lythrum_junceum_1396.jpeg,https://inaturalist-open-data.s3.amazonaws.com/photos/346133537/medium.jpeg,cc-by-nc,196641294,research,-36.7869825057,174.6883743841,
lythrum_junceum_1397.jpeg,https://inaturalist-open-data.s3.amazonaws.com/photos/346133540/medium.jpeg,cc-by-nc,196641294,research,-36.7869825057,174.6883743841,
lythrum_junceum_1398.jpeg,https://inaturalist-open-data.s3.amazonaws.com/photos/345385083/medium.jpeg,cc-by-nc,196212243,research,42.8683722222,-8.6586694444,native
lythrum_junceum_1399.jpeg,https://inaturalist-open-data.s3.amazonaws.com/photos/345385176/medium.jpeg,cc-by-nc,196212243,research,42.8683722222,-8.6586694444,native
lythrum_junceum_1400.jpeg,https://inaturalist-open-data.s3.amazonaws.com/photos/345028660/medium.jpeg,cc-by-nc,196035586,needs_id,-38.6679455357,143.857660056,native
lythrum_junceum_1401.jpeg,https://inaturalist-open-data.s3.amazonaws.com/photos/344746108/medium.jpeg,cc-by-nc,195892625,research,-37.9006712238,145.2021676313,native
lythrum_junceum_1402.jpeg,https://inaturalist-open-data.s3.amazonaws.com/photos/344588178/medium.jpeg,cc-by-nc,195815157,needs_id,-35.0008179242,138.5305669098,native
lythrum_junceum_1403.jpeg,https://inaturalist-open-data.s3.amazonaws.com/photos/344588226/medium.jpeg,cc-by-nc,195815157,needs_id,-35.0008179242,138.5305669098,native
lythrum_junceum_1404.jpeg,https://inaturalist-open-data.s3.amazonaws.com/photos/344588289/medium.jpeg,cc-by-nc,195815157,needs_id,-35.0008179242,138.5305669098,native
lythrum_junceum_1405.jpeg,https://inaturalist-open-data.s3.amazonaws.com/photos/344569701/medium.jpeg,cc-by-nc-sa,195806028,research,-37.769855,145.3537316667,native
lythrum_junceum_1406.jpeg,https://inaturalist-open-data.s3.amazonaws.com/photos/344560577/medium.jpeg,cc-by-nc,195801286,needs_id,-37.9121896822,145.3162378818,native
lythrum_junceum_1407.jpg,https://inaturalist-open-data.s3.amazonaws.com/photos/344257322/medium.jpg,cc-by-nc,195651605,needs_id,38.7585568182,-0.1770982895,native
lythrum_junceum_1408.jpeg,https://inaturalist-open-data.s3.amazonaws.com/photos/344029785/medium.jpeg,cc-by-nc,195537798,research,-37.88605793,145.13573746,native
lythrum_junceum_1409.jpg,https://inaturalist-open-data.s3.amazonaws.com/photos/343855763/medium.jpg,cc-by-nc,195452432,needs_id,-37.7469416667,142.0225971667,native
lythrum_junceum_1410.jpg,https://inaturalist-open-data.s3.amazonaws.com/photos/343604457/medium.jpg,cc-by-nc,195330953,research,-38.0477815619,140.9442543896,native
lythrum_junceum_1411.jpg,https://inaturalist-open-data.s3.amazonaws.com/photos/343604494/medium.jpg,cc-by-nc,195330953,research,-38.0477815619,140.9442543896,native
lythrum_junceum_1412.jpeg,https://inaturalist-open-data.s3.amazonaws.com/photos/343443504/medium.jpeg,cc-by-nc-sa,195250719,needs_id,-37.9228219444,145.3296511111,native
lythrum_junceum_1413.jpeg,https://inaturalist-open-data.s3.amazonaws.com/photos/343237000/medium.jpeg,cc-by-nc,195148837,needs_id,-38.4419423,142.9570357997,native
lythrum_junceum_1414.jpeg,https://inaturalist-open-data.s3.amazonaws.com/photos/343237017/medium.jpeg,cc-by-nc,195148837,needs_id,-38.4419423,142.9570357997,native
lythrum_junceum_1415.jpeg,https://inaturalist-open-data.s3.amazonaws.com/photos/343237045/medium.jpeg,cc-by-nc,195148837,needs_id,-38.4419423,142.9570357997,native
lythrum_junceum_1416.jpeg,https://inaturalist-open-data.s3.amazonaws.com/photos/343223201/medium.jpeg,cc-by-nc-sa,195142076,needs_id,-37.9216283333,145.3374266667,native
lythrum_junceum_1417.jpeg,https://inaturalist-open-data.s3.amazonaws.com/photos/343159272/medium.jpeg,cc-by-nc-sa,195112347,needs_id,-37.9611377173,145.3052505685,native
lythrum_junceum_1418.jpeg,https://inaturalist-open-data.s3.amazonaws.com/photos/343046688/medium.jpeg,cc-by-nc-sa,195055599,research,-37.9574486111,145.3072041667,native
lythrum_junceum_1419.jpeg,https://inaturalist-open-data.s3.amazonaws.com/photos/342641452/medium.jpeg,cc-by-nc,194860207,research,-36.1370583333,174.1931416667,
lythrum_junceum_1420.jpeg,https://inaturalist-open-data.s3.amazonaws.com/photos/342641449/medium.jpeg,cc-by-nc,194860207,research,-36.1370583333,174.1931416667,
lythrum_junceum_1421.jpeg,https://inaturalist-open-data.s3.amazonaws.com/photos/342641451/medium.jpeg,cc-by-nc,194860207,research,-36.1370583333,174.1931416667,
lythrum_junceum_1422.jpeg,https://inaturalist-open-data.s3.amazonaws.com/photos/342395568/medium.jpeg,cc-by-nc,194741063,research,43.39631,-4.53706,native
lythrum_junceum_1423.jpeg,https://inaturalist-open-data.s3.amazonaws.com/photos/342395578/medium.jpeg,cc-by-nc,194741063,research,43.39631,-4.53706,native
lythrum_junceum_1424.jpeg,https://inaturalist-open-data.s3.amazonaws.com/photos/342249226/medium.jpeg,cc-by-nc,194669781,needs_id,32.6971282958,-17.0871353147,native
lythrum_junceum_1425.jpeg,https://inaturalist-open-data.s3.amazonaws.com/photos/342249249/medium.jpeg,cc-by-nc,194669781,needs_id,32.6971282958,-17.0871353147,native
lythrum_junceum_1426.jpeg,https://inaturalist-open-data.s3.amazonaws.com/photos/342071673/medium.jpeg,cc-by-nc,194589799,research,43.3077624099,-2.90668845,native
lythrum_junceum_1427.jpeg,https://inaturalist-open-data.s3.amazonaws.com/photos/342071690/medium.jpeg,cc-by-nc,194589799,research,43.3077624099,-2.90668845,native
lythrum_junceum_1428.jpeg,https://inaturalist-open-data.s3.amazonaws.com/photos/341970589/medium.jpeg,cc-by-sa,194532655,research,-36.999786,174.791987,
lythrum_junceum_1429.jpeg,https://inaturalist-open-data.s3.amazonaws.com/photos/341970606/medium.jpeg,cc-by-sa,194532655,research,-36.999786,174.791987,
lythrum_junceum_1430.jpeg,https://inaturalist-open-data.s3.amazonaws.com/photos/341970624/medium.jpeg,cc-by-sa,194532655,research,-36.999786,174.791987,
lythrum_junceum_1431.jpeg,https://inaturalist-open-data.s3.amazonaws.com/photos/341244794/medium.jpeg,cc-by-nc,194175118,research,-37.9043935972,145.2420095972,native
lythrum_junceum_1432.jpeg,https://inaturalist-open-data.s3.amazonaws.com/photos/341112717/medium.jpeg,cc-by-nc,194109197,research,41.395925,9.222755,native
lythrum_junceum_1433.jpeg,https://inaturalist-open-data.s3.amazonaws.com/photos/341141198/medium.jpeg,cc-by-nc,194109197,research,41.395925,9.222755,native
lythrum_junceum_1434.jpeg,https://inaturalist-open-data.s3.amazonaws.com/photos/341141204/medium.jpeg,cc-by-nc,194109197,research,41.395925,9.222755,native
lythrum_junceum_1435.jpeg,https://inaturalist-open-data.s3.amazonaws.com/photos/341141205/medium.jpeg,cc-by-nc,194109197,research,41.395925,9.222755,native
lythrum_junceum_1436.jpeg,https://inaturalist-open-data.s3.amazonaws.com/photos/340578088/medium.jpeg,cc-by-nc-sa,193842280,needs_id,-37.9363697222,145.3885580556,native
lythrum_junceum_1437.jpg,https://inaturalist-open-data.s3.amazonaws.com/photos/340565252/medium.jpg,cc-by-nc,193835815,needs_id,-38.2172466667,145.1764533333,native
lythrum_junceum_1438.jpg,https://inaturalist-open-data.s3.amazonaws.com/photos/340565273/medium.jpg,cc-by-nc,193835815,needs_id,-38.2172466667,145.1764533333,native
lythrum_junceum_1439.jpg,https://inaturalist-open-data.s3.amazonaws.com/photos/340565323/medium.jpg,cc-by-nc,193835815,needs_id,-38.2172466667,145.1764533333,native
lythrum_junceum_1440.jpg,https://inaturalist-open-data.s3.amazonaws.com/photos/339991155/medium.jpg,cc-by-nc,193538487,needs_id,36.828085405,-4.514257785,native
lythrum_junceum_1441.jpeg,https://inaturalist-open-data.s3.amazonaws.com/photos/339701412/medium.jpeg,cc-by-nc,193378524,research,-37.9080646849,145.3100781888,native
lythrum_junceum_1442.jpg,https://inaturalist-open-data.s3.amazonaws.com/photos/339178953/medium.jpg,cc-by-nc,193113641,research,-36.8662496271,174.8382685286,
lythrum_junceum_1443.jpg,https://inaturalist-open-data.s3.amazonaws.com/photos/339178974/medium.jpg,cc-by-nc,193113641,research,-36.8662496271,174.8382685286,
lythrum_junceum_1444.jpg,https://inaturalist-open-data.s3.amazonaws.com/photos/339178989/medium.jpg,cc-by-nc,193113641,research,-36.8662496271,174.8382685286,
lythrum_junceum_1445.jpg,https://inaturalist-open-data.s3.amazonaws.com/photos/339178964/medium.jpg,cc-by-nc,193113641,research,-36.8662496271,174.8382685286,
lythrum_junceum_1446.jpg,https://inaturalist-open-data.s3.amazonaws.com/photos/339178983/medium.jpg,cc-by-nc,193113641,research,-36.8662496271,174.8382685286,
lythrum_junceum_1447.jpg,https://inaturalist-open-data.s3.amazonaws.com/photos/339178988/medium.jpg,cc-by-nc,193113641,research,-36.8662496271,174.8382685286,
lythrum_junceum_1448.jpg,https://inaturalist-open-data.s3.amazonaws.com/photos/339178998/medium.jpg,cc-by-nc,193113641,research,-36.8662496271,174.8382685286,
lythrum_junceum_1449.jpg,https://inaturalist-open-data.s3.amazonaws.com/photos/339179022/medium.jpg,cc-by-nc,193113641,research,-36.8662496271,174.8382685286,
lythrum_junceum_1450.jpeg,https://inaturalist-open-data.s3.amazonaws.com/photos/339148489/medium.jpeg,cc-by,193098978,research,-36.9347305278,174.5198821944,
lythrum_junceum_1451.jpeg,https://inaturalist-open-data.s3.amazonaws.com/photos/339148532/medium.jpeg,cc-by,193098978,research,-36.9347305278,174.5198821944,
lythrum_junceum_1452.jpeg,https://inaturalist-open-data.s3.amazonaws.com/photos/339148578/medium.jpeg,cc-by,193098978,research,-36.9347305278,174.5198821944,
lythrum_junceum_1453.jpeg,https://inaturalist-open-data.s3.amazonaws.com/photos/339148622/medium.jpeg,cc-by,193098978,research,-36.9347305278,174.5198821944,
lythrum_junceum_1454.jpeg,https://inaturalist-open-data.s3.amazonaws.com/photos/339148667/medium.jpeg,cc-by,193098978,research,-36.9347305278,174.5198821944,
lythrum_junceum_1455.jpeg,https://inaturalist-open-data.s3.amazonaws.com/photos/339148732/medium.jpeg,cc-by,193098978,research,-36.9347305278,174.5198821944,
lythrum_junceum_1456.jpg,https://inaturalist-open-data.s3.amazonaws.com/photos/338782770/medium.jpg,cc-by-nc,192919536,needs_id,37.4320672564,-8.8058602808,native
lythrum_junceum_1457.jpeg,https://inaturalist-open-data.s3.amazonaws.com/photos/338501584/medium.jpeg,cc-by-nc-sa,192780038,research,-37.9431166667,145.34482,native
lythrum_junceum_1458.jpeg,https://inaturalist-open-data.s3.amazonaws.com/photos/338476327/medium.jpeg,cc-by-nc,192767302,research,36.3885814661,4.2545667435,native
lythrum_junceum_1459.jpeg,https://inaturalist-open-data.s3.amazonaws.com/photos/338476617/medium.jpeg,cc-by-nc,192767302,research,36.3885814661,4.2545667435,native
lythrum_junceum_1460.jpeg,https://inaturalist-open-data.s3.amazonaws.com/photos/338206331/medium.jpeg,cc-by-nc-sa,192631283,needs_id,-37.9268061111,145.3285194444,native
lythrum_junceum_1461.jpeg,https://inaturalist-open-data.s3.amazonaws.com/photos/338205163/medium.jpeg,cc-by-nc-sa,192630868,needs_id,-37.9245366667,145.333055,native
lythrum_junceum_1462.jpeg,https://inaturalist-open-data.s3.amazonaws.com/photos/338203784/medium.jpeg,cc-by-nc-sa,192630219,needs_id,-37.9228130556,145.3292683333,native
lythrum_junceum_1463.jpeg,https://inaturalist-open-data.s3.amazonaws.com/photos/338195207/medium.jpeg,cc-by-nc-sa,192625975,research,-37.9413225,145.273405,native
lythrum_junceum_1464.jpeg,https://inaturalist-open-data.s3.amazonaws.com/photos/337031265/medium.jpeg,cc-by-nc-sa,192034827,needs_id,-37.9153616667,145.359885,native
lythrum_junceum_1465.jpeg,https://inaturalist-open-data.s3.amazonaws.com/photos/336809049/medium.jpeg,cc-by-nc,191921322,research,-37.9181871015,145.3476281092,native
lythrum_junceum_1466.jpeg,https://inaturalist-open-data.s3.amazonaws.com/photos/336809060/medium.jpeg,cc-by-nc,191921322,research,-37.9181871015,145.3476281092,native
lythrum_junceum_1467.jpeg,https://inaturalist-open-data.s3.amazonaws.com/photos/336809073/medium.jpeg,cc-by-nc,191921322,research,-37.9181871015,145.3476281092,native
lythrum_junceum_1468.jpeg,https://inaturalist-open-data.s3.amazonaws.com/photos/336607212/medium.jpeg,cc-by-nc-sa,191820578,needs_id,-37.9148633333,145.3689533333,native
lythrum_junceum_1469.jpeg,https://inaturalist-open-data.s3.amazonaws.com/photos/334882869/medium.jpeg,cc-by-nc,190947039,research,37.5751278571,-121.9328758393,introduced non-invasive
lythrum_junceum_1470.jpeg,https://inaturalist-open-data.s3.amazonaws.com/photos/334882904/medium.jpeg,cc-by-nc,190947039,research,37.5751278571,-121.9328758393,introduced non-invasive
lythrum_junceum_1471.jpeg,https://inaturalist-open-data.s3.amazonaws.com/photos/334882961/medium.jpeg,cc-by-nc,190947039,research,37.5751278571,-121.9328758393,introduced non-invasive
lythrum_junceum_1472.jpeg,https://inaturalist-open-data.s3.amazonaws.com/photos/334883001/medium.jpeg,cc-by-nc,190947039,research,37.5751278571,-121.9328758393,introduced non-invasive
lythrum_junceum_1473.jpeg,https://inaturalist-open-data.s3.amazonaws.com/photos/334883141/medium.jpeg,cc-by-nc,190947039,research,37.5751278571,-121.9328758393,introduced non-invasive
lythrum_junceum_1474.jpeg,https://inaturalist-open-data.s3.amazonaws.com/photos/334883215/medium.jpeg,cc-by-nc,190947039,research,37.5751278571,-121.9328758393,introduced non-invasive
lythrum_junceum_1475.jpeg,https://inaturalist-open-data.s3.amazonaws.com/photos/333386659/medium.jpeg,cc-by-nc,190215532,research,37.47073327,-121.9420686401,introduced non-invasive
lythrum_junceum_1476.jpeg,https://inaturalist-open-data.s3.amazonaws.com/photos/333386673/medium.jpeg,cc-by-nc,190215532,research,37.47073327,-121.9420686401,introduced non-invasive
lythrum_junceum_1477.jpeg,https://inaturalist-open-data.s3.amazonaws.com/photos/333386698/medium.jpeg,cc-by-nc,190215532,research,37.47073327,-121.9420686401,introduced non-invasive
lythrum_junceum_1478.jpg,https://inaturalist-open-data.s3.amazonaws.com/photos/333229178/medium.jpg,cc-by-nc,190127776,research,37.503845,-121.893905,introduced non-invasive
lythrum_junceum_1479.jpg,https://inaturalist-open-data.s3.amazonaws.com/photos/333229205/medium.jpg,cc-by-nc,190127776,research,37.503845,-121.893905,introduced non-invasive
lythrum_junceum_1480.jpeg,https://inaturalist-open-data.s3.amazonaws.com/photos/332466486/medium.jpeg,cc-by-nc,189739318,research,43.5385200409,-6.5651909127,native
lythrum_junceum_1481.jpeg,https://inaturalist-open-data.s3.amazonaws.com/photos/332466489/medium.jpeg,cc-by-nc,189739318,research,43.5385200409,-6.5651909127,native
lythrum_junceum_1482.jpg,https://inaturalist-open-data.s3.amazonaws.com/photos/330710478/medium.jpg,cc-by-nc,188875097,research,42.4297249722,-8.7750679722,native
lythrum_junceum_1483.jpg,https://inaturalist-open-data.s3.amazonaws.com/photos/330710541/medium.jpg,cc-by-nc,188875097,research,42.4297249722,-8.7750679722,native
lythrum_junceum_1484.jpg,https://inaturalist-open-data.s3.amazonaws.com/photos/330710496/medium.jpg,cc-by-nc,188875097,research,42.4297249722,-8.7750679722,native
lythrum_junceum_1485.jpeg,https://inaturalist-open-data.s3.amazonaws.com/photos/325237653/medium.jpeg,cc-by-nc,186144410,needs_id,39.7634060363,-8.8247266284,native
lythrum_junceum_1486.jpg,https://inaturalist-open-data.s3.amazonaws.com/photos/323921318/medium.jpg,cc-by-nc,185471095,research,43.231059,-8.918445,native
lythrum_junceum_1487.jpg,https://inaturalist-open-data.s3.amazonaws.com/photos/323921358/medium.jpg,cc-by-nc,185471095,research,43.231059,-8.918445,native
lythrum_junceum_1488.jpg,https://inaturalist-open-data.s3.amazonaws.com/photos/323921338/medium.jpg,cc-by-nc,185471095,research,43.231059,-8.918445,native
lythrum_junceum_1489.jpg,https://inaturalist-open-data.s3.amazonaws.com/photos/323389152/medium.jpg,cc-by-nc,185190886,research,42.698537,-8.466836,native
lythrum_junceum_1490.jpg,https://inaturalist-open-data.s3.amazonaws.com/photos/323389222/medium.jpg,cc-by-nc,185190886,research,42.698537,-8.466836,native
lythrum_junceum_1491.jpg,https://inaturalist-open-data.s3.amazonaws.com/photos/323389197/medium.jpg,cc-by-nc,185190886,research,42.698537,-8.466836,native
lythrum_junceum_1492.jpeg,https://inaturalist-open-data.s3.amazonaws.com/photos/323219470/medium.jpeg,cc-by-nc,185102062,needs_id,37.4086722222,-121.9244138889,introduced non-invasive
lythrum_junceum_1493.jpeg,https://inaturalist-open-data.s3.amazonaws.com/photos/323219460/medium.jpeg,cc-by-nc,185102062,needs_id,37.4086722222,-121.9244138889,introduced non-invasive
lythrum_junceum_1494.jpeg,https://inaturalist-open-data.s3.amazonaws.com/photos/323219439/medium.jpeg,cc-by-nc,185102062,needs_id,37.4086722222,-121.9244138889,introduced non-invasive
lythrum_junceum_1495.jpeg,https://inaturalist-open-data.s3.amazonaws.com/photos/323219461/medium.jpeg,cc-by-nc,185102062,needs_id,37.4086722222,-121.9244138889,introduced non-invasive
lythrum_junceum_1496.jpeg,https://inaturalist-open-data.s3.amazonaws.com/photos/323219451/medium.jpeg,cc-by-nc,185102062,needs_id,37.4086722222,-121.9244138889,introduced non-invasive
lythrum_junceum_1497.jpeg,https://inaturalist-open-data.s3.amazonaws.com/photos/323219431/medium.jpeg,cc-by-nc,185102062,needs_id,37.4086722222,-121.9244138889,introduced non-invasive
lythrum_junceum_1498.jpeg,https://inaturalist-open-data.s3.amazonaws.com/photos/322943977/medium.jpeg,cc-by-nc,184961589,casual,36.0663089912,-79.8084972426,
lythrum_junceum_1499.jpeg,https://inaturalist-open-data.s3.amazonaws.com/photos/322176820/medium.jpeg,cc-by-nc-sa,184559060,research,40.1328010556,-8.2322616389,native
lythrum_junceum_1500.jpeg,https://inaturalist-open-data.s3.amazonaws.com/photos/322176865/medium.jpeg,cc-by-nc-sa,184559060,research,40.1328010556,-8.2322616389,native
lythrum_junceum_1501.jpeg,https://inaturalist-open-data.s3.amazonaws.com/photos/322176905/medium.jpeg,cc-by-nc-sa,184559060,research,40.1328010556,-8.2322616389,native
lythrum_junceum_1502.jpeg,https://inaturalist-open-data.s3.amazonaws.com/photos/322176949/medium.jpeg,cc-by-nc-sa,184559060,research,40.1328010556,-8.2322616389,native
lythrum_junceum_1503.jpeg,https://inaturalist-open-data.s3.amazonaws.com/photos/322176980/medium.jpeg,cc-by-nc-sa,184559060,research,40.1328010556,-8.2322616389,native
lythrum_junceum_1504.jpeg,https://inaturalist-open-data.s3.amazonaws.com/photos/322177034/medium.jpeg,cc-by-nc-sa,184559060,research,40.1328010556,-8.2322616389,native
lythrum_junceum_1505.jpeg,https://inaturalist-open-data.s3.amazonaws.com/photos/322177086/medium.jpeg,cc-by-nc-sa,184559060,research,40.1328010556,-8.2322616389,native
lythrum_junceum_1506.jpeg,https://inaturalist-open-data.s3.amazonaws.com/photos/322177141/medium.jpeg,cc-by-nc-sa,184559060,research,40.1328010556,-8.2322616389,native
lythrum_junceum_1507.jpeg,https://inaturalist-open-data.s3.amazonaws.com/photos/322177203/medium.jpeg,cc-by-nc-sa,184559060,research,40.1328010556,-8.2322616389,native
lythrum_junceum_1508.jpeg,https://inaturalist-open-data.s3.amazonaws.com/photos/322177246/medium.jpeg,cc-by-nc-sa,184559060,research,40.1328010556,-8.2322616389,native
lythrum_junceum_1509.jpeg,https://inaturalist-open-data.s3.amazonaws.com/photos/321163123/medium.jpeg,cc-by-nc,184027867,needs_id,38.8588618428,-8.6537055482,native
lythrum_junceum_1510.jpeg,https://inaturalist-open-data.s3.amazonaws.com/photos/321163144/medium.jpeg,cc-by-nc,184027867,needs_id,38.8588618428,-8.6537055482,native
lythrum_junceum_1511.jpeg,https://inaturalist-open-data.s3.amazonaws.com/photos/321163162/medium.jpeg,cc-by-nc,184027867,needs_id,38.8588618428,-8.6537055482,native
lythrum_junceum_1512.jpeg,https://inaturalist-open-data.s3.amazonaws.com/photos/321163196/medium.jpeg,cc-by-nc,184027867,needs_id,38.8588618428,-8.6537055482,native
lythrum_junceum_1513.jpeg,https://inaturalist-open-data.s3.amazonaws.com/photos/321045859/medium.jpeg,cc-by-nc,183966497,research,43.711511169,-7.9554654928,native
lythrum_junceum_1514.jpeg,https://inaturalist-open-data.s3.amazonaws.com/photos/320785406/medium.jpeg,cc-by-nc,183835256,research,43.7119549085,-7.9548830912,native
lythrum_junceum_1515.jpeg,https://inaturalist-open-data.s3.amazonaws.com/photos/319828052/medium.jpeg,cc-by-nc,183331987,research,39.1773071289,-9.3486833572,native
lythrum_junceum_1516.jpg,https://inaturalist-open-data.s3.amazonaws.com/photos/317874146/medium.jpg,cc-by-nc,182324815,research,38.66456,-9.15999,native
lythrum_junceum_1517.jpg,https://inaturalist-open-data.s3.amazonaws.com/photos/317874329/medium.jpg,cc-by-nc,182324815,research,38.66456,-9.15999,native
lythrum_junceum_1518.jpg,https://inaturalist-open-data.s3.amazonaws.com/photos/317534802/medium.jpg,cc-by-nc,182147889,casual,33.9022367,-118.081733,introduced non-invasive
lythrum_junceum_1519.jpg,https://inaturalist-open-data.s3.amazonaws.com/photos/317535012/medium.jpg,cc-by-nc,182147889,casual,33.9022367,-118.081733,introduced non-invasive
lythrum_junceum_1520.jpeg,https://inaturalist-open-data.s3.amazonaws.com/photos/317455065/medium.jpeg,cc-by-nc-sa,182107913,needs_id,36.7122586755,4.0448395908,native
lythrum_junceum_1521.jpeg,https://inaturalist-open-data.s3.amazonaws.com/photos/317395098/medium.jpeg,cc-by-nc,182078567,research,32.848214539,35.1113500925,
lythrum_junceum_1522.jpeg,https://inaturalist-open-data.s3.amazonaws.com/photos/317395128/medium.jpeg,cc-by-nc,182078567,research,32.848214539,35.1113500925,
lythrum_junceum_1523.jpeg,https://inaturalist-open-data.s3.amazonaws.com/photos/316838770/medium.jpeg,cc-by-nc,181791891,needs_id,38.9793393312,-9.1150492143,native
lythrum_junceum_1524.jpeg,https://inaturalist-open-data.s3.amazonaws.com/photos/316214666/medium.jpeg,cc-by-nc,181462134,research,43.5954574811,-8.1418850097,native
lythrum_junceum_1525.jpeg,https://inaturalist-open-data.s3.amazonaws.com/photos/315285485/medium.jpeg,cc-by-nc,180950039,research,38.8724221161,-0.0910771057,native
lythrum_junceum_1526.jpeg,https://inaturalist-open-data.s3.amazonaws.com/photos/315285495/medium.jpeg,cc-by-nc,180950039,research,38.8724221161,-0.0910771057,native
lythrum_junceum_1527.jpg,https://inaturalist-open-data.s3.amazonaws.com/photos/315165493/medium.jpg,cc-by-nc,180884018,research,43.081361,-9.055827,native
lythrum_junceum_1528.jpg,https://inaturalist-open-data.s3.amazonaws.com/photos/315165510/medium.jpg,cc-by-nc,180884018,research,43.081361,-9.055827,native
lythrum_junceum_1529.jpg,https://inaturalist-open-data.s3.amazonaws.com/photos/315025599/medium.jpg,cc-by,180812632,needs_id,39.4658666667,19.9511833333,native
lythrum_junceum_1530.jpg,https://inaturalist-open-data.s3.amazonaws.com/photos/315025519/medium.jpg,cc-by,180812632,needs_id,39.4658666667,19.9511833333,native
lythrum_junceum_1531.jpg,https://inaturalist-open-data.s3.amazonaws.com/photos/315025659/medium.jpg,cc-by,180812632,needs_id,39.4658666667,19.9511833333,native
lythrum_junceum_1532.jpg,https://inaturalist-open-data.s3.amazonaws.com/photos/314482979/medium.jpg,cc-by-nc,180536970,research,43.3932151762,-4.8319791529,native
lythrum_junceum_1533.jpeg,https://inaturalist-open-data.s3.amazonaws.com/photos/313717669/medium.jpeg,cc0,180131229,research,43.5498133333,-5.6239383333,native
lythrum_junceum_1534.jpeg,https://inaturalist-open-data.s3.amazonaws.com/photos/313717687/medium.jpeg,cc0,180131229,research,43.5498133333,-5.6239383333,native
lythrum_junceum_1535.jpeg,https://inaturalist-open-data.s3.amazonaws.com/photos/313503718/medium.jpeg,cc-by-nc,180019519,research,32.6323523421,35.0931006384,
lythrum_junceum_1536.jpeg,https://inaturalist-open-data.s3.amazonaws.com/photos/312589272/medium.jpeg,cc-by-nc,179539261,needs_id,37.7769324962,-8.7152149156,native
lythrum_junceum_1537.jpg,https://inaturalist-open-data.s3.amazonaws.com/photos/312485357/medium.jpg,cc-by-nc,179484094,needs_id,33.081767,30.263585,native
lythrum_junceum_1538.jpg,https://inaturalist-open-data.s3.amazonaws.com/photos/312483814/medium.jpg,cc-by-nc,179483469,research,43.2899348742,-8.6750848758,native
lythrum_junceum_1539.jpeg,https://inaturalist-open-data.s3.amazonaws.com/photos/311830957/medium.jpeg,cc-by-nc,179138493,research,32.2502215103,34.8546885678,native
lythrum_junceum_1540.jpeg,https://inaturalist-open-data.s3.amazonaws.com/photos/311830959/medium.jpeg,cc-by-nc,179138493,research,32.2502215103,34.8546885678,native
lythrum_junceum_1541.jpg,https://inaturalist-open-data.s3.amazonaws.com/photos/311616576/medium.jpg,cc-by-nc,179022779,research,43.2441749722,-8.6857269722,native
lythrum_junceum_1542.jpg,https://inaturalist-open-data.s3.amazonaws.com/photos/311616594/medium.jpg,cc-by-nc,179022779,research,43.2441749722,-8.6857269722,native
lythrum_junceum_1543.jpeg,https://inaturalist-open-data.s3.amazonaws.com/photos/311599528/medium.jpeg,cc-by-nc,179013244,research,42.8363155626,-9.0981696546,native
lythrum_junceum_1544.jpeg,https://inaturalist-open-data.s3.amazonaws.com/photos/311599597/medium.jpeg,cc-by-nc,179013244,research,42.8363155626,-9.0981696546,native
lythrum_junceum_1545.jpeg,https://inaturalist-open-data.s3.amazonaws.com/photos/311530848/medium.jpeg,cc-by-nc-sa,178975885,needs_id,36.8937806256,4.4155235589,native
lythrum_junceum_1546.jpg,https://inaturalist-open-data.s3.amazonaws.com/photos/311460396/medium.jpg,cc-by-nc,178939302,needs_id,36.7136483333,-4.7256666667,native
lythrum_junceum_1547.jpg,https://inaturalist-open-data.s3.amazonaws.com/photos/311406099/medium.jpg,cc-by-nc,178913409,needs_id,38.5948416667,-2.5502866667,native
lythrum_junceum_1548.jpg,https://inaturalist-open-data.s3.amazonaws.com/photos/311406052/medium.jpg,cc-by-nc,178913407,needs_id,38.5948416667,-2.5502816667,native
lythrum_junceum_1549.jpg,https://inaturalist-open-data.s3.amazonaws.com/photos/311406079/medium.jpg,cc-by-nc,178913407,needs_id,38.5948416667,-2.5502816667,native
lythrum_junceum_1550.jpg,https://inaturalist-open-data.s3.amazonaws.com/photos/311406026/medium.jpg,cc-by-nc,178913405,needs_id,38.5948383333,-2.550285,native
lythrum_junceum_1551.jpg,https://inaturalist-open-data.s3.amazonaws.com/photos/311406323/medium.jpg,cc-by-nc,178913405,needs_id,38.5948383333,-2.550285,native
lythrum_junceum_1552.jpeg,https://inaturalist-open-data.s3.amazonaws.com/photos/311319121/medium.jpeg,cc-by-nc,178871769,research,43.38617,-2.8427583333,native
lythrum_junceum_1553.jpeg,https://inaturalist-open-data.s3.amazonaws.com/photos/311319175/medium.jpeg,cc-by-nc,178871769,research,43.38617,-2.8427583333,native
lythrum_junceum_1554.jpg,https://inaturalist-open-data.s3.amazonaws.com/photos/310994065/medium.jpg,cc-by-nc,178701704,research,37.8855453889,-8.6353917778,native
lythrum_junceum_1555.jpg,https://inaturalist-open-data.s3.amazonaws.com/photos/310994088/medium.jpg,cc-by-nc,178701704,research,37.8855453889,-8.6353917778,native
lythrum_junceum_1556.jpeg,https://inaturalist-open-data.s3.amazonaws.com/photos/310957183/medium.jpeg,cc-by-nc,178682803,research,43.2312892344,-4.2755563712,native
lythrum_junceum_1557.jpeg,https://inaturalist-open-data.s3.amazonaws.com/photos/310956751/medium.jpeg,cc-by-nc,178682637,needs_id,43.2303687917,-4.2748085674,native
lythrum_junceum_1558.jpg,https://inaturalist-open-data.s3.amazonaws.com/photos/310316992/medium.jpg,cc-by-nc,178341720,research,42.757652,-9.099118,native
lythrum_junceum_1559.jpg,https://inaturalist-open-data.s3.amazonaws.com/photos/310317003/medium.jpg,cc-by-nc,178341720,research,42.757652,-9.099118,native
lythrum_junceum_1560.jpeg,https://inaturalist-open-data.s3.amazonaws.com/photos/309827102/medium.jpeg,cc-by-nc,178088156,needs_id,21.626442134,-104.2808479007,
lythrum_junceum_1561.jpeg,https://inaturalist-open-data.s3.amazonaws.com/photos/309827955/medium.jpeg,cc-by-nc,178088156,needs_id,21.626442134,-104.2808479007,
lythrum_junceum_1562.jpeg,https://inaturalist-open-data.s3.amazonaws.com/photos/309433646/medium.jpeg,cc-by-nc,177882147,research,32.713155,-16.963466,native
lythrum_junceum_1563.jpeg,https://inaturalist-open-data.s3.amazonaws.com/photos/309433764/medium.jpeg,cc-by-nc,177882147,research,32.713155,-16.963466,native
lythrum_junceum_1564.jpeg,https://inaturalist-open-data.s3.amazonaws.com/photos/309433797/medium.jpeg,cc-by-nc,177882147,research,32.713155,-16.963466,native
lythrum_junceum_1565.jpeg,https://inaturalist-open-data.s3.amazonaws.com/photos/309331766/medium.jpeg,cc-by-nc,177824952,needs_id,37.45337044,-121.85945197,introduced non-invasive
lythrum_junceum_1566.jpeg,https://inaturalist-open-data.s3.amazonaws.com/photos/309301283/medium.jpeg,cc-by-nc,177806507,needs_id,38.5015335,-0.7389879722,native
lythrum_junceum_1567.jpeg,https://inaturalist-open-data.s3.amazonaws.com/photos/309301300/medium.jpeg,cc-by-nc,177806507,needs_id,38.5015335,-0.7389879722,native
lythrum_junceum_1568.jpeg,https://inaturalist-open-data.s3.amazonaws.com/photos/309301316/medium.jpeg,cc-by-nc,177806507,needs_id,38.5015335,-0.7389879722,native
lythrum_junceum_1569.jpeg,https://inaturalist-open-data.s3.amazonaws.com/photos/308964090/medium.jpeg,cc-by-nc,177630211,research,38.3508578524,16.4521661677,native
lythrum_junceum_1570.jpeg,https://inaturalist-open-data.s3.amazonaws.com/photos/308964353/medium.jpeg,cc-by-nc,177630211,research,38.3508578524,16.4521661677,native
lythrum_junceum_1571.jpeg,https://inaturalist-open-data.s3.amazonaws.com/photos/308964202/medium.jpeg,cc-by-nc,177630211,research,38.3508578524,16.4521661677,native
lythrum_junceum_1572.jpeg,https://inaturalist-open-data.s3.amazonaws.com/photos/308396133/medium.jpeg,cc-by-nc,177325405,research,43.445031,-5.045639,native
lythrum_junceum_1573.jpeg,https://inaturalist-open-data.s3.amazonaws.com/photos/308104563/medium.jpeg,cc-by-nc,177170537,research,38.3445600711,-7.4499502112,native
lythrum_junceum_1574.jpeg,https://inaturalist-open-data.s3.amazonaws.com/photos/308104938/medium.jpeg,cc-by-nc,177170537,research,38.3445600711,-7.4499502112,native
lythrum_junceum_1575.jpeg,https://inaturalist-open-data.s3.amazonaws.com/photos/308105071/medium.jpeg,cc-by-nc,177170537,research,38.3445600711,-7.4499502112,native
lythrum_junceum_1576.jpg,https://inaturalist-open-data.s3.amazonaws.com/photos/307194497/medium.jpg,cc-by-nc,176678737,research,37.45787,-121.869775,introduced non-invasive
lythrum_junceum_1577.jpg,https://inaturalist-open-data.s3.amazonaws.com/photos/307194518/medium.jpg,cc-by-nc,176678737,research,37.45787,-121.869775,introduced non-invasive
lythrum_junceum_1578.jpg,https://inaturalist-open-data.s3.amazonaws.com/photos/307194539/medium.jpg,cc-by-nc,176678737,research,37.45787,-121.869775,introduced non-invasive
lythrum_junceum_1579.jpg,https://inaturalist-open-data.s3.amazonaws.com/photos/307066707/medium.jpg,cc-by-nc,176611926,needs_id,43.2288130001,12.042939188,native
lythrum_junceum_1580.jpg,https://inaturalist-open-data.s3.amazonaws.com/photos/307066734/medium.jpg,cc-by-nc,176611926,needs_id,43.2288130001,12.042939188,native
lythrum_junceum_1581.jpg,https://inaturalist-open-data.s3.amazonaws.com/photos/306378970/medium.jpg,cc-by-nc,176262424,research,43.366236,-4.6335975997,native
lythrum_junceum_1582.jpg,https://inaturalist-open-data.s3.amazonaws.com/photos/306127564/medium.jpg,cc-by-nc,176105378,research,43.4690775148,-3.8006405485,native
lythrum_junceum_1583.jpeg,https://inaturalist-open-data.s3.amazonaws.com/photos/305574334/medium.jpeg,cc-by,175809948,needs_id,36.2784526606,6.5595429892,native
lythrum_junceum_1584.jpeg,https://inaturalist-open-data.s3.amazonaws.com/photos/305574435/medium.jpeg,cc-by,175809948,needs_id,36.2784526606,6.5595429892,native
lythrum_junceum_1585.jpeg,https://inaturalist-open-data.s3.amazonaws.com/photos/305574536/medium.jpeg,cc-by,175809948,needs_id,36.2784526606,6.5595429892,native
lythrum_junceum_1586.jpeg,https://inaturalist-open-data.s3.amazonaws.com/photos/305574659/medium.jpeg,cc-by,175809948,needs_id,36.2784526606,6.5595429892,native
lythrum_junceum_1587.jpeg,https://inaturalist-open-data.s3.amazonaws.com/photos/305574780/medium.jpeg,cc-by,175809948,needs_id,36.2784526606,6.5595429892,native
lythrum_junceum_1588.jpeg,https://inaturalist-open-data.s3.amazonaws.com/photos/305574938/medium.jpeg,cc-by,175809948,needs_id,36.2784526606,6.5595429892,native
lythrum_junceum_1589.jpeg,https://inaturalist-open-data.s3.amazonaws.com/photos/305372573/medium.jpeg,cc-by-nc,175699291,research,42.3991458639,-8.8462905306,native
lythrum_junceum_1590.jpeg,https://inaturalist-open-data.s3.amazonaws.com/photos/305224052/medium.jpeg,cc-by-nc,175621195,research,41.228448813,-8.7164507226,native
lythrum_junceum_1591.jpeg,https://inaturalist-open-data.s3.amazonaws.com/photos/305224066/medium.jpeg,cc-by-nc,175621195,research,41.228448813,-8.7164507226,native
lythrum_junceum_1592.jpeg,https://inaturalist-open-data.s3.amazonaws.com/photos/305224110/medium.jpeg,cc-by-nc,175621195,research,41.228448813,-8.7164507226,native
lythrum_junceum_1593.jpeg,https://inaturalist-open-data.s3.amazonaws.com/photos/305224130/medium.jpeg,cc-by-nc,175621195,research,41.228448813,-8.7164507226,native
lythrum_junceum_1594.jpeg,https://inaturalist-open-data.s3.amazonaws.com/photos/304924061/medium.jpeg,cc-by-nc,175454195,research,32.8271126368,-17.1606551377,native
lythrum_junceum_1595.jpeg,https://inaturalist-open-data.s3.amazonaws.com/photos/304924750/medium.jpeg,cc-by-nc,175454195,research,32.8271126368,-17.1606551377,native
lythrum_junceum_1596.jpeg,https://inaturalist-open-data.s3.amazonaws.com/photos/304715478/medium.jpeg,cc-by-nc,175341047,research,43.7112661174,-7.9730009364,native
lythrum_junceum_1597.jpg,https://inaturalist-open-data.s3.amazonaws.com/photos/304611766/medium.jpg,cc-by-nc,175287719,needs_id,37.7650967222,-8.7838279722,native
lythrum_junceum_1598.jpg,https://inaturalist-open-data.s3.amazonaws.com/photos/304611783/medium.jpg,cc-by-nc,175287719,needs_id,37.7650967222,-8.7838279722,native
lythrum_junceum_1599.jpg,https://inaturalist-open-data.s3.amazonaws.com/photos/304612167/medium.jpg,cc-by-nc,175287719,needs_id,37.7650967222,-8.7838279722,native
lythrum_junceum_1600.jpg,https://inaturalist-open-data.s3.amazonaws.com/photos/303749700/medium.jpg,cc-by-nc,174816603,research,37.4041416667,-121.9208616667,introduced non-invasive
lythrum_junceum_1601.jpg,https://inaturalist-open-data.s3.amazonaws.com/photos/303749709/medium.jpg,cc-by-nc,174816603,research,37.4041416667,-121.9208616667,introduced non-invasive
lythrum_junceum_1602.jpg,https://inaturalist-open-data.s3.amazonaws.com/photos/303749721/medium.jpg,cc-by-nc,174816603,research,37.4041416667,-121.9208616667,introduced non-invasive
lythrum_junceum_1603.jpg,https://inaturalist-open-data.s3.amazonaws.com/photos/303749733/medium.jpg,cc-by-nc,174816603,research,37.4041416667,-121.9208616667,introduced non-invasive
lythrum_junceum_1604.jpg,https://inaturalist-open-data.s3.amazonaws.com/photos/303178599/medium.jpg,cc-by-nc,174510878,research,37.3817116667,-8.82512,native
lythrum_junceum_1605.jpg,https://inaturalist-open-data.s3.amazonaws.com/photos/303178655/medium.jpg,cc-by-nc,174510878,research,37.3817116667,-8.82512,native
lythrum_junceum_1606.jpeg,https://inaturalist-open-data.s3.amazonaws.com/photos/302870630/medium.jpeg,cc-by,174344355,needs_id,40.5631425508,-8.7578558064,native
lythrum_junceum_1607.jpeg,https://inaturalist-open-data.s3.amazonaws.com/photos/302870646/medium.jpeg,cc-by,174344355,needs_id,40.5631425508,-8.7578558064,native
lythrum_junceum_1608.jpeg,https://inaturalist-open-data.s3.amazonaws.com/photos/302870728/medium.jpeg,cc-by,174344355,needs_id,40.5631425508,-8.7578558064,native
lythrum_junceum_1609.jpeg,https://inaturalist-open-data.s3.amazonaws.com/photos/302832069/medium.jpeg,cc-by,174323531,needs_id,32.720624,-16.9609103997,native
lythrum_junceum_1610.jpeg,https://inaturalist-open-data.s3.amazonaws.com/photos/302832148/medium.jpeg,cc-by,174323531,needs_id,32.720624,-16.9609103997,native
lythrum_junceum_1611.jpeg,https://inaturalist-open-data.s3.amazonaws.com/photos/302832198/medium.jpeg,cc-by,174323531,needs_id,32.720624,-16.9609103997,native
lythrum_junceum_1612.jpeg,https://inaturalist-open-data.s3.amazonaws.com/photos/302832249/medium.jpeg,cc-by,174323531,needs_id,32.720624,-16.9609103997,native
lythrum_junceum_1613.jpeg,https://inaturalist-open-data.s3.amazonaws.com/photos/302832287/medium.jpeg,cc-by,174323531,needs_id,32.720624,-16.9609103997,native
lythrum_junceum_1614.jpg,https://inaturalist-open-data.s3.amazonaws.com/photos/302800718/medium.jpg,cc-by,174308677,research,39.7703138889,3.0885277778,native
lythrum_junceum_1615.jpg,https://inaturalist-open-data.s3.amazonaws.com/photos/302428086/medium.jpg,cc-by-nc,174103963,research,43.462325,-5.236315,native
lythrum_junceum_1616.jpeg,https://inaturalist-open-data.s3.amazonaws.com/photos/302272294/medium.jpeg,cc-by-nc,174020640,research,37.45565169,-121.86151632,introduced non-invasive
lythrum_junceum_1617.jpeg,https://inaturalist-open-data.s3.amazonaws.com/photos/302272135/medium.jpeg,cc-by-nc,174020632,research,37.45769466,-121.86943576,introduced non-invasive
lythrum_junceum_1618.jpeg,https://inaturalist-open-data.s3.amazonaws.com/photos/302272109/medium.jpeg,cc-by-nc,174020632,research,37.45769466,-121.86943576,introduced non-invasive
lythrum_junceum_1619.jpeg,https://inaturalist-open-data.s3.amazonaws.com/photos/302268995/medium.jpeg,cc-by-nc,174019636,research,37.4593944,-121.85968541,introduced non-invasive
lythrum_junceum_1620.jpeg,https://inaturalist-open-data.s3.amazonaws.com/photos/302269035/medium.jpeg,cc-by-nc,174019636,research,37.4593944,-121.85968541,introduced non-invasive
lythrum_junceum_1621.jpeg,https://inaturalist-open-data.s3.amazonaws.com/photos/302269156/medium.jpeg,cc-by-nc,174019636,research,37.4593944,-121.85968541,introduced non-invasive
lythrum_junceum_1622.jpeg,https://inaturalist-open-data.s3.amazonaws.com/photos/302269154/medium.jpeg,cc-by-nc,174019636,research,37.4593944,-121.85968541,introduced non-invasive
lythrum_junceum_1623.jpeg,https://inaturalist-open-data.s3.amazonaws.com/photos/301453444/medium.jpeg,cc-by-nc,173577942,needs_id,32.7930018254,35.0266438147,native
lythrum_junceum_1624.jpeg,https://inaturalist-open-data.s3.amazonaws.com/photos/301453395/medium.jpeg,cc-by-nc,173577942,needs_id,32.7930018254,35.0266438147,native
lythrum_junceum_1625.jpeg,https://inaturalist-open-data.s3.amazonaws.com/photos/301453479/medium.jpeg,cc-by-nc,173577942,needs_id,32.7930018254,35.0266438147,native
lythrum_junceum_1626.jpeg,https://inaturalist-open-data.s3.amazonaws.com/photos/301222441/medium.jpeg,cc-by-nc,173452214,research,42.8683416667,-8.6586722222,native
lythrum_junceum_1627.jpeg,https://inaturalist-open-data.s3.amazonaws.com/photos/301222493/medium.jpeg,cc-by-nc,173452214,research,42.8683416667,-8.6586722222,native
lythrum_junceum_1628.jpeg,https://inaturalist-open-data.s3.amazonaws.com/photos/300904022/medium.jpeg,cc-by-nc,173281409,research,37.45773478,-121.86953175,introduced non-invasive
lythrum_junceum_1629.jpeg,https://inaturalist-open-data.s3.amazonaws.com/photos/300904048/medium.jpeg,cc-by-nc,173281409,research,37.45773478,-121.86953175,introduced non-invasive
lythrum_junceum_1630.jpeg,https://inaturalist-open-data.s3.amazonaws.com/photos/300904191/medium.jpeg,cc-by-nc,173281409,research,37.45773478,-121.86953175,introduced non-invasive
lythrum_junceum_1631.jpeg,https://inaturalist-open-data.s3.amazonaws.com/photos/308069158/medium.jpeg,cc-by-nc,173281129,research,43.1882047968,-8.3677065437,native
lythrum_junceum_1632.jpeg,https://inaturalist-open-data.s3.amazonaws.com/photos/300900717/medium.jpeg,cc-by-nc,173280292,research,37.46159813,-121.87294783,introduced non-invasive
lythrum_junceum_1633.jpeg,https://inaturalist-open-data.s3.amazonaws.com/photos/300900735/medium.jpeg,cc-by-nc,173280292,research,37.46159813,-121.87294783,introduced non-invasive
lythrum_junceum_1634.jpg,https://inaturalist-open-data.s3.amazonaws.com/photos/300750363/medium.jpg,cc-by-nc,173196140,needs_id,42.1308361667,12.0627721667,native
lythrum_junceum_1635.jpg,https://inaturalist-open-data.s3.amazonaws.com/photos/300750431/medium.jpg,cc-by-nc,173196140,needs_id,42.1308361667,12.0627721667,native
lythrum_junceum_1636.jpg,https://inaturalist-open-data.s3.amazonaws.com/photos/300308634/medium.jpg,cc-by-nc,172953971,research,43.2156469722,-8.764411,native
lythrum_junceum_1637.jpg,https://inaturalist-open-data.s3.amazonaws.com/photos/300308693/medium.jpg,cc-by-nc,172953971,research,43.2156469722,-8.764411,native
lythrum_junceum_1638.jpg,https://inaturalist-open-data.s3.amazonaws.com/photos/300308658/medium.jpg,cc-by-nc,172953971,research,43.2156469722,-8.764411,native
lythrum_junceum_1639.jpg,https://inaturalist-open-data.s3.amazonaws.com/photos/300121027/medium.jpg,cc-by-nc,172854631,needs_id,34.7661112816,32.9061397594,native
lythrum_junceum_1640.jpg,https://inaturalist-open-data.s3.amazonaws.com/photos/300120994/medium.jpg,cc-by-nc,172854631,needs_id,34.7661112816,32.9061397594,native
lythrum_junceum_1641.jpg,https://inaturalist-open-data.s3.amazonaws.com/photos/300121052/medium.jpg,cc-by-nc,172854631,needs_id,34.7661112816,32.9061397594,native
lythrum_junceum_1642.jpg,https://inaturalist-open-data.s3.amazonaws.com/photos/299949137/medium.jpg,cc-by-nc,172762439,research,37.58423705,-121.78298665,introduced non-invasive
lythrum_junceum_1643.jpg,https://inaturalist-open-data.s3.amazonaws.com/photos/299811325/medium.jpg,cc-by,172697354,research,39.8178944444,3.1090222222,native
lythrum_junceum_1644.jpg,https://inaturalist-open-data.s3.amazonaws.com/photos/299811350/medium.jpg,cc-by,172697354,research,39.8178944444,3.1090222222,native
lythrum_junceum_1645.jpeg,https://inaturalist-open-data.s3.amazonaws.com/photos/299787875/medium.jpeg,cc-by-nc,172676507,research,37.4549908,-121.8602000899,introduced non-invasive
lythrum_junceum_1646.jpeg,https://inaturalist-open-data.s3.amazonaws.com/photos/299787987/medium.jpeg,cc-by-nc,172676507,research,37.4549908,-121.8602000899,introduced non-invasive
lythrum_junceum_1647.jpeg,https://inaturalist-open-data.s3.amazonaws.com/photos/299430082/medium.jpeg,cc-by-nc,172479257,research,38.939475131,-9.3387738615,native
lythrum_junceum_1648.jpeg,https://inaturalist-open-data.s3.amazonaws.com/photos/299430094/medium.jpeg,cc-by-nc,172479257,research,38.939475131,-9.3387738615,native
lythrum_junceum_1649.jpeg,https://inaturalist-open-data.s3.amazonaws.com/photos/299430110/medium.jpeg,cc-by-nc,172479257,research,38.939475131,-9.3387738615,native
lythrum_junceum_1650.jpg,https://inaturalist-open-data.s3.amazonaws.com/photos/299176754/medium.jpg,cc-by-nc,172345139,needs_id,36.8155059496,-5.3758871127,native
lythrum_junceum_1651.jpeg,https://inaturalist-open-data.s3.amazonaws.com/photos/299110139/medium.jpeg,cc-by-nc,172308546,needs_id,38.9388852414,-9.3415677175,native
lythrum_junceum_1652.jpeg,https://inaturalist-open-data.s3.amazonaws.com/photos/299110164/medium.jpeg,cc-by-nc,172308546,needs_id,38.9388852414,-9.3415677175,native
lythrum_junceum_1653.jpeg,https://inaturalist-open-data.s3.amazonaws.com/photos/299110178/medium.jpeg,cc-by-nc,172308546,needs_id,38.9388852414,-9.3415677175,native
lythrum_junceum_1654.jpeg,https://inaturalist-open-data.s3.amazonaws.com/photos/298960531/medium.jpeg,cc-by-nc,172231147,research,42.8391694444,-8.7212527778,native
lythrum_junceum_1655.jpeg,https://inaturalist-open-data.s3.amazonaws.com/photos/298960932/medium.jpeg,cc-by-nc,172231147,research,42.8391694444,-8.7212527778,native
lythrum_junceum_1656.jpg,https://inaturalist-open-data.s3.amazonaws.com/photos/298681927/medium.jpg,cc-by-nc,172085207,research,37.4577533333,-121.8695333333,introduced non-invasive
lythrum_junceum_1657.jpg,https://inaturalist-open-data.s3.amazonaws.com/photos/298681933/medium.jpg,cc-by-nc,172085207,research,37.4577533333,-121.8695333333,introduced non-invasive
lythrum_junceum_1658.jpeg,https://inaturalist-open-data.s3.amazonaws.com/photos/298707342/medium.jpeg,cc-by-nc,171996579,research,37.457736969,-121.8695297241,introduced non-invasive
lythrum_junceum_1659.jpeg,https://inaturalist-open-data.s3.amazonaws.com/photos/301241392/medium.jpeg,cc-by-nc,171996579,research,37.457736969,-121.8695297241,introduced non-invasive
lythrum_junceum_1660.jpeg,https://inaturalist-open-data.s3.amazonaws.com/photos/298707345/medium.jpeg,cc-by-nc,171996577,research,37.4577522278,-121.8694992065,introduced non-invasive
lythrum_junceum_1661.jpg,https://inaturalist-open-data.s3.amazonaws.com/photos/298291362/medium.jpg,cc-by-nc,171874541,research,37.4466383333,-121.8484283333,introduced non-invasive
lythrum_junceum_1662.jpg,https://inaturalist-open-data.s3.amazonaws.com/photos/298291397/medium.jpg,cc-by-nc,171874541,research,37.4466383333,-121.8484283333,introduced non-invasive
lythrum_junceum_1663.jpg,https://inaturalist-open-data.s3.amazonaws.com/photos/298251796/medium.jpg,cc-by-nc,171853136,research,37.5502133333,-121.95748,introduced non-invasive
lythrum_junceum_1664.jpg,https://inaturalist-open-data.s3.amazonaws.com/photos/298251821/medium.jpg,cc-by-nc,171853136,research,37.5502133333,-121.95748,introduced non-invasive
lythrum_junceum_1665.jpg,https://inaturalist-open-data.s3.amazonaws.com/photos/298251845/medium.jpg,cc-by-nc,171853136,research,37.5502133333,-121.95748,introduced non-invasive
lythrum_junceum_1666.jpg,https://inaturalist-open-data.s3.amazonaws.com/photos/298251895/medium.jpg,cc-by-nc,171853136,research,37.5502133333,-121.95748,introduced non-invasive
lythrum_junceum_1667.jpg,https://inaturalist-open-data.s3.amazonaws.com/photos/298105983/medium.jpg,cc-by-nc,171772848,research,42.474426,-8.9100129722,native
lythrum_junceum_1668.jpg,https://inaturalist-open-data.s3.amazonaws.com/photos/298106029/medium.jpg,cc-by-nc,171772848,research,42.474426,-8.9100129722,native
lythrum_junceum_1669.jpeg,https://inaturalist-open-data.s3.amazonaws.com/photos/297859313/medium.jpeg,cc-by-nc,171638441,needs_id,43.4506161544,-3.4824716063,native
lythrum_junceum_1670.jpeg,https://inaturalist-open-data.s3.amazonaws.com/photos/297670826/medium.jpeg,cc-by-nc,171536285,needs_id,32.8667095932,35.1045685537,
lythrum_junceum_1671.jpg,https://inaturalist-open-data.s3.amazonaws.com/photos/297072058/medium.jpg,cc-by-nc,171212636,research,37.1931116667,-8.688145,native
lythrum_junceum_1672.jpg,https://inaturalist-open-data.s3.amazonaws.com/photos/297072075/medium.jpg,cc-by-nc,171212636,research,37.1931116667,-8.688145,native
lythrum_junceum_1673.jpeg,https://inaturalist-open-data.s3.amazonaws.com/photos/297034631/medium.jpeg,cc-by-nc,171191402,research,43.3218448875,-8.5213783756,native
lythrum_junceum_1674.jpeg,https://inaturalist-open-data.s3.amazonaws.com/photos/297034656/medium.jpeg,cc-by-nc,171191402,research,43.3218448875,-8.5213783756,native
lythrum_junceum_1675.jpg,https://inaturalist-open-data.s3.amazonaws.com/photos/296963268/medium.jpg,cc-by-nc,171152835,needs_id,37.2380366667,-121.8710716667,introduced non-invasive
lythrum_junceum_1676.jpg,https://inaturalist-open-data.s3.amazonaws.com/photos/296963320/medium.jpg,cc-by-nc,171152835,needs_id,37.2380366667,-121.8710716667,introduced non-invasive
lythrum_junceum_1677.jpg,https://inaturalist-open-data.s3.amazonaws.com/photos/296640359/medium.jpg,cc-by,170981102,needs_id,36.5703283333,-5.244825,native
lythrum_junceum_1678.jpg,https://inaturalist-open-data.s3.amazonaws.com/photos/295691688/medium.jpg,cc-by-nc-sa,170480806,research,38.901384,-9.182519,native
lythrum_junceum_1679.jpg,https://inaturalist-open-data.s3.amazonaws.com/photos/295691714/medium.jpg,cc-by-nc-sa,170480806,research,38.901384,-9.182519,native
lythrum_junceum_1680.jpg,https://inaturalist-open-data.s3.amazonaws.com/photos/295691750/medium.jpg,cc-by-nc-sa,170480806,research,38.901384,-9.182519,native
lythrum_junceum_1681.jpg,https://inaturalist-open-data.s3.amazonaws.com/photos/295691802/medium.jpg,cc-by-nc-sa,170480806,research,38.901384,-9.182519,native
lythrum_junceum_1682.jpeg,https://inaturalist-open-data.s3.amazonaws.com/photos/295568684/medium.jpeg,cc-by-nc,170413618,needs_id,39.086775,-0.29181,native
lythrum_junceum_1683.jpg,https://inaturalist-open-data.s3.amazonaws.com/photos/295566077/medium.jpg,cc-by-nc,170412104,research,37.1166907338,-7.6495074711,native
lythrum_junceum_1684.jpg,https://inaturalist-open-data.s3.amazonaws.com/photos/295627411/medium.jpg,cc-by-nc,170412104,research,37.1166907338,-7.6495074711,native
lythrum_junceum_1685.jpg,https://inaturalist-open-data.s3.amazonaws.com/photos/295627368/medium.jpg,cc-by-nc,170412104,research,37.1166907338,-7.6495074711,native
lythrum_junceum_1686.jpg,https://inaturalist-open-data.s3.amazonaws.com/photos/295560624/medium.jpg,cc-by-nc,170409215,needs_id,38.4602166667,-8.4538833333,native
lythrum_junceum_1687.jpg,https://inaturalist-open-data.s3.amazonaws.com/photos/295560633/medium.jpg,cc-by-nc,170409215,needs_id,38.4602166667,-8.4538833333,native
lythrum_junceum_1688.jpg,https://inaturalist-open-data.s3.amazonaws.com/photos/295560644/medium.jpg,cc-by-nc,170409215,needs_id,38.4602166667,-8.4538833333,native
lythrum_junceum_1689.jpg,https://inaturalist-open-data.s3.amazonaws.com/photos/295560654/medium.jpg,cc-by-nc,170409215,needs_id,38.4602166667,-8.4538833333,native
lythrum_junceum_1690.jpg,https://inaturalist-open-data.s3.amazonaws.com/photos/295141234/medium.jpg,cc-by,170187163,needs_id,36.7606866667,-5.24912,native
lythrum_junceum_1691.jpeg,https://inaturalist-open-data.s3.amazonaws.com/photos/294902204/medium.jpeg,cc-by,170060762,research,37.5142138889,-121.8914222222,introduced non-invasive
lythrum_junceum_1692.jpeg,https://inaturalist-open-data.s3.amazonaws.com/photos/294902216/medium.jpeg,cc-by,170060762,research,37.5142138889,-121.8914222222,introduced non-invasive
lythrum_junceum_1693.jpeg,https://inaturalist-open-data.s3.amazonaws.com/photos/294764159/medium.jpeg,cc-by-nc,169987902,needs_id,41.128116995,-8.5007189959,native
lythrum_junceum_1694.jpeg,https://inaturalist-open-data.s3.amazonaws.com/photos/294764232/medium.jpeg,cc-by-nc,169987902,needs_id,41.128116995,-8.5007189959,native
lythrum_junceum_1695.jpeg,https://inaturalist-open-data.s3.amazonaws.com/photos/294634689/medium.jpeg,cc-by-nc,169914187,research,38.9553799587,-9.4160908833,native
lythrum_junceum_1696.jpeg,https://inaturalist-open-data.s3.amazonaws.com/photos/294634710/medium.jpeg,cc-by-nc,169914187,research,38.9553799587,-9.4160908833,native
lythrum_junceum_1697.jpeg,https://inaturalist-open-data.s3.amazonaws.com/photos/294634733/medium.jpeg,cc-by-nc,169914187,research,38.9553799587,-9.4160908833,native
lythrum_junceum_1698.jpg,https://inaturalist-open-data.s3.amazonaws.com/photos/294316603/medium.jpg,cc-by,169744598,needs_id,36.4924083333,-5.30653,native
lythrum_junceum_1699.jpeg,https://inaturalist-open-data.s3.amazonaws.com/photos/293895320/medium.jpeg,cc-by-nc,169515807,research,37.41823751,-122.00220323,introduced non-invasive
lythrum_junceum_1700.jpeg,https://inaturalist-open-data.s3.amazonaws.com/photos/293895334/medium.jpeg,cc-by-nc,169515807,research,37.41823751,-122.00220323,introduced non-invasive
lythrum_junceum_1701.jpeg,https://inaturalist-open-data.s3.amazonaws.com/photos/293895375/medium.jpeg,cc-by-nc,169515807,research,37.41823751,-122.00220323,introduced non-invasive
lythrum_junceum_1702.jpeg,https://inaturalist-open-data.s3.amazonaws.com/photos/293895369/medium.jpeg,cc-by-nc,169515807,research,37.41823751,-122.00220323,introduced non-invasive
lythrum_junceum_1703.jpeg,https://inaturalist-open-data.s3.amazonaws.com/photos/293895292/medium.jpeg,cc-by-nc,169515807,research,37.41823751,-122.00220323,introduced non-invasive
lythrum_junceum_1704.jpg,https://inaturalist-open-data.s3.amazonaws.com/photos/293836763/medium.jpg,cc-by-nc,169483362,research,37.5753100041,-121.93220146,introduced non-invasive
lythrum_junceum_1705.jpeg,https://inaturalist-open-data.s3.amazonaws.com/photos/293035994/medium.jpeg,cc-by-nc,169045731,needs_id,40.7541284301,-8.0639333278,native
lythrum_junceum_1706.jpg,https://inaturalist-open-data.s3.amazonaws.com/photos/293011811/medium.jpg,cc-by-nc,169032407,needs_id,40.28198,-8.775455,native
lythrum_junceum_1707.jpg,https://inaturalist-open-data.s3.amazonaws.com/photos/292476458/medium.jpg,cc0,168741487,research,37.4565295086,-121.864497902,introduced non-invasive
lythrum_junceum_1708.jpg,https://inaturalist-open-data.s3.amazonaws.com/photos/293908201/medium.jpg,cc0,168741487,research,37.4565295086,-121.864497902,introduced non-invasive
lythrum_junceum_1709.jpg,https://inaturalist-open-data.s3.amazonaws.com/photos/292356433/medium.jpg,cc-by-nc,168676986,research,36.7677043621,3.3338574175,native
lythrum_junceum_1710.jpg,https://inaturalist-open-data.s3.amazonaws.com/photos/292356903/medium.jpg,cc-by-nc,168676986,research,36.7677043621,3.3338574175,native
lythrum_junceum_1711.jpg,https://inaturalist-open-data.s3.amazonaws.com/photos/292356907/medium.jpg,cc-by-nc,168676986,research,36.7677043621,3.3338574175,native
lythrum_junceum_1712.jpg,https://inaturalist-open-data.s3.amazonaws.com/photos/291646249/medium.jpg,cc-by-nc,168294341,research,37.0831313988,25.4508889526,native
lythrum_junceum_1713.jpg,https://inaturalist-open-data.s3.amazonaws.com/photos/291646281/medium.jpg,cc-by-nc,168294341,research,37.0831313988,25.4508889526,native
lythrum_junceum_1714.jpg,https://inaturalist-open-data.s3.amazonaws.com/photos/291624423/medium.jpg,cc-by-nc,168282336,needs_id,38.8754448854,-0.0845579967,native
lythrum_junceum_1715.jpg,https://inaturalist-open-data.s3.amazonaws.com/photos/291624445/medium.jpg,cc-by-nc,168282336,needs_id,38.8754448854,-0.0845579967,native
lythrum_junceum_1716.jpg,https://inaturalist-open-data.s3.amazonaws.com/photos/291568056/medium.jpg,cc-by-nc,168251370,research,37.2300483314,-121.8555709317,introduced non-invasive
lythrum_junceum_1717.jpeg,https://inaturalist-open-data.s3.amazonaws.com/photos/291175707/medium.jpeg,cc-by-nc,168040108,needs_id,39.3962974547,-0.7783904075,native
lythrum_junceum_1718.jpeg,https://inaturalist-open-data.s3.amazonaws.com/photos/291175721/medium.jpeg,cc-by-nc,168040108,needs_id,39.3962974547,-0.7783904075,native
lythrum_junceum_1719.jpeg,https://inaturalist-open-data.s3.amazonaws.com/photos/291175731/medium.jpeg,cc-by-nc,168040108,needs_id,39.3962974547,-0.7783904075,native
lythrum_junceum_1720.jpeg,https://inaturalist-open-data.s3.amazonaws.com/photos/291127198/medium.jpeg,cc-by-nc,168015632,needs_id,39.8588277778,-7.3261694444,native
lythrum_junceum_1721.jpg,https://inaturalist-open-data.s3.amazonaws.com/photos/290995036/medium.jpg,cc-by,167946947,research,37.4455975519,-121.8464934297,introduced non-invasive
lythrum_junceum_1722.jpg,https://inaturalist-open-data.s3.amazonaws.com/photos/290995076/medium.jpg,cc-by,167946947,research,37.4455975519,-121.8464934297,introduced non-invasive
lythrum_junceum_1723.jpg,https://inaturalist-open-data.s3.amazonaws.com/photos/290995120/medium.jpg,cc-by,167946947,research,37.4455975519,-121.8464934297,introduced non-invasive
lythrum_junceum_1724.jpeg,https://inaturalist-open-data.s3.amazonaws.com/photos/290967795/medium.jpeg,cc-by-nc,167932077,needs_id,37.47249,23.1644889722,native
lythrum_junceum_1725.jpg,https://inaturalist-open-data.s3.amazonaws.com/photos/290931589/medium.jpg,cc-by,167912197,needs_id,36.9369883333,-4.6799416667,native
lythrum_junceum_1726.jpg,https://inaturalist-open-data.s3.amazonaws.com/photos/290473107/medium.jpg,cc-by-nc,167688320,research,43.3371889,-4.8805982997,native
lythrum_junceum_1727.jpeg,https://inaturalist-open-data.s3.amazonaws.com/photos/290287904/medium.jpeg,cc-by-nc-sa,167563818,needs_id,36.4003799722,-5.320011,native
lythrum_junceum_1728.jpeg,https://inaturalist-open-data.s3.amazonaws.com/photos/290287967/medium.jpeg,cc-by-nc-sa,167563818,needs_id,36.4003799722,-5.320011,native
lythrum_junceum_1729.jpeg,https://inaturalist-open-data.s3.amazonaws.com/photos/290189948/medium.jpeg,cc-by,167509766,needs_id,37.1537724905,-7.6927132556,native
lythrum_junceum_1730.jpeg,https://inaturalist-open-data.s3.amazonaws.com/photos/290189956/medium.jpeg,cc-by,167509766,needs_id,37.1537724905,-7.6927132556,native
lythrum_junceum_1731.jpg,https://inaturalist-open-data.s3.amazonaws.com/photos/290153023/medium.jpg,cc-by,167488171,needs_id,36.5062416667,-5.52055,native
lythrum_junceum_1732.jpg,https://inaturalist-open-data.s3.amazonaws.com/photos/290153033/medium.jpg,cc-by,167488171,needs_id,36.5062416667,-5.52055,native
lythrum_junceum_1733.jpeg,https://inaturalist-open-data.s3.amazonaws.com/photos/289961530/medium.jpeg,cc-by-nc-sa,167318173,needs_id,36.760398,-5.2493009722,native
lythrum_junceum_1734.jpeg,https://inaturalist-open-data.s3.amazonaws.com/photos/289961558/medium.jpeg,cc-by-nc-sa,167318173,needs_id,36.760398,-5.2493009722,native
lythrum_junceum_1735.jpg,https://inaturalist-open-data.s3.amazonaws.com/photos/289784680/medium.jpg,cc-by-nc,167289071,research,37.3930164646,-121.9393125203,introduced non-invasive
lythrum_junceum_1736.jpeg,https://inaturalist-open-data.s3.amazonaws.com/photos/289704826/medium.jpeg,cc-by-nc,167247683,research,42.6102305556,-8.9914555556,native
lythrum_junceum_1737.jpeg,https://inaturalist-open-data.s3.amazonaws.com/photos/289704864/medium.jpeg,cc-by-nc,167247683,research,42.6102305556,-8.9914555556,native
lythrum_junceum_1738.jpeg,https://inaturalist-open-data.s3.amazonaws.com/photos/289704907/medium.jpeg,cc-by-nc,167247683,research,42.6102305556,-8.9914555556,native
lythrum_junceum_1739.jpg,https://inaturalist-open-data.s3.amazonaws.com/photos/289656456/medium.jpg,cc0,167221452,research,37.4360164353,-121.8950176892,introduced non-invasive
lythrum_junceum_1740.jpg,https://inaturalist-open-data.s3.amazonaws.com/photos/289656479/medium.jpg,cc0,167221452,research,37.4360164353,-121.8950176892,introduced non-invasive
lythrum_junceum_1741.jpg,https://inaturalist-open-data.s3.amazonaws.com/photos/289656845/medium.jpg,cc0,167221452,research,37.4360164353,-121.8950176892,introduced non-invasive
lythrum_junceum_1742.jpeg,https://inaturalist-open-data.s3.amazonaws.com/photos/289500260/medium.jpeg,cc-by-nc-sa,167136145,needs_id,36.5700929722,-5.244907,native
lythrum_junceum_1743.jpeg,https://inaturalist-open-data.s3.amazonaws.com/photos/289392687/medium.jpeg,cc-by-nc-sa,167079738,needs_id,36.5701109722,-5.2446549722,native
lythrum_junceum_1744.jpeg,https://inaturalist-open-data.s3.amazonaws.com/photos/289392738/medium.jpeg,cc-by-nc-sa,167079738,needs_id,36.5701109722,-5.2446549722,native
lythrum_junceum_1745.jpg,https://inaturalist-open-data.s3.amazonaws.com/photos/289389759/medium.jpg,cc-by,167077848,needs_id,36.5703283333,-5.244825,native
lythrum_junceum_1746.jpg,https://inaturalist-open-data.s3.amazonaws.com/photos/289324510/medium.jpg,cc-by,167042949,needs_id,36.6074616667,-5.30877,native
lythrum_junceum_1747.jpg,https://inaturalist-open-data.s3.amazonaws.com/photos/289324461/medium.jpg,cc-by,167042917,needs_id,36.6074916667,-5.3087716667,native
lythrum_junceum_1748.jpeg,https://inaturalist-open-data.s3.amazonaws.com/photos/289311375/medium.jpeg,cc-by-nc-sa,167035970,needs_id,36.6106589722,-5.3375389722,native
lythrum_junceum_1749.jpeg,https://inaturalist-open-data.s3.amazonaws.com/photos/289241342/medium.jpeg,cc-by-nc,166996428,needs_id,38.9310787,-9.3835095997,native
lythrum_junceum_1750.jpeg,https://inaturalist-open-data.s3.amazonaws.com/photos/289224100/medium.jpeg,cc-by-nc,166987060,research,43.5392188889,-5.6341681111,native
lythrum_junceum_1751.jpg,https://inaturalist-open-data.s3.amazonaws.com/photos/288785393/medium.jpg,cc-by-nc,166790325,research,43.3807250997,-4.6970787997,native
lythrum_junceum_1752.jpg,https://inaturalist-open-data.s3.amazonaws.com/photos/288785477/medium.jpg,cc-by-nc,166790325,research,43.3807250997,-4.6970787997,native
lythrum_junceum_1753.jpg,https://inaturalist-open-data.s3.amazonaws.com/photos/288783894/medium.jpg,cc-by-nc,166790296,needs_id,43.3810598997,-4.6975806,native
lythrum_junceum_1754.jpg,https://inaturalist-open-data.s3.amazonaws.com/photos/288783964/medium.jpg,cc-by-nc,166790296,needs_id,43.3810598997,-4.6975806,native
lythrum_junceum_1755.jpg,https://inaturalist-open-data.s3.amazonaws.com/photos/288726274/medium.jpg,cc-by-nc,166715549,research,37.4782616667,-122.28527,introduced non-invasive
lythrum_junceum_1756.jpeg,https://inaturalist-open-data.s3.amazonaws.com/photos/288531937/medium.jpeg,cc-by-nc,166610179,needs_id,39.590660095,19.8962402342,native
lythrum_junceum_1757.jpeg,https://inaturalist-open-data.s3.amazonaws.com/photos/288531979/medium.jpeg,cc-by-nc,166610179,needs_id,39.590660095,19.8962402342,native
lythrum_junceum_1758.jpeg,https://inaturalist-open-data.s3.amazonaws.com/photos/288532022/medium.jpeg,cc-by-nc,166610179,needs_id,39.590660095,19.8962402342,native
lythrum_junceum_1759.jpeg,https://inaturalist-open-data.s3.amazonaws.com/photos/288474247/medium.jpeg,cc-by-nc,166576904,research,42.61575776,-8.94473702,native
lythrum_junceum_1760.jpeg,https://inaturalist-open-data.s3.amazonaws.com/photos/288474276/medium.jpeg,cc-by-nc,166576904,research,42.61575776,-8.94473702,native
lythrum_junceum_1761.jpeg,https://inaturalist-open-data.s3.amazonaws.com/photos/288022797/medium.jpeg,cc-by-nc,166332026,needs_id,37.4580758199,-121.87108291,introduced non-invasive
lythrum_junceum_1762.jpeg,https://inaturalist-open-data.s3.amazonaws.com/photos/288022790/medium.jpeg,cc-by-nc,166332026,needs_id,37.4580758199,-121.87108291,introduced non-invasive
lythrum_junceum_1763.jpg,https://inaturalist-open-data.s3.amazonaws.com/photos/287796240/medium.jpg,cc-by-nc,166205849,needs_id,37.3653586041,-5.9977909357,native
lythrum_junceum_1764.jpeg,https://inaturalist-open-data.s3.amazonaws.com/photos/287633789/medium.jpeg,cc-by-nc,166118258,needs_id,37.2327429615,-121.877502948,introduced non-invasive
lythrum_junceum_1765.jpeg,https://inaturalist-open-data.s3.amazonaws.com/photos/287302881/medium.jpeg,cc-by-nc,165940207,needs_id,37.3612847975,-5.124434419,native
lythrum_junceum_1766.jpeg,https://inaturalist-open-data.s3.amazonaws.com/photos/286955903/medium.jpeg,cc-by-nc,165755438,research,42.5253049494,-8.763851589,native
lythrum_junceum_1767.jpeg,https://inaturalist-open-data.s3.amazonaws.com/photos/286819663/medium.jpeg,cc-by-nc,165676763,research,32.6323808972,35.0929093506,
lythrum_junceum_1768.jpeg,https://inaturalist-open-data.s3.amazonaws.com/photos/286563103/medium.jpeg,cc-by-nc,165550896,research,40.1549829627,-8.7055393402,native
lythrum_junceum_1769.jpeg,https://inaturalist-open-data.s3.amazonaws.com/photos/287174956/medium.jpeg,cc-by-nc,165550896,research,40.1549829627,-8.7055393402,native
lythrum_junceum_1770.jpeg,https://inaturalist-open-data.s3.amazonaws.com/photos/287174984/medium.jpeg,cc-by-nc,165550896,research,40.1549829627,-8.7055393402,native
lythrum_junceum_1771.jpeg,https://inaturalist-open-data.s3.amazonaws.com/photos/287174997/medium.jpeg,cc-by-nc,165550896,research,40.1549829627,-8.7055393402,native
lythrum_junceum_1772.jpeg,https://inaturalist-open-data.s3.amazonaws.com/photos/287175008/medium.jpeg,cc-by-nc,165550896,research,40.1549829627,-8.7055393402,native
lythrum_junceum_1773.jpeg,https://inaturalist-open-data.s3.amazonaws.com/photos/286577947/medium.jpeg,cc-by-nc,165548854,research,43.6267089722,-5.7827777778,native
lythrum_junceum_1774.jpg,https://inaturalist-open-data.s3.amazonaws.com/photos/286536116/medium.jpg,cc-by-nc,165526204,research,37.3079033333,-8.59985,native
lythrum_junceum_1775.jpeg,https://inaturalist-open-data.s3.amazonaws.com/photos/286280788/medium.jpeg,cc-by-nc,165389768,needs_id,38.5250413869,-9.1428922488,native
lythrum_junceum_1776.jpeg,https://inaturalist-open-data.s3.amazonaws.com/photos/286280863/medium.jpeg,cc-by-nc,165389768,needs_id,38.5250413869,-9.1428922488,native
lythrum_junceum_1777.jpeg,https://inaturalist-open-data.s3.amazonaws.com/photos/286228226/medium.jpeg,cc-by-nc,165357937,needs_id,40.1619163223,-8.7682696804,native
lythrum_junceum_1778.jpeg,https://inaturalist-open-data.s3.amazonaws.com/photos/286228955/medium.jpeg,cc-by-nc,165357937,needs_id,40.1619163223,-8.7682696804,native
lythrum_junceum_1779.jpeg,https://inaturalist-open-data.s3.amazonaws.com/photos/286082596/medium.jpeg,cc-by-nc,165276889,research,43.49455072,-3.63267751,native
lythrum_junceum_1780.jpg,https://inaturalist-open-data.s3.amazonaws.com/photos/288068134/medium.jpg,cc-by-nc,165240399,research,37.5071116667,-121.8816383333,introduced non-invasive
lythrum_junceum_1781.jpg,https://inaturalist-open-data.s3.amazonaws.com/photos/288068150/medium.jpg,cc-by-nc,165240399,research,37.5071116667,-121.8816383333,introduced non-invasive
lythrum_junceum_1782.jpeg,https://inaturalist-open-data.s3.amazonaws.com/photos/284639705/medium.jpeg,cc-by-nc,164507236,research,43.2332193948,-8.3823541179,native
lythrum_junceum_1783.jpg,https://inaturalist-open-data.s3.amazonaws.com/photos/284624728/medium.jpg,cc-by-nc,164499299,research,37.4060033333,-121.9533833333,introduced non-invasive
lythrum_junceum_1784.jpg,https://inaturalist-open-data.s3.amazonaws.com/photos/284624771/medium.jpg,cc-by-nc,164499299,research,37.4060033333,-121.9533833333,introduced non-invasive
lythrum_junceum_1785.jpg,https://inaturalist-open-data.s3.amazonaws.com/photos/284593395/medium.jpg,cc-by-nc,164481374,research,37.2228616667,-121.8537,introduced non-invasive
lythrum_junceum_1786.jpg,https://inaturalist-open-data.s3.amazonaws.com/photos/284501408/medium.jpg,cc-by-nc,164430259,needs_id,39.0757,16.1652221667,native
lythrum_junceum_1787.jpg,https://inaturalist-open-data.s3.amazonaws.com/photos/284501521/medium.jpg,cc-by-nc,164430259,needs_id,39.0757,16.1652221667,native
lythrum_junceum_1788.jpg,https://inaturalist-open-data.s3.amazonaws.com/photos/284463667/medium.jpg,cc-by-nc,164409672,needs_id,38.6840083333,-9.317025,native
lythrum_junceum_1789.jpeg,https://inaturalist-open-data.s3.amazonaws.com/photos/284428402/medium.jpeg,cc-by-nc,164389426,needs_id,38.1389466667,23.8222033333,native
lythrum_junceum_1790.jpg,https://inaturalist-open-data.s3.amazonaws.com/photos/284228230/medium.jpg,cc-by-nc,164284448,research,39.7982325699,3.1129190711,native
lythrum_junceum_1791.jpg,https://inaturalist-open-data.s3.amazonaws.com/photos/284064409/medium.jpg,cc-by-nc,164191808,research,35.3637166667,24.2529666667,native
lythrum_junceum_1792.jpg,https://inaturalist-open-data.s3.amazonaws.com/photos/284064464/medium.jpg,cc-by-nc,164191808,research,35.3637166667,24.2529666667,native
lythrum_junceum_1793.jpeg,https://inaturalist-open-data.s3.amazonaws.com/photos/283809108/medium.jpeg,cc-by-nc,164054214,needs_id,38.7001670827,-9.2180735287,native
lythrum_junceum_1794.jpeg,https://inaturalist-open-data.s3.amazonaws.com/photos/283740296/medium.jpeg,cc-by-nc,164016206,research,42.7270305556,-8.7155555556,native
lythrum_junceum_1795.jpeg,https://inaturalist-open-data.s3.amazonaws.com/photos/283740273/medium.jpeg,cc-by-nc,164016206,research,42.7270305556,-8.7155555556,native
lythrum_junceum_1796.jpeg,https://inaturalist-open-data.s3.amazonaws.com/photos/283740238/medium.jpeg,cc-by-nc,164016206,research,42.7270305556,-8.7155555556,native
lythrum_junceum_1797.jpeg,https://inaturalist-open-data.s3.amazonaws.com/photos/283740203/medium.jpeg,cc-by-nc,164016206,research,42.7270305556,-8.7155555556,native
lythrum_junceum_1798.jpg,https://inaturalist-open-data.s3.amazonaws.com/photos/283733428/medium.jpg,cc-by-sa,164014167,needs_id,41.7670236194,2.571232013,native
lythrum_junceum_1799.jpg,https://inaturalist-open-data.s3.amazonaws.com/photos/283733481/medium.jpg,cc-by-sa,164014167,needs_id,41.7670236194,2.571232013,native
lythrum_junceum_1800.jpeg,https://inaturalist-open-data.s3.amazonaws.com/photos/283651230/medium.jpeg,cc-by-nc,163964119,research,32.2502137201,34.8550505653,native
lythrum_junceum_1801.jpeg,https://inaturalist-open-data.s3.amazonaws.com/photos/283451634/medium.jpeg,cc-by-nc,163856240,needs_id,35.1334457397,25.2902412414,native
lythrum_junceum_1802.jpeg,https://inaturalist-open-data.s3.amazonaws.com/photos/283451758/medium.jpeg,cc-by-nc,163856240,needs_id,35.1334457397,25.2902412414,native
lythrum_junceum_1803.jpeg,https://inaturalist-open-data.s3.amazonaws.com/photos/283451799/medium.jpeg,cc-by-nc,163856240,needs_id,35.1334457397,25.2902412414,native
lythrum_junceum_1804.jpeg,https://inaturalist-open-data.s3.amazonaws.com/photos/283451843/medium.jpeg,cc-by-nc,163856240,needs_id,35.1334457397,25.2902412414,native
lythrum_junceum_1805.jpeg,https://inaturalist-open-data.s3.amazonaws.com/photos/283421279/medium.jpeg,cc0,163838909,needs_id,38.11634113,20.50952998,native
lythrum_junceum_1806.jpeg,https://inaturalist-open-data.s3.amazonaws.com/photos/283421458/medium.jpeg,cc0,163838909,needs_id,38.11634113,20.50952998,native
lythrum_junceum_1807.jpeg,https://inaturalist-open-data.s3.amazonaws.com/photos/282757746/medium.jpeg,cc-by-nc,163481182,research,37.44659597,-121.8500797,introduced non-invasive
lythrum_junceum_1808.jpeg,https://inaturalist-open-data.s3.amazonaws.com/photos/282757743/medium.jpeg,cc-by-nc,163481182,research,37.44659597,-121.8500797,introduced non-invasive
lythrum_junceum_1809.jpeg,https://inaturalist-open-data.s3.amazonaws.com/photos/282757769/medium.jpeg,cc-by-nc,163481182,research,37.44659597,-121.8500797,introduced non-invasive
lythrum_junceum_1810.jpeg,https://inaturalist-open-data.s3.amazonaws.com/photos/282757894/medium.jpeg,cc-by-nc,163481182,research,37.44659597,-121.8500797,introduced non-invasive
lythrum_junceum_1811.jpeg,https://inaturalist-open-data.s3.amazonaws.com/photos/282757906/medium.jpeg,cc-by-nc,163481182,research,37.44659597,-121.8500797,introduced non-invasive
lythrum_junceum_1812.jpeg,https://inaturalist-open-data.s3.amazonaws.com/photos/282689494/medium.jpeg,cc-by-nc,163441512,needs_id,43.0467952997,-3.0142967,native
lythrum_junceum_1813.jpeg,https://inaturalist-open-data.s3.amazonaws.com/photos/282551342/medium.jpeg,cc-by-nc-sa,163368528,research,37.240725,-121.969183,introduced non-invasive
lythrum_junceum_1814.jpeg,https://inaturalist-open-data.s3.amazonaws.com/photos/282551378/medium.jpeg,cc-by-nc-sa,163368528,research,37.240725,-121.969183,introduced non-invasive
lythrum_junceum_1815.jpeg,https://inaturalist-open-data.s3.amazonaws.com/photos/282413371/medium.jpeg,cc-by-nc,163290551,research,42.1534415458,12.0709212497,native
lythrum_junceum_1816.jpeg,https://inaturalist-open-data.s3.amazonaws.com/photos/282413404/medium.jpeg,cc-by-nc,163290551,research,42.1534415458,12.0709212497,native
lythrum_junceum_1817.jpeg,https://inaturalist-open-data.s3.amazonaws.com/photos/282413421/medium.jpeg,cc-by-nc,163290551,research,42.1534415458,12.0709212497,native
lythrum_junceum_1818.jpeg,https://inaturalist-open-data.s3.amazonaws.com/photos/282413444/medium.jpeg,cc-by-nc,163290551,research,42.1534415458,12.0709212497,native
lythrum_junceum_1819.jpeg,https://inaturalist-open-data.s3.amazonaws.com/photos/282381829/medium.jpeg,cc-by-nc,163271809,needs_id,42.1534789997,12.0705223,native
lythrum_junceum_1820.jpeg,https://inaturalist-open-data.s3.amazonaws.com/photos/282381866/medium.jpeg,cc-by-nc,163271809,needs_id,42.1534789997,12.0705223,native
lythrum_junceum_1821.jpeg,https://inaturalist-open-data.s3.amazonaws.com/photos/282381896/medium.jpeg,cc-by-nc,163271809,needs_id,42.1534789997,12.0705223,native
lythrum_junceum_1822.jpeg,https://inaturalist-open-data.s3.amazonaws.com/photos/282037861/medium.jpeg,cc-by-nc,163084416,needs_id,38.9013840664,-9.1825194284,native
lythrum_junceum_1823.jpg,https://inaturalist-open-data.s3.amazonaws.com/photos/281838261/medium.jpg,cc-by-nc,163073473,research,43.3574415,-5.0670453997,native
lythrum_junceum_1824.jpg,https://inaturalist-open-data.s3.amazonaws.com/photos/281837873/medium.jpg,cc-by-nc,163073473,research,43.3574415,-5.0670453997,native
lythrum_junceum_1825.jpg,https://inaturalist-open-data.s3.amazonaws.com/photos/281869607/medium.jpg,cc-by-nc,162994053,needs_id,38.460655,-8.4486333333,native
lythrum_junceum_1826.jpg,https://inaturalist-open-data.s3.amazonaws.com/photos/281869657/medium.jpg,cc-by-nc,162994053,needs_id,38.460655,-8.4486333333,native
lythrum_junceum_1827.jpg,https://inaturalist-open-data.s3.amazonaws.com/photos/281869719/medium.jpg,cc-by-nc,162994053,needs_id,38.460655,-8.4486333333,native
lythrum_junceum_1828.jpg,https://inaturalist-open-data.s3.amazonaws.com/photos/281869758/medium.jpg,cc-by-nc,162994053,needs_id,38.460655,-8.4486333333,native
lythrum_junceum_1829.jpeg,https://inaturalist-open-data.s3.amazonaws.com/photos/281798459/medium.jpeg,cc-by-nc,162955625,casual,31.7681722222,35.168575,native
lythrum_junceum_1830.jpeg,https://inaturalist-open-data.s3.amazonaws.com/photos/281708261/medium.jpeg,cc-by-nc,162903677,needs_id,40.6381365,-8.6084540997,native
lythrum_junceum_1831.jpeg,https://inaturalist-open-data.s3.amazonaws.com/photos/281708325/medium.jpeg,cc-by-nc,162903677,needs_id,40.6381365,-8.6084540997,native
lythrum_junceum_1832.jpeg,https://inaturalist-open-data.s3.amazonaws.com/photos/281708382/medium.jpeg,cc-by-nc,162903677,needs_id,40.6381365,-8.6084540997,native
lythrum_junceum_1833.jpeg,https://inaturalist-open-data.s3.amazonaws.com/photos/281708435/medium.jpeg,cc-by-nc,162903677,needs_id,40.6381365,-8.6084540997,native
lythrum_junceum_1834.jpeg,https://inaturalist-open-data.s3.amazonaws.com/photos/281708478/medium.jpeg,cc-by-nc,162903677,needs_id,40.6381365,-8.6084540997,native
lythrum_junceum_1835.jpeg,https://inaturalist-open-data.s3.amazonaws.com/photos/281708514/medium.jpeg,cc-by-nc,162903677,needs_id,40.6381365,-8.6084540997,native
lythrum_junceum_1836.jpg,https://inaturalist-open-data.s3.amazonaws.com/photos/281705964/medium.jpg,cc-by-nc,162902471,needs_id,38.7845701911,-9.2568976712,native
lythrum_junceum_1837.jpg,https://inaturalist-open-data.s3.amazonaws.com/photos/281705990/medium.jpg,cc-by-nc,162902471,needs_id,38.7845701911,-9.2568976712,native
lythrum_junceum_1838.jpeg,https://inaturalist-open-data.s3.amazonaws.com/photos/281699484/medium.jpeg,cc-by-nc,162898971,needs_id,38.7571862357,-8.3442188054,native
lythrum_junceum_1839.jpeg,https://inaturalist-open-data.s3.amazonaws.com/photos/281627857/medium.jpeg,cc-by,162857208,research,40.3024283333,-8.2289033333,native
lythrum_junceum_1840.jpeg,https://inaturalist-open-data.s3.amazonaws.com/photos/281620121/medium.jpeg,cc-by-nc,162852565,needs_id,38.9018362947,-9.1821535158,native
lythrum_junceum_1841.jpeg,https://inaturalist-open-data.s3.amazonaws.com/photos/281618901/medium.jpeg,cc-by-nc,162851668,needs_id,38.8753549722,-0.08459,native
lythrum_junceum_1842.jpeg,https://inaturalist-open-data.s3.amazonaws.com/photos/281609237/medium.jpeg,cc-by-nc,162846098,needs_id,38.6167730134,-9.0399687365,native
lythrum_junceum_1843.jpeg,https://inaturalist-open-data.s3.amazonaws.com/photos/281609281/medium.jpeg,cc-by-nc,162846098,needs_id,38.6167730134,-9.0399687365,native
lythrum_junceum_1844.jpeg,https://inaturalist-open-data.s3.amazonaws.com/photos/281609754/medium.jpeg,cc-by-nc,162846098,needs_id,38.6167730134,-9.0399687365,native
lythrum_junceum_1845.jpeg,https://inaturalist-open-data.s3.amazonaws.com/photos/281609837/medium.jpeg,cc-by-nc,162846098,needs_id,38.6167730134,-9.0399687365,native
lythrum_junceum_1846.jpeg,https://inaturalist-open-data.s3.amazonaws.com/photos/281610620/medium.jpeg,cc-by-nc,162846098,needs_id,38.6167730134,-9.0399687365,native
lythrum_junceum_1847.jpeg,https://inaturalist-open-data.s3.amazonaws.com/photos/281610661/medium.jpeg,cc-by-nc,162846098,needs_id,38.6167730134,-9.0399687365,native
lythrum_junceum_1848.jpeg,https://inaturalist-open-data.s3.amazonaws.com/photos/281611084/medium.jpeg,cc-by-nc,162846098,needs_id,38.6167730134,-9.0399687365,native
lythrum_junceum_1849.jpeg,https://inaturalist-open-data.s3.amazonaws.com/photos/281468825/medium.jpeg,cc-by-nc,162770188,needs_id,37.5237631044,-6.2222270295,native
lythrum_junceum_1850.jpeg,https://inaturalist-open-data.s3.amazonaws.com/photos/281468854/medium.jpeg,cc-by-nc,162770188,needs_id,37.5237631044,-6.2222270295,native
lythrum_junceum_1851.jpeg,https://inaturalist-open-data.s3.amazonaws.com/photos/281431793/medium.jpeg,cc-by-nc,162758250,needs_id,38.8996866667,-9.1873266667,native
lythrum_junceum_1852.jpeg,https://inaturalist-open-data.s3.amazonaws.com/photos/281431829/medium.jpeg,cc-by-nc,162758250,needs_id,38.8996866667,-9.1873266667,native
lythrum_junceum_1853.jpeg,https://inaturalist-open-data.s3.amazonaws.com/photos/281431845/medium.jpeg,cc-by-nc,162758250,needs_id,38.8996866667,-9.1873266667,native
lythrum_junceum_1854.jpeg,https://inaturalist-open-data.s3.amazonaws.com/photos/281325695/medium.jpeg,cc-by-nc,162690132,research,38.97097148,-9.29562058,native
lythrum_junceum_1855.jpeg,https://inaturalist-open-data.s3.amazonaws.com/photos/281325820/medium.jpeg,cc-by-nc,162690132,research,38.97097148,-9.29562058,native
lythrum_junceum_1856.jpeg,https://inaturalist-open-data.s3.amazonaws.com/photos/281325957/medium.jpeg,cc-by-nc,162690132,research,38.97097148,-9.29562058,native
lythrum_junceum_1857.jpeg,https://inaturalist-open-data.s3.amazonaws.com/photos/281326146/medium.jpeg,cc-by-nc,162690132,research,38.97097148,-9.29562058,native
lythrum_junceum_1858.jpeg,https://inaturalist-open-data.s3.amazonaws.com/photos/281276404/medium.jpeg,cc-by,162663771,research,37.3323779722,-5.844877,native
lythrum_junceum_1859.jpeg,https://inaturalist-open-data.s3.amazonaws.com/photos/281276437/medium.jpeg,cc-by,162663771,research,37.3323779722,-5.844877,native
lythrum_junceum_1860.jpeg,https://inaturalist-open-data.s3.amazonaws.com/photos/281276479/medium.jpeg,cc-by,162663771,research,37.3323779722,-5.844877,native
lythrum_junceum_1861.jpeg,https://inaturalist-open-data.s3.amazonaws.com/photos/281251515/medium.jpeg,cc-by-nc,162649183,research,43.2763972222,-8.2145055556,native
lythrum_junceum_1862.jpg,https://inaturalist-open-data.s3.amazonaws.com/photos/280880792/medium.jpg,cc-by-nc,162612803,research,43.3665073,-5.0822215997,native
lythrum_junceum_1863.jpg,https://inaturalist-open-data.s3.amazonaws.com/photos/280880853/medium.jpg,cc-by-nc,162612803,research,43.3665073,-5.0822215997,native
lythrum_junceum_1864.jpg,https://inaturalist-open-data.s3.amazonaws.com/photos/281014775/medium.jpg,cc-by-nc,162517391,research,38.7442083333,20.5941916667,native
lythrum_junceum_1865.jpg,https://inaturalist-open-data.s3.amazonaws.com/photos/281014855/medium.jpg,cc-by-nc,162517391,research,38.7442083333,20.5941916667,native
lythrum_junceum_1866.jpg,https://inaturalist-open-data.s3.amazonaws.com/photos/281014921/medium.jpg,cc-by-nc,162517391,research,38.7442083333,20.5941916667,native
lythrum_junceum_1867.jpeg,https://inaturalist-open-data.s3.amazonaws.com/photos/280696242/medium.jpeg,cc-by-nc,162341562,needs_id,40.6679553451,-8.6395518327,native
lythrum_junceum_1868.jpeg,https://inaturalist-open-data.s3.amazonaws.com/photos/280696418/medium.jpeg,cc-by-nc,162341562,needs_id,40.6679553451,-8.6395518327,native
lythrum_junceum_1869.jpg,https://inaturalist-open-data.s3.amazonaws.com/photos/280442940/medium.jpg,cc-by-nc,162205377,needs_id,43.4721568228,-3.8086777089,native
lythrum_junceum_1870.jpeg,https://inaturalist-open-data.s3.amazonaws.com/photos/280364094/medium.jpeg,cc-by,162159448,research,32.8022562164,-16.8632046506,native
lythrum_junceum_1871.jpeg,https://inaturalist-open-data.s3.amazonaws.com/photos/280364145/medium.jpeg,cc-by,162159448,research,32.8022562164,-16.8632046506,native
lythrum_junceum_1872.jpeg,https://inaturalist-open-data.s3.amazonaws.com/photos/280364186/medium.jpeg,cc-by,162159448,research,32.8022562164,-16.8632046506,native
lythrum_junceum_1873.jpeg,https://inaturalist-open-data.s3.amazonaws.com/photos/280364209/medium.jpeg,cc-by,162159448,research,32.8022562164,-16.8632046506,native
lythrum_junceum_1874.jpeg,https://inaturalist-open-data.s3.amazonaws.com/photos/280364242/medium.jpeg,cc-by,162159448,research,32.8022562164,-16.8632046506,native
lythrum_junceum_1875.jpeg,https://inaturalist-open-data.s3.amazonaws.com/photos/280364843/medium.jpeg,cc-by,162159448,research,32.8022562164,-16.8632046506,native
lythrum_junceum_1876.jpeg,https://inaturalist-open-data.s3.amazonaws.com/photos/280249308/medium.jpeg,cc-by-nc,162095254,needs_id,37.7671969972,20.9015700083,native
lythrum_junceum_1877.jpeg,https://inaturalist-open-data.s3.amazonaws.com/photos/279961272/medium.jpeg,cc-by-nc-sa,161940056,needs_id,37.3598300375,-5.9868276492,native
lythrum_junceum_1878.jpeg,https://inaturalist-open-data.s3.amazonaws.com/photos/279961281/medium.jpeg,cc-by-nc-sa,161940056,needs_id,37.3598300375,-5.9868276492,native
lythrum_junceum_1879.jpeg,https://inaturalist-open-data.s3.amazonaws.com/photos/279796014/medium.jpeg,cc-by,161853413,needs_id,38.112950053,21.3742007688,native
lythrum_junceum_1880.jpeg,https://inaturalist-open-data.s3.amazonaws.com/photos/279796069/medium.jpeg,cc-by,161853413,needs_id,38.112950053,21.3742007688,native
lythrum_junceum_1881.jpg,https://inaturalist-open-data.s3.amazonaws.com/photos/279779977/medium.jpg,cc-by-nc,161844938,research,43.5502145133,-6.8659549867,native
lythrum_junceum_1882.jpg,https://inaturalist-open-data.s3.amazonaws.com/photos/279779947/medium.jpg,cc-by-nc,161844938,research,43.5502145133,-6.8659549867,native
lythrum_junceum_1883.jpeg,https://inaturalist-open-data.s3.amazonaws.com/photos/279695551/medium.jpeg,cc-by-nc-sa,161796960,research,36.2845999722,28.17283,native
lythrum_junceum_1884.jpeg,https://inaturalist-open-data.s3.amazonaws.com/photos/279695574/medium.jpeg,cc-by-nc-sa,161796960,research,36.2845999722,28.17283,native
lythrum_junceum_1885.jpg,https://inaturalist-open-data.s3.amazonaws.com/photos/279508835/medium.jpg,cc-by-nc-sa,161697962,needs_id,40.0939140278,-8.2436961944,native
lythrum_junceum_1886.jpg,https://inaturalist-open-data.s3.amazonaws.com/photos/279364407/medium.jpg,cc-by-nc,161615471,needs_id,38.833995,20.682305,native
lythrum_junceum_1887.jpg,https://inaturalist-open-data.s3.amazonaws.com/photos/279364486/medium.jpg,cc-by-nc,161615471,needs_id,38.833995,20.682305,native
lythrum_junceum_1888.jpeg,https://inaturalist-open-data.s3.amazonaws.com/photos/279304187/medium.jpeg,cc-by-nc,161581058,research,37.457962,-121.870189,introduced non-invasive
lythrum_junceum_1889.jpeg,https://inaturalist-open-data.s3.amazonaws.com/photos/279304216/medium.jpeg,cc-by-nc,161581058,research,37.457962,-121.870189,introduced non-invasive
lythrum_junceum_1890.jpeg,https://inaturalist-open-data.s3.amazonaws.com/photos/279267232/medium.jpeg,cc-by-nc,161559797,needs_id,37.739780168,20.9084472433,native
lythrum_junceum_1891.jpeg,https://inaturalist-open-data.s3.amazonaws.com/photos/279267253/medium.jpeg,cc-by-nc,161559797,needs_id,37.739780168,20.9084472433,native
lythrum_junceum_1892.jpg,https://inaturalist-open-data.s3.amazonaws.com/photos/279068900/medium.jpg,cc-by,161454113,research,36.409095,28.1114528333,native
lythrum_junceum_1893.jpeg,https://inaturalist-open-data.s3.amazonaws.com/photos/278795518/medium.jpeg,cc-by-nc,161300514,needs_id,36.814755,-2.4291366667,native
lythrum_junceum_1894.jpeg,https://inaturalist-open-data.s3.amazonaws.com/photos/278795629/medium.jpeg,cc-by-nc,161300514,needs_id,36.814755,-2.4291366667,native
lythrum_junceum_1895.jpg,https://inaturalist-open-data.s3.amazonaws.com/photos/278757247/medium.jpg,cc-by-nc,161278627,research,37.539951093,-122.0868691164,introduced non-invasive
lythrum_junceum_1896.jpg,https://inaturalist-open-data.s3.amazonaws.com/photos/278757300/medium.jpg,cc-by-nc,161278627,research,37.539951093,-122.0868691164,introduced non-invasive
lythrum_junceum_1897.jpg,https://inaturalist-open-data.s3.amazonaws.com/photos/278757403/medium.jpg,cc-by-nc,161278627,research,37.539951093,-122.0868691164,introduced non-invasive
lythrum_junceum_1898.jpg,https://inaturalist-open-data.s3.amazonaws.com/photos/278742430/medium.jpg,cc-by,161271062,research,35.0519555,25.5761916667,native
lythrum_junceum_1899.jpg,https://inaturalist-open-data.s3.amazonaws.com/photos/278742056/medium.jpg,cc-by,161271062,research,35.0519555,25.5761916667,native
lythrum_junceum_1900.jpg,https://inaturalist-open-data.s3.amazonaws.com/photos/278742193/medium.jpg,cc-by,161271062,research,35.0519555,25.5761916667,native
lythrum_junceum_1901.jpg,https://inaturalist-open-data.s3.amazonaws.com/photos/278742385/medium.jpg,cc-by,161271062,research,35.0519555,25.5761916667,native
lythrum_junceum_1902.jpg,https://inaturalist-open-data.s3.amazonaws.com/photos/278715046/medium.jpg,cc-by,161255902,research,36.2842366667,28.1742133333,native
lythrum_junceum_1903.jpg,https://inaturalist-open-data.s3.amazonaws.com/photos/278712980/medium.jpg,cc-by,161254820,research,36.25803,28.1658083333,native
lythrum_junceum_1904.jpg,https://inaturalist-open-data.s3.amazonaws.com/photos/278691325/medium.jpg,cc-by-nc,161242522,needs_id,37.3571104764,-5.9345381846,native
lythrum_junceum_1905.jpg,https://inaturalist-open-data.s3.amazonaws.com/photos/278691348/medium.jpg,cc-by-nc,161242522,needs_id,37.3571104764,-5.9345381846,native
lythrum_junceum_1906.jpg,https://inaturalist-open-data.s3.amazonaws.com/photos/278252643/medium.jpg,cc-by-nc,160999780,needs_id,,,
lythrum_junceum_1907.jpg,https://inaturalist-open-data.s3.amazonaws.com/photos/278204206/medium.jpg,cc-by-nc,160971783,research,38.1111871755,-122.0479222316,introduced non-invasive
lythrum_junceum_1908.jpg,https://inaturalist-open-data.s3.amazonaws.com/photos/285853530/medium.jpg,cc-by-nc,160971783,research,38.1111871755,-122.0479222316,introduced non-invasive
lythrum_junceum_1909.jpg,https://inaturalist-open-data.s3.amazonaws.com/photos/285853518/medium.jpg,cc-by-nc,160971783,research,38.1111871755,-122.0479222316,introduced non-invasive
lythrum_junceum_1910.jpg,https://inaturalist-open-data.s3.amazonaws.com/photos/285854411/medium.jpg,cc-by-nc,160971783,research,38.1111871755,-122.0479222316,introduced non-invasive
lythrum_junceum_1911.jpg,https://inaturalist-open-data.s3.amazonaws.com/photos/285854389/medium.jpg,cc-by-nc,160971783,research,38.1111871755,-122.0479222316,introduced non-invasive
lythrum_junceum_1912.jpg,https://inaturalist-open-data.s3.amazonaws.com/photos/296477946/medium.jpg,cc-by-nc,160971783,research,38.1111871755,-122.0479222316,introduced non-invasive
lythrum_junceum_1913.jpg,https://inaturalist-open-data.s3.amazonaws.com/photos/296478031/medium.jpg,cc-by-nc,160971783,research,38.1111871755,-122.0479222316,introduced non-invasive
lythrum_junceum_1914.jpg,https://inaturalist-open-data.s3.amazonaws.com/photos/296478126/medium.jpg,cc-by-nc,160971783,research,38.1111871755,-122.0479222316,introduced non-invasive
lythrum_junceum_1915.jpeg,https://inaturalist-open-data.s3.amazonaws.com/photos/277806954/medium.jpeg,cc-by-nc,160752953,needs_id,37.6445968,-8.6192087,native
lythrum_junceum_1916.jpeg,https://inaturalist-open-data.s3.amazonaws.com/photos/277780549/medium.jpeg,cc-by-nc,160738549,research,35.0569494184,25.8105137944,native
lythrum_junceum_1917.jpeg,https://inaturalist-open-data.s3.amazonaws.com/photos/277780579/medium.jpeg,cc-by-nc,160738549,research,35.0569494184,25.8105137944,native
lythrum_junceum_1918.jpeg,https://inaturalist-open-data.s3.amazonaws.com/photos/277780620/medium.jpeg,cc-by-nc,160738549,research,35.0569494184,25.8105137944,native
lythrum_junceum_1919.jpeg,https://inaturalist-open-data.s3.amazonaws.com/photos/277780659/medium.jpeg,cc-by-nc,160738549,research,35.0569494184,25.8105137944,native
lythrum_junceum_1920.jpeg,https://inaturalist-open-data.s3.amazonaws.com/photos/277780691/medium.jpeg,cc-by-nc,160738549,research,35.0569494184,25.8105137944,native
lythrum_junceum_1921.jpeg,https://inaturalist-open-data.s3.amazonaws.com/photos/277780726/medium.jpeg,cc-by-nc,160738549,research,35.0569494184,25.8105137944,native
lythrum_junceum_1922.jpeg,https://inaturalist-open-data.s3.amazonaws.com/photos/277761347/medium.jpeg,cc-by-nc,160728208,research,32.8297740412,-17.1601917434,native
lythrum_junceum_1923.jpeg,https://inaturalist-open-data.s3.amazonaws.com/photos/277392548/medium.jpeg,cc-by-nc,160524076,needs_id,36.99518,-2.6885533333,native
lythrum_junceum_1924.jpeg,https://inaturalist-open-data.s3.amazonaws.com/photos/277392660/medium.jpeg,cc-by-nc,160524076,needs_id,36.99518,-2.6885533333,native
lythrum_junceum_1925.jpeg,https://inaturalist-open-data.s3.amazonaws.com/photos/277392664/medium.jpeg,cc-by-nc,160524076,needs_id,36.99518,-2.6885533333,native
lythrum_junceum_1926.jpeg,https://inaturalist-open-data.s3.amazonaws.com/photos/277340511/medium.jpeg,cc-by-nc-sa,160496215,research,36.4091609722,28.1114859722,native
lythrum_junceum_1927.jpeg,https://inaturalist-open-data.s3.amazonaws.com/photos/277340615/medium.jpeg,cc-by-nc-sa,160496215,research,36.4091609722,28.1114859722,native
lythrum_junceum_1928.jpeg,https://inaturalist-open-data.s3.amazonaws.com/photos/277340753/medium.jpeg,cc-by-nc-sa,160496215,research,36.4091609722,28.1114859722,native
lythrum_junceum_1929.jpeg,https://inaturalist-open-data.s3.amazonaws.com/photos/277340878/medium.jpeg,cc-by-nc-sa,160496215,research,36.4091609722,28.1114859722,native
lythrum_junceum_1930.jpg,https://inaturalist-open-data.s3.amazonaws.com/photos/277113585/medium.jpg,cc-by-nc,160368732,needs_id,38.458995,-8.44782,native
lythrum_junceum_1931.jpg,https://inaturalist-open-data.s3.amazonaws.com/photos/277113628/medium.jpg,cc-by-nc,160368732,needs_id,38.458995,-8.44782,native
lythrum_junceum_1932.jpg,https://inaturalist-open-data.s3.amazonaws.com/photos/277111574/medium.jpg,cc-by-nc,160367731,needs_id,38.4590033333,-8.4480216667,native
lythrum_junceum_1933.jpg,https://inaturalist-open-data.s3.amazonaws.com/photos/277111627/medium.jpg,cc-by-nc,160367731,needs_id,38.4590033333,-8.4480216667,native
lythrum_junceum_1934.jpg,https://inaturalist-open-data.s3.amazonaws.com/photos/277111847/medium.jpg,cc-by-nc,160367731,needs_id,38.4590033333,-8.4480216667,native
lythrum_junceum_1935.jpg,https://inaturalist-open-data.s3.amazonaws.com/photos/277111933/medium.jpg,cc-by-nc,160367731,needs_id,38.4590033333,-8.4480216667,native
lythrum_junceum_1936.jpeg,https://inaturalist-open-data.s3.amazonaws.com/photos/277002899/medium.jpeg,cc-by-nc,160303774,research,33.0904013921,35.6441813707,
lythrum_junceum_1937.jpeg,https://inaturalist-open-data.s3.amazonaws.com/photos/277002954/medium.jpeg,cc-by-nc,160303774,research,33.0904013921,35.6441813707,
lythrum_junceum_1938.jpeg,https://inaturalist-open-data.s3.amazonaws.com/photos/277003035/medium.jpeg,cc-by-nc,160303774,research,33.0904013921,35.6441813707,
lythrum_junceum_1939.jpeg,https://inaturalist-open-data.s3.amazonaws.com/photos/277003095/medium.jpeg,cc-by-nc,160303774,research,33.0904013921,35.6441813707,
lythrum_junceum_1940.jpeg,https://inaturalist-open-data.s3.amazonaws.com/photos/277003138/medium.jpeg,cc-by-nc,160303774,research,33.0904013921,35.6441813707,
lythrum_junceum_1941.jpeg,https://inaturalist-open-data.s3.amazonaws.com/photos/276984208/medium.jpeg,cc-by-nc-sa,160293207,research,40.1251754722,-8.2348651667,native
lythrum_junceum_1942.jpeg,https://inaturalist-open-data.s3.amazonaws.com/photos/276984259/medium.jpeg,cc-by-nc-sa,160293207,research,40.1251754722,-8.2348651667,native
lythrum_junceum_1943.jpeg,https://inaturalist-open-data.s3.amazonaws.com/photos/276984294/medium.jpeg,cc-by-nc-sa,160293207,research,40.1251754722,-8.2348651667,native
lythrum_junceum_1944.jpg,https://inaturalist-open-data.s3.amazonaws.com/photos/276740732/medium.jpg,cc-by,160152854,research,36.3459383333,27.939845,native
lythrum_junceum_1945.jpeg,https://inaturalist-open-data.s3.amazonaws.com/photos/276575833/medium.jpeg,cc-by-nc-sa,160062111,research,36.3457859722,27.939914,native
lythrum_junceum_1946.jpeg,https://inaturalist-open-data.s3.amazonaws.com/photos/276474422/medium.jpeg,cc-by-nc-sa,160005188,research,36.409174,28.1114889722,native
lythrum_junceum_1947.jpeg,https://inaturalist-open-data.s3.amazonaws.com/photos/276474549/medium.jpeg,cc-by-nc-sa,160005188,research,36.409174,28.1114889722,native
lythrum_junceum_1948.jpeg,https://inaturalist-open-data.s3.amazonaws.com/photos/276474725/medium.jpeg,cc-by-nc-sa,160005188,research,36.409174,28.1114889722,native
lythrum_junceum_1949.jpg,https://inaturalist-open-data.s3.amazonaws.com/photos/276202070/medium.jpg,cc-by-nc,159848314,needs_id,40.4474833333,-8.40033,native
lythrum_junceum_1950.jpeg,https://inaturalist-open-data.s3.amazonaws.com/photos/276124409/medium.jpeg,cc-by-nc,159803856,needs_id,36.9528125424,21.8969294429,native
lythrum_junceum_1951.jpeg,https://inaturalist-open-data.s3.amazonaws.com/photos/276124440/medium.jpeg,cc-by-nc,159803856,needs_id,36.9528125424,21.8969294429,native
lythrum_junceum_1952.jpg,https://inaturalist-open-data.s3.amazonaws.com/photos/275948151/medium.jpg,cc-by-nc,159708362,needs_id,39.23663,-8.6952833333,native
lythrum_junceum_1953.jpg,https://inaturalist-open-data.s3.amazonaws.com/photos/275948205/medium.jpg,cc-by-nc,159708362,needs_id,39.23663,-8.6952833333,native
lythrum_junceum_1954.jpg,https://inaturalist-open-data.s3.amazonaws.com/photos/275948284/medium.jpg,cc-by-nc,159708362,needs_id,39.23663,-8.6952833333,native
lythrum_junceum_1955.jpeg,https://inaturalist-open-data.s3.amazonaws.com/photos/274686133/medium.jpeg,cc-by-nc,158985481,casual,,,
lythrum_junceum_1956.jpg,https://inaturalist-open-data.s3.amazonaws.com/photos/274137722/medium.jpg,cc-by-nc,158644718,casual,,,
lythrum_junceum_1957.jpeg,https://inaturalist-open-data.s3.amazonaws.com/photos/273509392/medium.jpeg,cc-by-nc,158526590,needs_id,37.3089375062,-8.599286055,native
lythrum_junceum_1958.jpg,https://inaturalist-open-data.s3.amazonaws.com/photos/273413455/medium.jpg,cc-by,158187026,needs_id,39.6282333333,-8.8034777778,native
lythrum_junceum_1959.jpeg,https://inaturalist-open-data.s3.amazonaws.com/photos/272563770/medium.jpeg,cc-by-nc,157661481,needs_id,39.0926420997,-8.9888971,native
lythrum_junceum_1960.jpeg,https://inaturalist-open-data.s3.amazonaws.com/photos/272564853/medium.jpeg,cc-by-nc,157661481,needs_id,39.0926420997,-8.9888971,native
lythrum_junceum_1961.jpeg,https://inaturalist-open-data.s3.amazonaws.com/photos/272564923/medium.jpeg,cc-by-nc,157661481,needs_id,39.0926420997,-8.9888971,native
lythrum_junceum_1962.jpeg,https://inaturalist-open-data.s3.amazonaws.com/photos/272565002/medium.jpeg,cc-by-nc,157661481,needs_id,39.0926420997,-8.9888971,native
lythrum_junceum_1963.jpeg,https://inaturalist-open-data.s3.amazonaws.com/photos/271763754/medium.jpeg,cc-by-nc,157635069,needs_id,37.7952370983,-8.7074371223,native
lythrum_junceum_1964.jpeg,https://inaturalist-open-data.s3.amazonaws.com/photos/271785368/medium.jpeg,cc-by-nc,157176379,research,32.2480115686,34.8555483304,native
lythrum_junceum_1965.jpeg,https://inaturalist-open-data.s3.amazonaws.com/photos/271387777/medium.jpeg,cc-by-nc-sa,156922850,research,36.8795799722,8.491091,native
lythrum_junceum_1966.jpeg,https://inaturalist-open-data.s3.amazonaws.com/photos/271086610/medium.jpeg,cc-by-nc,156754231,needs_id,40.6354146997,-8.6060950997,native
lythrum_junceum_1967.jpeg,https://inaturalist-open-data.s3.amazonaws.com/photos/271086655/medium.jpeg,cc-by-nc,156754231,needs_id,40.6354146997,-8.6060950997,native
lythrum_junceum_1968.jpeg,https://inaturalist-open-data.s3.amazonaws.com/photos/271086689/medium.jpeg,cc-by-nc,156754231,needs_id,40.6354146997,-8.6060950997,native
lythrum_junceum_1969.jpeg,https://inaturalist-open-data.s3.amazonaws.com/photos/271086728/medium.jpeg,cc-by-nc,156754231,needs_id,40.6354146997,-8.6060950997,native
lythrum_junceum_1970.jpeg,https://inaturalist-open-data.s3.amazonaws.com/photos/271086774/medium.jpeg,cc-by-nc,156754231,needs_id,40.6354146997,-8.6060950997,native
lythrum_junceum_1971.jpeg,https://inaturalist-open-data.s3.amazonaws.com/photos/271086823/medium.jpeg,cc-by-nc,156754231,needs_id,40.6354146997,-8.6060950997,native
lythrum_junceum_1972.jpeg,https://inaturalist-open-data.s3.amazonaws.com/photos/270766338/medium.jpeg,cc-by-nc,156575742,needs_id,39.1482543945,-9.3677005768,native
lythrum_junceum_1973.jpeg,https://inaturalist-open-data.s3.amazonaws.com/photos/270910892/medium.jpeg,cc-by-nc,156574309,needs_id,39.1646537781,-9.3594427109,native
lythrum_junceum_1974.jpg,https://inaturalist-open-data.s3.amazonaws.com/photos/270300688/medium.jpg,cc-by-nc,156493435,needs_id,37.193871,-8.89703,native
lythrum_junceum_1975.jpg,https://inaturalist-open-data.s3.amazonaws.com/photos/270300613/medium.jpg,cc-by-nc,156493435,needs_id,37.193871,-8.89703,native
lythrum_junceum_1976.jpg,https://inaturalist-open-data.s3.amazonaws.com/photos/270300405/medium.jpg,cc-by-nc,156493435,needs_id,37.193871,-8.89703,native
lythrum_junceum_1977.jpg,https://inaturalist-open-data.s3.amazonaws.com/photos/270300480/medium.jpg,cc-by-nc,156493435,needs_id,37.193871,-8.89703,native
lythrum_junceum_1978.jpg,https://inaturalist-open-data.s3.amazonaws.com/photos/270300543/medium.jpg,cc-by-nc,156493435,needs_id,37.193871,-8.89703,native
lythrum_junceum_1979.jpeg,https://inaturalist-open-data.s3.amazonaws.com/photos/269490596/medium.jpeg,cc-by-nc-sa,155876957,needs_id,41.0783333333,-8.6463888889,native
lythrum_junceum_1980.jpeg,https://inaturalist-open-data.s3.amazonaws.com/photos/269490616/medium.jpeg,cc-by-nc-sa,155876957,needs_id,41.0783333333,-8.6463888889,native
lythrum_junceum_1981.jpeg,https://inaturalist-open-data.s3.amazonaws.com/photos/269490632/medium.jpeg,cc-by-nc-sa,155876957,needs_id,41.0783333333,-8.6463888889,native
lythrum_junceum_1982.jpeg,https://inaturalist-open-data.s3.amazonaws.com/photos/269460945/medium.jpeg,cc-by-nc,155860475,research,32.4671828612,35.523095727,native
lythrum_junceum_1983.jpeg,https://inaturalist-open-data.s3.amazonaws.com/photos/269460952/medium.jpeg,cc-by-nc,155860475,research,32.4671828612,35.523095727,native
lythrum_junceum_1984.jpeg,https://inaturalist-open-data.s3.amazonaws.com/photos/269460847/medium.jpeg,cc-by-nc,155860414,research,32.468365,35.5225433333,native
lythrum_junceum_1985.jpeg,https://inaturalist-open-data.s3.amazonaws.com/photos/269460854/medium.jpeg,cc-by-nc,155860414,research,32.468365,35.5225433333,native
lythrum_junceum_1986.jpeg,https://inaturalist-open-data.s3.amazonaws.com/photos/269457687/medium.jpeg,cc-by-nc,155858587,research,32.46709334,35.52316466,native
lythrum_junceum_1987.jpeg,https://inaturalist-open-data.s3.amazonaws.com/photos/269457695/medium.jpeg,cc-by-nc,155858587,research,32.46709334,35.52316466,native
lythrum_junceum_1988.jpeg,https://inaturalist-open-data.s3.amazonaws.com/photos/269313165/medium.jpeg,cc-by-nc,155779923,needs_id,40.6269583333,-8.6516833333,native
lythrum_junceum_1989.jpg,https://inaturalist-open-data.s3.amazonaws.com/photos/268513912/medium.jpg,cc-by-nc,155344297,needs_id,36.7034658698,2.9571549828,native
lythrum_junceum_1990.jpg,https://inaturalist-open-data.s3.amazonaws.com/photos/268193555/medium.jpg,cc-by-nc,155172718,needs_id,36.7053111476,2.9526013103,native
lythrum_junceum_1991.jpg,https://inaturalist-open-data.s3.amazonaws.com/photos/268193863/medium.jpg,cc-by-nc,155172718,needs_id,36.7053111476,2.9526013103,native
lythrum_junceum_1992.jpg,https://inaturalist-open-data.s3.amazonaws.com/photos/267503545/medium.jpg,cc-by-sa,154795901,research,35.4740870997,23.9315469,native
lythrum_junceum_1993.jpg,https://inaturalist-open-data.s3.amazonaws.com/photos/267107998/medium.jpg,cc-by-nc,154579824,needs_id,38.6560881335,-0.2820895069,native
lythrum_junceum_1994.jpeg,https://inaturalist-open-data.s3.amazonaws.com/photos/266657151/medium.jpeg,cc-by-sa,154332815,research,35.4740870997,23.9315469,native
lythrum_junceum_1995.jpg,https://inaturalist-open-data.s3.amazonaws.com/photos/265074961/medium.jpg,cc-by-nc,153472954,needs_id,38.78602,-9.4301633333,native
lythrum_junceum_1996.jpg,https://inaturalist-open-data.s3.amazonaws.com/photos/265074976/medium.jpg,cc-by-nc,153472954,needs_id,38.78602,-9.4301633333,native
lythrum_junceum_1997.jpg,https://inaturalist-open-data.s3.amazonaws.com/photos/264302515/medium.jpg,cc-by-nc,153058528,needs_id,32.8796145664,35.106603201,
lythrum_junceum_1998.jpg,https://inaturalist-open-data.s3.amazonaws.com/photos/264303187/medium.jpg,cc-by-nc,153058528,needs_id,32.8796145664,35.106603201,
lythrum_junceum_1999.jpg,https://inaturalist-open-data.s3.amazonaws.com/photos/264255839/medium.jpg,cc-by-nc,153030744,needs_id,34.24032,-6.6698116667,native
lythrum_junceum_2000.jpeg,https://inaturalist-open-data.s3.amazonaws.com/photos/263492101/medium.jpeg,cc-by-nc,152622705,research,32.5016927638,34.9535382091,native
lythrum_junceum_2001.jpeg,https://inaturalist-open-data.s3.amazonaws.com/photos/263258452/medium.jpeg,cc-by-nc,152494627,needs_id,36.7118745,-4.7270436,native
lythrum_junceum_2002.jpg,https://inaturalist-open-data.s3.amazonaws.com/photos/262198895/medium.jpg,cc-by-nc,151918290,needs_id,-37.9222116667,145.3371716667,native
lythrum_junceum_2003.jpg,https://inaturalist-open-data.s3.amazonaws.com/photos/262198905/medium.jpg,cc-by-nc,151918290,needs_id,-37.9222116667,145.3371716667,native
lythrum_junceum_2004.jpg,https://inaturalist-open-data.s3.amazonaws.com/photos/262198942/medium.jpg,cc-by-nc,151918290,needs_id,-37.9222116667,145.3371716667,native
lythrum_junceum_2005.jpeg,https://inaturalist-open-data.s3.amazonaws.com/photos/262158812/medium.jpeg,cc-by-nc-sa,151897158,needs_id,-38.1420166667,141.3907066667,native
lythrum_junceum_2006.jpg,https://inaturalist-open-data.s3.amazonaws.com/photos/261599195/medium.jpg,cc-by-nc,151601183,research,32.8783528149,35.1041523568,
lythrum_junceum_2007.jpg,https://inaturalist-open-data.s3.amazonaws.com/photos/261599200/medium.jpg,cc-by-nc,151601183,research,32.8783528149,35.1041523568,
lythrum_junceum_2008.jpg,https://inaturalist-open-data.s3.amazonaws.com/photos/261599193/medium.jpg,cc-by-nc,151601183,research,32.8783528149,35.1041523568,
lythrum_junceum_2009.jpg,https://inaturalist-open-data.s3.amazonaws.com/photos/260220798/medium.jpg,cc-by-nc,150867226,needs_id,37.035432657,36.451001889,
lythrum_junceum_2010.jpg,https://inaturalist-open-data.s3.amazonaws.com/photos/260220899/medium.jpg,cc-by-nc,150867226,needs_id,37.035432657,36.451001889,
lythrum_junceum_2011.jpg,https://inaturalist-open-data.s3.amazonaws.com/photos/260220913/medium.jpg,cc-by-nc,150867226,needs_id,37.035432657,36.451001889,
lythrum_junceum_2012.jpg,https://inaturalist-open-data.s3.amazonaws.com/photos/260008505/medium.jpg,cc-by-nc,150754965,needs_id,38.8005798916,-9.2642895595,native
lythrum_junceum_2013.jpg,https://inaturalist-open-data.s3.amazonaws.com/photos/260008559/medium.jpg,cc-by-nc,150754965,needs_id,38.8005798916,-9.2642895595,native
lythrum_junceum_2014.jpg,https://inaturalist-open-data.s3.amazonaws.com/photos/260008597/medium.jpg,cc-by-nc,150754965,needs_id,38.8005798916,-9.2642895595,native
lythrum_junceum_2015.jpg,https://inaturalist-open-data.s3.amazonaws.com/photos/286262579/medium.jpg,cc-by-nc,150331154,needs_id,37.712013186,-122.4889967312,introduced non-invasive
lythrum_junceum_2016.jpeg,https://inaturalist-open-data.s3.amazonaws.com/photos/258922777/medium.jpeg,cc-by,150187875,needs_id,-37.9159116101,145.3261530027,native
lythrum_junceum_2017.jpeg,https://inaturalist-open-data.s3.amazonaws.com/photos/258922786/medium.jpeg,cc-by,150187875,needs_id,-37.9159116101,145.3261530027,native
lythrum_junceum_2018.jpeg,https://inaturalist-open-data.s3.amazonaws.com/photos/258922793/medium.jpeg,cc-by,150187875,needs_id,-37.9159116101,145.3261530027,native
lythrum_junceum_2019.jpeg,https://inaturalist-open-data.s3.amazonaws.com/photos/258914108/medium.jpeg,cc-by-nc,150183778,needs_id,-37.8203664106,145.3385337442,native
lythrum_junceum_2020.jpeg,https://inaturalist-open-data.s3.amazonaws.com/photos/258914120/medium.jpeg,cc-by-nc,150183778,needs_id,-37.8203664106,145.3385337442,native
lythrum_junceum_2021.jpeg,https://inaturalist-open-data.s3.amazonaws.com/photos/258914130/medium.jpeg,cc-by-nc,150183778,needs_id,-37.8203664106,145.3385337442,native
lythrum_junceum_2022.jpeg,https://inaturalist-open-data.s3.amazonaws.com/photos/258455754/medium.jpeg,cc-by,149942002,research,32.7802230556,-16.8569647222,native
lythrum_junceum_2023.jpg,https://inaturalist-open-data.s3.amazonaws.com/photos/257245369/medium.jpg,cc-by-nc,149299721,needs_id,-37.7724031686,144.9684981658,native
lythrum_junceum_2024.jpeg,https://inaturalist-open-data.s3.amazonaws.com/photos/255867931/medium.jpeg,cc-by-nc,148567477,casual,,,
lythrum_junceum_2025.jpeg,https://inaturalist-open-data.s3.amazonaws.com/photos/255867952/medium.jpeg,cc-by-nc,148567477,casual,,,
lythrum_junceum_2026.jpeg,https://inaturalist-open-data.s3.amazonaws.com/photos/255442918/medium.jpeg,cc-by-nc,148346499,casual,19.8824298229,-97.380794473,
lythrum_junceum_2027.jpg,https://inaturalist-open-data.s3.amazonaws.com/photos/253792645/medium.jpg,cc-by-nc,147486207,needs_id,36.5752701599,-121.8055170218,introduced non-invasive
lythrum_junceum_2028.jpeg,https://inaturalist-open-data.s3.amazonaws.com/photos/253565055/medium.jpeg,cc-by-nc,147358849,research,-37.9192604244,145.3825435778,native
lythrum_junceum_2029.jpeg,https://inaturalist-open-data.s3.amazonaws.com/photos/253552576/medium.jpeg,cc-by-nc,147358849,research,-37.9192604244,145.3825435778,native
lythrum_junceum_2030.jpeg,https://inaturalist-open-data.s3.amazonaws.com/photos/253552553/medium.jpeg,cc-by-nc,147358849,research,-37.9192604244,145.3825435778,native
lythrum_junceum_2031.jpeg,https://inaturalist-open-data.s3.amazonaws.com/photos/253552597/medium.jpeg,cc-by-nc,147358849,research,-37.9192604244,145.3825435778,native
lythrum_junceum_2032.jpeg,https://inaturalist-open-data.s3.amazonaws.com/photos/253343468/medium.jpeg,cc-by-nc,147249015,research,-37.9169275623,145.3397923708,native
lythrum_junceum_2033.jpeg,https://inaturalist-open-data.s3.amazonaws.com/photos/253343475/medium.jpeg,cc-by-nc,147249015,research,-37.9169275623,145.3397923708,native
lythrum_junceum_2034.jpeg,https://inaturalist-open-data.s3.amazonaws.com/photos/253343478/medium.jpeg,cc-by-nc,147249015,research,-37.9169275623,145.3397923708,native
lythrum_junceum_2035.jpeg,https://inaturalist-open-data.s3.amazonaws.com/photos/253343489/medium.jpeg,cc-by-nc,147249015,research,-37.9169275623,145.3397923708,native
lythrum_junceum_2036.jpeg,https://inaturalist-open-data.s3.amazonaws.com/photos/253238767/medium.jpeg,cc-by-nc,147195145,casual,-0.226685,-78.771271,
lythrum_junceum_2037.jpeg,https://inaturalist-open-data.s3.amazonaws.com/photos/253212679/medium.jpeg,cc-by-nc,147181387,research,-37.9068552343,145.3087287024,native
lythrum_junceum_2038.jpeg,https://inaturalist-open-data.s3.amazonaws.com/photos/253212680/medium.jpeg,cc-by-nc,147181387,research,-37.9068552343,145.3087287024,native
lythrum_junceum_2039.jpeg,https://inaturalist-open-data.s3.amazonaws.com/photos/253212688/medium.jpeg,cc-by-nc,147181387,research,-37.9068552343,145.3087287024,native
lythrum_junceum_2040.jpeg,https://inaturalist-open-data.s3.amazonaws.com/photos/252334586/medium.jpeg,cc-by-nc-sa,146730030,needs_id,-37.94093,145.3447930556,native
lythrum_junceum_2041.jpeg,https://inaturalist-open-data.s3.amazonaws.com/photos/252310736/medium.jpeg,cc-by-nc-sa,146718142,research,-37.9169738889,145.3557069444,native
lythrum_junceum_2042.jpeg,https://inaturalist-open-data.s3.amazonaws.com/photos/252074291/medium.jpeg,cc-by-nc,146598156,research,-37.9938295698,145.3987470993,native
lythrum_junceum_2043.jpeg,https://inaturalist-open-data.s3.amazonaws.com/photos/252074305/medium.jpeg,cc-by-nc,146598156,research,-37.9938295698,145.3987470993,native
lythrum_junceum_2044.jpeg,https://inaturalist-open-data.s3.amazonaws.com/photos/252074321/medium.jpeg,cc-by-nc,146598156,research,-37.9938295698,145.3987470993,native
lythrum_junceum_2045.jpeg,https://inaturalist-open-data.s3.amazonaws.com/photos/252074334/medium.jpeg,cc-by-nc,146598156,research,-37.9938295698,145.3987470993,native
lythrum_junceum_2046.jpeg,https://inaturalist-open-data.s3.amazonaws.com/photos/252074345/medium.jpeg,cc-by-nc,146598156,research,-37.9938295698,145.3987470993,native
lythrum_junceum_2047.jpeg,https://inaturalist-open-data.s3.amazonaws.com/photos/251833513/medium.jpeg,cc-by,146475710,research,35.0952387154,26.2623415099,native
lythrum_junceum_2048.jpeg,https://inaturalist-open-data.s3.amazonaws.com/photos/251833530/medium.jpeg,cc-by,146475710,research,35.0952387154,26.2623415099,native
lythrum_junceum_2049.jpeg,https://inaturalist-open-data.s3.amazonaws.com/photos/251833550/medium.jpeg,cc-by,146475710,research,35.0952387154,26.2623415099,native
lythrum_junceum_2050.jpeg,https://inaturalist-open-data.s3.amazonaws.com/photos/251597431/medium.jpeg,cc-by-nc,146354498,needs_id,38.06923614,20.76726361,native
lythrum_junceum_2051.jpeg,https://inaturalist-open-data.s3.amazonaws.com/photos/251530536/medium.jpeg,cc-by-nc,146318985,research,-37.9236759753,145.3371239081,native
lythrum_junceum_2052.jpeg,https://inaturalist-open-data.s3.amazonaws.com/photos/251530548/medium.jpeg,cc-by-nc,146318985,research,-37.9236759753,145.3371239081,native
lythrum_junceum_2053.jpeg,https://inaturalist-open-data.s3.amazonaws.com/photos/251530559/medium.jpeg,cc-by-nc,146318985,research,-37.9236759753,145.3371239081,native
lythrum_junceum_2054.jpeg,https://inaturalist-open-data.s3.amazonaws.com/photos/251474669/medium.jpeg,cc-by-nc-sa,146290313,research,-37.9363116667,145.3885966667,native
lythrum_junceum_2055.jpg,https://inaturalist-open-data.s3.amazonaws.com/photos/251471886/medium.jpg,cc-by-nc,146288650,research,43.3247702061,-8.4458789157,native
lythrum_junceum_2056.jpeg,https://inaturalist-open-data.s3.amazonaws.com/photos/251117622/medium.jpeg,cc-by-nc-sa,146105627,research,-37.9715177778,145.3921922222,native
lythrum_junceum_2057.jpeg,https://inaturalist-open-data.s3.amazonaws.com/photos/250800199/medium.jpeg,cc-by-nc,145944129,research,-38.117838804,145.2736151245,native
lythrum_junceum_2058.jpeg,https://inaturalist-open-data.s3.amazonaws.com/photos/250800319/medium.jpeg,cc-by-nc,145944129,research,-38.117838804,145.2736151245,native
lythrum_junceum_2059.jpeg,https://inaturalist-open-data.s3.amazonaws.com/photos/250800328/medium.jpeg,cc-by-nc,145944129,research,-38.117838804,145.2736151245,native
lythrum_junceum_2060.jpeg,https://inaturalist-open-data.s3.amazonaws.com/photos/250800349/medium.jpeg,cc-by-nc,145944129,research,-38.117838804,145.2736151245,native
lythrum_junceum_2061.jpeg,https://inaturalist-open-data.s3.amazonaws.com/photos/250800370/medium.jpeg,cc-by-nc,145944129,research,-38.117838804,145.2736151245,native
lythrum_junceum_2062.jpeg,https://inaturalist-open-data.s3.amazonaws.com/photos/250800376/medium.jpeg,cc-by-nc,145944129,research,-38.117838804,145.2736151245,native
lythrum_junceum_2063.jpeg,https://inaturalist-open-data.s3.amazonaws.com/photos/250800384/medium.jpeg,cc-by-nc,145944129,research,-38.117838804,145.2736151245,native
lythrum_junceum_2064.jpeg,https://inaturalist-open-data.s3.amazonaws.com/photos/250483992/medium.jpeg,cc-by-nc,145783711,research,-35.2747666667,138.5617944444,native
lythrum_junceum_2065.jpeg,https://inaturalist-open-data.s3.amazonaws.com/photos/250484109/medium.jpeg,cc-by-nc,145783711,research,-35.2747666667,138.5617944444,native
lythrum_junceum_2066.jpeg,https://inaturalist-open-data.s3.amazonaws.com/photos/250353820/medium.jpeg,cc-by-nc,145716134,research,-37.9311033,145.3399033,native
lythrum_junceum_2067.jpeg,https://inaturalist-open-data.s3.amazonaws.com/photos/250353849/medium.jpeg,cc-by-nc,145716134,research,-37.9311033,145.3399033,native
lythrum_junceum_2068.jpeg,https://inaturalist-open-data.s3.amazonaws.com/photos/249640690/medium.jpeg,cc-by-nc,145348800,research,43.2394414348,-8.2662711293,native
lythrum_junceum_2069.jpeg,https://inaturalist-open-data.s3.amazonaws.com/photos/249331034/medium.jpeg,cc-by-nc,145172612,research,35.1188301146,25.8732174049,native
lythrum_junceum_2070.jpeg,https://inaturalist-open-data.s3.amazonaws.com/photos/249331123/medium.jpeg,cc-by-nc,145172612,research,35.1188301146,25.8732174049,native
lythrum_junceum_2071.jpeg,https://inaturalist-open-data.s3.amazonaws.com/photos/248807940/medium.jpeg,cc-by-nc,144903166,research,-37.9123565924,145.3167441487,native
lythrum_junceum_2072.jpeg,https://inaturalist-open-data.s3.amazonaws.com/photos/248807946/medium.jpeg,cc-by-nc,144903166,research,-37.9123565924,145.3167441487,native
lythrum_junceum_2073.jpeg,https://inaturalist-open-data.s3.amazonaws.com/photos/248807954/medium.jpeg,cc-by-nc,144903166,research,-37.9123565924,145.3167441487,native
lythrum_junceum_2074.jpeg,https://inaturalist-open-data.s3.amazonaws.com/photos/248439576/medium.jpeg,cc-by-nc,144714892,research,-37.7954761273,145.1127805933,native
lythrum_junceum_2075.jpeg,https://inaturalist-open-data.s3.amazonaws.com/photos/248439585/medium.jpeg,cc-by-nc,144714892,research,-37.7954761273,145.1127805933,native
lythrum_junceum_2076.jpeg,https://inaturalist-open-data.s3.amazonaws.com/photos/248439593/medium.jpeg,cc-by-nc,144714892,research,-37.7954761273,145.1127805933,native
lythrum_junceum_2077.jpeg,https://inaturalist-open-data.s3.amazonaws.com/photos/248439599/medium.jpeg,cc-by-nc,144714892,research,-37.7954761273,145.1127805933,native
lythrum_junceum_2078.jpg,https://inaturalist-open-data.s3.amazonaws.com/photos/247995788/medium.jpg,cc-by-nc,144488381,casual,,,
lythrum_junceum_2079.jpeg,https://inaturalist-open-data.s3.amazonaws.com/photos/245600544/medium.jpeg,cc-by,143222053,needs_id,38.1078096805,-8.5724560219,native
lythrum_junceum_2080.jpeg,https://inaturalist-open-data.s3.amazonaws.com/photos/245572666/medium.jpeg,cc-by,143210396,needs_id,39.9220453047,-8.1332649065,native
lythrum_junceum_2081.jpeg,https://inaturalist-open-data.s3.amazonaws.com/photos/245572673/medium.jpeg,cc-by,143210396,needs_id,39.9220453047,-8.1332649065,native
lythrum_junceum_2082.jpeg,https://inaturalist-open-data.s3.amazonaws.com/photos/245340416/medium.jpeg,cc-by-nc,143064337,casual,,,
lythrum_junceum_2083.jpeg,https://inaturalist-open-data.s3.amazonaws.com/photos/245305049/medium.jpeg,cc-by-nc,143042794,casual,,,
lythrum_junceum_2084.jpeg,https://inaturalist-open-data.s3.amazonaws.com/photos/245182733/medium.jpeg,cc-by-nc,142971315,casual,8.4190913024,-82.4306331575,native
lythrum_junceum_2085.jpeg,https://inaturalist-open-data.s3.amazonaws.com/photos/244306147/medium.jpeg,cc-by-nc,142495474,research,-36.3001743559,174.7972957045,
lythrum_junceum_2086.jpg,https://inaturalist-open-data.s3.amazonaws.com/photos/244096782/medium.jpg,cc-by-nc,142387335,research,37.1666603056,-7.6204748056,native
lythrum_junceum_2087.jpg,https://inaturalist-open-data.s3.amazonaws.com/photos/244096795/medium.jpg,cc-by-nc,142387335,research,37.1666603056,-7.6204748056,native
lythrum_junceum_2088.jpg,https://inaturalist-open-data.s3.amazonaws.com/photos/244096809/medium.jpg,cc-by-nc,142387335,research,37.1666603056,-7.6204748056,native
lythrum_junceum_2089.jpg,https://inaturalist-open-data.s3.amazonaws.com/photos/244096820/medium.jpg,cc-by-nc,142387335,research,37.1666603056,-7.6204748056,native
lythrum_junceum_2090.jpg,https://inaturalist-open-data.s3.amazonaws.com/photos/244096835/medium.jpg,cc-by-nc,142387335,research,37.1666603056,-7.6204748056,native
lythrum_junceum_2091.jpg,https://inaturalist-open-data.s3.amazonaws.com/photos/244096855/medium.jpg,cc-by-nc,142387335,research,37.1666603056,-7.6204748056,native
lythrum_junceum_2092.jpg,https://inaturalist-open-data.s3.amazonaws.com/photos/231861576/medium.jpg,cc-by,135902407,research,36.2108233333,28.14119,native
lythrum_junceum_2093.jpg,https://inaturalist-open-data.s3.amazonaws.com/photos/231861632/medium.jpg,cc-by,135902407,research,36.2108233333,28.14119,native
lythrum_junceum_2094.jpg,https://inaturalist-open-data.s3.amazonaws.com/photos/231861716/medium.jpg,cc-by,135902407,research,36.2108233333,28.14119,native
lythrum_junceum_2095.jpg,https://inaturalist-open-data.s3.amazonaws.com/photos/231861806/medium.jpg,cc-by,135902407,research,36.2108233333,28.14119,native
lythrum_junceum_2096.jpg,https://inaturalist-open-data.s3.amazonaws.com/photos/231837234/medium.jpg,cc-by,135887140,research,36.4087216667,28.1116383333,native
lythrum_junceum_2097.jpg,https://inaturalist-open-data.s3.amazonaws.com/photos/231837260/medium.jpg,cc-by,135887140,research,36.4087216667,28.1116383333,native
lythrum_junceum_2098.jpg,https://inaturalist-open-data.s3.amazonaws.com/photos/231837287/medium.jpg,cc-by,135887140,research,36.4087216667,28.1116383333,native
lythrum_junceum_2099.jpg,https://inaturalist-open-data.s3.amazonaws.com/photos/231837322/medium.jpg,cc-by,135887140,research,36.4087216667,28.1116383333,native
lythrum_junceum_2100.jpeg,https://inaturalist-open-data.s3.amazonaws.com/photos/228233207/medium.jpeg,cc-by-nc,133947185,research,43.3862907891,-2.6910022263,native
lythrum_junceum_2101.jpg,https://inaturalist-open-data.s3.amazonaws.com/photos/228125978/medium.jpg,cc-by-nc,133887163,research,32.74377,-17.21402,native
lythrum_junceum_2102.jpeg,https://inaturalist-open-data.s3.amazonaws.com/photos/226902603/medium.jpeg,cc-by-nc,133229522,research,32.755087,-17.1445159722,native
lythrum_junceum_2103.jpeg,https://inaturalist-open-data.s3.amazonaws.com/photos/226902659/medium.jpeg,cc-by-nc,133229522,research,32.755087,-17.1445159722,native
lythrum_junceum_2104.jpeg,https://inaturalist-open-data.s3.amazonaws.com/photos/226902544/medium.jpeg,cc-by-nc,133229451,research,32.755138,-17.144732,native
lythrum_junceum_2105.jpeg,https://inaturalist-open-data.s3.amazonaws.com/photos/226416403/medium.jpeg,cc-by-nc,132968276,research,43.2267466667,-9.010675,native
lythrum_junceum_2106.jpeg,https://inaturalist-open-data.s3.amazonaws.com/photos/226416372/medium.jpeg,cc-by-nc,132968271,research,43.2267466667,-9.010675,native
lythrum_junceum_2107.jpg,https://inaturalist-open-data.s3.amazonaws.com/photos/226232539/medium.jpg,cc-by-nc,132868862,needs_id,37.797755,-122.4548283333,introduced non-invasive
lythrum_junceum_2108.jpeg,https://inaturalist-open-data.s3.amazonaws.com/photos/224680612/medium.jpeg,cc-by-nc,131976345,research,37.8692066667,24.028065,native
lythrum_junceum_2109.jpg,https://inaturalist-open-data.s3.amazonaws.com/photos/224171157/medium.jpg,cc-by-nc,131704647,research,43.3775256997,-4.8473385,native
lythrum_junceum_2110.jpeg,https://inaturalist-open-data.s3.amazonaws.com/photos/224000567/medium.jpeg,cc-by-nc,131613895,research,43.24357592,-8.2512504235,native
lythrum_junceum_2111.jpeg,https://inaturalist-open-data.s3.amazonaws.com/photos/223927431/medium.jpeg,cc-by-nc,131572424,research,32.7535981994,-17.1319246815,native
lythrum_junceum_2112.jpg,https://inaturalist-open-data.s3.amazonaws.com/photos/223070505/medium.jpg,cc-by-nc,131111348,needs_id,40.1139833333,-8.3568166667,native
lythrum_junceum_2113.jpeg,https://inaturalist-open-data.s3.amazonaws.com/photos/222998502/medium.jpeg,cc-by-nc-sa,131071517,research,32.962802,35.813953,
lythrum_junceum_2114.jpeg,https://inaturalist-open-data.s3.amazonaws.com/photos/222338963/medium.jpeg,cc-by-nc,130716034,research,37.4470554199,-121.85022016,introduced non-invasive
lythrum_junceum_2115.jpeg,https://inaturalist-open-data.s3.amazonaws.com/photos/222308995/medium.jpeg,cc-by-nc,130700711,research,37.4221041601,-121.9277557292,introduced non-invasive
lythrum_junceum_2116.jpeg,https://inaturalist-open-data.s3.amazonaws.com/photos/221720555/medium.jpeg,cc-by-nc,130381009,research,39.356582437,-9.1146615784,native
lythrum_junceum_2117.jpeg,https://inaturalist-open-data.s3.amazonaws.com/photos/221720582/medium.jpeg,cc-by-nc,130381009,research,39.356582437,-9.1146615784,native
lythrum_junceum_2118.jpeg,https://inaturalist-open-data.s3.amazonaws.com/photos/221675285/medium.jpeg,cc-by-nc,130354409,research,39.3567279188,-9.1261745978,native
lythrum_junceum_2119.jpeg,https://inaturalist-open-data.s3.amazonaws.com/photos/221675314/medium.jpeg,cc-by-nc,130354409,research,39.3567279188,-9.1261745978,native
lythrum_junceum_2120.jpeg,https://inaturalist-open-data.s3.amazonaws.com/photos/221675348/medium.jpeg,cc-by-nc,130354409,research,39.3567279188,-9.1261745978,native
lythrum_junceum_2121.jpeg,https://inaturalist-open-data.s3.amazonaws.com/photos/221438833/medium.jpeg,cc-by-nc,130228227,needs_id,32.9549339,35.8199852,
lythrum_junceum_2122.jpg,https://inaturalist-open-data.s3.amazonaws.com/photos/221249843/medium.jpg,cc-by-nc,130129273,research,43.361243466,-4.5792102255,native
lythrum_junceum_2123.jpg,https://inaturalist-open-data.s3.amazonaws.com/photos/220816872/medium.jpg,cc-by-nc,129897185,needs_id,31.8813966667,35.8201366667,
lythrum_junceum_2124.jpeg,https://inaturalist-open-data.s3.amazonaws.com/photos/220179991/medium.jpeg,cc-by,129549349,research,40.93686309,-8.17498205,native
lythrum_junceum_2125.jpeg,https://inaturalist-open-data.s3.amazonaws.com/photos/220179981/medium.jpeg,cc-by,129549349,research,40.93686309,-8.17498205,native
lythrum_junceum_2126.jpeg,https://inaturalist-open-data.s3.amazonaws.com/photos/220179995/medium.jpeg,cc-by,129549349,research,40.93686309,-8.17498205,native
lythrum_junceum_2127.jpeg,https://inaturalist-open-data.s3.amazonaws.com/photos/220180003/medium.jpeg,cc-by,129549349,research,40.93686309,-8.17498205,native
lythrum_junceum_2128.jpeg,https://inaturalist-open-data.s3.amazonaws.com/photos/220172574/medium.jpeg,cc-by,129549349,research,40.93686309,-8.17498205,native
lythrum_junceum_2129.jpeg,https://inaturalist-open-data.s3.amazonaws.com/photos/220172658/medium.jpeg,cc-by,129549349,research,40.93686309,-8.17498205,native
lythrum_junceum_2130.jpeg,https://inaturalist-open-data.s3.amazonaws.com/photos/220172753/medium.jpeg,cc-by,129549349,research,40.93686309,-8.17498205,native
lythrum_junceum_2131.jpg,https://inaturalist-open-data.s3.amazonaws.com/photos/219643855/medium.jpg,cc-by-nc,129260466,needs_id,31.8813966667,35.8201366667,
lythrum_junceum_2132.jpeg,https://inaturalist-open-data.s3.amazonaws.com/photos/219639618/medium.jpeg,cc-by-nc,129257936,research,42.4085693861,-8.8570868417,native
lythrum_junceum_2133.jpeg,https://inaturalist-open-data.s3.amazonaws.com/photos/219523284/medium.jpeg,cc-by-nc,129198127,research,41.9428454,-8.7408025,native
lythrum_junceum_2134.jpeg,https://inaturalist-open-data.s3.amazonaws.com/photos/219523317/medium.jpeg,cc-by-nc,129198127,research,41.9428454,-8.7408025,native
lythrum_junceum_2135.jpeg,https://inaturalist-open-data.s3.amazonaws.com/photos/219523219/medium.jpeg,cc-by-nc,129198127,research,41.9428454,-8.7408025,native
lythrum_junceum_2136.jpeg,https://inaturalist-open-data.s3.amazonaws.com/photos/219523843/medium.jpeg,cc-by-nc,129198127,research,41.9428454,-8.7408025,native
lythrum_junceum_2137.jpeg,https://inaturalist-open-data.s3.amazonaws.com/photos/219312813/medium.jpeg,cc-by-nc,129087450,research,37.2343755078,-121.8699735981,introduced non-invasive
lythrum_junceum_2138.jpeg,https://inaturalist-open-data.s3.amazonaws.com/photos/219312845/medium.jpeg,cc-by-nc,129087450,research,37.2343755078,-121.8699735981,introduced non-invasive
lythrum_junceum_2139.jpeg,https://inaturalist-open-data.s3.amazonaws.com/photos/218161985/medium.jpeg,cc-by-nc-sa,128437618,research,40.38013075,-8.3731203056,native
lythrum_junceum_2140.jpeg,https://inaturalist-open-data.s3.amazonaws.com/photos/218162024/medium.jpeg,cc-by-nc-sa,128437618,research,40.38013075,-8.3731203056,native
lythrum_junceum_2141.jpeg,https://inaturalist-open-data.s3.amazonaws.com/photos/218162055/medium.jpeg,cc-by-nc-sa,128437618,research,40.38013075,-8.3731203056,native
lythrum_junceum_2142.jpeg,https://inaturalist-open-data.s3.amazonaws.com/photos/218162081/medium.jpeg,cc-by-nc-sa,128437618,research,40.38013075,-8.3731203056,native
lythrum_junceum_2143.jpeg,https://inaturalist-open-data.s3.amazonaws.com/photos/218162120/medium.jpeg,cc-by-nc-sa,128437618,research,40.38013075,-8.3731203056,native
lythrum_junceum_2144.jpeg,https://inaturalist-open-data.s3.amazonaws.com/photos/218162154/medium.jpeg,cc-by-nc-sa,128437618,research,40.38013075,-8.3731203056,native
lythrum_junceum_2145.jpeg,https://inaturalist-open-data.s3.amazonaws.com/photos/218162189/medium.jpeg,cc-by-nc-sa,128437618,research,40.38013075,-8.3731203056,native
lythrum_junceum_2146.jpeg,https://inaturalist-open-data.s3.amazonaws.com/photos/218162226/medium.jpeg,cc-by-nc-sa,128437618,research,40.38013075,-8.3731203056,native
lythrum_junceum_2147.jpeg,https://inaturalist-open-data.s3.amazonaws.com/photos/218162264/medium.jpeg,cc-by-nc-sa,128437618,research,40.38013075,-8.3731203056,native
lythrum_junceum_2148.jpeg,https://inaturalist-open-data.s3.amazonaws.com/photos/218162284/medium.jpeg,cc-by-nc-sa,128437618,research,40.38013075,-8.3731203056,native
lythrum_junceum_2149.jpeg,https://inaturalist-open-data.s3.amazonaws.com/photos/217911562/medium.jpeg,cc-by-nc-sa,128297075,research,33.030582,35.838037,
lythrum_junceum_2150.jpeg,https://inaturalist-open-data.s3.amazonaws.com/photos/217861319/medium.jpeg,cc-by-nc,128268073,research,43.3255308516,-4.2605958134,native
lythrum_junceum_2151.jpeg,https://inaturalist-open-data.s3.amazonaws.com/photos/217861336/medium.jpeg,cc-by-nc,128268073,research,43.3255308516,-4.2605958134,native
lythrum_junceum_2152.jpeg,https://inaturalist-open-data.s3.amazonaws.com/photos/217861350/medium.jpeg,cc-by-nc,128268073,research,43.3255308516,-4.2605958134,native
lythrum_junceum_2153.jpeg,https://inaturalist-open-data.s3.amazonaws.com/photos/217861362/medium.jpeg,cc-by-nc,128268073,research,43.3255308516,-4.2605958134,native
lythrum_junceum_2154.jpeg,https://inaturalist-open-data.s3.amazonaws.com/photos/217045201/medium.jpeg,cc-by-nc,127820701,needs_id,39.5422346526,19.9143525213,native
lythrum_junceum_2155.jpg,https://inaturalist-open-data.s3.amazonaws.com/photos/216797435/medium.jpg,cc-by-nc,127684766,casual,43.4044942398,-3.5440368808,native
lythrum_junceum_2156.jpeg,https://inaturalist-open-data.s3.amazonaws.com/photos/216725138/medium.jpeg,cc-by,127644047,research,32.6709140387,-16.9596166536,native
lythrum_junceum_2157.jpeg,https://inaturalist-open-data.s3.amazonaws.com/photos/216725150/medium.jpeg,cc-by,127644047,research,32.6709140387,-16.9596166536,native
lythrum_junceum_2158.jpeg,https://inaturalist-open-data.s3.amazonaws.com/photos/216725169/medium.jpeg,cc-by,127644047,research,32.6709140387,-16.9596166536,native
lythrum_junceum_2159.jpeg,https://inaturalist-open-data.s3.amazonaws.com/photos/216725185/medium.jpeg,cc-by,127644047,research,32.6709140387,-16.9596166536,native
lythrum_junceum_2160.jpeg,https://inaturalist-open-data.s3.amazonaws.com/photos/216725200/medium.jpeg,cc-by,127644047,research,32.6709140387,-16.9596166536,native
lythrum_junceum_2161.jpeg,https://inaturalist-open-data.s3.amazonaws.com/photos/216725218/medium.jpeg,cc-by,127644047,research,32.6709140387,-16.9596166536,native
lythrum_junceum_2162.jpg,https://inaturalist-open-data.s3.amazonaws.com/photos/216276680/medium.jpg,cc-by-nc,127397650,needs_id,32.8669840856,35.1051749227,
lythrum_junceum_2163.jpg,https://inaturalist-open-data.s3.amazonaws.com/photos/216276719/medium.jpg,cc-by-nc,127397650,needs_id,32.8669840856,35.1051749227,
lythrum_junceum_2164.jpeg,https://inaturalist-open-data.s3.amazonaws.com/photos/215932183/medium.jpeg,cc-by-nc,127207135,research,43.3988513889,-4.1988113889,native
lythrum_junceum_2165.jpeg,https://inaturalist-open-data.s3.amazonaws.com/photos/215035778/medium.jpeg,cc-by-nc,126722014,research,38.6401250908,-9.1508698175,native
lythrum_junceum_2166.jpeg,https://inaturalist-open-data.s3.amazonaws.com/photos/215035716/medium.jpeg,cc-by-nc,126722014,research,38.6401250908,-9.1508698175,native
lythrum_junceum_2167.jpeg,https://inaturalist-open-data.s3.amazonaws.com/photos/214986679/medium.jpeg,cc-by-nc,126690794,research,36.9483413694,-25.0247230528,native
lythrum_junceum_2168.jpg,https://inaturalist-open-data.s3.amazonaws.com/photos/214645246/medium.jpg,cc-by-nc,126502431,research,37.2388470827,-121.8716201307,introduced non-invasive
lythrum_junceum_2169.jpeg,https://inaturalist-open-data.s3.amazonaws.com/photos/214623425/medium.jpeg,cc-by,126490067,research,43.5480080556,-6.1680163889,native
lythrum_junceum_2170.jpeg,https://inaturalist-open-data.s3.amazonaws.com/photos/214623577/medium.jpeg,cc-by,126490067,research,43.5480080556,-6.1680163889,native
lythrum_junceum_2171.jpg,https://inaturalist-open-data.s3.amazonaws.com/photos/214546617/medium.jpg,cc-by-nc,126445482,research,35.5024365116,23.790725983,native
lythrum_junceum_2172.jpeg,https://inaturalist-open-data.s3.amazonaws.com/photos/214483103/medium.jpeg,cc-by-nc,126413189,research,37.2408762778,-121.8695079656,introduced non-invasive
lythrum_junceum_2173.jpeg,https://inaturalist-open-data.s3.amazonaws.com/photos/214483125/medium.jpeg,cc-by-nc,126413189,research,37.2408762778,-121.8695079656,introduced non-invasive
lythrum_junceum_2174.jpeg,https://inaturalist-open-data.s3.amazonaws.com/photos/214483248/medium.jpeg,cc-by-nc,126413189,research,37.2408762778,-121.8695079656,introduced non-invasive
lythrum_junceum_2175.jpeg,https://inaturalist-open-data.s3.amazonaws.com/photos/214063974/medium.jpeg,cc-by-nc,126178749,research,-41.0986960616,175.1489069281,
lythrum_junceum_2176.png,https://inaturalist-open-data.s3.amazonaws.com/photos/214064009/medium.png,cc-by-nc,126178749,research,-41.0986960616,175.1489069281,
lythrum_junceum_2177.jpeg,https://inaturalist-open-data.s3.amazonaws.com/photos/214051277/medium.jpeg,cc-by-nc,126174985,research,43.5484816667,-5.6082566667,native
lythrum_junceum_2178.jpeg,https://inaturalist-open-data.s3.amazonaws.com/photos/214051952/medium.jpeg,cc-by,126171083,research,32.7551383997,-17.1440826,native
lythrum_junceum_2179.jpeg,https://inaturalist-open-data.s3.amazonaws.com/photos/214051970/medium.jpeg,cc-by,126171083,research,32.7551383997,-17.1440826,native
lythrum_junceum_2180.jpeg,https://inaturalist-open-data.s3.amazonaws.com/photos/214051994/medium.jpeg,cc-by,126171083,research,32.7551383997,-17.1440826,native
lythrum_junceum_2181.jpeg,https://inaturalist-open-data.s3.amazonaws.com/photos/214052018/medium.jpeg,cc-by,126171083,research,32.7551383997,-17.1440826,native
lythrum_junceum_2182.jpeg,https://inaturalist-open-data.s3.amazonaws.com/photos/214050502/medium.jpeg,cc-by,126170311,research,32.7628668997,-17.1326806,native
lythrum_junceum_2183.jpeg,https://inaturalist-open-data.s3.amazonaws.com/photos/214050529/medium.jpeg,cc-by,126170311,research,32.7628668997,-17.1326806,native
lythrum_junceum_2184.jpeg,https://inaturalist-open-data.s3.amazonaws.com/photos/214050557/medium.jpeg,cc-by,126170311,research,32.7628668997,-17.1326806,native
lythrum_junceum_2185.jpeg,https://inaturalist-open-data.s3.amazonaws.com/photos/214050578/medium.jpeg,cc-by,126170311,research,32.7628668997,-17.1326806,native
lythrum_junceum_2186.jpeg,https://inaturalist-open-data.s3.amazonaws.com/photos/213720741/medium.jpeg,cc-by-nc,125990473,needs_id,36.9356060337,-3.7346934684,native
lythrum_junceum_2187.jpeg,https://inaturalist-open-data.s3.amazonaws.com/photos/213720764/medium.jpeg,cc-by-nc,125990473,needs_id,36.9356060337,-3.7346934684,native
lythrum_junceum_2188.jpeg,https://inaturalist-open-data.s3.amazonaws.com/photos/213720785/medium.jpeg,cc-by-nc,125990473,needs_id,36.9356060337,-3.7346934684,native
lythrum_junceum_2189.jpeg,https://inaturalist-open-data.s3.amazonaws.com/photos/213720805/medium.jpeg,cc-by-nc,125990473,needs_id,36.9356060337,-3.7346934684,native
lythrum_junceum_2190.jpeg,https://inaturalist-open-data.s3.amazonaws.com/photos/212575311/medium.jpeg,cc-by-nc,125355701,research,39.4468609722,-9.2169329722,native
lythrum_junceum_2191.jpeg,https://inaturalist-open-data.s3.amazonaws.com/photos/212575345/medium.jpeg,cc-by-nc,125355701,research,39.4468609722,-9.2169329722,native
lythrum_junceum_2192.jpg,https://inaturalist-open-data.s3.amazonaws.com/photos/212457661/medium.jpg,cc-by-nc-sa,125293386,research,40.1289024167,-8.2262182222,native
lythrum_junceum_2193.jpg,https://inaturalist-open-data.s3.amazonaws.com/photos/212350040/medium.jpg,cc-by-nc,125228343,research,37.5568054152,-122.0859623001,introduced non-invasive
lythrum_junceum_2194.jpeg,https://inaturalist-open-data.s3.amazonaws.com/photos/212324106/medium.jpeg,cc-by-nc,125214219,research,43.5955414728,-8.1417325983,native
lythrum_junceum_2195.jpeg,https://inaturalist-open-data.s3.amazonaws.com/photos/212192592/medium.jpeg,cc-by-nc,125139611,research,43.442255,-5.0404379722,native
lythrum_junceum_2196.jpeg,https://inaturalist-open-data.s3.amazonaws.com/photos/212192605/medium.jpeg,cc-by-nc,125139611,research,43.442255,-5.0404379722,native
lythrum_junceum_2197.jpg,https://inaturalist-open-data.s3.amazonaws.com/photos/211685924/medium.jpg,cc-by,124862283,research,39.3938244013,-9.2220007031,native
lythrum_junceum_2198.jpg,https://inaturalist-open-data.s3.amazonaws.com/photos/211600238/medium.jpg,cc-by-nc,124818472,research,37.4471833333,-121.8555383333,introduced non-invasive
lythrum_junceum_2199.jpg,https://inaturalist-open-data.s3.amazonaws.com/photos/211600248/medium.jpg,cc-by-nc,124818472,research,37.4471833333,-121.8555383333,introduced non-invasive
lythrum_junceum_2200.jpg,https://inaturalist-open-data.s3.amazonaws.com/photos/211600256/medium.jpg,cc-by-nc,124818472,research,37.4471833333,-121.8555383333,introduced non-invasive
lythrum_junceum_2201.jpg,https://inaturalist-open-data.s3.amazonaws.com/photos/211279233/medium.jpg,cc-by-nc,124640130,needs_id,40.3277140626,0.3382784247,native
lythrum_junceum_2202.jpg,https://inaturalist-open-data.s3.amazonaws.com/photos/211279735/medium.jpg,cc-by-nc,124640130,needs_id,40.3277140626,0.3382784247,native
lythrum_junceum_2203.jpg,https://inaturalist-open-data.s3.amazonaws.com/photos/211243660/medium.jpg,cc-by-nc-sa,124618672,research,38.922905,-9.242968,native
lythrum_junceum_2204.jpg,https://inaturalist-open-data.s3.amazonaws.com/photos/211241137/medium.jpg,cc-by-nc-sa,124618672,research,38.922905,-9.242968,native
lythrum_junceum_2205.jpg,https://inaturalist-open-data.s3.amazonaws.com/photos/211241175/medium.jpg,cc-by-nc-sa,124618672,research,38.922905,-9.242968,native
lythrum_junceum_2206.jpg,https://inaturalist-open-data.s3.amazonaws.com/photos/211241211/medium.jpg,cc-by-nc-sa,124618672,research,38.922905,-9.242968,native
lythrum_junceum_2207.jpg,https://inaturalist-open-data.s3.amazonaws.com/photos/211243226/medium.jpg,cc-by-nc-sa,124618672,research,38.922905,-9.242968,native
lythrum_junceum_2208.jpg,https://inaturalist-open-data.s3.amazonaws.com/photos/211241492/medium.jpg,cc-by-nc-sa,124618672,research,38.922905,-9.242968,native
lythrum_junceum_2209.jpg,https://inaturalist-open-data.s3.amazonaws.com/photos/211241463/medium.jpg,cc-by-nc-sa,124618672,research,38.922905,-9.242968,native
lythrum_junceum_2210.jpeg,https://inaturalist-open-data.s3.amazonaws.com/photos/211108810/medium.jpeg,cc-by-nc,124543679,research,43.360846664,-5.8302791789,native
lythrum_junceum_2211.jpeg,https://inaturalist-open-data.s3.amazonaws.com/photos/211108840/medium.jpeg,cc-by-nc,124543679,research,43.360846664,-5.8302791789,native
lythrum_junceum_2212.jpeg,https://inaturalist-open-data.s3.amazonaws.com/photos/211108865/medium.jpeg,cc-by-nc,124543679,research,43.360846664,-5.8302791789,native
lythrum_junceum_2213.jpeg,https://inaturalist-open-data.s3.amazonaws.com/photos/211108892/medium.jpeg,cc-by-nc,124543679,research,43.360846664,-5.8302791789,native
lythrum_junceum_2214.jpeg,https://inaturalist-open-data.s3.amazonaws.com/photos/211108932/medium.jpeg,cc-by-nc,124543679,research,43.360846664,-5.8302791789,native
lythrum_junceum_2215.jpg,https://inaturalist-open-data.s3.amazonaws.com/photos/210956612/medium.jpg,cc0,124460111,research,37.2430083333,-121.871445,introduced non-invasive
lythrum_junceum_2216.jpg,https://inaturalist-open-data.s3.amazonaws.com/photos/210956644/medium.jpg,cc0,124460111,research,37.2430083333,-121.871445,introduced non-invasive
lythrum_junceum_2217.jpg,https://inaturalist-open-data.s3.amazonaws.com/photos/210956675/medium.jpg,cc0,124460111,research,37.2430083333,-121.871445,introduced non-invasive
lythrum_junceum_2218.jpeg,https://inaturalist-open-data.s3.amazonaws.com/photos/210915490/medium.jpeg,cc-by-nc,124437775,research,42.846347,-8.159256,native
lythrum_junceum_2219.jpeg,https://inaturalist-open-data.s3.amazonaws.com/photos/210912628/medium.jpeg,cc-by-nc,124436061,needs_id,36.9849466667,-2.8543716667,native
lythrum_junceum_2220.jpeg,https://inaturalist-open-data.s3.amazonaws.com/photos/210912732/medium.jpeg,cc-by-nc,124436061,needs_id,36.9849466667,-2.8543716667,native
lythrum_junceum_2221.jpeg,https://inaturalist-open-data.s3.amazonaws.com/photos/210678241/medium.jpeg,cc-by-nc,124317845,research,38.5247023972,-9.1430013185,native
lythrum_junceum_2222.jpeg,https://inaturalist-open-data.s3.amazonaws.com/photos/210678310/medium.jpeg,cc-by-nc,124317845,research,38.5247023972,-9.1430013185,native
lythrum_junceum_2223.jpeg,https://inaturalist-open-data.s3.amazonaws.com/photos/210678214/medium.jpeg,cc-by-nc,124317845,research,38.5247023972,-9.1430013185,native
lythrum_junceum_2224.jpeg,https://inaturalist-open-data.s3.amazonaws.com/photos/210678276/medium.jpeg,cc-by-nc,124317845,research,38.5247023972,-9.1430013185,native
lythrum_junceum_2225.jpg,https://inaturalist-open-data.s3.amazonaws.com/photos/209549450/medium.jpg,cc-by-nc,123680504,research,42.7884252252,-8.856158468,native
lythrum_junceum_2226.jpeg,https://inaturalist-open-data.s3.amazonaws.com/photos/209254997/medium.jpeg,cc-by,123517083,needs_id,36.4254131941,5.7464555797,native
lythrum_junceum_2227.jpeg,https://inaturalist-open-data.s3.amazonaws.com/photos/209255106/medium.jpeg,cc-by,123517083,needs_id,36.4254131941,5.7464555797,native
lythrum_junceum_2228.jpg,https://inaturalist-open-data.s3.amazonaws.com/photos/209048350/medium.jpg,cc-by-nc,123405754,research,32.8720270606,35.1061084404,
lythrum_junceum_2229.jpg,https://inaturalist-open-data.s3.amazonaws.com/photos/209048250/medium.jpg,cc-by-nc,123405754,research,32.8720270606,35.1061084404,
lythrum_junceum_2230.jpg,https://inaturalist-open-data.s3.amazonaws.com/photos/209048281/medium.jpg,cc-by-nc,123405754,research,32.8720270606,35.1061084404,
lythrum_junceum_2231.jpg,https://inaturalist-open-data.s3.amazonaws.com/photos/209048323/medium.jpg,cc-by-nc,123405754,research,32.8720270606,35.1061084404,
lythrum_junceum_2232.jpeg,https://inaturalist-open-data.s3.amazonaws.com/photos/208920894/medium.jpeg,cc-by-nc,123330791,research,41.9555358886,-8.7603359222,native
lythrum_junceum_2233.jpeg,https://inaturalist-open-data.s3.amazonaws.com/photos/208920908/medium.jpeg,cc-by-nc,123330791,research,41.9555358886,-8.7603359222,native
lythrum_junceum_2234.jpeg,https://inaturalist-open-data.s3.amazonaws.com/photos/208920916/medium.jpeg,cc-by-nc,123330791,research,41.9555358886,-8.7603359222,native
lythrum_junceum_2235.jpeg,https://inaturalist-open-data.s3.amazonaws.com/photos/208548411/medium.jpeg,cc-by-nc,123125306,needs_id,36.0771666667,-5.5305916667,native
lythrum_junceum_2236.jpeg,https://inaturalist-open-data.s3.amazonaws.com/photos/208505752/medium.jpeg,cc-by,123101398,research,32.6921874431,-16.9352635369,native
lythrum_junceum_2237.jpeg,https://inaturalist-open-data.s3.amazonaws.com/photos/208505781/medium.jpeg,cc-by,123101398,research,32.6921874431,-16.9352635369,native
lythrum_junceum_2238.jpeg,https://inaturalist-open-data.s3.amazonaws.com/photos/208505817/medium.jpeg,cc-by,123101398,research,32.6921874431,-16.9352635369,native
lythrum_junceum_2239.jpeg,https://inaturalist-open-data.s3.amazonaws.com/photos/208505844/medium.jpeg,cc-by,123101398,research,32.6921874431,-16.9352635369,native
lythrum_junceum_2240.jpeg,https://inaturalist-open-data.s3.amazonaws.com/photos/208505867/medium.jpeg,cc-by,123101398,research,32.6921874431,-16.9352635369,native
lythrum_junceum_2241.jpeg,https://inaturalist-open-data.s3.amazonaws.com/photos/208505891/medium.jpeg,cc-by,123101398,research,32.6921874431,-16.9352635369,native
lythrum_junceum_2242.jpeg,https://inaturalist-open-data.s3.amazonaws.com/photos/208505920/medium.jpeg,cc-by,123101398,research,32.6921874431,-16.9352635369,native
lythrum_junceum_2243.jpeg,https://inaturalist-open-data.s3.amazonaws.com/photos/208505943/medium.jpeg,cc-by,123101398,research,32.6921874431,-16.9352635369,native
lythrum_junceum_2244.jpeg,https://inaturalist-open-data.s3.amazonaws.com/photos/208443784/medium.jpeg,cc-by-nc,123066436,needs_id,36.0799199,-5.5317096,native
lythrum_junceum_2245.jpg,https://inaturalist-open-data.s3.amazonaws.com/photos/208315545/medium.jpg,cc-by,122998017,needs_id,40.2657574409,-8.3972582723,native
lythrum_junceum_2246.jpg,https://inaturalist-open-data.s3.amazonaws.com/photos/208315592/medium.jpg,cc-by,122998017,needs_id,40.2657574409,-8.3972582723,native
lythrum_junceum_2247.jpg,https://inaturalist-open-data.s3.amazonaws.com/photos/208077627/medium.jpg,cc-by-nc,122867517,needs_id,38.46473,-8.45122,native
lythrum_junceum_2248.jpg,https://inaturalist-open-data.s3.amazonaws.com/photos/208077651/medium.jpg,cc-by-nc,122867517,needs_id,38.46473,-8.45122,native
lythrum_junceum_2249.jpg,https://inaturalist-open-data.s3.amazonaws.com/photos/208077686/medium.jpg,cc-by-nc,122867517,needs_id,38.46473,-8.45122,native
lythrum_junceum_2250.jpg,https://inaturalist-open-data.s3.amazonaws.com/photos/208077716/medium.jpg,cc-by-nc,122867517,needs_id,38.46473,-8.45122,native
lythrum_junceum_2251.jpeg,https://inaturalist-open-data.s3.amazonaws.com/photos/207474177/medium.jpeg,cc-by-nc,122537222,research,38.787978,-9.4240449722,native
lythrum_junceum_2252.jpeg,https://inaturalist-open-data.s3.amazonaws.com/photos/207474264/medium.jpeg,cc-by-nc,122537222,research,38.787978,-9.4240449722,native
lythrum_junceum_2253.jpeg,https://inaturalist-open-data.s3.amazonaws.com/photos/207474330/medium.jpeg,cc-by-nc,122537222,research,38.787978,-9.4240449722,native
lythrum_junceum_2254.jpeg,https://inaturalist-open-data.s3.amazonaws.com/photos/207474403/medium.jpeg,cc-by-nc,122537222,research,38.787978,-9.4240449722,native
lythrum_junceum_2255.jpeg,https://inaturalist-open-data.s3.amazonaws.com/photos/207474466/medium.jpeg,cc-by-nc,122537222,research,38.787978,-9.4240449722,native
lythrum_junceum_2256.jpeg,https://inaturalist-open-data.s3.amazonaws.com/photos/207474542/medium.jpeg,cc-by-nc,122537222,research,38.787978,-9.4240449722,native
lythrum_junceum_2257.jpeg,https://inaturalist-open-data.s3.amazonaws.com/photos/207083515/medium.jpeg,cc-by-nc,122320298,research,37.2163589999,-121.84049613,introduced non-invasive
lythrum_junceum_2258.jpeg,https://inaturalist-open-data.s3.amazonaws.com/photos/207083552/medium.jpeg,cc-by-nc,122320298,research,37.2163589999,-121.84049613,introduced non-invasive
lythrum_junceum_2259.jpeg,https://inaturalist-open-data.s3.amazonaws.com/photos/206805986/medium.jpeg,cc-by-nc,122162776,needs_id,38.9029273986,-8.4762420653,native
lythrum_junceum_2260.jpg,https://inaturalist-open-data.s3.amazonaws.com/photos/206577107/medium.jpg,cc-by-nc,122037391,needs_id,36.8394942,-5.3919919,native
lythrum_junceum_2261.jpg,https://inaturalist-open-data.s3.amazonaws.com/photos/206563774/medium.jpg,cc-by-nc-sa,122029877,research,32.764583245,-16.8205484572,native
lythrum_junceum_2262.jpg,https://inaturalist-open-data.s3.amazonaws.com/photos/206563779/medium.jpg,cc-by-nc-sa,122029877,research,32.764583245,-16.8205484572,native
lythrum_junceum_2263.jpg,https://inaturalist-open-data.s3.amazonaws.com/photos/206563795/medium.jpg,cc-by-nc-sa,122029877,research,32.764583245,-16.8205484572,native
lythrum_junceum_2264.jpg,https://inaturalist-open-data.s3.amazonaws.com/photos/206563997/medium.jpg,cc-by-nc-sa,122029877,research,32.764583245,-16.8205484572,native
lythrum_junceum_2265.jpg,https://inaturalist-open-data.s3.amazonaws.com/photos/206563916/medium.jpg,cc-by-nc-sa,122029877,research,32.764583245,-16.8205484572,native
lythrum_junceum_2266.jpg,https://inaturalist-open-data.s3.amazonaws.com/photos/206564131/medium.jpg,cc-by-nc-sa,122029877,research,32.764583245,-16.8205484572,native
lythrum_junceum_2267.jpg,https://inaturalist-open-data.s3.amazonaws.com/photos/206564130/medium.jpg,cc-by-nc-sa,122029877,research,32.764583245,-16.8205484572,native
lythrum_junceum_2268.jpeg,https://inaturalist-open-data.s3.amazonaws.com/photos/206498460/medium.jpeg,cc-by-nc,121993567,research,39.3476650075,-9.1892159783,native
lythrum_junceum_2269.jpeg,https://inaturalist-open-data.s3.amazonaws.com/photos/206498447/medium.jpeg,cc-by-nc,121993567,research,39.3476650075,-9.1892159783,native
lythrum_junceum_2270.jpeg,https://inaturalist-open-data.s3.amazonaws.com/photos/206333113/medium.jpeg,cc-by-nc,121905189,research,32.4132773591,34.9008290955,native
lythrum_junceum_2271.jpeg,https://inaturalist-open-data.s3.amazonaws.com/photos/206333129/medium.jpeg,cc-by-nc,121905189,research,32.4132773591,34.9008290955,native
lythrum_junceum_2272.jpeg,https://inaturalist-open-data.s3.amazonaws.com/photos/206333143/medium.jpeg,cc-by-nc,121905189,research,32.4132773591,34.9008290955,native
lythrum_junceum_2273.jpg,https://inaturalist-open-data.s3.amazonaws.com/photos/206122029/medium.jpg,cc-by-nc,121783305,needs_id,38.50383,-0.7343216667,native
lythrum_junceum_2274.jpeg,https://inaturalist-open-data.s3.amazonaws.com/photos/205295587/medium.jpeg,cc-by-nc,121328788,needs_id,39.722345,-8.5418233333,native
lythrum_junceum_2275.jpeg,https://inaturalist-open-data.s3.amazonaws.com/photos/205295610/medium.jpeg,cc-by-nc,121328788,needs_id,39.722345,-8.5418233333,native
lythrum_junceum_2276.jpeg,https://inaturalist-open-data.s3.amazonaws.com/photos/205295640/medium.jpeg,cc-by-nc,121328788,needs_id,39.722345,-8.5418233333,native
lythrum_junceum_2277.jpeg,https://inaturalist-open-data.s3.amazonaws.com/photos/205295674/medium.jpeg,cc-by-nc,121328788,needs_id,39.722345,-8.5418233333,native
lythrum_junceum_2278.jpeg,https://inaturalist-open-data.s3.amazonaws.com/photos/205295714/medium.jpeg,cc-by-nc,121328788,needs_id,39.722345,-8.5418233333,native
lythrum_junceum_2279.jpeg,https://inaturalist-open-data.s3.amazonaws.com/photos/205295746/medium.jpeg,cc-by-nc,121328788,needs_id,39.722345,-8.5418233333,native
lythrum_junceum_2280.jpeg,https://inaturalist-open-data.s3.amazonaws.com/photos/205295776/medium.jpeg,cc-by-nc,121328788,needs_id,39.722345,-8.5418233333,native
lythrum_junceum_2281.jpeg,https://inaturalist-open-data.s3.amazonaws.com/photos/205295806/medium.jpeg,cc-by-nc,121328788,needs_id,39.722345,-8.5418233333,native
lythrum_junceum_2282.jpeg,https://inaturalist-open-data.s3.amazonaws.com/photos/205188972/medium.jpeg,cc-by-nc,121269575,research,39.3343762358,-9.3154245765,native
lythrum_junceum_2283.jpeg,https://inaturalist-open-data.s3.amazonaws.com/photos/205188575/medium.jpeg,cc-by-nc,121269575,research,39.3343762358,-9.3154245765,native
lythrum_junceum_2284.jpeg,https://inaturalist-open-data.s3.amazonaws.com/photos/205188708/medium.jpeg,cc-by-nc,121269575,research,39.3343762358,-9.3154245765,native
lythrum_junceum_2285.jpg,https://inaturalist-open-data.s3.amazonaws.com/photos/204839045/medium.jpg,cc-by-nc,121069659,needs_id,37.042121091,15.2363816835,native
lythrum_junceum_2286.jpeg,https://inaturalist-open-data.s3.amazonaws.com/photos/204697056/medium.jpeg,cc-by-nc,120991918,research,32.6614740625,-17.017958723,native
lythrum_junceum_2287.jpeg,https://inaturalist-open-data.s3.amazonaws.com/photos/204697090/medium.jpeg,cc-by-nc,120991918,research,32.6614740625,-17.017958723,native
lythrum_junceum_2288.jpeg,https://inaturalist-open-data.s3.amazonaws.com/photos/204697119/medium.jpeg,cc-by-nc,120991918,research,32.6614740625,-17.017958723,native
lythrum_junceum_2289.jpeg,https://inaturalist-open-data.s3.amazonaws.com/photos/204697144/medium.jpeg,cc-by-nc,120991918,research,32.6614740625,-17.017958723,native
lythrum_junceum_2290.jpeg,https://inaturalist-open-data.s3.amazonaws.com/photos/204689831/medium.jpeg,cc-by-nc,120987854,needs_id,39.72989,-8.4656716667,native
lythrum_junceum_2291.jpeg,https://inaturalist-open-data.s3.amazonaws.com/photos/204689852/medium.jpeg,cc-by-nc,120987854,needs_id,39.72989,-8.4656716667,native
lythrum_junceum_2292.jpeg,https://inaturalist-open-data.s3.amazonaws.com/photos/204689876/medium.jpeg,cc-by-nc,120987854,needs_id,39.72989,-8.4656716667,native
lythrum_junceum_2293.jpeg,https://inaturalist-open-data.s3.amazonaws.com/photos/204689896/medium.jpeg,cc-by-nc,120987854,needs_id,39.72989,-8.4656716667,native
lythrum_junceum_2294.jpg,https://inaturalist-open-data.s3.amazonaws.com/photos/204473043/medium.jpg,cc-by-nc,120867097,needs_id,37.0186099391,-6.5278304891,native
lythrum_junceum_2295.jpeg,https://inaturalist-open-data.s3.amazonaws.com/photos/204467844/medium.jpeg,cc-by-nc,120863953,research,36.850481,6.894034,native
lythrum_junceum_2296.jpeg,https://inaturalist-open-data.s3.amazonaws.com/photos/204467877/medium.jpeg,cc-by-nc,120863953,research,36.850481,6.894034,native
lythrum_junceum_2297.jpeg,https://inaturalist-open-data.s3.amazonaws.com/photos/204467925/medium.jpeg,cc-by-nc,120863953,research,36.850481,6.894034,native
lythrum_junceum_2298.jpeg,https://inaturalist-open-data.s3.amazonaws.com/photos/204467976/medium.jpeg,cc-by-nc,120863953,research,36.850481,6.894034,native
lythrum_junceum_2299.jpeg,https://inaturalist-open-data.s3.amazonaws.com/photos/204387518/medium.jpeg,cc-by-nc,120819143,research,33.078331964,35.6438737771,
lythrum_junceum_2300.jpeg,https://inaturalist-open-data.s3.amazonaws.com/photos/204387722/medium.jpeg,cc-by-nc,120819143,research,33.078331964,35.6438737771,
lythrum_junceum_2301.jpeg,https://inaturalist-open-data.s3.amazonaws.com/photos/203856819/medium.jpeg,cc-by-nc,120522869,needs_id,35.1719694444,-6.1089805556,native
lythrum_junceum_2302.jpeg,https://inaturalist-open-data.s3.amazonaws.com/photos/203856785/medium.jpeg,cc-by-nc,120522869,needs_id,35.1719694444,-6.1089805556,native
lythrum_junceum_2303.jpg,https://inaturalist-open-data.s3.amazonaws.com/photos/203767810/medium.jpg,cc-by-nc,120472773,research,36.88423,27.1586888333,native
lythrum_junceum_2304.jpeg,https://inaturalist-open-data.s3.amazonaws.com/photos/203218104/medium.jpeg,cc-by-nc,120170268,research,34.2525638889,-6.6666888889,native
lythrum_junceum_2305.jpeg,https://inaturalist-open-data.s3.amazonaws.com/photos/203218157/medium.jpeg,cc-by-nc,120170268,research,34.2525638889,-6.6666888889,native
lythrum_junceum_2306.jpg,https://inaturalist-open-data.s3.amazonaws.com/photos/202997396/medium.jpg,cc-by-nc,120124923,research,43.35195531,-5.1117114899,native
lythrum_junceum_2307.jpg,https://inaturalist-open-data.s3.amazonaws.com/photos/202997640/medium.jpg,cc-by-nc,120124923,research,43.35195531,-5.1117114899,native
lythrum_junceum_2308.jpg,https://inaturalist-open-data.s3.amazonaws.com/photos/202998156/medium.jpg,cc-by-nc,120124923,research,43.35195531,-5.1117114899,native
lythrum_junceum_2309.jpg,https://inaturalist-open-data.s3.amazonaws.com/photos/203041359/medium.jpg,cc-by-nc,120071109,research,37.3727842919,-121.9614335606,introduced non-invasive
lythrum_junceum_2310.jpg,https://inaturalist-open-data.s3.amazonaws.com/photos/203041435/medium.jpg,cc-by-nc,120071109,research,37.3727842919,-121.9614335606,introduced non-invasive
lythrum_junceum_2311.jpg,https://inaturalist-open-data.s3.amazonaws.com/photos/203041490/medium.jpg,cc-by-nc,120071109,research,37.3727842919,-121.9614335606,introduced non-invasive
lythrum_junceum_2312.jpg,https://inaturalist-open-data.s3.amazonaws.com/photos/203041606/medium.jpg,cc-by-nc,120071109,research,37.3727842919,-121.9614335606,introduced non-invasive
lythrum_junceum_2313.jpg,https://inaturalist-open-data.s3.amazonaws.com/photos/203041672/medium.jpg,cc-by-nc,120071109,research,37.3727842919,-121.9614335606,introduced non-invasive
lythrum_junceum_2314.jpg,https://inaturalist-open-data.s3.amazonaws.com/photos/203041730/medium.jpg,cc-by-nc,120071109,research,37.3727842919,-121.9614335606,introduced non-invasive
lythrum_junceum_2315.jpg,https://inaturalist-open-data.s3.amazonaws.com/photos/202933304/medium.jpg,cc-by-nc,120013286,research,43.472844619,-3.8055853871,native
lythrum_junceum_2316.jpg,https://inaturalist-open-data.s3.amazonaws.com/photos/202763032/medium.jpg,cc-by-nc,119915658,needs_id,32.8565466667,-17.20818,native
lythrum_junceum_2317.jpg,https://inaturalist-open-data.s3.amazonaws.com/photos/202762986/medium.jpg,cc-by-nc,119915658,needs_id,32.8565466667,-17.20818,native
lythrum_junceum_2318.jpg,https://inaturalist-open-data.s3.amazonaws.com/photos/202393609/medium.jpg,cc-by-nc,119707324,needs_id,37.0502105682,15.2673282614,native
lythrum_junceum_2319.jpeg,https://inaturalist-open-data.s3.amazonaws.com/photos/202192481/medium.jpeg,cc-by-nc-sa,119596315,needs_id,40.0811042778,-8.2507495833,native
lythrum_junceum_2320.jpeg,https://inaturalist-open-data.s3.amazonaws.com/photos/202192511/medium.jpeg,cc-by-nc-sa,119596315,needs_id,40.0811042778,-8.2507495833,native
lythrum_junceum_2321.jpeg,https://inaturalist-open-data.s3.amazonaws.com/photos/202192551/medium.jpeg,cc-by-nc-sa,119596315,needs_id,40.0811042778,-8.2507495833,native
lythrum_junceum_2322.jpeg,https://inaturalist-open-data.s3.amazonaws.com/photos/202192582/medium.jpeg,cc-by-nc-sa,119596315,needs_id,40.0811042778,-8.2507495833,native
lythrum_junceum_2323.jpeg,https://inaturalist-open-data.s3.amazonaws.com/photos/202192619/medium.jpeg,cc-by-nc-sa,119596315,needs_id,40.0811042778,-8.2507495833,native
lythrum_junceum_2324.jpeg,https://inaturalist-open-data.s3.amazonaws.com/photos/202192657/medium.jpeg,cc-by-nc-sa,119596315,needs_id,40.0811042778,-8.2507495833,native
lythrum_junceum_2325.jpeg,https://inaturalist-open-data.s3.amazonaws.com/photos/202192686/medium.jpeg,cc-by-nc-sa,119596315,needs_id,40.0811042778,-8.2507495833,native
lythrum_junceum_2326.jpeg,https://inaturalist-open-data.s3.amazonaws.com/photos/202192718/medium.jpeg,cc-by-nc-sa,119596315,needs_id,40.0811042778,-8.2507495833,native
lythrum_junceum_2327.jpeg,https://inaturalist-open-data.s3.amazonaws.com/photos/202192759/medium.jpeg,cc-by-nc-sa,119596315,needs_id,40.0811042778,-8.2507495833,native
lythrum_junceum_2328.jpeg,https://inaturalist-open-data.s3.amazonaws.com/photos/202192802/medium.jpeg,cc-by-nc-sa,119596315,needs_id,40.0811042778,-8.2507495833,native
lythrum_junceum_2329.jpeg,https://inaturalist-open-data.s3.amazonaws.com/photos/202192853/medium.jpeg,cc-by-nc-sa,119596315,needs_id,40.0811042778,-8.2507495833,native
lythrum_junceum_2330.jpeg,https://inaturalist-open-data.s3.amazonaws.com/photos/202117820/medium.jpeg,cc-by,119554523,needs_id,37.3588579722,-5.936535,native
lythrum_junceum_2331.jpeg,https://inaturalist-open-data.s3.amazonaws.com/photos/202117834/medium.jpeg,cc-by,119554523,needs_id,37.3588579722,-5.936535,native
lythrum_junceum_2332.jpeg,https://inaturalist-open-data.s3.amazonaws.com/photos/202117848/medium.jpeg,cc-by,119554523,needs_id,37.3588579722,-5.936535,native
lythrum_junceum_2333.jpeg,https://inaturalist-open-data.s3.amazonaws.com/photos/201974896/medium.jpeg,cc-by-nc,119479026,research,37.3553851031,-5.9375209361,native
lythrum_junceum_2334.jpeg,https://inaturalist-open-data.s3.amazonaws.com/photos/201974926/medium.jpeg,cc-by-nc,119479026,research,37.3553851031,-5.9375209361,native
lythrum_junceum_2335.jpeg,https://inaturalist-open-data.s3.amazonaws.com/photos/201974963/medium.jpeg,cc-by-nc,119479026,research,37.3553851031,-5.9375209361,native
lythrum_junceum_2336.jpeg,https://inaturalist-open-data.s3.amazonaws.com/photos/201975011/medium.jpeg,cc-by-nc,119479026,research,37.3553851031,-5.9375209361,native
lythrum_junceum_2337.jpeg,https://inaturalist-open-data.s3.amazonaws.com/photos/202123183/medium.jpeg,cc-by-nc,119298233,needs_id,42.2161827086,-8.7270355222,native
lythrum_junceum_2338.jpeg,https://inaturalist-open-data.s3.amazonaws.com/photos/202123201/medium.jpeg,cc-by-nc,119298233,needs_id,42.2161827086,-8.7270355222,native
lythrum_junceum_2339.jpeg,https://inaturalist-open-data.s3.amazonaws.com/photos/202123210/medium.jpeg,cc-by-nc,119298233,needs_id,42.2161827086,-8.7270355222,native
lythrum_junceum_2340.jpeg,https://inaturalist-open-data.s3.amazonaws.com/photos/201599557/medium.jpeg,cc-by,119269012,needs_id,40.19324472,-8.41726866,native
lythrum_junceum_2341.jpeg,https://inaturalist-open-data.s3.amazonaws.com/photos/201599596/medium.jpeg,cc-by,119269012,needs_id,40.19324472,-8.41726866,native
lythrum_junceum_2342.jpeg,https://inaturalist-open-data.s3.amazonaws.com/photos/201524233/medium.jpeg,cc-by-nc,119225129,research,43.231416,-8.6802899722,native
lythrum_junceum_2343.jpg,https://inaturalist-open-data.s3.amazonaws.com/photos/201487840/medium.jpg,cc-by,119203105,needs_id,37.830017396,24.9299928605,native
lythrum_junceum_2344.jpg,https://inaturalist-open-data.s3.amazonaws.com/photos/201255843/medium.jpg,cc-by,119076175,needs_id,39.2537018375,-9.3228320423,native
lythrum_junceum_2345.jpg,https://inaturalist-open-data.s3.amazonaws.com/photos/201255867/medium.jpg,cc-by,119076175,needs_id,39.2537018375,-9.3228320423,native
lythrum_junceum_2346.jpg,https://inaturalist-open-data.s3.amazonaws.com/photos/201255873/medium.jpg,cc-by,119076175,needs_id,39.2537018375,-9.3228320423,native
lythrum_junceum_2347.jpg,https://inaturalist-open-data.s3.amazonaws.com/photos/201255905/medium.jpg,cc-by,119076175,needs_id,39.2537018375,-9.3228320423,native
lythrum_junceum_2348.jpg,https://inaturalist-open-data.s3.amazonaws.com/photos/201255928/medium.jpg,cc-by,119076175,needs_id,39.2537018375,-9.3228320423,native
lythrum_junceum_2349.jpg,https://inaturalist-open-data.s3.amazonaws.com/photos/201255942/medium.jpg,cc-by,119076175,needs_id,39.2537018375,-9.3228320423,native
lythrum_junceum_2350.jpeg,https://inaturalist-open-data.s3.amazonaws.com/photos/200781141/medium.jpeg,cc-by-nc,118812430,research,43.2452715933,-8.336434029,native
lythrum_junceum_2351.jpeg,https://inaturalist-open-data.s3.amazonaws.com/photos/200781183/medium.jpeg,cc-by-nc,118812430,research,43.2452715933,-8.336434029,native
lythrum_junceum_2352.jpeg,https://inaturalist-open-data.s3.amazonaws.com/photos/200714098/medium.jpeg,cc-by-nc-sa,118773908,research,-38.3199033333,141.5948419444,native
lythrum_junceum_2353.jpg,https://inaturalist-open-data.s3.amazonaws.com/photos/200220929/medium.jpg,cc-by-nc,118499289,needs_id,37.1150090216,-7.6476804423,native
lythrum_junceum_2354.jpg,https://inaturalist-open-data.s3.amazonaws.com/photos/200254115/medium.jpg,cc-by-nc,118499289,needs_id,37.1150090216,-7.6476804423,native
lythrum_junceum_2355.jpg,https://inaturalist-open-data.s3.amazonaws.com/photos/200254145/medium.jpg,cc-by-nc,118499289,needs_id,37.1150090216,-7.6476804423,native
lythrum_junceum_2356.jpg,https://inaturalist-open-data.s3.amazonaws.com/photos/200254170/medium.jpg,cc-by-nc,118499289,needs_id,37.1150090216,-7.6476804423,native
lythrum_junceum_2357.jpeg,https://inaturalist-open-data.s3.amazonaws.com/photos/200023620/medium.jpeg,cc-by,118391997,research,40.92848441,-8.25793832,native
lythrum_junceum_2358.jpeg,https://inaturalist-open-data.s3.amazonaws.com/photos/200023713/medium.jpeg,cc-by,118391997,research,40.92848441,-8.25793832,native
lythrum_junceum_2359.jpeg,https://inaturalist-open-data.s3.amazonaws.com/photos/200023810/medium.jpeg,cc-by,118391997,research,40.92848441,-8.25793832,native
lythrum_junceum_2360.jpeg,https://inaturalist-open-data.s3.amazonaws.com/photos/199939720/medium.jpeg,cc-by-nc,118343493,research,39.9154045451,4.0571190288,native
lythrum_junceum_2361.jpg,https://inaturalist-open-data.s3.amazonaws.com/photos/199733466/medium.jpg,cc-by-nc,118205642,research,38.993329159,-9.1604746878,native
lythrum_junceum_2362.jpeg,https://inaturalist-open-data.s3.amazonaws.com/photos/199405110/medium.jpeg,cc-by-nc,118049788,research,39.3462442377,-9.1868136046,native
lythrum_junceum_2363.jpeg,https://inaturalist-open-data.s3.amazonaws.com/photos/199405126/medium.jpeg,cc-by-nc,118049788,research,39.3462442377,-9.1868136046,native
lythrum_junceum_2364.jpeg,https://inaturalist-open-data.s3.amazonaws.com/photos/199313536/medium.jpeg,cc-by-nc,117992058,needs_id,40.4995566667,-8.6653056667,native
lythrum_junceum_2365.jpeg,https://inaturalist-open-data.s3.amazonaws.com/photos/199312685/medium.jpeg,cc-by-nc,117991619,research,40.49967815,-8.66485682,native
lythrum_junceum_2366.jpg,https://inaturalist-open-data.s3.amazonaws.com/photos/199301785/medium.jpg,cc-by-nc,117985272,needs_id,36.2088147665,-5.46594265,native
lythrum_junceum_2367.jpeg,https://inaturalist-open-data.s3.amazonaws.com/photos/199302064/medium.jpeg,cc-by-nc,117985156,research,38.664327,-9.169261,native
lythrum_junceum_2368.jpeg,https://inaturalist-open-data.s3.amazonaws.com/photos/199302078/medium.jpeg,cc-by-nc,117985156,research,38.664327,-9.169261,native
lythrum_junceum_2369.jpeg,https://inaturalist-open-data.s3.amazonaws.com/photos/199302116/medium.jpeg,cc-by-nc,117985156,research,38.664327,-9.169261,native
lythrum_junceum_2370.jpeg,https://inaturalist-open-data.s3.amazonaws.com/photos/199252337/medium.jpeg,cc-by-nc,117956548,research,38.7027833333,-9.3146316667,native
lythrum_junceum_2371.jpeg,https://inaturalist-open-data.s3.amazonaws.com/photos/199252359/medium.jpeg,cc-by-nc,117956548,research,38.7027833333,-9.3146316667,native
lythrum_junceum_2372.jpeg,https://inaturalist-open-data.s3.amazonaws.com/photos/199252380/medium.jpeg,cc-by-nc,117956548,research,38.7027833333,-9.3146316667,native
lythrum_junceum_2373.jpeg,https://inaturalist-open-data.s3.amazonaws.com/photos/199214693/medium.jpeg,cc-by-nc,117936843,research,37.45583989,-121.86268133,introduced non-invasive
lythrum_junceum_2374.jpeg,https://inaturalist-open-data.s3.amazonaws.com/photos/199214908/medium.jpeg,cc-by-nc,117936843,research,37.45583989,-121.86268133,introduced non-invasive
lythrum_junceum_2375.jpeg,https://inaturalist-open-data.s3.amazonaws.com/photos/199146148/medium.jpeg,cc-by-nc-sa,117897463,needs_id,36.8458486968,4.0964503214,native
lythrum_junceum_2376.jpeg,https://inaturalist-open-data.s3.amazonaws.com/photos/199061223/medium.jpeg,cc-by-nc,117848842,research,33.2698111752,35.6319478952,
lythrum_junceum_2377.jpeg,https://inaturalist-open-data.s3.amazonaws.com/photos/199061200/medium.jpeg,cc-by-nc,117848842,research,33.2698111752,35.6319478952,
lythrum_junceum_2378.jpeg,https://inaturalist-open-data.s3.amazonaws.com/photos/199040824/medium.jpeg,cc-by-nc,117834490,needs_id,39.506312,19.9138249722,native
lythrum_junceum_2379.jpeg,https://inaturalist-open-data.s3.amazonaws.com/photos/198653005/medium.jpeg,cc-by-nc,117615070,research,42.5487736872,11.1910741298,native
lythrum_junceum_2380.jpeg,https://inaturalist-open-data.s3.amazonaws.com/photos/198444115/medium.jpeg,cc-by-nc,117554474,research,37.3636182012,-121.8278222195,introduced non-invasive
lythrum_junceum_2381.jpeg,https://inaturalist-open-data.s3.amazonaws.com/photos/198444131/medium.jpeg,cc-by-nc,117554474,research,37.3636182012,-121.8278222195,introduced non-invasive
lythrum_junceum_2382.jpeg,https://inaturalist-open-data.s3.amazonaws.com/photos/198444135/medium.jpeg,cc-by-nc,117554474,research,37.3636182012,-121.8278222195,introduced non-invasive
lythrum_junceum_2383.jpeg,https://inaturalist-open-data.s3.amazonaws.com/photos/198444149/medium.jpeg,cc-by-nc,117554474,research,37.3636182012,-121.8278222195,introduced non-invasive
lythrum_junceum_2384.jpeg,https://inaturalist-open-data.s3.amazonaws.com/photos/198364494/medium.jpeg,cc-by-nc,117454405,needs_id,39.9033250609,-8.6645074189,native
lythrum_junceum_2385.jpeg,https://inaturalist-open-data.s3.amazonaws.com/photos/198364761/medium.jpeg,cc-by-nc,117454405,needs_id,39.9033250609,-8.6645074189,native
lythrum_junceum_2386.jpeg,https://inaturalist-open-data.s3.amazonaws.com/photos/198317428/medium.jpeg,cc-by,117426849,needs_id,38.2873462,21.7951970997,native
lythrum_junceum_2387.jpeg,https://inaturalist-open-data.s3.amazonaws.com/photos/198290420/medium.jpeg,cc0,117411798,research,35.14564641,26.18556911,native
lythrum_junceum_2388.jpeg,https://inaturalist-open-data.s3.amazonaws.com/photos/198167168/medium.jpeg,cc-by-nc,117345892,needs_id,40.6345866667,-8.6607616667,native
lythrum_junceum_2389.jpg,https://inaturalist-open-data.s3.amazonaws.com/photos/197842896/medium.jpg,cc-by,117167695,research,40.2779327657,-8.3967159043,native
lythrum_junceum_2390.jpeg,https://inaturalist-open-data.s3.amazonaws.com/photos/197482678/medium.jpeg,cc-by-nc,116964265,needs_id,40.639163473,-8.6709281346,native
lythrum_junceum_2391.jpeg,https://inaturalist-open-data.s3.amazonaws.com/photos/197457091/medium.jpeg,cc-by-nc,116949360,needs_id,39.507848,19.9259979722,native
lythrum_junceum_2392.jpeg,https://inaturalist-open-data.s3.amazonaws.com/photos/197429720/medium.jpeg,cc-by-nc,116934134,research,32.6744389878,-17.0351544523,native
lythrum_junceum_2393.jpeg,https://inaturalist-open-data.s3.amazonaws.com/photos/197038625/medium.jpeg,cc-by-nc,116713594,research,43.1877811876,-8.4107191488,native
lythrum_junceum_2394.jpeg,https://inaturalist-open-data.s3.amazonaws.com/photos/197038656/medium.jpeg,cc-by-nc,116713594,research,43.1877811876,-8.4107191488,native
lythrum_junceum_2395.jpg,https://inaturalist-open-data.s3.amazonaws.com/photos/196601497/medium.jpg,cc-by-nc,116467421,needs_id,38.4589366667,-8.4477616667,native
lythrum_junceum_2396.jpg,https://inaturalist-open-data.s3.amazonaws.com/photos/196601625/medium.jpg,cc-by-nc,116467421,needs_id,38.4589366667,-8.4477616667,native
lythrum_junceum_2397.jpg,https://inaturalist-open-data.s3.amazonaws.com/photos/195677560/medium.jpg,cc-by,115941841,needs_id,35.25612833,25.38238833,native
lythrum_junceum_2398.jpg,https://inaturalist-open-data.s3.amazonaws.com/photos/195677492/medium.jpg,cc-by,115941809,needs_id,35.25632833,25.38219667,native
lythrum_junceum_2399.jpg,https://inaturalist-open-data.s3.amazonaws.com/photos/195669469/medium.jpg,cc-by,115937329,needs_id,35.24197,25.39993833,native
lythrum_junceum_2400.jpeg,https://inaturalist-open-data.s3.amazonaws.com/photos/195373277/medium.jpeg,cc-by-nc,115759069,research,32.9685903997,35.6736938,
lythrum_junceum_2401.jpeg,https://inaturalist-open-data.s3.amazonaws.com/photos/195064256/medium.jpeg,cc0,115578278,needs_id,40.63175167,-8.66084995,native
lythrum_junceum_2402.jpeg,https://inaturalist-open-data.s3.amazonaws.com/photos/194433420/medium.jpeg,cc-by-nc-nd,115186183,needs_id,40.2921380002,-8.4385463304,native
lythrum_junceum_2403.jpeg,https://inaturalist-open-data.s3.amazonaws.com/photos/194433574/medium.jpeg,cc-by-nc-nd,115186183,needs_id,40.2921380002,-8.4385463304,native
lythrum_junceum_2404.jpeg,https://inaturalist-open-data.s3.amazonaws.com/photos/193937748/medium.jpeg,cc-by-nc,114879374,research,35.1083717346,36.0768508911,
lythrum_junceum_2405.jpeg,https://inaturalist-open-data.s3.amazonaws.com/photos/193928363/medium.jpeg,cc-by-nc,114876710,research,37.40584784,-121.95325611,introduced non-invasive
lythrum_junceum_2406.jpeg,https://inaturalist-open-data.s3.amazonaws.com/photos/193928404/medium.jpeg,cc-by-nc,114876710,research,37.40584784,-121.95325611,introduced non-invasive
lythrum_junceum_2407.jpeg,https://inaturalist-open-data.s3.amazonaws.com/photos/193928457/medium.jpeg,cc-by-nc,114876710,research,37.40584784,-121.95325611,introduced non-invasive
lythrum_junceum_2408.jpeg,https://inaturalist-open-data.s3.amazonaws.com/photos/193928529/medium.jpeg,cc-by-nc,114876710,research,37.40584784,-121.95325611,introduced non-invasive
lythrum_junceum_2409.jpeg,https://inaturalist-open-data.s3.amazonaws.com/photos/192426410/medium.jpeg,cc-by,113926560,research,35.0999533333,26.24088,native
lythrum_junceum_2410.jpeg,https://inaturalist-open-data.s3.amazonaws.com/photos/192426508/medium.jpeg,cc-by,113926560,research,35.0999533333,26.24088,native
lythrum_junceum_2411.jpeg,https://inaturalist-open-data.s3.amazonaws.com/photos/192426642/medium.jpeg,cc-by,113926560,research,35.0999533333,26.24088,native
lythrum_junceum_2412.jpeg,https://inaturalist-open-data.s3.amazonaws.com/photos/192367212/medium.jpeg,cc-by-nc,113889932,research,35.742281,4.548945,native
lythrum_junceum_2413.jpeg,https://inaturalist-open-data.s3.amazonaws.com/photos/192368404/medium.jpeg,cc-by-nc,113889932,research,35.742281,4.548945,native
lythrum_junceum_2414.jpg,https://inaturalist-open-data.s3.amazonaws.com/photos/192313236/medium.jpg,cc-by-nc,113853475,research,40.3981533333,-8.4546,native
lythrum_junceum_2415.jpg,https://inaturalist-open-data.s3.amazonaws.com/photos/192313306/medium.jpg,cc-by-nc,113853475,research,40.3981533333,-8.4546,native
lythrum_junceum_2416.jpg,https://inaturalist-open-data.s3.amazonaws.com/photos/192313392/medium.jpg,cc-by-nc,113853475,research,40.3981533333,-8.4546,native
lythrum_junceum_2417.jpeg,https://inaturalist-open-data.s3.amazonaws.com/photos/191776028/medium.jpeg,cc-by,113517378,needs_id,35.0950783333,26.2607583333,native
lythrum_junceum_2418.jpeg,https://inaturalist-open-data.s3.amazonaws.com/photos/191776133/medium.jpeg,cc-by,113517378,needs_id,35.0950783333,26.2607583333,native
lythrum_junceum_2419.jpeg,https://inaturalist-open-data.s3.amazonaws.com/photos/191776251/medium.jpeg,cc-by,113517378,needs_id,35.0950783333,26.2607583333,native
lythrum_junceum_2420.jpeg,https://inaturalist-open-data.s3.amazonaws.com/photos/191775671/medium.jpeg,cc-by-nc,113517171,research,35.9192695617,14.3520975111,native
lythrum_junceum_2421.jpeg,https://inaturalist-open-data.s3.amazonaws.com/photos/191775773/medium.jpeg,cc-by-nc,113517171,research,35.9192695617,14.3520975111,native
lythrum_junceum_2422.jpeg,https://inaturalist-open-data.s3.amazonaws.com/photos/191775863/medium.jpeg,cc-by-nc,113517171,research,35.9192695617,14.3520975111,native
lythrum_junceum_2423.jpeg,https://inaturalist-open-data.s3.amazonaws.com/photos/191613224/medium.jpeg,cc-by-nc,113410918,needs_id,37.0794395433,-8.2757416288,native
lythrum_junceum_2424.jpeg,https://inaturalist-open-data.s3.amazonaws.com/photos/191500602/medium.jpeg,cc-by-nc,113333544,needs_id,37.6105373021,12.6523601264,native
lythrum_junceum_2425.jpeg,https://inaturalist-open-data.s3.amazonaws.com/photos/191500621/medium.jpeg,cc-by-nc,113333544,needs_id,37.6105373021,12.6523601264,native
lythrum_junceum_2426.jpeg,https://inaturalist-open-data.s3.amazonaws.com/photos/191500642/medium.jpeg,cc-by-nc,113333544,needs_id,37.6105373021,12.6523601264,native
lythrum_junceum_2427.jpeg,https://inaturalist-open-data.s3.amazonaws.com/photos/190983067/medium.jpeg,cc-by-nc,113043008,research,42.4372586329,-8.6341261486,native
lythrum_junceum_2428.jpeg,https://inaturalist-open-data.s3.amazonaws.com/photos/190005931/medium.jpeg,cc-by-nc,112489370,research,32.154368232,34.830775084,native
lythrum_junceum_2429.jpeg,https://inaturalist-open-data.s3.amazonaws.com/photos/190005946/medium.jpeg,cc-by-nc,112489370,research,32.154368232,34.830775084,native
lythrum_junceum_2430.jpeg,https://inaturalist-open-data.s3.amazonaws.com/photos/189634974/medium.jpeg,cc-by-nc,112274888,research,37.45585099,-121.86366255,introduced non-invasive
lythrum_junceum_2431.jpeg,https://inaturalist-open-data.s3.amazonaws.com/photos/189634985/medium.jpeg,cc-by-nc,112274888,research,37.45585099,-121.86366255,introduced non-invasive
lythrum_junceum_2432.jpeg,https://inaturalist-open-data.s3.amazonaws.com/photos/189634982/medium.jpeg,cc-by-nc,112274888,research,37.45585099,-121.86366255,introduced non-invasive
lythrum_junceum_2433.jpeg,https://inaturalist-open-data.s3.amazonaws.com/photos/189628522/medium.jpeg,cc-by-nc,112269536,research,37.40847809,-121.98661175,introduced non-invasive
lythrum_junceum_2434.jpeg,https://inaturalist-open-data.s3.amazonaws.com/photos/189628527/medium.jpeg,cc-by-nc,112269536,research,37.40847809,-121.98661175,introduced non-invasive
lythrum_junceum_2435.jpeg,https://inaturalist-open-data.s3.amazonaws.com/photos/189628587/medium.jpeg,cc-by-nc,112269536,research,37.40847809,-121.98661175,introduced non-invasive
lythrum_junceum_2436.jpg,https://inaturalist-open-data.s3.amazonaws.com/photos/189505082/medium.jpg,cc-by-nc,112201372,needs_id,38.4589916667,-8.44775,native
lythrum_junceum_2437.jpg,https://inaturalist-open-data.s3.amazonaws.com/photos/189505102/medium.jpg,cc-by-nc,112201372,needs_id,38.4589916667,-8.44775,native
lythrum_junceum_2438.jpg,https://inaturalist-open-data.s3.amazonaws.com/photos/189505123/medium.jpg,cc-by-nc,112201372,needs_id,38.4589916667,-8.44775,native
lythrum_junceum_2439.jpg,https://inaturalist-open-data.s3.amazonaws.com/photos/189505142/medium.jpg,cc-by-nc,112201372,needs_id,38.4589916667,-8.44775,native
lythrum_junceum_2440.jpg,https://inaturalist-open-data.s3.amazonaws.com/photos/189504834/medium.jpg,cc-by-nc,112201230,needs_id,38.4589133333,-8.4482916667,native
lythrum_junceum_2441.jpg,https://inaturalist-open-data.s3.amazonaws.com/photos/189504860/medium.jpg,cc-by-nc,112201230,needs_id,38.4589133333,-8.4482916667,native
lythrum_junceum_2442.jpg,https://inaturalist-open-data.s3.amazonaws.com/photos/189504884/medium.jpg,cc-by-nc,112201230,needs_id,38.4589133333,-8.4482916667,native
lythrum_junceum_2443.jpg,https://inaturalist-open-data.s3.amazonaws.com/photos/189504909/medium.jpg,cc-by-nc,112201230,needs_id,38.4589133333,-8.4482916667,native
lythrum_junceum_2444.jpg,https://inaturalist-open-data.s3.amazonaws.com/photos/188652293/medium.jpg,cc-by-nc,111731758,casual,37.8965716667,-122.0586778333,introduced non-invasive
lythrum_junceum_2445.jpg,https://inaturalist-open-data.s3.amazonaws.com/photos/187300071/medium.jpg,cc-by-nc,110981371,needs_id,38.6152496336,-9.0370502469,native
lythrum_junceum_2446.jpeg,https://inaturalist-open-data.s3.amazonaws.com/photos/185808495/medium.jpeg,cc-by-nc,110171031,research,-38.2619845434,141.4725121036,native
lythrum_junceum_2447.jpg,https://inaturalist-open-data.s3.amazonaws.com/photos/185366404/medium.jpg,cc-by-nc,109930472,research,32.8784582252,35.103784432,
lythrum_junceum_2448.jpg,https://inaturalist-open-data.s3.amazonaws.com/photos/185366403/medium.jpg,cc-by-nc,109930472,research,32.8784582252,35.103784432,
lythrum_junceum_2449.jpg,https://inaturalist-open-data.s3.amazonaws.com/photos/185366389/medium.jpg,cc-by-nc,109930472,research,32.8784582252,35.103784432,
lythrum_junceum_2450.jpeg,https://inaturalist-open-data.s3.amazonaws.com/photos/185207008/medium.jpeg,cc-by-nc,109846401,research,32.505224,34.9585716,native
lythrum_junceum_2451.jpeg,https://inaturalist-open-data.s3.amazonaws.com/photos/184948506/medium.jpeg,cc-by-nc-sa,109707805,research,-37.9235966667,145.3319219444,native
lythrum_junceum_2452.jpeg,https://inaturalist-open-data.s3.amazonaws.com/photos/184948538/medium.jpeg,cc-by-nc-sa,109707805,research,-37.9235966667,145.3319219444,native
lythrum_junceum_2453.jpeg,https://inaturalist-open-data.s3.amazonaws.com/photos/183396907/medium.jpeg,cc-by-nc,108878358,research,-38.3511361363,141.5978615143,native
lythrum_junceum_2454.jpg,https://inaturalist-open-data.s3.amazonaws.com/photos/180638164/medium.jpg,cc-by-nc,107406557,research,39.6850805556,19.8404666667,native
lythrum_junceum_2455.jpg,https://inaturalist-open-data.s3.amazonaws.com/photos/180595028/medium.jpg,cc-by-nc,107383523,research,36.24814,-5.576715,native
lythrum_junceum_2456.jpg,https://inaturalist-open-data.s3.amazonaws.com/photos/178272829/medium.jpg,cc-by,106153537,research,35.5144159167,-5.7481067,native
lythrum_junceum_2457.jpg,https://inaturalist-open-data.s3.amazonaws.com/photos/178272847/medium.jpg,cc-by,106153537,research,35.5144159167,-5.7481067,native
lythrum_junceum_2458.jpg,https://inaturalist-open-data.s3.amazonaws.com/photos/178221170/medium.jpg,cc-by,106126068,research,35.5150723167,-5.7484150333,native
lythrum_junceum_2459.jpg,https://inaturalist-open-data.s3.amazonaws.com/photos/178221181/medium.jpg,cc-by,106126068,research,35.5150723167,-5.7484150333,native
lythrum_junceum_2460.jpg,https://inaturalist-open-data.s3.amazonaws.com/photos/178221188/medium.jpg,cc-by,106126068,research,35.5150723167,-5.7484150333,native
lythrum_junceum_2461.jpg,https://inaturalist-open-data.s3.amazonaws.com/photos/177976060/medium.jpg,cc-by,105997704,research,35.1643896148,-5.2636979729,native
lythrum_junceum_2462.jpg,https://inaturalist-open-data.s3.amazonaws.com/photos/177976108/medium.jpg,cc-by,105997704,research,35.1643896148,-5.2636979729,native
lythrum_junceum_2463.jpg,https://inaturalist-open-data.s3.amazonaws.com/photos/177977201/medium.jpg,cc-by,105997704,research,35.1643896148,-5.2636979729,native
lythrum_junceum_2464.jpeg,https://inaturalist-open-data.s3.amazonaws.com/photos/177888616/medium.jpeg,cc-by-nc-sa,105949902,research,-37.9401080556,145.2244130556,native
lythrum_junceum_2465.jpeg,https://inaturalist-open-data.s3.amazonaws.com/photos/177888620/medium.jpeg,cc-by-nc-sa,105949902,research,-37.9401080556,145.2244130556,native
lythrum_junceum_2466.jpeg,https://inaturalist-open-data.s3.amazonaws.com/photos/177871806/medium.jpeg,cc-by-nc-sa,105940840,research,-37.9233394444,145.3314272222,native
lythrum_junceum_2467.jpeg,https://inaturalist-open-data.s3.amazonaws.com/photos/177871791/medium.jpeg,cc-by-nc-sa,105940840,research,-37.9233394444,145.3314272222,native
lythrum_junceum_2468.jpeg,https://inaturalist-open-data.s3.amazonaws.com/photos/177860604/medium.jpeg,cc-by-nc-sa,105935337,research,-37.9241694444,145.3372180556,native
lythrum_junceum_2469.jpeg,https://inaturalist-open-data.s3.amazonaws.com/photos/176565656/medium.jpeg,cc-by-nc,105256819,research,-38.178815,141.4960516667,native
lythrum_junceum_2470.jpeg,https://inaturalist-open-data.s3.amazonaws.com/photos/176399784/medium.jpeg,cc-by-nc,105171120,research,-35.9642281411,174.1176810008,
lythrum_junceum_2471.jpeg,https://inaturalist-open-data.s3.amazonaws.com/photos/176399792/medium.jpeg,cc-by-nc,105171120,research,-35.9642281411,174.1176810008,
lythrum_junceum_2472.jpg,https://inaturalist-open-data.s3.amazonaws.com/photos/175977757/medium.jpg,cc-by-nc,104951623,research,-38.4836475606,142.9784267802,native
lythrum_junceum_2473.jpg,https://inaturalist-open-data.s3.amazonaws.com/photos/175977766/medium.jpg,cc-by-nc,104951623,research,-38.4836475606,142.9784267802,native
lythrum_junceum_2474.jpg,https://inaturalist-open-data.s3.amazonaws.com/photos/175650147/medium.jpg,cc-by-nc,104781644,research,-38.2133266303,141.676745678,native
lythrum_junceum_2475.jpg,https://inaturalist-open-data.s3.amazonaws.com/photos/175650140/medium.jpg,cc-by-nc,104781644,research,-38.2133266303,141.676745678,native
lythrum_junceum_2476.jpeg,https://inaturalist-open-data.s3.amazonaws.com/photos/174992011/medium.jpeg,cc-by,104435482,research,-36.6319444444,174.6702777778,
lythrum_junceum_2477.jpeg,https://inaturalist-open-data.s3.amazonaws.com/photos/174879222/medium.jpeg,cc-by-nc,104374336,research,-35.2746627589,138.5619810071,native
lythrum_junceum_2478.jpeg,https://inaturalist-open-data.s3.amazonaws.com/photos/174640344/medium.jpeg,cc-by-nc-sa,104241205,research,-37.9174148539,141.6574886741,native
lythrum_junceum_2479.jpeg,https://inaturalist-open-data.s3.amazonaws.com/photos/174641028/medium.jpeg,cc-by-nc-sa,104241205,research,-37.9174148539,141.6574886741,native
lythrum_junceum_2480.jpeg,https://inaturalist-open-data.s3.amazonaws.com/photos/174641055/medium.jpeg,cc-by-nc-sa,104241205,research,-37.9174148539,141.6574886741,native
lythrum_junceum_2481.jpg,https://inaturalist-open-data.s3.amazonaws.com/photos/174630449/medium.jpg,cc-by-nc,104235947,research,-37.9245967325,145.3346347345,native
lythrum_junceum_2482.jpeg,https://inaturalist-open-data.s3.amazonaws.com/photos/174109801/medium.jpeg,cc-by-nc-sa,103949243,research,-37.9363247222,145.3885247222,native
lythrum_junceum_2483.jpeg,https://inaturalist-open-data.s3.amazonaws.com/photos/173860076/medium.jpeg,cc-by-nc,103822661,research,-37.9434899579,145.3445923042,native
lythrum_junceum_2484.jpeg,https://inaturalist-open-data.s3.amazonaws.com/photos/173568058/medium.jpeg,cc-by-nc,103672330,research,-37.9233222222,145.3330222222,native
lythrum_junceum_2485.jpeg,https://inaturalist-open-data.s3.amazonaws.com/photos/173230405/medium.jpeg,cc-by-nc,103497148,needs_id,-38.0466833333,140.9135444444,native
lythrum_junceum_2486.jpeg,https://inaturalist-open-data.s3.amazonaws.com/photos/173231279/medium.jpeg,cc-by-nc,103497148,needs_id,-38.0466833333,140.9135444444,native
lythrum_junceum_2487.jpeg,https://inaturalist-open-data.s3.amazonaws.com/photos/173167153/medium.jpeg,cc-by-nc,103463204,research,-38.3230896284,142.6328516006,native
lythrum_junceum_2488.jpeg,https://inaturalist-open-data.s3.amazonaws.com/photos/172615975/medium.jpeg,cc-by,103171054,needs_id,-37.9158296138,145.3250073642,native
lythrum_junceum_2489.jpeg,https://inaturalist-open-data.s3.amazonaws.com/photos/171334218/medium.jpeg,cc-by-nc,102488093,casual,,,
lythrum_junceum_2490.jpeg,https://inaturalist-open-data.s3.amazonaws.com/photos/171204302/medium.jpeg,cc-by-nc,102421426,research,43.392304,-4.430919,native
lythrum_junceum_2491.jpg,https://inaturalist-open-data.s3.amazonaws.com/photos/170488373/medium.jpg,cc-by-nc,102034916,research,-36.8322461869,174.6612932546,
lythrum_junceum_2492.jpg,https://inaturalist-open-data.s3.amazonaws.com/photos/170488419/medium.jpg,cc-by-nc,102034916,research,-36.8322461869,174.6612932546,
lythrum_junceum_2493.jpg,https://inaturalist-open-data.s3.amazonaws.com/photos/170488465/medium.jpg,cc-by-nc,102034916,research,-36.8322461869,174.6612932546,
lythrum_junceum_2494.jpg,https://inaturalist-open-data.s3.amazonaws.com/photos/170488513/medium.jpg,cc-by-nc,102034916,research,-36.8322461869,174.6612932546,
lythrum_junceum_2495.jpg,https://inaturalist-open-data.s3.amazonaws.com/photos/170488568/medium.jpg,cc-by-nc,102034916,research,-36.8322461869,174.6612932546,
lythrum_junceum_2496.jpg,https://inaturalist-open-data.s3.amazonaws.com/photos/170488594/medium.jpg,cc-by-nc,102034916,research,-36.8322461869,174.6612932546,
lythrum_junceum_2497.jpg,https://inaturalist-open-data.s3.amazonaws.com/photos/170488623/medium.jpg,cc-by-nc,102034916,research,-36.8322461869,174.6612932546,
lythrum_junceum_2498.jpg,https://inaturalist-open-data.s3.amazonaws.com/photos/170242714/medium.jpg,cc-by-sa,101904653,research,35.2760166667,24.5819666667,native
lythrum_junceum_2499.jpg,https://inaturalist-open-data.s3.amazonaws.com/photos/170242741/medium.jpg,cc-by-sa,101904653,research,35.2760166667,24.5819666667,native
lythrum_junceum_2500.jpeg,https://inaturalist-open-data.s3.amazonaws.com/photos/170023874/medium.jpeg,cc-by-nc,101784814,research,-36.40738289,174.63019275,
lythrum_junceum_2501.jpeg,https://inaturalist-open-data.s3.amazonaws.com/photos/170023894/medium.jpeg,cc-by-nc,101784814,research,-36.40738289,174.63019275,
lythrum_junceum_2502.jpeg,https://inaturalist-open-data.s3.amazonaws.com/photos/170023906/medium.jpeg,cc-by-nc,101784814,research,-36.40738289,174.63019275,
lythrum_junceum_2503.jpeg,https://inaturalist-open-data.s3.amazonaws.com/photos/169752584/medium.jpeg,cc-by-nc,101636696,research,42.8673515278,-8.6584529722,native
lythrum_junceum_2504.jpeg,https://inaturalist-open-data.s3.amazonaws.com/photos/169484937/medium.jpeg,cc-by,101480622,research,32.7552265074,-17.1442243561,native
lythrum_junceum_2505.jpeg,https://inaturalist-open-data.s3.amazonaws.com/photos/169485091/medium.jpeg,cc-by,101480622,research,32.7552265074,-17.1442243561,native
lythrum_junceum_2506.jpeg,https://inaturalist-open-data.s3.amazonaws.com/photos/169485140/medium.jpeg,cc-by,101480622,research,32.7552265074,-17.1442243561,native
lythrum_junceum_2507.jpeg,https://inaturalist-open-data.s3.amazonaws.com/photos/169485170/medium.jpeg,cc-by,101480622,research,32.7552265074,-17.1442243561,native
lythrum_junceum_2508.jpeg,https://inaturalist-open-data.s3.amazonaws.com/photos/168411036/medium.jpeg,cc-by-nc-sa,100876635,research,-37.1383356,175.5405213,
lythrum_junceum_2509.jpeg,https://inaturalist-open-data.s3.amazonaws.com/photos/168411058/medium.jpeg,cc-by-nc-sa,100876635,research,-37.1383356,175.5405213,
lythrum_junceum_2510.jpeg,https://inaturalist-open-data.s3.amazonaws.com/photos/168309010/medium.jpeg,cc-by-nc,100819118,research,-38.6912829722,143.1557099722,native
lythrum_junceum_2511.jpeg,https://inaturalist-open-data.s3.amazonaws.com/photos/168309033/medium.jpeg,cc-by-nc,100819118,research,-38.6912829722,143.1557099722,native
lythrum_junceum_2512.jpeg,https://inaturalist-open-data.s3.amazonaws.com/photos/168309058/medium.jpeg,cc-by-nc,100819118,research,-38.6912829722,143.1557099722,native
lythrum_junceum_2513.jpeg,https://inaturalist-open-data.s3.amazonaws.com/photos/168309076/medium.jpeg,cc-by-nc,100819118,research,-38.6912829722,143.1557099722,native
lythrum_junceum_2514.jpeg,https://inaturalist-open-data.s3.amazonaws.com/photos/168309096/medium.jpeg,cc-by-nc,100819118,research,-38.6912829722,143.1557099722,native
lythrum_junceum_2515.jpeg,https://inaturalist-open-data.s3.amazonaws.com/photos/168309114/medium.jpeg,cc-by-nc,100819118,research,-38.6912829722,143.1557099722,native
lythrum_junceum_2516.jpg,https://inaturalist-open-data.s3.amazonaws.com/photos/168193119/medium.jpg,cc-by-nc,100755584,research,-37.7287333333,175.24907,
lythrum_junceum_2517.jpg,https://inaturalist-open-data.s3.amazonaws.com/photos/168193123/medium.jpg,cc-by-nc,100755584,research,-37.7287333333,175.24907,
lythrum_junceum_2518.jpg,https://inaturalist-open-data.s3.amazonaws.com/photos/168193129/medium.jpg,cc-by-nc,100755584,research,-37.7287333333,175.24907,
lythrum_junceum_2519.jpg,https://inaturalist-open-data.s3.amazonaws.com/photos/168193139/medium.jpg,cc-by-nc,100755584,research,-37.7287333333,175.24907,
lythrum_junceum_2520.jpg,https://inaturalist-open-data.s3.amazonaws.com/photos/167691212/medium.jpg,cc-by,100469402,research,-37.9430602609,145.3447429509,native
lythrum_junceum_2521.jpg,https://inaturalist-open-data.s3.amazonaws.com/photos/163959300/medium.jpg,cc-by-nc,98474347,needs_id,37.1573048,-7.5462945,native
lythrum_junceum_2522.jpg,https://inaturalist-open-data.s3.amazonaws.com/photos/163959529/medium.jpg,cc-by-nc,98474347,needs_id,37.1573048,-7.5462945,native
lythrum_junceum_2523.jpeg,https://inaturalist-open-data.s3.amazonaws.com/photos/162156341/medium.jpeg,cc-by-nc,97496979,research,38.5562987266,-9.03559584,native
lythrum_junceum_2524.jpeg,https://inaturalist-open-data.s3.amazonaws.com/photos/162156497/medium.jpeg,cc-by-nc,97496979,research,38.5562987266,-9.03559584,native
lythrum_junceum_2525.jpeg,https://inaturalist-open-data.s3.amazonaws.com/photos/162156558/medium.jpeg,cc-by-nc,97496979,research,38.5562987266,-9.03559584,native
lythrum_junceum_2526.jpeg,https://inaturalist-open-data.s3.amazonaws.com/photos/162156638/medium.jpeg,cc-by-nc,97496979,research,38.5562987266,-9.03559584,native
lythrum_junceum_2527.jpg,https://inaturalist-open-data.s3.amazonaws.com/photos/161474740/medium.jpg,cc-by-nc,97131634,research,38.8818315,-9.4462091,native
lythrum_junceum_2528.jpg,https://inaturalist-open-data.s3.amazonaws.com/photos/160923522/medium.jpg,cc-by-nc,96831244,needs_id,39.1479028333,-9.2160883333,native
lythrum_junceum_2529.jpg,https://inaturalist-open-data.s3.amazonaws.com/photos/160923536/medium.jpg,cc-by-nc,96831244,needs_id,39.1479028333,-9.2160883333,native
lythrum_junceum_2530.jpg,https://inaturalist-open-data.s3.amazonaws.com/photos/160275700/medium.jpg,cc-by-nc-sa,96470735,needs_id,40.1285858056,-8.2263593611,native
lythrum_junceum_2531.jpg,https://inaturalist-open-data.s3.amazonaws.com/photos/160275764/medium.jpg,cc-by-nc-sa,96470735,needs_id,40.1285858056,-8.2263593611,native
lythrum_junceum_2532.jpg,https://inaturalist-open-data.s3.amazonaws.com/photos/160255426/medium.jpg,cc-by-nc-sa,96459584,research,40.1289024167,-8.2262182222,native
lythrum_junceum_2533.jpg,https://inaturalist-open-data.s3.amazonaws.com/photos/160255431/medium.jpg,cc-by-nc-sa,96459584,research,40.1289024167,-8.2262182222,native
lythrum_junceum_2534.jpg,https://inaturalist-open-data.s3.amazonaws.com/photos/160255433/medium.jpg,cc-by-nc-sa,96459584,research,40.1289024167,-8.2262182222,native
lythrum_junceum_2535.jpg,https://inaturalist-open-data.s3.amazonaws.com/photos/160255443/medium.jpg,cc-by-nc-sa,96459584,research,40.1289024167,-8.2262182222,native
lythrum_junceum_2536.jpg,https://inaturalist-open-data.s3.amazonaws.com/photos/160255442/medium.jpg,cc-by-nc-sa,96459584,research,40.1289024167,-8.2262182222,native
lythrum_junceum_2537.jpg,https://inaturalist-open-data.s3.amazonaws.com/photos/160255450/medium.jpg,cc-by-nc-sa,96459584,research,40.1289024167,-8.2262182222,native
lythrum_junceum_2538.jpeg,https://inaturalist-open-data.s3.amazonaws.com/photos/159885072/medium.jpeg,cc-by-nc,96255724,needs_id,32.1099151337,34.9203597858,native
lythrum_junceum_2539.jpeg,https://inaturalist-open-data.s3.amazonaws.com/photos/159886239/medium.jpeg,cc-by-nc,96255724,needs_id,32.1099151337,34.9203597858,native
lythrum_junceum_2540.jpg,https://inaturalist-open-data.s3.amazonaws.com/photos/159167752/medium.jpg,cc-by-nc,95847811,research,42.8357066667,-9.1001216667,native
lythrum_junceum_2541.jpg,https://inaturalist-open-data.s3.amazonaws.com/photos/157895184/medium.jpg,cc-by-nc,95130674,needs_id,41.1677333333,-8.6750083333,native
lythrum_junceum_2542.jpg,https://inaturalist-open-data.s3.amazonaws.com/photos/156223366/medium.jpg,cc-by-nc,94191946,needs_id,35.0436444444,32.4204361111,native
lythrum_junceum_2543.jpg,https://inaturalist-open-data.s3.amazonaws.com/photos/156223411/medium.jpg,cc-by-nc,94191946,needs_id,35.0436444444,32.4204361111,native
lythrum_junceum_2544.jpeg,https://inaturalist-open-data.s3.amazonaws.com/photos/155330590/medium.jpeg,cc-by-nc,93697081,research,42.7835469935,-8.9197444171,native
lythrum_junceum_2545.jpeg,https://inaturalist-open-data.s3.amazonaws.com/photos/155214919/medium.jpeg,cc-by-nc,93634313,needs_id,36.9229232445,-3.4884600673,native
lythrum_junceum_2546.jpeg,https://inaturalist-open-data.s3.amazonaws.com/photos/155214950/medium.jpeg,cc-by-nc,93634313,needs_id,36.9229232445,-3.4884600673,native
lythrum_junceum_2547.jpeg,https://inaturalist-open-data.s3.amazonaws.com/photos/155214978/medium.jpeg,cc-by-nc,93634313,needs_id,36.9229232445,-3.4884600673,native
lythrum_junceum_2548.jpg,https://inaturalist-open-data.s3.amazonaws.com/photos/155133423/medium.jpg,cc-by-nc,93591831,needs_id,32.8128798247,-16.8745066881,native
lythrum_junceum_2549.jpg,https://inaturalist-open-data.s3.amazonaws.com/photos/154776391/medium.jpg,cc-by,93388500,research,43.282695962,-8.3765458713,native
lythrum_junceum_2550.jpg,https://inaturalist-open-data.s3.amazonaws.com/photos/154776436/medium.jpg,cc-by,93388500,research,43.282695962,-8.3765458713,native
lythrum_junceum_2551.jpeg,https://inaturalist-open-data.s3.amazonaws.com/photos/154568642/medium.jpeg,cc-by-nc-sa,93273982,needs_id,41.0794444444,-8.6477777778,native
lythrum_junceum_2552.jpeg,https://inaturalist-open-data.s3.amazonaws.com/photos/153632678/medium.jpeg,cc-by-nc,92756077,research,40.6413421631,-8.7073431014,native
lythrum_junceum_2553.jpeg,https://inaturalist-open-data.s3.amazonaws.com/photos/153632710/medium.jpeg,cc-by-nc,92756077,research,40.6413421631,-8.7073431014,native
lythrum_junceum_2554.jpeg,https://inaturalist-open-data.s3.amazonaws.com/photos/153632748/medium.jpeg,cc-by-nc,92756077,research,40.6413421631,-8.7073431014,native
lythrum_junceum_2555.jpeg,https://inaturalist-open-data.s3.amazonaws.com/photos/153142225/medium.jpeg,cc-by-nc,92485596,research,37.39584258,-121.91519479,introduced non-invasive
lythrum_junceum_2556.jpg,https://inaturalist-open-data.s3.amazonaws.com/photos/152778349/medium.jpg,cc0,92284981,research,42.26891,-8.85516,native
lythrum_junceum_2557.jpg,https://inaturalist-open-data.s3.amazonaws.com/photos/152778411/medium.jpg,cc0,92284981,research,42.26891,-8.85516,native
lythrum_junceum_2558.jpg,https://inaturalist-open-data.s3.amazonaws.com/photos/152778426/medium.jpg,cc0,92284981,research,42.26891,-8.85516,native
lythrum_junceum_2559.jpg,https://inaturalist-open-data.s3.amazonaws.com/photos/152778439/medium.jpg,cc0,92284981,research,42.26891,-8.85516,native
lythrum_junceum_2560.jpg,https://inaturalist-open-data.s3.amazonaws.com/photos/152778449/medium.jpg,cc0,92284981,research,42.26891,-8.85516,native
lythrum_junceum_2561.jpg,https://inaturalist-open-data.s3.amazonaws.com/photos/152778480/medium.jpg,cc0,92284981,research,42.26891,-8.85516,native
lythrum_junceum_2562.jpg,https://inaturalist-open-data.s3.amazonaws.com/photos/152778497/medium.jpg,cc0,92284981,research,42.26891,-8.85516,native
lythrum_junceum_2563.jpeg,https://inaturalist-open-data.s3.amazonaws.com/photos/152566810/medium.jpeg,cc-by-nc,92170001,research,43.5876159667,6.9383301733,native
lythrum_junceum_2564.jpeg,https://inaturalist-open-data.s3.amazonaws.com/photos/152566834/medium.jpeg,cc-by-nc,92170001,research,43.5876159667,6.9383301733,native
lythrum_junceum_2565.jpeg,https://inaturalist-open-data.s3.amazonaws.com/photos/152566860/medium.jpeg,cc-by-nc,92170001,research,43.5876159667,6.9383301733,native
lythrum_junceum_2566.jpeg,https://inaturalist-open-data.s3.amazonaws.com/photos/152566881/medium.jpeg,cc-by-nc,92170001,research,43.5876159667,6.9383301733,native
lythrum_junceum_2567.jpeg,https://inaturalist-open-data.s3.amazonaws.com/photos/152566910/medium.jpeg,cc-by-nc,92170001,research,43.5876159667,6.9383301733,native
lythrum_junceum_2568.jpeg,https://inaturalist-open-data.s3.amazonaws.com/photos/151445831/medium.jpeg,cc-by-nc,91545069,research,41.6326179444,-8.8116426389,native
lythrum_junceum_2569.jpeg,https://inaturalist-open-data.s3.amazonaws.com/photos/151445855/medium.jpeg,cc-by-nc,91545069,research,41.6326179444,-8.8116426389,native
lythrum_junceum_2570.jpeg,https://inaturalist-open-data.s3.amazonaws.com/photos/150562020/medium.jpeg,cc-by-nc,91060002,research,37.2338555556,-121.8705138889,introduced non-invasive
lythrum_junceum_2571.jpeg,https://inaturalist-open-data.s3.amazonaws.com/photos/150562012/medium.jpeg,cc-by-nc,91060002,research,37.2338555556,-121.8705138889,introduced non-invasive
lythrum_junceum_2572.jpg,https://inaturalist-open-data.s3.amazonaws.com/photos/150187466/medium.jpg,cc-by,90848268,needs_id,36.806995,-4.698649,native
lythrum_junceum_2573.jpg,https://inaturalist-open-data.s3.amazonaws.com/photos/150187469/medium.jpg,cc-by,90848268,needs_id,36.806995,-4.698649,native
lythrum_junceum_2574.jpg,https://inaturalist-open-data.s3.amazonaws.com/photos/150187471/medium.jpg,cc-by,90848268,needs_id,36.806995,-4.698649,native
lythrum_junceum_2575.jpg,https://inaturalist-open-data.s3.amazonaws.com/photos/150187473/medium.jpg,cc-by,90848268,needs_id,36.806995,-4.698649,native
lythrum_junceum_2576.jpeg,https://inaturalist-open-data.s3.amazonaws.com/photos/150060019/medium.jpeg,cc-by-nc,90779581,research,37.22033,-121.845022,introduced non-invasive
lythrum_junceum_2577.jpeg,https://inaturalist-open-data.s3.amazonaws.com/photos/150060038/medium.jpeg,cc-by-nc,90779581,research,37.22033,-121.845022,introduced non-invasive
lythrum_junceum_2578.jpg,https://inaturalist-open-data.s3.amazonaws.com/photos/149637344/medium.jpg,cc-by-nc,90532002,research,32.8039391,-17.2488722997,native
lythrum_junceum_2579.jpg,https://inaturalist-open-data.s3.amazonaws.com/photos/148615385/medium.jpg,cc-by-nc,89962638,needs_id,39.234275,-8.6927666667,native
lythrum_junceum_2580.jpg,https://inaturalist-open-data.s3.amazonaws.com/photos/148615411/medium.jpg,cc-by-nc,89962638,needs_id,39.234275,-8.6927666667,native
lythrum_junceum_2581.jpg,https://inaturalist-open-data.s3.amazonaws.com/photos/148615439/medium.jpg,cc-by-nc,89962638,needs_id,39.234275,-8.6927666667,native
lythrum_junceum_2582.jpg,https://inaturalist-open-data.s3.amazonaws.com/photos/148613293/medium.jpg,cc-by-nc,89961570,needs_id,38.4589166667,-8.4478166667,native
lythrum_junceum_2583.jpg,https://inaturalist-open-data.s3.amazonaws.com/photos/148613305/medium.jpg,cc-by-nc,89961570,needs_id,38.4589166667,-8.4478166667,native
lythrum_junceum_2584.jpg,https://inaturalist-open-data.s3.amazonaws.com/photos/148613326/medium.jpg,cc-by-nc,89961570,needs_id,38.4589166667,-8.4478166667,native
lythrum_junceum_2585.jpg,https://inaturalist-open-data.s3.amazonaws.com/photos/147900898/medium.jpg,cc-by-nc,89554511,needs_id,40.3514216667,-8.54633,native
lythrum_junceum_2586.jpg,https://inaturalist-open-data.s3.amazonaws.com/photos/147872933/medium.jpg,cc0,89538946,research,43.6082637195,-8.1741925419,native
lythrum_junceum_2587.jpg,https://inaturalist-open-data.s3.amazonaws.com/photos/147873282/medium.jpg,cc0,89538946,research,43.6082637195,-8.1741925419,native
lythrum_junceum_2588.jpg,https://inaturalist-open-data.s3.amazonaws.com/photos/147873283/medium.jpg,cc0,89538946,research,43.6082637195,-8.1741925419,native
lythrum_junceum_2589.jpg,https://inaturalist-open-data.s3.amazonaws.com/photos/147873285/medium.jpg,cc0,89538946,research,43.6082637195,-8.1741925419,native
lythrum_junceum_2590.jpg,https://inaturalist-open-data.s3.amazonaws.com/photos/147873289/medium.jpg,cc0,89538946,research,43.6082637195,-8.1741925419,native
lythrum_junceum_2591.jpeg,https://inaturalist-open-data.s3.amazonaws.com/photos/147775623/medium.jpeg,cc-by-nc,89482981,research,38.9066028217,-9.161956273,native
lythrum_junceum_2592.jpeg,https://inaturalist-open-data.s3.amazonaws.com/photos/147706455/medium.jpeg,cc-by-nc-sa,89443084,research,33.0007748747,35.8214410481,
lythrum_junceum_2593.jpeg,https://inaturalist-open-data.s3.amazonaws.com/photos/147706461/medium.jpeg,cc-by-nc-sa,89443084,research,33.0007748747,35.8214410481,
lythrum_junceum_2594.jpeg,https://inaturalist-open-data.s3.amazonaws.com/photos/147140724/medium.jpeg,cc-by-nc,89127681,research,43.3995180126,-5.8334094485,native
lythrum_junceum_2595.jpeg,https://inaturalist-open-data.s3.amazonaws.com/photos/147068715/medium.jpeg,cc-by-nc,89084463,research,42.084425,11.9631109722,native
lythrum_junceum_2596.jpeg,https://inaturalist-open-data.s3.amazonaws.com/photos/147068843/medium.jpeg,cc-by-nc,89084463,research,42.084425,11.9631109722,native
lythrum_junceum_2597.jpeg,https://inaturalist-open-data.s3.amazonaws.com/photos/146920618/medium.jpeg,cc-by-nc-nd,89002949,needs_id,39.4400310312,-9.1682899514,native
lythrum_junceum_2598.jpeg,https://inaturalist-open-data.s3.amazonaws.com/photos/146920375/medium.jpeg,cc-by-nc-nd,89002949,needs_id,39.4400310312,-9.1682899514,native
lythrum_junceum_2599.jpg,https://inaturalist-open-data.s3.amazonaws.com/photos/146637871/medium.jpg,cc-by-nc,88842683,research,42.8683318692,-8.6587636285,native
lythrum_junceum_2600.jpeg,https://inaturalist-open-data.s3.amazonaws.com/photos/146620550/medium.jpeg,cc-by-nc-sa,88832692,needs_id,41.0788888889,-8.6475,native
lythrum_junceum_2601.jpeg,https://inaturalist-open-data.s3.amazonaws.com/photos/146315999/medium.jpeg,cc-by-nc,88662096,research,43.4771466667,-5.1370866667,native
lythrum_junceum_2602.jpeg,https://inaturalist-open-data.s3.amazonaws.com/photos/146316012/medium.jpeg,cc-by-nc,88662096,research,43.4771466667,-5.1370866667,native
lythrum_junceum_2603.jpeg,https://inaturalist-open-data.s3.amazonaws.com/photos/146316023/medium.jpeg,cc-by-nc,88662096,research,43.4771466667,-5.1370866667,native
lythrum_junceum_2604.jpg,https://inaturalist-open-data.s3.amazonaws.com/photos/145876488/medium.jpg,cc-by-nc,88424858,research,43.4676916667,-3.4894766667,native
lythrum_junceum_2605.jpg,https://inaturalist-open-data.s3.amazonaws.com/photos/145459010/medium.jpg,cc-by-nc,88180320,research,43.3925369333,-4.0984088615,native
lythrum_junceum_2606.jpeg,https://inaturalist-open-data.s3.amazonaws.com/photos/145396958/medium.jpeg,cc-by-nc,88144624,research,32.7024619722,-17.0870899722,native
lythrum_junceum_2607.jpeg,https://inaturalist-open-data.s3.amazonaws.com/photos/145397015/medium.jpeg,cc-by-nc,88144624,research,32.7024619722,-17.0870899722,native
lythrum_junceum_2608.jpeg,https://inaturalist-open-data.s3.amazonaws.com/photos/145431200/medium.jpeg,cc-by-nc,88144624,research,32.7024619722,-17.0870899722,native
lythrum_junceum_2609.jpeg,https://inaturalist-open-data.s3.amazonaws.com/photos/145317300/medium.jpeg,cc-by-nc,88097237,research,43.5419919636,-6.5361242741,native
lythrum_junceum_2610.jpeg,https://inaturalist-open-data.s3.amazonaws.com/photos/145317336/medium.jpeg,cc-by-nc,88097237,research,43.5419919636,-6.5361242741,native
lythrum_junceum_2611.jpeg,https://inaturalist-open-data.s3.amazonaws.com/photos/145317366/medium.jpeg,cc-by-nc,88097237,research,43.5419919636,-6.5361242741,native
lythrum_junceum_2612.jpeg,https://inaturalist-open-data.s3.amazonaws.com/photos/144977606/medium.jpeg,cc-by-nc,87904201,needs_id,42.5717166,-0.5470554,native
lythrum_junceum_2613.jpg,https://inaturalist-open-data.s3.amazonaws.com/photos/144764739/medium.jpg,cc-by-nc,87782826,needs_id,38.817636,20.709372,native
lythrum_junceum_2614.jpg,https://inaturalist-open-data.s3.amazonaws.com/photos/144764743/medium.jpg,cc-by-nc,87782826,needs_id,38.817636,20.709372,native
lythrum_junceum_2615.jpg,https://inaturalist-open-data.s3.amazonaws.com/photos/144764731/medium.jpg,cc-by-nc,87782826,needs_id,38.817636,20.709372,native
lythrum_junceum_2616.jpg,https://inaturalist-open-data.s3.amazonaws.com/photos/144494535/medium.jpg,cc-by-nc,87630327,research,43.3237683333,-8.4711366667,native
lythrum_junceum_2617.jpg,https://inaturalist-open-data.s3.amazonaws.com/photos/144494558/medium.jpg,cc-by-nc,87630327,research,43.3237683333,-8.4711366667,native
lythrum_junceum_2618.jpeg,https://inaturalist-open-data.s3.amazonaws.com/photos/143599335/medium.jpeg,cc-by-nc,87129768,research,32.1122333203,34.8735264686,native
lythrum_junceum_2619.jpg,https://inaturalist-open-data.s3.amazonaws.com/photos/143200519/medium.jpg,cc-by-nc,86880128,research,37.1577388333,-8.6017166667,native
lythrum_junceum_2620.jpeg,https://inaturalist-open-data.s3.amazonaws.com/photos/143135752/medium.jpeg,cc-by-nc,86843679,research,37.418072,-121.930213,introduced non-invasive
lythrum_junceum_2621.jpeg,https://inaturalist-open-data.s3.amazonaws.com/photos/143135772/medium.jpeg,cc-by-nc,86843679,research,37.418072,-121.930213,introduced non-invasive
lythrum_junceum_2622.jpeg,https://inaturalist-open-data.s3.amazonaws.com/photos/142890303/medium.jpeg,cc-by-nc,86708669,needs_id,38.1914634701,-7.8000850976,native
lythrum_junceum_2623.jpg,https://inaturalist-open-data.s3.amazonaws.com/photos/142631400/medium.jpg,cc-by-nc,86577914,research,43.5736216667,-7.264395,native
lythrum_junceum_2624.jpg,https://inaturalist-open-data.s3.amazonaws.com/photos/142631341/medium.jpg,cc-by-nc,86577912,research,43.573625,-7.2644133333,native
lythrum_junceum_2625.jpg,https://inaturalist-open-data.s3.amazonaws.com/photos/142631367/medium.jpg,cc-by-nc,86577912,research,43.573625,-7.2644133333,native
lythrum_junceum_2626.jpeg,https://inaturalist-open-data.s3.amazonaws.com/photos/141813952/medium.jpeg,cc-by-nc,86124132,research,37.5503472158,-121.9576419764,introduced non-invasive
lythrum_junceum_2627.jpg,https://inaturalist-open-data.s3.amazonaws.com/photos/141596434/medium.jpg,cc-by-nc,85998187,research,37.5021006403,-121.9535124759,introduced non-invasive
lythrum_junceum_2628.jpg,https://inaturalist-open-data.s3.amazonaws.com/photos/141508305/medium.jpg,cc-by-nc,85950829,research,38.7556566667,-9.40992,native
lythrum_junceum_2629.jpg,https://inaturalist-open-data.s3.amazonaws.com/photos/141508311/medium.jpg,cc-by-nc,85950829,research,38.7556566667,-9.40992,native
lythrum_junceum_2630.jpeg,https://inaturalist-open-data.s3.amazonaws.com/photos/140335482/medium.jpeg,cc-by-nc,85305070,research,37.4972996388,-121.9496030137,introduced non-invasive
lythrum_junceum_2631.jpeg,https://inaturalist-open-data.s3.amazonaws.com/photos/140335493/medium.jpeg,cc-by-nc,85305070,research,37.4972996388,-121.9496030137,introduced non-invasive
lythrum_junceum_2632.jpeg,https://inaturalist-open-data.s3.amazonaws.com/photos/140335504/medium.jpeg,cc-by-nc,85305070,research,37.4972996388,-121.9496030137,introduced non-invasive
lythrum_junceum_2633.jpeg,https://inaturalist-open-data.s3.amazonaws.com/photos/140157032/medium.jpeg,cc-by-nc,85207016,research,37.22034933,-121.84510197,introduced non-invasive
lythrum_junceum_2634.jpeg,https://inaturalist-open-data.s3.amazonaws.com/photos/140156714/medium.jpeg,cc-by-nc,85207016,research,37.22034933,-121.84510197,introduced non-invasive
lythrum_junceum_2635.jpeg,https://inaturalist-open-data.s3.amazonaws.com/photos/140156830/medium.jpeg,cc-by-nc,85207016,research,37.22034933,-121.84510197,introduced non-invasive
lythrum_junceum_2636.jpeg,https://inaturalist-open-data.s3.amazonaws.com/photos/140141066/medium.jpeg,cc-by-nc,85076772,needs_id,38.7861707439,-9.2084812,native
lythrum_junceum_2637.jpeg,https://inaturalist-open-data.s3.amazonaws.com/photos/139920426/medium.jpeg,cc-by-nc,85076772,needs_id,38.7861707439,-9.2084812,native
lythrum_junceum_2638.jpeg,https://inaturalist-open-data.s3.amazonaws.com/photos/139920438/medium.jpeg,cc-by-nc,85076772,needs_id,38.7861707439,-9.2084812,native
lythrum_junceum_2639.jpeg,https://inaturalist-open-data.s3.amazonaws.com/photos/139920452/medium.jpeg,cc-by-nc,85076772,needs_id,38.7861707439,-9.2084812,native
lythrum_junceum_2640.jpeg,https://inaturalist-open-data.s3.amazonaws.com/photos/138792407/medium.jpeg,cc-by,84444261,needs_id,36.6797208541,5.9724622489,native
lythrum_junceum_2641.jpeg,https://inaturalist-open-data.s3.amazonaws.com/photos/138792475/medium.jpeg,cc-by,84444261,needs_id,36.6797208541,5.9724622489,native
lythrum_junceum_2642.jpeg,https://inaturalist-open-data.s3.amazonaws.com/photos/138790808/medium.jpeg,cc-by,84443351,needs_id,36.6803230728,5.813143845,native
lythrum_junceum_2643.jpeg,https://inaturalist-open-data.s3.amazonaws.com/photos/138790899/medium.jpeg,cc-by,84443351,needs_id,36.6803230728,5.813143845,native
lythrum_junceum_2644.jpeg,https://inaturalist-open-data.s3.amazonaws.com/photos/138790964/medium.jpeg,cc-by,84443351,needs_id,36.6803230728,5.813143845,native
lythrum_junceum_2645.jpeg,https://inaturalist-open-data.s3.amazonaws.com/photos/138791032/medium.jpeg,cc-by,84443351,needs_id,36.6803230728,5.813143845,native
lythrum_junceum_2646.jpg,https://inaturalist-open-data.s3.amazonaws.com/photos/138214251/medium.jpg,cc-by-nc,84115387,research,43.5711766667,-7.2911533333,native
lythrum_junceum_2647.jpg,https://inaturalist-open-data.s3.amazonaws.com/photos/138065788/medium.jpg,cc-by-nc,84029483,research,43.575145,-7.2710066667,native
lythrum_junceum_2648.jpg,https://inaturalist-open-data.s3.amazonaws.com/photos/138065792/medium.jpg,cc-by-nc,84029483,research,43.575145,-7.2710066667,native
lythrum_junceum_2649.jpg,https://inaturalist-open-data.s3.amazonaws.com/photos/138065794/medium.jpg,cc-by-nc,84029483,research,43.575145,-7.2710066667,native
lythrum_junceum_2650.jpg,https://inaturalist-open-data.s3.amazonaws.com/photos/138065800/medium.jpg,cc-by-nc,84029483,research,43.575145,-7.2710066667,native
lythrum_junceum_2651.jpeg,https://inaturalist-open-data.s3.amazonaws.com/photos/137646613/medium.jpeg,cc-by-nc,83791730,research,42.5568616034,11.1940356734,native
lythrum_junceum_2652.jpeg,https://inaturalist-open-data.s3.amazonaws.com/photos/137648140/medium.jpeg,cc-by-nc,83791730,research,42.5568616034,11.1940356734,native
lythrum_junceum_2653.jpeg,https://inaturalist-open-data.s3.amazonaws.com/photos/137640055/medium.jpeg,cc-by-nc,83788022,research,42.5569149481,11.1953929248,native
lythrum_junceum_2654.jpg,https://inaturalist-open-data.s3.amazonaws.com/photos/137545099/medium.jpg,cc-by-nc,83731615,research,37.4582254847,-121.8631774734,introduced non-invasive
lythrum_junceum_2655.jpeg,https://inaturalist-open-data.s3.amazonaws.com/photos/137256180/medium.jpeg,cc-by-nc,83565288,research,37.4542720641,-121.8626495812,introduced non-invasive
lythrum_junceum_2656.jpeg,https://inaturalist-open-data.s3.amazonaws.com/photos/137256265/medium.jpeg,cc-by-nc,83565288,research,37.4542720641,-121.8626495812,introduced non-invasive
lythrum_junceum_2657.jpeg,https://inaturalist-open-data.s3.amazonaws.com/photos/136922605/medium.jpeg,cc-by-nc,83372471,research,38.7865363634,-9.2086870596,native
lythrum_junceum_2658.jpeg,https://inaturalist-open-data.s3.amazonaws.com/photos/136922614/medium.jpeg,cc-by-nc,83372471,research,38.7865363634,-9.2086870596,native
lythrum_junceum_2659.jpeg,https://inaturalist-open-data.s3.amazonaws.com/photos/136922623/medium.jpeg,cc-by-nc,83372471,research,38.7865363634,-9.2086870596,native
lythrum_junceum_2660.jpeg,https://inaturalist-open-data.s3.amazonaws.com/photos/136542005/medium.jpeg,cc-by-nc,83169290,research,38.7927362893,-9.2616535417,native
lythrum_junceum_2661.jpeg,https://inaturalist-open-data.s3.amazonaws.com/photos/136542027/medium.jpeg,cc-by-nc,83169290,research,38.7927362893,-9.2616535417,native
lythrum_junceum_2662.jpeg,https://inaturalist-open-data.s3.amazonaws.com/photos/136540977/medium.jpeg,cc-by-nc,83169227,research,38.7974141896,-9.2583537312,native
lythrum_junceum_2663.jpeg,https://inaturalist-open-data.s3.amazonaws.com/photos/136540999/medium.jpeg,cc-by-nc,83169227,research,38.7974141896,-9.2583537312,native
lythrum_junceum_2664.jpeg,https://inaturalist-open-data.s3.amazonaws.com/photos/136505142/medium.jpeg,cc-by-nc,83130299,research,39.9185527778,4.0568722222,native
lythrum_junceum_2665.jpg,https://inaturalist-open-data.s3.amazonaws.com/photos/136095695/medium.jpg,cc-by-nc,82898264,needs_id,38.7852266667,-9.43585,native
lythrum_junceum_2666.jpeg,https://inaturalist-open-data.s3.amazonaws.com/photos/135837589/medium.jpeg,cc-by-nc,82748493,needs_id,38.8789722035,-8.7735836214,native
lythrum_junceum_2667.jpeg,https://inaturalist-open-data.s3.amazonaws.com/photos/135837627/medium.jpeg,cc-by-nc,82748493,needs_id,38.8789722035,-8.7735836214,native
lythrum_junceum_2668.jpeg,https://inaturalist-open-data.s3.amazonaws.com/photos/135837657/medium.jpeg,cc-by-nc,82748493,needs_id,38.8789722035,-8.7735836214,native
lythrum_junceum_2669.jpeg,https://inaturalist-open-data.s3.amazonaws.com/photos/135837691/medium.jpeg,cc-by-nc,82748493,needs_id,38.8789722035,-8.7735836214,native
lythrum_junceum_2670.jpg,https://inaturalist-open-data.s3.amazonaws.com/photos/135639073/medium.jpg,cc-by-nc,82631385,research,37.242895,-121.870675,introduced non-invasive
lythrum_junceum_2671.jpg,https://inaturalist-open-data.s3.amazonaws.com/photos/135639613/medium.jpg,cc-by-nc,82631385,research,37.242895,-121.870675,introduced non-invasive
lythrum_junceum_2672.jpg,https://inaturalist-open-data.s3.amazonaws.com/photos/135639677/medium.jpg,cc-by-nc,82631385,research,37.242895,-121.870675,introduced non-invasive
lythrum_junceum_2673.jpg,https://inaturalist-open-data.s3.amazonaws.com/photos/135338912/medium.jpg,cc-by-nc,82459951,needs_id,42.136155,11.92697,native
lythrum_junceum_2674.jpeg,https://inaturalist-open-data.s3.amazonaws.com/photos/135103528/medium.jpeg,cc-by-nc-nd,82324021,needs_id,41.5971908333,-7.7027320833,native
lythrum_junceum_2675.jpeg,https://inaturalist-open-data.s3.amazonaws.com/photos/135103576/medium.jpeg,cc-by-nc-nd,82324021,needs_id,41.5971908333,-7.7027320833,native
lythrum_junceum_2676.jpeg,https://inaturalist-open-data.s3.amazonaws.com/photos/134565994/medium.jpeg,cc-by,82012032,research,36.246287951,6.7006022095,native
lythrum_junceum_2677.jpeg,https://inaturalist-open-data.s3.amazonaws.com/photos/134566069/medium.jpeg,cc-by,82012032,research,36.246287951,6.7006022095,native
lythrum_junceum_2678.jpeg,https://inaturalist-open-data.s3.amazonaws.com/photos/134566152/medium.jpeg,cc-by,82012032,research,36.246287951,6.7006022095,native
lythrum_junceum_2679.jpeg,https://inaturalist-open-data.s3.amazonaws.com/photos/134566224/medium.jpeg,cc-by,82012032,research,36.246287951,6.7006022095,native
lythrum_junceum_2680.jpeg,https://inaturalist-open-data.s3.amazonaws.com/photos/134447121/medium.jpeg,cc-by,81946308,research,36.2084648017,6.7964748345,native
lythrum_junceum_2681.jpeg,https://inaturalist-open-data.s3.amazonaws.com/photos/134447204/medium.jpeg,cc-by,81946308,research,36.2084648017,6.7964748345,native
lythrum_junceum_2682.jpeg,https://inaturalist-open-data.s3.amazonaws.com/photos/134447412/medium.jpeg,cc-by,81946308,research,36.2084648017,6.7964748345,native
lythrum_junceum_2683.jpeg,https://inaturalist-open-data.s3.amazonaws.com/photos/134358420/medium.jpeg,cc-by,81895233,needs_id,41.3580057267,-8.7558698282,native
lythrum_junceum_2684.jpeg,https://inaturalist-open-data.s3.amazonaws.com/photos/134358466/medium.jpeg,cc-by,81895233,needs_id,41.3580057267,-8.7558698282,native
lythrum_junceum_2685.jpeg,https://inaturalist-open-data.s3.amazonaws.com/photos/134358504/medium.jpeg,cc-by,81895233,needs_id,41.3580057267,-8.7558698282,native
lythrum_junceum_2686.jpeg,https://inaturalist-open-data.s3.amazonaws.com/photos/134358547/medium.jpeg,cc-by,81895233,needs_id,41.3580057267,-8.7558698282,native
lythrum_junceum_2687.jpeg,https://inaturalist-open-data.s3.amazonaws.com/photos/134357866/medium.jpeg,cc-by-nc,81894863,needs_id,40.0802861,15.626774,native
lythrum_junceum_2688.jpg,https://inaturalist-open-data.s3.amazonaws.com/photos/133849262/medium.jpg,cc-by-nc,81600141,research,38.60781,-9.0266016667,native
lythrum_junceum_2689.jpeg,https://inaturalist-open-data.s3.amazonaws.com/photos/133338216/medium.jpeg,cc-by-nc,81299968,research,39.9184555556,4.0550694444,native
lythrum_junceum_2690.jpg,https://inaturalist-open-data.s3.amazonaws.com/photos/133199782/medium.jpg,cc-by-nc,81222170,needs_id,38.7576283333,-9.4152783333,native
lythrum_junceum_2691.jpg,https://inaturalist-open-data.s3.amazonaws.com/photos/133200372/medium.jpg,cc-by-nc,81222170,needs_id,38.7576283333,-9.4152783333,native
lythrum_junceum_2692.jpg,https://inaturalist-open-data.s3.amazonaws.com/photos/133197134/medium.jpg,cc-by-nc,81220275,research,38.7580866667,-9.413045,native
lythrum_junceum_2693.jpg,https://inaturalist-open-data.s3.amazonaws.com/photos/133197460/medium.jpg,cc-by-nc,81220275,research,38.7580866667,-9.413045,native
lythrum_junceum_2694.jpeg,https://inaturalist-open-data.s3.amazonaws.com/photos/133143568/medium.jpeg,cc-by-nc,81189400,research,38.7828233569,-9.4201419117,native
lythrum_junceum_2695.jpeg,https://inaturalist-open-data.s3.amazonaws.com/photos/133143589/medium.jpeg,cc-by-nc,81189400,research,38.7828233569,-9.4201419117,native
lythrum_junceum_2696.jpeg,https://inaturalist-open-data.s3.amazonaws.com/photos/133143602/medium.jpeg,cc-by-nc,81189400,research,38.7828233569,-9.4201419117,native
lythrum_junceum_2697.jpeg,https://inaturalist-open-data.s3.amazonaws.com/photos/133143623/medium.jpeg,cc-by-nc,81189400,research,38.7828233569,-9.4201419117,native
lythrum_junceum_2698.jpeg,https://inaturalist-open-data.s3.amazonaws.com/photos/133143646/medium.jpeg,cc-by-nc,81189400,research,38.7828233569,-9.4201419117,native
lythrum_junceum_2699.jpeg,https://inaturalist-open-data.s3.amazonaws.com/photos/133143660/medium.jpeg,cc-by-nc,81189400,research,38.7828233569,-9.4201419117,native
lythrum_junceum_2700.jpeg,https://inaturalist-open-data.s3.amazonaws.com/photos/133143696/medium.jpeg,cc-by-nc,81189400,research,38.7828233569,-9.4201419117,native
lythrum_junceum_2701.jpeg,https://inaturalist-open-data.s3.amazonaws.com/photos/133143718/medium.jpeg,cc-by-nc,81189400,research,38.7828233569,-9.4201419117,native
lythrum_junceum_2702.jpeg,https://inaturalist-open-data.s3.amazonaws.com/photos/133143742/medium.jpeg,cc-by-nc,81189400,research,38.7828233569,-9.4201419117,native
lythrum_junceum_2703.jpeg,https://inaturalist-open-data.s3.amazonaws.com/photos/133029076/medium.jpeg,cc-by-nc,81124508,research,37.4461585,-121.8490390001,introduced non-invasive
lythrum_junceum_2704.jpeg,https://inaturalist-open-data.s3.amazonaws.com/photos/133029073/medium.jpeg,cc-by-nc,81124508,research,37.4461585,-121.8490390001,introduced non-invasive
lythrum_junceum_2705.jpeg,https://inaturalist-open-data.s3.amazonaws.com/photos/132963785/medium.jpeg,cc-by-nc-nd,81090327,research,32.098835372,34.7946770782,native
lythrum_junceum_2706.jpeg,https://inaturalist-open-data.s3.amazonaws.com/photos/132966939/medium.jpeg,cc-by-nc-nd,81090327,research,32.098835372,34.7946770782,native
lythrum_junceum_2707.jpeg,https://inaturalist-open-data.s3.amazonaws.com/photos/132951720/medium.jpeg,cc-by-nc,81081226,needs_id,40.6699239,-8.6129273,native
lythrum_junceum_2708.jpeg,https://inaturalist-open-data.s3.amazonaws.com/photos/132951756/medium.jpeg,cc-by-nc,81081226,needs_id,40.6699239,-8.6129273,native
lythrum_junceum_2709.jpeg,https://inaturalist-open-data.s3.amazonaws.com/photos/132951799/medium.jpeg,cc-by-nc,81081226,needs_id,40.6699239,-8.6129273,native
lythrum_junceum_2710.jpeg,https://inaturalist-open-data.s3.amazonaws.com/photos/132951823/medium.jpeg,cc-by-nc,81081226,needs_id,40.6699239,-8.6129273,native
lythrum_junceum_2711.jpeg,https://inaturalist-open-data.s3.amazonaws.com/photos/132951883/medium.jpeg,cc-by-nc,81081226,needs_id,40.6699239,-8.6129273,native
lythrum_junceum_2712.jpeg,https://inaturalist-open-data.s3.amazonaws.com/photos/132927459/medium.jpeg,cc-by-nc,81067791,research,37.5505451,-121.9514642997,introduced non-invasive
lythrum_junceum_2713.jpeg,https://inaturalist-open-data.s3.amazonaws.com/photos/132927511/medium.jpeg,cc-by-nc,81067791,research,37.5505451,-121.9514642997,introduced non-invasive
lythrum_junceum_2714.jpeg,https://inaturalist-open-data.s3.amazonaws.com/photos/132927542/medium.jpeg,cc-by-nc,81067791,research,37.5505451,-121.9514642997,introduced non-invasive
lythrum_junceum_2715.jpeg,https://inaturalist-open-data.s3.amazonaws.com/photos/132927587/medium.jpeg,cc-by-nc,81067791,research,37.5505451,-121.9514642997,introduced non-invasive
lythrum_junceum_2716.jpeg,https://inaturalist-open-data.s3.amazonaws.com/photos/132927620/medium.jpeg,cc-by-nc,81067791,research,37.5505451,-121.9514642997,introduced non-invasive
lythrum_junceum_2717.jpeg,https://inaturalist-open-data.s3.amazonaws.com/photos/132458641/medium.jpeg,cc0,80805939,research,37.2391583333,-121.8712833333,introduced non-invasive
lythrum_junceum_2718.jpeg,https://inaturalist-open-data.s3.amazonaws.com/photos/132458688/medium.jpeg,cc0,80805939,research,37.2391583333,-121.8712833333,introduced non-invasive
lythrum_junceum_2719.jpeg,https://inaturalist-open-data.s3.amazonaws.com/photos/132450794/medium.jpeg,cc0,80805322,research,37.23885,-121.8716444444,introduced non-invasive
lythrum_junceum_2720.jpeg,https://inaturalist-open-data.s3.amazonaws.com/photos/132450860/medium.jpeg,cc0,80805322,research,37.23885,-121.8716444444,introduced non-invasive
lythrum_junceum_2721.jpeg,https://inaturalist-open-data.s3.amazonaws.com/photos/132450870/medium.jpeg,cc0,80805322,research,37.23885,-121.8716444444,introduced non-invasive
lythrum_junceum_2722.jpeg,https://inaturalist-open-data.s3.amazonaws.com/photos/132447018/medium.jpeg,cc0,80805141,research,37.2396138889,-121.8728777778,introduced non-invasive
lythrum_junceum_2723.jpeg,https://inaturalist-open-data.s3.amazonaws.com/photos/132446946/medium.jpeg,cc0,80805141,research,37.2396138889,-121.8728777778,introduced non-invasive
lythrum_junceum_2724.jpeg,https://inaturalist-open-data.s3.amazonaws.com/photos/132447208/medium.jpeg,cc0,80805141,research,37.2396138889,-121.8728777778,introduced non-invasive
lythrum_junceum_2725.jpeg,https://inaturalist-open-data.s3.amazonaws.com/photos/132441836/medium.jpeg,cc0,80804812,research,37.2405805556,-121.8735805556,introduced non-invasive
lythrum_junceum_2726.jpeg,https://inaturalist-open-data.s3.amazonaws.com/photos/132441701/medium.jpeg,cc0,80804812,research,37.2405805556,-121.8735805556,introduced non-invasive
lythrum_junceum_2727.jpeg,https://inaturalist-open-data.s3.amazonaws.com/photos/132441770/medium.jpeg,cc0,80804812,research,37.2405805556,-121.8735805556,introduced non-invasive
lythrum_junceum_2728.jpeg,https://inaturalist-open-data.s3.amazonaws.com/photos/132441707/medium.jpeg,cc0,80804812,research,37.2405805556,-121.8735805556,introduced non-invasive
lythrum_junceum_2729.jpeg,https://inaturalist-open-data.s3.amazonaws.com/photos/132331121/medium.jpeg,cc-by-nc,80748627,research,38.5250998706,-9.1427065599,native
lythrum_junceum_2730.jpeg,https://inaturalist-open-data.s3.amazonaws.com/photos/132331101/medium.jpeg,cc-by-nc,80748627,research,38.5250998706,-9.1427065599,native
lythrum_junceum_2731.jpeg,https://inaturalist-open-data.s3.amazonaws.com/photos/132355137/medium.jpeg,cc-by-nc,80738254,needs_id,40.6377785,-8.6084896,native
lythrum_junceum_2732.jpeg,https://inaturalist-open-data.s3.amazonaws.com/photos/132355160/medium.jpeg,cc-by-nc,80738254,needs_id,40.6377785,-8.6084896,native
lythrum_junceum_2733.jpeg,https://inaturalist-open-data.s3.amazonaws.com/photos/132355184/medium.jpeg,cc-by-nc,80738254,needs_id,40.6377785,-8.6084896,native
lythrum_junceum_2734.jpeg,https://inaturalist-open-data.s3.amazonaws.com/photos/132355206/medium.jpeg,cc-by-nc,80738254,needs_id,40.6377785,-8.6084896,native
lythrum_junceum_2735.jpeg,https://inaturalist-open-data.s3.amazonaws.com/photos/132355236/medium.jpeg,cc-by-nc,80738254,needs_id,40.6377785,-8.6084896,native
lythrum_junceum_2736.jpeg,https://inaturalist-open-data.s3.amazonaws.com/photos/132355260/medium.jpeg,cc-by-nc,80738254,needs_id,40.6377785,-8.6084896,native
lythrum_junceum_2737.jpeg,https://inaturalist-open-data.s3.amazonaws.com/photos/132355284/medium.jpeg,cc-by-nc,80738254,needs_id,40.6377785,-8.6084896,native
lythrum_junceum_2738.jpeg,https://inaturalist-open-data.s3.amazonaws.com/photos/132288798/medium.jpeg,cc-by-nc,80698729,research,-37.8136276,144.9630576,native
lythrum_junceum_2739.jpeg,https://inaturalist-open-data.s3.amazonaws.com/photos/132288775/medium.jpeg,cc-by-nc,80698728,research,-37.8136276,144.9630576,native
lythrum_junceum_2740.jpeg,https://inaturalist-open-data.s3.amazonaws.com/photos/132282234/medium.jpeg,cc-by-nc,80696760,research,-37.8136276,144.9630576,native
lythrum_junceum_2741.jpeg,https://inaturalist-open-data.s3.amazonaws.com/photos/132095216/medium.jpeg,cc-by-nc,80590131,needs_id,37.4104196389,-6.1124303889,native
lythrum_junceum_2742.jpeg,https://inaturalist-open-data.s3.amazonaws.com/photos/132095220/medium.jpeg,cc-by-nc,80590131,needs_id,37.4104196389,-6.1124303889,native
lythrum_junceum_2743.jpeg,https://inaturalist-open-data.s3.amazonaws.com/photos/132095230/medium.jpeg,cc-by-nc,80590131,needs_id,37.4104196389,-6.1124303889,native
lythrum_junceum_2744.jpeg,https://inaturalist-open-data.s3.amazonaws.com/photos/132095243/medium.jpeg,cc-by-nc,80590131,needs_id,37.4104196389,-6.1124303889,native
lythrum_junceum_2745.jpeg,https://inaturalist-open-data.s3.amazonaws.com/photos/132095260/medium.jpeg,cc-by-nc,80590131,needs_id,37.4104196389,-6.1124303889,native
lythrum_junceum_2746.jpeg,https://inaturalist-open-data.s3.amazonaws.com/photos/132079052/medium.jpeg,cc-by-nc,80576759,needs_id,36.690805,-6.4050766667,native
lythrum_junceum_2747.jpeg,https://inaturalist-open-data.s3.amazonaws.com/photos/132079034/medium.jpeg,cc-by-nc,80576759,needs_id,36.690805,-6.4050766667,native
lythrum_junceum_2748.jpeg,https://inaturalist-open-data.s3.amazonaws.com/photos/131997515/medium.jpeg,cc-by,80529282,research,36.3047222222,6.4613888889,native
lythrum_junceum_2749.jpeg,https://inaturalist-open-data.s3.amazonaws.com/photos/131997557/medium.jpeg,cc-by,80529282,research,36.3047222222,6.4613888889,native
lythrum_junceum_2750.jpeg,https://inaturalist-open-data.s3.amazonaws.com/photos/131997594/medium.jpeg,cc-by,80529282,research,36.3047222222,6.4613888889,native
lythrum_junceum_2751.jpeg,https://inaturalist-open-data.s3.amazonaws.com/photos/131997644/medium.jpeg,cc-by,80529282,research,36.3047222222,6.4613888889,native
lythrum_junceum_2752.jpeg,https://inaturalist-open-data.s3.amazonaws.com/photos/131997724/medium.jpeg,cc-by,80529282,research,36.3047222222,6.4613888889,native
lythrum_junceum_2753.jpeg,https://inaturalist-open-data.s3.amazonaws.com/photos/131774607/medium.jpeg,cc-by,80401925,research,36.3058982083,6.4258028832,native
lythrum_junceum_2754.jpeg,https://inaturalist-open-data.s3.amazonaws.com/photos/131774719/medium.jpeg,cc-by,80401925,research,36.3058982083,6.4258028832,native
lythrum_junceum_2755.jpeg,https://inaturalist-open-data.s3.amazonaws.com/photos/131773439/medium.jpeg,cc-by,80401238,research,36.3939388903,6.5720447544,native
lythrum_junceum_2756.jpeg,https://inaturalist-open-data.s3.amazonaws.com/photos/131773456/medium.jpeg,cc-by,80401238,research,36.3939388903,6.5720447544,native
lythrum_junceum_2757.jpeg,https://inaturalist-open-data.s3.amazonaws.com/photos/131773490/medium.jpeg,cc-by,80401238,research,36.3939388903,6.5720447544,native
lythrum_junceum_2758.jpg,https://inaturalist-open-data.s3.amazonaws.com/photos/131728512/medium.jpg,cc-by-nc,80375053,research,38.756695,-9.1655861667,native
lythrum_junceum_2759.jpg,https://inaturalist-open-data.s3.amazonaws.com/photos/131728534/medium.jpg,cc-by-nc,80375053,research,38.756695,-9.1655861667,native
lythrum_junceum_2760.jpeg,https://inaturalist-open-data.s3.amazonaws.com/photos/131683674/medium.jpeg,cc-by-nc-sa,80349101,research,40.1641769167,-8.1695079722,native
lythrum_junceum_2761.jpeg,https://inaturalist-open-data.s3.amazonaws.com/photos/131683697/medium.jpeg,cc-by-nc-sa,80349101,research,40.1641769167,-8.1695079722,native
lythrum_junceum_2762.jpeg,https://inaturalist-open-data.s3.amazonaws.com/photos/131683721/medium.jpeg,cc-by-nc-sa,80349101,research,40.1641769167,-8.1695079722,native
lythrum_junceum_2763.jpeg,https://inaturalist-open-data.s3.amazonaws.com/photos/131683742/medium.jpeg,cc-by-nc-sa,80349101,research,40.1641769167,-8.1695079722,native
lythrum_junceum_2764.jpeg,https://inaturalist-open-data.s3.amazonaws.com/photos/131683773/medium.jpeg,cc-by-nc-sa,80349101,research,40.1641769167,-8.1695079722,native
lythrum_junceum_2765.jpeg,https://inaturalist-open-data.s3.amazonaws.com/photos/131683795/medium.jpeg,cc-by-nc-sa,80349101,research,40.1641769167,-8.1695079722,native
lythrum_junceum_2766.jpeg,https://inaturalist-open-data.s3.amazonaws.com/photos/131683827/medium.jpeg,cc-by-nc-sa,80349101,research,40.1641769167,-8.1695079722,native
lythrum_junceum_2767.jpeg,https://inaturalist-open-data.s3.amazonaws.com/photos/131683848/medium.jpeg,cc-by-nc-sa,80349101,research,40.1641769167,-8.1695079722,native
lythrum_junceum_2768.jpeg,https://inaturalist-open-data.s3.amazonaws.com/photos/131683876/medium.jpeg,cc-by-nc-sa,80349101,research,40.1641769167,-8.1695079722,native
lythrum_junceum_2769.jpeg,https://inaturalist-open-data.s3.amazonaws.com/photos/131683897/medium.jpeg,cc-by-nc-sa,80349101,research,40.1641769167,-8.1695079722,native
lythrum_junceum_2770.jpeg,https://inaturalist-open-data.s3.amazonaws.com/photos/131683923/medium.jpeg,cc-by-nc-sa,80349101,research,40.1641769167,-8.1695079722,native
lythrum_junceum_2771.jpeg,https://inaturalist-open-data.s3.amazonaws.com/photos/131683951/medium.jpeg,cc-by-nc-sa,80349101,research,40.1641769167,-8.1695079722,native
lythrum_junceum_2772.jpeg,https://inaturalist-open-data.s3.amazonaws.com/photos/131683990/medium.jpeg,cc-by-nc-sa,80349101,research,40.1641769167,-8.1695079722,native
lythrum_junceum_2773.jpeg,https://inaturalist-open-data.s3.amazonaws.com/photos/131684016/medium.jpeg,cc-by-nc-sa,80349101,research,40.1641769167,-8.1695079722,native
lythrum_junceum_2774.jpg,https://inaturalist-open-data.s3.amazonaws.com/photos/131487648/medium.jpg,cc-by-nc,80233642,needs_id,40.5011583333,-8.6116966667,native
lythrum_junceum_2775.jpg,https://inaturalist-open-data.s3.amazonaws.com/photos/131487667/medium.jpg,cc-by-nc,80233642,needs_id,40.5011583333,-8.6116966667,native
lythrum_junceum_2776.jpeg,https://inaturalist-open-data.s3.amazonaws.com/photos/131472617/medium.jpeg,cc-by-nc,80226045,research,38.5240561022,-9.1436560113,native
lythrum_junceum_2777.jpeg,https://inaturalist-open-data.s3.amazonaws.com/photos/131472533/medium.jpeg,cc-by-nc,80226045,research,38.5240561022,-9.1436560113,native
lythrum_junceum_2778.jpeg,https://inaturalist-open-data.s3.amazonaws.com/photos/131472555/medium.jpeg,cc-by-nc,80226045,research,38.5240561022,-9.1436560113,native
lythrum_junceum_2779.jpeg,https://inaturalist-open-data.s3.amazonaws.com/photos/131472640/medium.jpeg,cc-by-nc,80226045,research,38.5240561022,-9.1436560113,native
lythrum_junceum_2780.jpeg,https://inaturalist-open-data.s3.amazonaws.com/photos/131472591/medium.jpeg,cc-by-nc,80226045,research,38.5240561022,-9.1436560113,native
lythrum_junceum_2781.jpeg,https://inaturalist-open-data.s3.amazonaws.com/photos/131467442/medium.jpeg,cc-by,80221613,research,37.3589229722,-5.9365909722,native
lythrum_junceum_2782.jpeg,https://inaturalist-open-data.s3.amazonaws.com/photos/131467450/medium.jpeg,cc-by,80221613,research,37.3589229722,-5.9365909722,native
lythrum_junceum_2783.jpeg,https://inaturalist-open-data.s3.amazonaws.com/photos/131467464/medium.jpeg,cc-by,80221613,research,37.3589229722,-5.9365909722,native
lythrum_junceum_2784.jpeg,https://inaturalist-open-data.s3.amazonaws.com/photos/131349924/medium.jpeg,cc-by-nc,80159660,needs_id,37.3566599775,-5.934364523,native
lythrum_junceum_2785.jpeg,https://inaturalist-open-data.s3.amazonaws.com/photos/131349900/medium.jpeg,cc-by-nc,80159660,needs_id,37.3566599775,-5.934364523,native
lythrum_junceum_2786.jpeg,https://inaturalist-open-data.s3.amazonaws.com/photos/131346710/medium.jpeg,cc-by-nc,80159601,research,37.3587774613,-5.9362538694,native
lythrum_junceum_2787.jpeg,https://inaturalist-open-data.s3.amazonaws.com/photos/131346732/medium.jpeg,cc-by-nc,80159601,research,37.3587774613,-5.9362538694,native
lythrum_junceum_2788.jpeg,https://inaturalist-open-data.s3.amazonaws.com/photos/131346829/medium.jpeg,cc-by-nc,80159601,research,37.3587774613,-5.9362538694,native
lythrum_junceum_2789.jpeg,https://inaturalist-open-data.s3.amazonaws.com/photos/131346876/medium.jpeg,cc-by-nc,80159601,research,37.3587774613,-5.9362538694,native
lythrum_junceum_2790.jpeg,https://inaturalist-open-data.s3.amazonaws.com/photos/130975195/medium.jpeg,cc-by-nc,79940103,needs_id,38.910402,-8.479255,native
lythrum_junceum_2791.jpeg,https://inaturalist-open-data.s3.amazonaws.com/photos/130470290/medium.jpeg,cc-by,79645772,research,37.356655,-5.934362,native
lythrum_junceum_2792.jpeg,https://inaturalist-open-data.s3.amazonaws.com/photos/130470312/medium.jpeg,cc-by,79645772,research,37.356655,-5.934362,native
lythrum_junceum_2793.jpeg,https://inaturalist-open-data.s3.amazonaws.com/photos/130470337/medium.jpeg,cc-by,79645772,research,37.356655,-5.934362,native
lythrum_junceum_2794.jpeg,https://inaturalist-open-data.s3.amazonaws.com/photos/129642281/medium.jpeg,cc-by-nc,79167041,research,32.9711456299,35.8252563477,
lythrum_junceum_2795.jpeg,https://inaturalist-open-data.s3.amazonaws.com/photos/129643200/medium.jpeg,cc-by-nc,79167041,research,32.9711456299,35.8252563477,
lythrum_junceum_2796.jpg,https://inaturalist-open-data.s3.amazonaws.com/photos/129456625/medium.jpg,cc-by-nc,79063060,research,39.6025521003,-8.4254100236,native
lythrum_junceum_2797.jpg,https://inaturalist-open-data.s3.amazonaws.com/photos/129456642/medium.jpg,cc-by-nc,79063060,research,39.6025521003,-8.4254100236,native
lythrum_junceum_2798.jpg,https://inaturalist-open-data.s3.amazonaws.com/photos/129456673/medium.jpg,cc-by-nc,79063060,research,39.6025521003,-8.4254100236,native
lythrum_junceum_2799.jpg,https://inaturalist-open-data.s3.amazonaws.com/photos/129456701/medium.jpg,cc-by-nc,79063060,research,39.6025521003,-8.4254100236,native
lythrum_junceum_2800.jpeg,https://inaturalist-open-data.s3.amazonaws.com/photos/129370501/medium.jpeg,cc-by-nc,79017303,research,38.7939685215,20.7069669245,native
lythrum_junceum_2801.jpeg,https://inaturalist-open-data.s3.amazonaws.com/photos/129368091/medium.jpeg,cc-by-nc,79017273,needs_id,38.792898165,20.7092843531,native
lythrum_junceum_2802.jpeg,https://inaturalist-open-data.s3.amazonaws.com/photos/129368109/medium.jpeg,cc-by-nc,79017273,needs_id,38.792898165,20.7092843531,native
lythrum_junceum_2803.jpeg,https://inaturalist-open-data.s3.amazonaws.com/photos/129368207/medium.jpeg,cc-by-nc,79017273,needs_id,38.792898165,20.7092843531,native
lythrum_junceum_2804.jpeg,https://inaturalist-open-data.s3.amazonaws.com/photos/129365215/medium.jpeg,cc-by-nc,79017224,research,38.7942137357,20.7055910879,native
lythrum_junceum_2805.jpeg,https://inaturalist-open-data.s3.amazonaws.com/photos/129365235/medium.jpeg,cc-by-nc,79017224,research,38.7942137357,20.7055910879,native
lythrum_junceum_2806.jpeg,https://inaturalist-open-data.s3.amazonaws.com/photos/129365269/medium.jpeg,cc-by-nc,79017224,research,38.7942137357,20.7055910879,native
lythrum_junceum_2807.jpeg,https://inaturalist-open-data.s3.amazonaws.com/photos/129365454/medium.jpeg,cc-by-nc,79017224,research,38.7942137357,20.7055910879,native
lythrum_junceum_2808.jpeg,https://inaturalist-open-data.s3.amazonaws.com/photos/129277842/medium.jpeg,cc-by-nc,78957353,needs_id,32.8964845103,35.655795671,
lythrum_junceum_2809.jpeg,https://inaturalist-open-data.s3.amazonaws.com/photos/129278002/medium.jpeg,cc-by-nc,78957353,needs_id,32.8964845103,35.655795671,
lythrum_junceum_2810.jpg,https://inaturalist-open-data.s3.amazonaws.com/photos/129167481/medium.jpg,cc-by-nc,78895984,research,37.364345,-121.8545216667,introduced non-invasive
lythrum_junceum_2811.jpg,https://inaturalist-open-data.s3.amazonaws.com/photos/129167980/medium.jpg,cc-by-nc,78895984,research,37.364345,-121.8545216667,introduced non-invasive
lythrum_junceum_2812.jpeg,https://inaturalist-open-data.s3.amazonaws.com/photos/129249231/medium.jpeg,cc-by-nc,78809988,needs_id,33.0173255,35.6787304,
lythrum_junceum_2813.jpeg,https://inaturalist-open-data.s3.amazonaws.com/photos/128699424/medium.jpeg,cc-by-nc,78627324,research,35.2936935425,36.3400688171,
lythrum_junceum_2814.jpg,https://inaturalist-open-data.s3.amazonaws.com/photos/128300695/medium.jpg,cc-by-nc,78400478,needs_id,37.54265975,-6.2659549444,native
lythrum_junceum_2815.jpeg,https://inaturalist-open-data.s3.amazonaws.com/photos/128005642/medium.jpeg,cc-by-nc,78232619,research,42.5570809093,11.1954772026,native
lythrum_junceum_2816.jpg,https://inaturalist-open-data.s3.amazonaws.com/photos/127935868/medium.jpg,cc-by-nc,78193452,research,37.234221158,-121.870279166,introduced non-invasive
lythrum_junceum_2817.jpg,https://inaturalist-open-data.s3.amazonaws.com/photos/127935874/medium.jpg,cc-by-nc,78193452,research,37.234221158,-121.870279166,introduced non-invasive
lythrum_junceum_2818.jpeg,https://inaturalist-open-data.s3.amazonaws.com/photos/127852542/medium.jpeg,cc-by-nc,78156136,research,39.2787442519,-7.4320711983,native
lythrum_junceum_2819.jpg,https://inaturalist-open-data.s3.amazonaws.com/photos/127850447/medium.jpg,cc-by-nc-sa,78146217,research,38.8881041,-0.4944843,native
lythrum_junceum_2820.jpeg,https://inaturalist-open-data.s3.amazonaws.com/photos/127768348/medium.jpeg,cc-by-sa,78097784,research,36.2153983333,6.6272666667,native
lythrum_junceum_2821.jpeg,https://inaturalist-open-data.s3.amazonaws.com/photos/127768702/medium.jpeg,cc-by-sa,78097784,research,36.2153983333,6.6272666667,native
lythrum_junceum_2822.jpeg,https://inaturalist-open-data.s3.amazonaws.com/photos/127392885/medium.jpeg,cc-by,77874699,research,36.370324626,6.4256215287,native
lythrum_junceum_2823.jpeg,https://inaturalist-open-data.s3.amazonaws.com/photos/127392905/medium.jpeg,cc-by,77874699,research,36.370324626,6.4256215287,native
lythrum_junceum_2824.jpeg,https://inaturalist-open-data.s3.amazonaws.com/photos/127392920/medium.jpeg,cc-by,77874699,research,36.370324626,6.4256215287,native
lythrum_junceum_2825.jpeg,https://inaturalist-open-data.s3.amazonaws.com/photos/127392934/medium.jpeg,cc-by,77874699,research,36.370324626,6.4256215287,native
lythrum_junceum_2826.jpeg,https://inaturalist-open-data.s3.amazonaws.com/photos/127392173/medium.jpeg,cc-by,77874242,research,36.2393315451,6.4961481902,native
lythrum_junceum_2827.jpeg,https://inaturalist-open-data.s3.amazonaws.com/photos/127392179/medium.jpeg,cc-by,77874242,research,36.2393315451,6.4961481902,native
lythrum_junceum_2828.jpeg,https://inaturalist-open-data.s3.amazonaws.com/photos/127392193/medium.jpeg,cc-by,77874242,research,36.2393315451,6.4961481902,native
lythrum_junceum_2829.jpeg,https://inaturalist-open-data.s3.amazonaws.com/photos/127392211/medium.jpeg,cc-by,77874242,research,36.2393315451,6.4961481902,native
lythrum_junceum_2830.jpeg,https://inaturalist-open-data.s3.amazonaws.com/photos/127392225/medium.jpeg,cc-by,77874242,research,36.2393315451,6.4961481902,native
lythrum_junceum_2831.jpeg,https://inaturalist-open-data.s3.amazonaws.com/photos/127392238/medium.jpeg,cc-by,77874242,research,36.2393315451,6.4961481902,native
lythrum_junceum_2832.jpeg,https://inaturalist-open-data.s3.amazonaws.com/photos/127392656/medium.jpeg,cc-by,77874242,research,36.2393315451,6.4961481902,native
lythrum_junceum_2833.jpeg,https://inaturalist-open-data.s3.amazonaws.com/photos/127392674/medium.jpeg,cc-by,77874242,research,36.2393315451,6.4961481902,native
lythrum_junceum_2834.jpeg,https://inaturalist-open-data.s3.amazonaws.com/photos/127392693/medium.jpeg,cc-by,77874242,research,36.2393315451,6.4961481902,native
lythrum_junceum_2835.jpeg,https://inaturalist-open-data.s3.amazonaws.com/photos/127011206/medium.jpeg,cc-by-nc,77651541,research,36.83498971,-2.6387980729,native
lythrum_junceum_2836.jpeg,https://inaturalist-open-data.s3.amazonaws.com/photos/127011381/medium.jpeg,cc-by-nc,77651541,research,36.83498971,-2.6387980729,native
lythrum_junceum_2837.jpeg,https://inaturalist-open-data.s3.amazonaws.com/photos/126643406/medium.jpeg,cc-by-nc,77437199,needs_id,36.227466159,-5.5863332655,native
lythrum_junceum_2838.jpeg,https://inaturalist-open-data.s3.amazonaws.com/photos/125354672/medium.jpeg,cc-by-nc,76643015,research,32.5009969738,34.9537414785,native
lythrum_junceum_2839.jpeg,https://inaturalist-open-data.s3.amazonaws.com/photos/125354716/medium.jpeg,cc-by-nc,76643015,research,32.5009969738,34.9537414785,native
lythrum_junceum_2840.jpg,https://inaturalist-open-data.s3.amazonaws.com/photos/124509862/medium.jpg,cc-by-nc,76101021,research,38.7247222222,-8.8897222222,native
lythrum_junceum_2841.jpg,https://inaturalist-open-data.s3.amazonaws.com/photos/124509889/medium.jpg,cc-by-nc,76101021,research,38.7247222222,-8.8897222222,native
lythrum_junceum_2842.jpg,https://inaturalist-open-data.s3.amazonaws.com/photos/124509916/medium.jpg,cc-by-nc,76101021,research,38.7247222222,-8.8897222222,native
lythrum_junceum_2843.jpg,https://inaturalist-open-data.s3.amazonaws.com/photos/124509933/medium.jpg,cc-by-nc,76101021,research,38.7247222222,-8.8897222222,native
lythrum_junceum_2844.jpg,https://inaturalist-open-data.s3.amazonaws.com/photos/124290445/medium.jpg,cc-by-nc,75963142,needs_id,38.5222549303,-8.9236284893,native
lythrum_junceum_2845.jpg,https://inaturalist-open-data.s3.amazonaws.com/photos/124294258/medium.jpg,cc-by-nc,75963142,needs_id,38.5222549303,-8.9236284893,native
lythrum_junceum_2846.jpg,https://inaturalist-open-data.s3.amazonaws.com/photos/124294362/medium.jpg,cc-by-nc,75963142,needs_id,38.5222549303,-8.9236284893,native
lythrum_junceum_2847.jpg,https://inaturalist-open-data.s3.amazonaws.com/photos/124294403/medium.jpg,cc-by-nc,75963142,needs_id,38.5222549303,-8.9236284893,native
lythrum_junceum_2848.jpeg,https://inaturalist-open-data.s3.amazonaws.com/photos/123994677/medium.jpeg,cc-by-nc,75772858,research,31.9085223043,34.7562330881,native
lythrum_junceum_2849.jpg,https://inaturalist-open-data.s3.amazonaws.com/photos/123955205/medium.jpg,cc-by-nc,75745296,research,-37.9741930131,145.2269762121,native
lythrum_junceum_2850.jpg,https://inaturalist-open-data.s3.amazonaws.com/photos/123955222/medium.jpg,cc-by-nc,75745296,research,-37.9741930131,145.2269762121,native
lythrum_junceum_2851.jpeg,https://inaturalist-open-data.s3.amazonaws.com/photos/123618971/medium.jpeg,cc-by-nc,75553300,research,31.9876384785,34.9078347691,native
lythrum_junceum_2852.jpeg,https://inaturalist-open-data.s3.amazonaws.com/photos/123468971/medium.jpeg,cc-by,75477425,research,36.11506,28.057115,native
lythrum_junceum_2853.jpeg,https://inaturalist-open-data.s3.amazonaws.com/photos/123469098/medium.jpeg,cc-by,75477425,research,36.11506,28.057115,native
lythrum_junceum_2854.jpeg,https://inaturalist-open-data.s3.amazonaws.com/photos/123468735/medium.jpeg,cc-by,75477425,research,36.11506,28.057115,native
lythrum_junceum_2855.jpeg,https://inaturalist-open-data.s3.amazonaws.com/photos/123469209/medium.jpeg,cc-by,75477425,research,36.11506,28.057115,native
lythrum_junceum_2856.jpeg,https://inaturalist-open-data.s3.amazonaws.com/photos/123469290/medium.jpeg,cc-by,75477425,research,36.11506,28.057115,native
lythrum_junceum_2857.jpeg,https://inaturalist-open-data.s3.amazonaws.com/photos/123337903/medium.jpeg,cc-by-nc,75392948,research,32.8246841431,35.7129859924,
lythrum_junceum_2858.jpeg,https://inaturalist-open-data.s3.amazonaws.com/photos/123275470/medium.jpeg,cc-by-nc,75359248,needs_id,37.3569943715,-5.9345997322,native
lythrum_junceum_2859.jpeg,https://inaturalist-open-data.s3.amazonaws.com/photos/123237172/medium.jpeg,cc-by-nc,75342865,research,37.3562844868,-5.9376588488,native
lythrum_junceum_2860.jpeg,https://inaturalist-open-data.s3.amazonaws.com/photos/123237247/medium.jpeg,cc-by-nc,75342865,research,37.3562844868,-5.9376588488,native
lythrum_junceum_2861.jpg,https://inaturalist-open-data.s3.amazonaws.com/photos/123199593/medium.jpg,cc-by-nc,75315226,research,34.1025409196,-6.5740072075,native
lythrum_junceum_2862.jpg,https://inaturalist-open-data.s3.amazonaws.com/photos/123199611/medium.jpg,cc-by-nc,75315226,research,34.1025409196,-6.5740072075,native
lythrum_junceum_2863.jpg,https://inaturalist-open-data.s3.amazonaws.com/photos/123199852/medium.jpg,cc-by-nc,75315226,research,34.1025409196,-6.5740072075,native
lythrum_junceum_2864.jpeg,https://inaturalist-open-data.s3.amazonaws.com/photos/123175407/medium.jpeg,cc-by-nc,75302298,needs_id,37.3547231731,-5.9376398403,native
lythrum_junceum_2865.jpeg,https://inaturalist-open-data.s3.amazonaws.com/photos/123085265/medium.jpeg,cc-by-nc,75252631,research,35.6561203003,35.997051239,
lythrum_junceum_2866.jpeg,https://inaturalist-open-data.s3.amazonaws.com/photos/123077533/medium.jpeg,cc-by,75250073,research,36.1311466667,28.0663266667,native
lythrum_junceum_2867.jpeg,https://inaturalist-open-data.s3.amazonaws.com/photos/122916750/medium.jpeg,cc-by,75157058,research,36.12153,28.0638883333,native
lythrum_junceum_2868.jpeg,https://inaturalist-open-data.s3.amazonaws.com/photos/122916987/medium.jpeg,cc-by,75157058,research,36.12153,28.0638883333,native
lythrum_junceum_2869.jpeg,https://inaturalist-open-data.s3.amazonaws.com/photos/122916899/medium.jpeg,cc-by,75157058,research,36.12153,28.0638883333,native
lythrum_junceum_2870.jpeg,https://inaturalist-open-data.s3.amazonaws.com/photos/122916966/medium.jpeg,cc-by,75157058,research,36.12153,28.0638883333,native
lythrum_junceum_2871.jpeg,https://inaturalist-open-data.s3.amazonaws.com/photos/122916781/medium.jpeg,cc-by,75157058,research,36.12153,28.0638883333,native
lythrum_junceum_2872.jpeg,https://inaturalist-open-data.s3.amazonaws.com/photos/122916825/medium.jpeg,cc-by,75157058,research,36.12153,28.0638883333,native
lythrum_junceum_2873.jpeg,https://inaturalist-open-data.s3.amazonaws.com/photos/122916844/medium.jpeg,cc-by,75157058,research,36.12153,28.0638883333,native
lythrum_junceum_2874.jpeg,https://inaturalist-open-data.s3.amazonaws.com/photos/122916933/medium.jpeg,cc-by,75157058,research,36.12153,28.0638883333,native
lythrum_junceum_2875.jpeg,https://inaturalist-open-data.s3.amazonaws.com/photos/122158849/medium.jpeg,cc-by-nc,74721374,needs_id,37.22258375,-6.0176949444,native
lythrum_junceum_2876.jpeg,https://inaturalist-open-data.s3.amazonaws.com/photos/122158856/medium.jpeg,cc-by-nc,74721374,needs_id,37.22258375,-6.0176949444,native
lythrum_junceum_2877.jpeg,https://inaturalist-open-data.s3.amazonaws.com/photos/122158864/medium.jpeg,cc-by-nc,74721374,needs_id,37.22258375,-6.0176949444,native
lythrum_junceum_2878.jpeg,https://inaturalist-open-data.s3.amazonaws.com/photos/122158874/medium.jpeg,cc-by-nc,74721374,needs_id,37.22258375,-6.0176949444,native
lythrum_junceum_2879.jpeg,https://inaturalist-open-data.s3.amazonaws.com/photos/122158888/medium.jpeg,cc-by-nc,74721374,needs_id,37.22258375,-6.0176949444,native
lythrum_junceum_2880.jpeg,https://inaturalist-open-data.s3.amazonaws.com/photos/122158899/medium.jpeg,cc-by-nc,74721374,needs_id,37.22258375,-6.0176949444,native
lythrum_junceum_2881.jpeg,https://inaturalist-open-data.s3.amazonaws.com/photos/122158909/medium.jpeg,cc-by-nc,74721374,needs_id,37.22258375,-6.0176949444,native
lythrum_junceum_2882.jpeg,https://inaturalist-open-data.s3.amazonaws.com/photos/119856226/medium.jpeg,cc-by-nc,73418048,needs_id,35.4237283333,23.6694183333,native
lythrum_junceum_2883.jpeg,https://inaturalist-open-data.s3.amazonaws.com/photos/119710551/medium.jpeg,cc-by-nc-nd,73335016,research,32.1053092,34.930512,native
lythrum_junceum_2884.jpg,https://inaturalist-open-data.s3.amazonaws.com/photos/117491022/medium.jpg,cc-by-nc,72097175,research,41.4707131535,14.0913259329,native
lythrum_junceum_2885.jpeg,https://inaturalist-open-data.s3.amazonaws.com/photos/116932998/medium.jpeg,cc-by-nc,71789221,needs_id,36.7829617558,4.9918406952,native
lythrum_junceum_2886.jpeg,https://inaturalist-open-data.s3.amazonaws.com/photos/115944135/medium.jpeg,cc-by-nc,71235422,needs_id,40.1654828455,-8.8533113204,native
lythrum_junceum_2887.jpeg,https://inaturalist-open-data.s3.amazonaws.com/photos/115528060/medium.jpeg,cc-by-nc,71002605,research,42.0959892273,-8.7641801834,native
lythrum_junceum_2888.jpg,https://inaturalist-open-data.s3.amazonaws.com/photos/114809391/medium.jpg,cc-by-nc,70602590,research,-37.8981583333,145.2042083333,native
lythrum_junceum_2889.jpg,https://inaturalist-open-data.s3.amazonaws.com/photos/114809392/medium.jpg,cc-by-nc,70602590,research,-37.8981583333,145.2042083333,native
lythrum_junceum_2890.jpg,https://inaturalist-open-data.s3.amazonaws.com/photos/113217687/medium.jpg,cc-by,69733620,research,43.3405555556,-4.5952777778,native
lythrum_junceum_2891.jpeg,https://inaturalist-open-data.s3.amazonaws.com/photos/113092068/medium.jpeg,cc-by-nc,69667197,research,35.4754877283,23.93236044,native
lythrum_junceum_2892.jpeg,https://inaturalist-open-data.s3.amazonaws.com/photos/113092075/medium.jpeg,cc-by-nc,69667197,research,35.4754877283,23.93236044,native
lythrum_junceum_2893.jpeg,https://inaturalist-open-data.s3.amazonaws.com/photos/113092083/medium.jpeg,cc-by-nc,69667197,research,35.4754877283,23.93236044,native
lythrum_junceum_2894.jpeg,https://inaturalist-open-data.s3.amazonaws.com/photos/112989239/medium.jpeg,cc-by-nc,69612460,needs_id,39.7254211681,-8.5741141112,native
lythrum_junceum_2895.jpeg,https://inaturalist-open-data.s3.amazonaws.com/photos/112552455/medium.jpeg,cc-by,69379435,research,36.3455404539,27.9399542881,native
lythrum_junceum_2896.jpeg,https://inaturalist-open-data.s3.amazonaws.com/photos/112552498/medium.jpeg,cc-by,69379435,research,36.3455404539,27.9399542881,native
lythrum_junceum_2897.jpeg,https://inaturalist-open-data.s3.amazonaws.com/photos/112552397/medium.jpeg,cc-by,69379435,research,36.3455404539,27.9399542881,native
lythrum_junceum_2898.jpeg,https://inaturalist-open-data.s3.amazonaws.com/photos/111785526/medium.jpeg,cc-by-nc-sa,68956953,research,-38.6815675,143.2217663889,native
lythrum_junceum_2899.jpeg,https://inaturalist-open-data.s3.amazonaws.com/photos/111489260/medium.jpeg,cc-by,68797934,needs_id,-37.9396983333,145.2225066667,native
lythrum_junceum_2900.jpeg,https://inaturalist-open-data.s3.amazonaws.com/photos/111489263/medium.jpeg,cc-by,68797934,needs_id,-37.9396983333,145.2225066667,native
lythrum_junceum_2901.jpeg,https://inaturalist-open-data.s3.amazonaws.com/photos/110869896/medium.jpeg,cc-by-nc,68467357,research,37.4636360095,-121.9314759894,introduced non-invasive
lythrum_junceum_2902.jpeg,https://inaturalist-open-data.s3.amazonaws.com/photos/110591616/medium.jpeg,cc-by-nc,68318345,research,-37.9082065083,145.311153,native
lythrum_junceum_2903.jpeg,https://inaturalist-open-data.s3.amazonaws.com/photos/110591621/medium.jpeg,cc-by-nc,68318345,research,-37.9082065083,145.311153,native
lythrum_junceum_2904.jpeg,https://inaturalist-open-data.s3.amazonaws.com/photos/110591640/medium.jpeg,cc-by-nc,68318345,research,-37.9082065083,145.311153,native
lythrum_junceum_2905.jpeg,https://inaturalist-open-data.s3.amazonaws.com/photos/110591661/medium.jpeg,cc-by-nc,68318345,research,-37.9082065083,145.311153,native
lythrum_junceum_2906.jpg,https://inaturalist-open-data.s3.amazonaws.com/photos/110571845/medium.jpg,cc-by-nc,68307833,research,-37.9397344579,145.2157958845,native
lythrum_junceum_2907.jpg,https://inaturalist-open-data.s3.amazonaws.com/photos/110051614/medium.jpg,cc-by-nc,68025082,research,-38.0134541897,141.6650008849,native
lythrum_junceum_2908.jpg,https://inaturalist-open-data.s3.amazonaws.com/photos/109836028/medium.jpg,cc-by-nc,67907411,research,36.8347386278,-2.6397399197,native
lythrum_junceum_2909.jpg,https://inaturalist-open-data.s3.amazonaws.com/photos/109836064/medium.jpg,cc-by-nc,67907411,research,36.8347386278,-2.6397399197,native
lythrum_junceum_2910.jpg,https://inaturalist-open-data.s3.amazonaws.com/photos/109719827/medium.jpg,cc-by-nc,67845706,research,-38.0879487915,141.7536882985,native
lythrum_junceum_2911.jpeg,https://inaturalist-open-data.s3.amazonaws.com/photos/109051639/medium.jpeg,cc-by-nc,67489685,needs_id,-37.7976075,145.1299658,native
lythrum_junceum_2912.jpeg,https://inaturalist-open-data.s3.amazonaws.com/photos/108988566/medium.jpeg,cc-by-nc,67455108,research,39.9033212649,4.0674988971,native
lythrum_junceum_2913.jpeg,https://inaturalist-open-data.s3.amazonaws.com/photos/108988285/medium.jpeg,cc-by-nc,67455108,research,39.9033212649,4.0674988971,native
lythrum_junceum_2914.jpeg,https://inaturalist-open-data.s3.amazonaws.com/photos/108988345/medium.jpeg,cc-by-nc,67455108,research,39.9033212649,4.0674988971,native
lythrum_junceum_2915.jpeg,https://inaturalist-open-data.s3.amazonaws.com/photos/108988308/medium.jpeg,cc-by-nc,67455108,research,39.9033212649,4.0674988971,native
lythrum_junceum_2916.jpeg,https://inaturalist-open-data.s3.amazonaws.com/photos/108440455/medium.jpeg,cc-by-nc-sa,67161663,research,-37.6743633333,141.8409597222,native
lythrum_junceum_2917.jpeg,https://inaturalist-open-data.s3.amazonaws.com/photos/108378942/medium.jpeg,cc-by-nc-sa,67128152,research,-38.5359966667,143.2423763889,native
lythrum_junceum_2918.jpeg,https://inaturalist-open-data.s3.amazonaws.com/photos/106665504/medium.jpeg,cc-by-nc,66196585,research,43.67854,-7.95987,native
lythrum_junceum_2919.jpeg,https://inaturalist-open-data.s3.amazonaws.com/photos/106660407/medium.jpeg,cc-by-nc,66193945,research,43.601125,-8.1543861111,native
lythrum_junceum_2920.jpeg,https://inaturalist-open-data.s3.amazonaws.com/photos/100769966/medium.jpeg,cc-by-nc,62850131,research,37.402312,-121.918399,introduced non-invasive
lythrum_junceum_2921.jpeg,https://inaturalist-open-data.s3.amazonaws.com/photos/100769973/medium.jpeg,cc-by-nc,62850131,research,37.402312,-121.918399,introduced non-invasive
lythrum_junceum_2922.jpeg,https://inaturalist-open-data.s3.amazonaws.com/photos/100769981/medium.jpeg,cc-by-nc,62850131,research,37.402312,-121.918399,introduced non-invasive
lythrum_junceum_2923.jpeg,https://inaturalist-open-data.s3.amazonaws.com/photos/100769997/medium.jpeg,cc-by-nc,62850131,research,37.402312,-121.918399,introduced non-invasive
lythrum_junceum_2924.jpeg,https://inaturalist-open-data.s3.amazonaws.com/photos/100770016/medium.jpeg,cc-by-nc,62850131,research,37.402312,-121.918399,introduced non-invasive
lythrum_junceum_2925.jpeg,https://inaturalist-open-data.s3.amazonaws.com/photos/100735146/medium.jpeg,cc-by-nc,62830182,research,36.7133668992,-3.4265027324,native
lythrum_junceum_2926.jpeg,https://inaturalist-open-data.s3.amazonaws.com/photos/100735170/medium.jpeg,cc-by-nc,62830182,research,36.7133668992,-3.4265027324,native
lythrum_junceum_2927.jpeg,https://inaturalist-open-data.s3.amazonaws.com/photos/100735258/medium.jpeg,cc-by-nc,62830182,research,36.7133668992,-3.4265027324,native
lythrum_junceum_2928.jpeg,https://inaturalist-open-data.s3.amazonaws.com/photos/100637824/medium.jpeg,cc-by,62774161,research,40.3024933333,-8.2288783333,native
lythrum_junceum_2929.jpeg,https://inaturalist-open-data.s3.amazonaws.com/photos/100637847/medium.jpeg,cc-by,62774161,research,40.3024933333,-8.2288783333,native
lythrum_junceum_2930.jpeg,https://inaturalist-open-data.s3.amazonaws.com/photos/99771038/medium.jpeg,cc-by-nc,62282157,research,37.406776,-121.954215,introduced non-invasive
lythrum_junceum_2931.jpeg,https://inaturalist-open-data.s3.amazonaws.com/photos/99771042/medium.jpeg,cc-by-nc,62282157,research,37.406776,-121.954215,introduced non-invasive
lythrum_junceum_2932.jpeg,https://inaturalist-open-data.s3.amazonaws.com/photos/99771044/medium.jpeg,cc-by-nc,62282157,research,37.406776,-121.954215,introduced non-invasive
lythrum_junceum_2933.jpeg,https://inaturalist-open-data.s3.amazonaws.com/photos/99771050/medium.jpeg,cc-by-nc,62282157,research,37.406776,-121.954215,introduced non-invasive
lythrum_junceum_2934.jpeg,https://inaturalist-open-data.s3.amazonaws.com/photos/98087707/medium.jpeg,cc-by-nc,61305963,research,43.594525,-8.0412944444,native
lythrum_junceum_2935.jpg,https://inaturalist-open-data.s3.amazonaws.com/photos/96352986/medium.jpg,cc-by-nc,60268759,research,37.5922718508,-121.8593200744,introduced non-invasive
lythrum_junceum_2936.jpg,https://inaturalist-open-data.s3.amazonaws.com/photos/96353921/medium.jpg,cc-by-nc,60268759,research,37.5922718508,-121.8593200744,introduced non-invasive
lythrum_junceum_2937.jpg,https://inaturalist-open-data.s3.amazonaws.com/photos/96354068/medium.jpg,cc-by-nc,60268759,research,37.5922718508,-121.8593200744,introduced non-invasive
lythrum_junceum_2938.jpeg,https://inaturalist-open-data.s3.amazonaws.com/photos/96184574/medium.jpeg,cc-by-nc,60156386,research,32.9038886,35.6462815,
lythrum_junceum_2939.jpeg,https://inaturalist-open-data.s3.amazonaws.com/photos/95545553/medium.jpeg,cc-by-nc,59781460,research,41.6110899883,-8.8087123632,native
lythrum_junceum_2940.jpeg,https://inaturalist-open-data.s3.amazonaws.com/photos/94435129/medium.jpeg,cc-by-nc,59116125,research,40.5538888889,-8.6811111111,native
lythrum_junceum_2941.jpeg,https://inaturalist-open-data.s3.amazonaws.com/photos/94435135/medium.jpeg,cc-by-nc,59116125,research,40.5538888889,-8.6811111111,native
lythrum_junceum_2942.jpeg,https://inaturalist-open-data.s3.amazonaws.com/photos/94435143/medium.jpeg,cc-by-nc,59116125,research,40.5538888889,-8.6811111111,native
lythrum_junceum_2943.jpeg,https://inaturalist-open-data.s3.amazonaws.com/photos/94435265/medium.jpeg,cc-by-nc,59116125,research,40.5538888889,-8.6811111111,native
lythrum_junceum_2944.jpeg,https://inaturalist-open-data.s3.amazonaws.com/photos/94435450/medium.jpeg,cc-by-nc,59116125,research,40.5538888889,-8.6811111111,native
lythrum_junceum_2945.jpeg,https://inaturalist-open-data.s3.amazonaws.com/photos/92847396/medium.jpeg,cc-by-nc,58171005,needs_id,39.359165,-9.2252416667,native
lythrum_junceum_2946.jpeg,https://inaturalist-open-data.s3.amazonaws.com/photos/92848092/medium.jpeg,cc-by-nc,58171005,needs_id,39.359165,-9.2252416667,native
lythrum_junceum_2947.jpeg,https://inaturalist-open-data.s3.amazonaws.com/photos/92370631/medium.jpeg,cc-by-nc,57885766,research,37.406035,-121.95333,introduced non-invasive
lythrum_junceum_2948.jpeg,https://inaturalist-open-data.s3.amazonaws.com/photos/92370641/medium.jpeg,cc-by-nc,57885766,research,37.406035,-121.95333,introduced non-invasive
lythrum_junceum_2949.jpeg,https://inaturalist-open-data.s3.amazonaws.com/photos/92370660/medium.jpeg,cc-by-nc,57885766,research,37.406035,-121.95333,introduced non-invasive
lythrum_junceum_2950.jpeg,https://inaturalist-open-data.s3.amazonaws.com/photos/92370697/medium.jpeg,cc-by-nc,57885766,research,37.406035,-121.95333,introduced non-invasive
lythrum_junceum_2951.jpeg,https://inaturalist-open-data.s3.amazonaws.com/photos/92016511/medium.jpeg,cc-by-nc,57674063,research,43.3425,-3.8252777778,native
lythrum_junceum_2952.jpeg,https://inaturalist-open-data.s3.amazonaws.com/photos/91045707/medium.jpeg,cc-by-nc-sa,57095816,research,32.8651988561,35.7679685292,
lythrum_junceum_2953.jpeg,https://inaturalist-open-data.s3.amazonaws.com/photos/91045718/medium.jpeg,cc-by-nc-sa,57095816,research,32.8651988561,35.7679685292,
lythrum_junceum_2954.jpeg,https://inaturalist-open-data.s3.amazonaws.com/photos/90603925/medium.jpeg,cc-by-nc,56835739,research,32.8651533333,35.767905,
lythrum_junceum_2955.jpeg,https://inaturalist-open-data.s3.amazonaws.com/photos/89741524/medium.jpeg,cc-by-nc,56320234,research,32.1336548018,34.8914455369,native
lythrum_junceum_2956.jpg,https://inaturalist-open-data.s3.amazonaws.com/photos/89261483/medium.jpg,cc-by-nc,56032637,research,37.16563883,-121.63926667,introduced non-invasive
lythrum_junceum_2957.jpg,https://inaturalist-open-data.s3.amazonaws.com/photos/89261498/medium.jpg,cc-by-nc,56032637,research,37.16563883,-121.63926667,introduced non-invasive
lythrum_junceum_2958.jpg,https://inaturalist-open-data.s3.amazonaws.com/photos/89261519/medium.jpg,cc-by-nc,56032637,research,37.16563883,-121.63926667,introduced non-invasive
lythrum_junceum_2959.jpeg,https://inaturalist-open-data.s3.amazonaws.com/photos/88888650/medium.jpeg,cc-by-nc,55807739,research,43.5502287324,-8.2730772268,native
lythrum_junceum_2960.jpeg,https://inaturalist-open-data.s3.amazonaws.com/photos/88889057/medium.jpeg,cc-by-nc,55807739,research,43.5502287324,-8.2730772268,native
lythrum_junceum_2961.jpeg,https://inaturalist-open-data.s3.amazonaws.com/photos/88638053/medium.jpeg,cc-by-nc,55656303,research,37.4615310451,-121.9293151385,introduced non-invasive
lythrum_junceum_2962.jpeg,https://inaturalist-open-data.s3.amazonaws.com/photos/88638073/medium.jpeg,cc-by-nc,55656303,research,37.4615310451,-121.9293151385,introduced non-invasive
lythrum_junceum_2963.jpeg,https://inaturalist-open-data.s3.amazonaws.com/photos/88638084/medium.jpeg,cc-by-nc,55656303,research,37.4615310451,-121.9293151385,introduced non-invasive
lythrum_junceum_2964.jpeg,https://inaturalist-open-data.s3.amazonaws.com/photos/87598973/medium.jpeg,cc-by-nc,55030921,research,37.406904,-121.986447,introduced non-invasive
lythrum_junceum_2965.jpeg,https://inaturalist-open-data.s3.amazonaws.com/photos/87599022/medium.jpeg,cc-by-nc,55030921,research,37.406904,-121.986447,introduced non-invasive
lythrum_junceum_2966.jpeg,https://inaturalist-open-data.s3.amazonaws.com/photos/87598987/medium.jpeg,cc-by-nc,55030921,research,37.406904,-121.986447,introduced non-invasive
lythrum_junceum_2967.jpeg,https://inaturalist-open-data.s3.amazonaws.com/photos/87599057/medium.jpeg,cc-by-nc,55030921,research,37.406904,-121.986447,introduced non-invasive
lythrum_junceum_2968.jpeg,https://inaturalist-open-data.s3.amazonaws.com/photos/87599038/medium.jpeg,cc-by-nc,55030921,research,37.406904,-121.986447,introduced non-invasive
lythrum_junceum_2969.jpeg,https://inaturalist-open-data.s3.amazonaws.com/photos/87599035/medium.jpeg,cc-by-nc,55030921,research,37.406904,-121.986447,introduced non-invasive
lythrum_junceum_2970.jpeg,https://inaturalist-open-data.s3.amazonaws.com/photos/87596153/medium.jpeg,cc-by-nc,55028492,research,41.323015,-8.72893,native
lythrum_junceum_2971.jpeg,https://inaturalist-open-data.s3.amazonaws.com/photos/87596163/medium.jpeg,cc-by-nc,55028492,research,41.323015,-8.72893,native
lythrum_junceum_2972.jpeg,https://inaturalist-open-data.s3.amazonaws.com/photos/87596173/medium.jpeg,cc-by-nc,55028492,research,41.323015,-8.72893,native
lythrum_junceum_2973.jpeg,https://inaturalist-open-data.s3.amazonaws.com/photos/87596187/medium.jpeg,cc-by-nc,55028492,research,41.323015,-8.72893,native
lythrum_junceum_2974.jpg,https://inaturalist-open-data.s3.amazonaws.com/photos/87350160/medium.jpg,cc-by,54881252,research,37.4077967534,-121.9556658331,introduced non-invasive
lythrum_junceum_2975.jpg,https://inaturalist-open-data.s3.amazonaws.com/photos/87350211/medium.jpg,cc-by,54881252,research,37.4077967534,-121.9556658331,introduced non-invasive
lythrum_junceum_2976.jpg,https://inaturalist-open-data.s3.amazonaws.com/photos/87350228/medium.jpg,cc-by,54881252,research,37.4077967534,-121.9556658331,introduced non-invasive
lythrum_junceum_2977.jpeg,https://inaturalist-open-data.s3.amazonaws.com/photos/87279855/medium.jpeg,cc-by-nc,54838117,research,43.273063,-8.5577039722,native
lythrum_junceum_2978.jpg,https://inaturalist-open-data.s3.amazonaws.com/photos/87125544/medium.jpg,cc-by,54744580,research,37.1656365529,-121.639475164,introduced non-invasive
lythrum_junceum_2979.jpg,https://inaturalist-open-data.s3.amazonaws.com/photos/87125498/medium.jpg,cc-by,54744580,research,37.1656365529,-121.639475164,introduced non-invasive
lythrum_junceum_2980.jpg,https://inaturalist-open-data.s3.amazonaws.com/photos/87125567/medium.jpg,cc-by,54744580,research,37.1656365529,-121.639475164,introduced non-invasive
lythrum_junceum_2981.jpg,https://inaturalist-open-data.s3.amazonaws.com/photos/87125520/medium.jpg,cc-by,54744580,research,37.1656365529,-121.639475164,introduced non-invasive
lythrum_junceum_2982.jpg,https://inaturalist-open-data.s3.amazonaws.com/photos/87125478/medium.jpg,cc-by,54744580,research,37.1656365529,-121.639475164,introduced non-invasive
lythrum_junceum_2983.jpeg,https://inaturalist-open-data.s3.amazonaws.com/photos/86016761/medium.jpeg,cc-by-nc,54071208,research,43.595,-8.13877,native
lythrum_junceum_2984.jpg,https://inaturalist-open-data.s3.amazonaws.com/photos/86017446/medium.jpg,cc-by-nc,54071208,research,43.595,-8.13877,native
lythrum_junceum_2985.jpeg,https://inaturalist-open-data.s3.amazonaws.com/photos/86017139/medium.jpeg,cc-by-nc,54071208,research,43.595,-8.13877,native
lythrum_junceum_2986.jpeg,https://inaturalist-open-data.s3.amazonaws.com/photos/86017137/medium.jpeg,cc-by-nc,54071208,research,43.595,-8.13877,native
lythrum_junceum_2987.jpg,https://inaturalist-open-data.s3.amazonaws.com/photos/86017243/medium.jpg,cc-by-nc,54071208,research,43.595,-8.13877,native
lythrum_junceum_2988.jpg,https://inaturalist-open-data.s3.amazonaws.com/photos/86017272/medium.jpg,cc-by-nc,54071208,research,43.595,-8.13877,native
lythrum_junceum_2989.jpg,https://inaturalist-open-data.s3.amazonaws.com/photos/86017376/medium.jpg,cc-by-nc,54071208,research,43.595,-8.13877,native
lythrum_junceum_2990.jpg,https://inaturalist-open-data.s3.amazonaws.com/photos/86017358/medium.jpg,cc-by-nc,54071208,research,43.595,-8.13877,native
lythrum_junceum_2991.jpeg,https://inaturalist-open-data.s3.amazonaws.com/photos/85861868/medium.jpeg,cc-by-nc,53976120,research,41.3714456978,14.1760698889,native
lythrum_junceum_2992.jpeg,https://inaturalist-open-data.s3.amazonaws.com/photos/84988756/medium.jpeg,cc-by-nc,53435809,research,37.4138489999,-122.020202,introduced non-invasive
lythrum_junceum_2993.jpeg,https://inaturalist-open-data.s3.amazonaws.com/photos/84988766/medium.jpeg,cc-by-nc,53435809,research,37.4138489999,-122.020202,introduced non-invasive
lythrum_junceum_2994.jpeg,https://inaturalist-open-data.s3.amazonaws.com/photos/84988781/medium.jpeg,cc-by-nc,53435809,research,37.4138489999,-122.020202,introduced non-invasive
lythrum_junceum_2995.jpeg,https://inaturalist-open-data.s3.amazonaws.com/photos/84988816/medium.jpeg,cc-by-nc,53435809,research,37.4138489999,-122.020202,introduced non-invasive
lythrum_junceum_2996.jpg,https://inaturalist-open-data.s3.amazonaws.com/photos/83390412/medium.jpg,cc-by-nc,52456586,research,32.9525940427,35.7408067561,
lythrum_junceum_2997.jpeg,https://inaturalist-open-data.s3.amazonaws.com/photos/82270207/medium.jpeg,cc-by-nc,51768677,research,32.7190305982,35.1699575747,
lythrum_junceum_2998.jpeg,https://inaturalist-open-data.s3.amazonaws.com/photos/82270212/medium.jpeg,cc-by-nc,51768677,research,32.7190305982,35.1699575747,
lythrum_junceum_2999.jpg,https://inaturalist-open-data.s3.amazonaws.com/photos/81034554/medium.jpg,cc-by-nc,51016148,research,40.6369538489,-7.9141425689,native
lythrum_junceum_3000.jpg,https://inaturalist-open-data.s3.amazonaws.com/photos/81034700/medium.jpg,cc-by-nc,51016148,research,40.6369538489,-7.9141425689,native
lythrum_junceum_3001.jpg,https://inaturalist-open-data.s3.amazonaws.com/photos/81034703/medium.jpg,cc-by-nc,51016148,research,40.6369538489,-7.9141425689,native
lythrum_junceum_3002.jpg,https://inaturalist-open-data.s3.amazonaws.com/photos/81034717/medium.jpg,cc-by-nc,51016148,research,40.6369538489,-7.9141425689,native
lythrum_junceum_3003.jpeg,https://inaturalist-open-data.s3.amazonaws.com/photos/80553777/medium.jpeg,cc0,50720161,research,37.4461488467,-121.8483676977,introduced non-invasive
lythrum_junceum_3004.jpeg,https://inaturalist-open-data.s3.amazonaws.com/photos/80553992/medium.jpeg,cc0,50720161,research,37.4461488467,-121.8483676977,introduced non-invasive
lythrum_junceum_3005.jpeg,https://inaturalist-open-data.s3.amazonaws.com/photos/80547500/medium.jpeg,cc-by-nc,50716353,needs_id,39.2315149722,-9.2751966389,native
lythrum_junceum_3006.jpeg,https://inaturalist-open-data.s3.amazonaws.com/photos/80547518/medium.jpeg,cc-by-nc,50716353,needs_id,39.2315149722,-9.2751966389,native
lythrum_junceum_3007.jpeg,https://inaturalist-open-data.s3.amazonaws.com/photos/80547552/medium.jpeg,cc-by-nc,50716353,needs_id,39.2315149722,-9.2751966389,native
lythrum_junceum_3008.jpeg,https://inaturalist-open-data.s3.amazonaws.com/photos/80547590/medium.jpeg,cc-by-nc,50716353,needs_id,39.2315149722,-9.2751966389,native
lythrum_junceum_3009.jpeg,https://inaturalist-open-data.s3.amazonaws.com/photos/80315282/medium.jpeg,cc-by,50579373,needs_id,40.8994875178,-8.2358885182,native
lythrum_junceum_3010.jpeg,https://inaturalist-open-data.s3.amazonaws.com/photos/80316347/medium.jpeg,cc-by,50579373,needs_id,40.8994875178,-8.2358885182,native
lythrum_junceum_3011.jpeg,https://inaturalist-open-data.s3.amazonaws.com/photos/80316352/medium.jpeg,cc-by,50579373,needs_id,40.8994875178,-8.2358885182,native
lythrum_junceum_3012.jpeg,https://inaturalist-open-data.s3.amazonaws.com/photos/80173083/medium.jpeg,cc-by-nc,50495787,research,37.5455206226,-121.9590870557,introduced non-invasive
lythrum_junceum_3013.jpeg,https://inaturalist-open-data.s3.amazonaws.com/photos/80173020/medium.jpeg,cc-by-nc,50495787,research,37.5455206226,-121.9590870557,introduced non-invasive
lythrum_junceum_3014.jpeg,https://inaturalist-open-data.s3.amazonaws.com/photos/80173077/medium.jpeg,cc-by-nc,50495787,research,37.5455206226,-121.9590870557,introduced non-invasive
lythrum_junceum_3015.jpeg,https://inaturalist-open-data.s3.amazonaws.com/photos/80084315/medium.jpeg,cc-by-nc,50439968,research,41.3210714553,-8.7257487455,native
lythrum_junceum_3016.jpeg,https://inaturalist-open-data.s3.amazonaws.com/photos/80001302/medium.jpeg,cc-by,50381959,needs_id,40.6466669545,-8.65298922,native
lythrum_junceum_3017.jpeg,https://inaturalist-open-data.s3.amazonaws.com/photos/80001322/medium.jpeg,cc-by,50381959,needs_id,40.6466669545,-8.65298922,native
lythrum_junceum_3018.jpg,https://inaturalist-open-data.s3.amazonaws.com/photos/79981829/medium.jpg,cc-by,50368885,needs_id,36.918909,-4.692374,native
lythrum_junceum_3019.jpg,https://inaturalist-open-data.s3.amazonaws.com/photos/79981832/medium.jpg,cc-by,50368885,needs_id,36.918909,-4.692374,native
lythrum_junceum_3020.jpg,https://inaturalist-open-data.s3.amazonaws.com/photos/79981836/medium.jpg,cc-by,50368885,needs_id,36.918909,-4.692374,native
lythrum_junceum_3021.jpg,https://inaturalist-open-data.s3.amazonaws.com/photos/79981840/medium.jpg,cc-by,50368885,needs_id,36.918909,-4.692374,native
lythrum_junceum_3022.jpeg,https://inaturalist-open-data.s3.amazonaws.com/photos/79741953/medium.jpeg,cc-by-nc,50220697,research,37.407389,-121.986688,introduced non-invasive
lythrum_junceum_3023.jpeg,https://inaturalist-open-data.s3.amazonaws.com/photos/79742028/medium.jpeg,cc-by-nc,50220697,research,37.407389,-121.986688,introduced non-invasive
lythrum_junceum_3024.jpeg,https://inaturalist-open-data.s3.amazonaws.com/photos/90265497/medium.jpeg,cc-by-nc,50220697,research,37.407389,-121.986688,introduced non-invasive
lythrum_junceum_3025.jpeg,https://inaturalist-open-data.s3.amazonaws.com/photos/90265679/medium.jpeg,cc-by-nc,50220697,research,37.407389,-121.986688,introduced non-invasive
lythrum_junceum_3026.jpeg,https://inaturalist-open-data.s3.amazonaws.com/photos/79741596/medium.jpeg,cc-by-nc,50220673,research,37.408505,-121.986741,introduced non-invasive
lythrum_junceum_3027.jpeg,https://inaturalist-open-data.s3.amazonaws.com/photos/79741611/medium.jpeg,cc-by-nc,50220673,research,37.408505,-121.986741,introduced non-invasive
lythrum_junceum_3028.jpeg,https://inaturalist-open-data.s3.amazonaws.com/photos/79741229/medium.jpeg,cc-by-nc,50220653,research,37.408785,-121.986755,introduced non-invasive
lythrum_junceum_3029.jpeg,https://inaturalist-open-data.s3.amazonaws.com/photos/79741234/medium.jpeg,cc-by-nc,50220653,research,37.408785,-121.986755,introduced non-invasive
lythrum_junceum_3030.jpeg,https://inaturalist-open-data.s3.amazonaws.com/photos/79741253/medium.jpeg,cc-by-nc,50220653,research,37.408785,-121.986755,introduced non-invasive
lythrum_junceum_3031.jpeg,https://inaturalist-open-data.s3.amazonaws.com/photos/79669504/medium.jpeg,cc-by-nc,50172048,research,39.0454940794,-7.9087333678,native
lythrum_junceum_3032.jpeg,https://inaturalist-open-data.s3.amazonaws.com/photos/79669523/medium.jpeg,cc-by-nc,50172048,research,39.0454940794,-7.9087333678,native
lythrum_junceum_3033.jpeg,https://inaturalist-open-data.s3.amazonaws.com/photos/78820968/medium.jpeg,cc-by-nc,49653815,research,37.417828,-122.003235,introduced non-invasive
lythrum_junceum_3034.jpeg,https://inaturalist-open-data.s3.amazonaws.com/photos/78820980/medium.jpeg,cc-by-nc,49653815,research,37.417828,-122.003235,introduced non-invasive
lythrum_junceum_3035.jpeg,https://inaturalist-open-data.s3.amazonaws.com/photos/78821003/medium.jpeg,cc-by-nc,49653815,research,37.417828,-122.003235,introduced non-invasive
lythrum_junceum_3036.jpeg,https://inaturalist-open-data.s3.amazonaws.com/photos/78821018/medium.jpeg,cc-by-nc,49653815,research,37.417828,-122.003235,introduced non-invasive
lythrum_junceum_3037.jpeg,https://inaturalist-open-data.s3.amazonaws.com/photos/78747277/medium.jpeg,cc-by-nc,49604689,needs_id,39.6606382279,-8.8016363006,native
lythrum_junceum_3038.jpeg,https://inaturalist-open-data.s3.amazonaws.com/photos/78747453/medium.jpeg,cc-by-nc,49604689,needs_id,39.6606382279,-8.8016363006,native
lythrum_junceum_3039.jpeg,https://inaturalist-open-data.s3.amazonaws.com/photos/78659903/medium.jpeg,cc-by-nc,49548064,research,33.5914944444,35.5899416667,
lythrum_junceum_3040.jpeg,https://inaturalist-open-data.s3.amazonaws.com/photos/78522356/medium.jpeg,cc-by-nc,49465011,research,37.4459206178,-121.8480260118,introduced non-invasive
lythrum_junceum_3041.jpeg,https://inaturalist-open-data.s3.amazonaws.com/photos/78513995/medium.jpeg,cc-by-nc,49459306,research,37.5706288395,-121.9342793516,introduced non-invasive
lythrum_junceum_3042.jpeg,https://inaturalist-open-data.s3.amazonaws.com/photos/78357551/medium.jpeg,cc-by-nc,49361116,research,37.5749310572,-121.9326954336,introduced non-invasive
lythrum_junceum_3043.jpeg,https://inaturalist-open-data.s3.amazonaws.com/photos/78162924/medium.jpeg,cc-by-nc,49241196,research,39.0849609375,-8.0693168639,native
lythrum_junceum_3044.jpeg,https://inaturalist-open-data.s3.amazonaws.com/photos/78162937/medium.jpeg,cc-by-nc,49241196,research,39.0849609375,-8.0693168639,native
lythrum_junceum_3045.jpeg,https://inaturalist-open-data.s3.amazonaws.com/photos/78162952/medium.jpeg,cc-by-nc,49241196,research,39.0849609375,-8.0693168639,native
lythrum_junceum_3046.jpeg,https://inaturalist-open-data.s3.amazonaws.com/photos/78162970/medium.jpeg,cc-by-nc,49241196,research,39.0849609375,-8.0693168639,native
lythrum_junceum_3047.jpeg,https://inaturalist-open-data.s3.amazonaws.com/photos/78162990/medium.jpeg,cc-by-nc,49241196,research,39.0849609375,-8.0693168639,native
lythrum_junceum_3048.jpeg,https://inaturalist-open-data.s3.amazonaws.com/photos/78163009/medium.jpeg,cc-by-nc,49241196,research,39.0849609375,-8.0693168639,native
lythrum_junceum_3049.jpg,https://inaturalist-open-data.s3.amazonaws.com/photos/77998946/medium.jpg,cc-by-nc,49139040,research,37.221205,-121.84832167,introduced non-invasive
lythrum_junceum_3050.jpg,https://inaturalist-open-data.s3.amazonaws.com/photos/77998986/medium.jpg,cc-by-nc,49139040,research,37.221205,-121.84832167,introduced non-invasive
lythrum_junceum_3051.jpeg,https://inaturalist-open-data.s3.amazonaws.com/photos/77993507/medium.jpeg,cc-by-nc,49134613,research,33.2566838,35.756895,
lythrum_junceum_3052.jpeg,https://inaturalist-open-data.s3.amazonaws.com/photos/77937168/medium.jpeg,cc-by-nc,49099634,research,33.243565,35.7476283333,
lythrum_junceum_3053.jpeg,https://inaturalist-open-data.s3.amazonaws.com/photos/77879002/medium.jpeg,cc-by-nc,49065419,research,39.226755,-9.0068166667,native
lythrum_junceum_3054.jpeg,https://inaturalist-open-data.s3.amazonaws.com/photos/77879030/medium.jpeg,cc-by-nc,49065419,research,39.226755,-9.0068166667,native
lythrum_junceum_3055.jpeg,https://inaturalist-open-data.s3.amazonaws.com/photos/77879049/medium.jpeg,cc-by-nc,49065419,research,39.226755,-9.0068166667,native
lythrum_junceum_3056.jpeg,https://inaturalist-open-data.s3.amazonaws.com/photos/77815434/medium.jpeg,cc-by-nc-sa,49025664,research,33.2572360254,35.7595142064,
lythrum_junceum_3057.jpeg,https://inaturalist-open-data.s3.amazonaws.com/photos/77815465/medium.jpeg,cc-by-nc-sa,49025664,research,33.2572360254,35.7595142064,
lythrum_junceum_3058.jpeg,https://inaturalist-open-data.s3.amazonaws.com/photos/76641700/medium.jpeg,cc-by-nc-sa,48306396,research,32.9053458173,35.6322702107,
lythrum_junceum_3059.jpg,https://inaturalist-open-data.s3.amazonaws.com/photos/76634064/medium.jpg,cc-by-nc,48301790,needs_id,37.57506167,-121.93245833,introduced non-invasive
lythrum_junceum_3060.jpeg,https://inaturalist-open-data.s3.amazonaws.com/photos/76367119/medium.jpeg,cc-by-sa,48139501,research,36.4738933333,6.6977616667,native
lythrum_junceum_3061.jpeg,https://inaturalist-open-data.s3.amazonaws.com/photos/76158467/medium.jpeg,cc-by-nc,48013331,research,32.5012762929,34.9318606602,native
lythrum_junceum_3062.jpeg,https://inaturalist-open-data.s3.amazonaws.com/photos/76158453/medium.jpeg,cc-by-nc,48013331,research,32.5012762929,34.9318606602,native
lythrum_junceum_3063.jpg,https://inaturalist-open-data.s3.amazonaws.com/photos/76121199/medium.jpg,cc-by-nc,47986205,research,38.7025,-9.2747222222,native
lythrum_junceum_3064.jpg,https://inaturalist-open-data.s3.amazonaws.com/photos/76121657/medium.jpg,cc-by-nc,47986205,research,38.7025,-9.2747222222,native
lythrum_junceum_3065.jpg,https://inaturalist-open-data.s3.amazonaws.com/photos/76104946/medium.jpg,cc-by-nc-sa,47975306,needs_id,38.7467852079,-9.1936299581,native
lythrum_junceum_3066.jpg,https://inaturalist-open-data.s3.amazonaws.com/photos/76105131/medium.jpg,cc-by-nc-sa,47975306,needs_id,38.7467852079,-9.1936299581,native
lythrum_junceum_3067.jpg,https://inaturalist-open-data.s3.amazonaws.com/photos/76105142/medium.jpg,cc-by-nc-sa,47975306,needs_id,38.7467852079,-9.1936299581,native
lythrum_junceum_3068.jpeg,https://inaturalist-open-data.s3.amazonaws.com/photos/76104834/medium.jpeg,cc-by-nc,47975098,needs_id,41.6086521205,-8.808266446,native
lythrum_junceum_3069.jpeg,https://inaturalist-open-data.s3.amazonaws.com/photos/76104864/medium.jpeg,cc-by-nc,47975098,needs_id,41.6086521205,-8.808266446,native
lythrum_junceum_3070.jpeg,https://inaturalist-open-data.s3.amazonaws.com/photos/75763875/medium.jpeg,cc-by-nc,47762351,research,39.2438087461,-9.3095750808,native
lythrum_junceum_3071.jpg,https://inaturalist-open-data.s3.amazonaws.com/photos/75657262/medium.jpg,cc-by-nc,47696325,research,37.4082014611,-121.9250708335,introduced non-invasive
lythrum_junceum_3072.jpeg,https://inaturalist-open-data.s3.amazonaws.com/photos/75502954/medium.jpeg,cc-by-nc,47602095,needs_id,-35.1360494466,138.9141826947,native
lythrum_junceum_3073.jpeg,https://inaturalist-open-data.s3.amazonaws.com/photos/75502971/medium.jpeg,cc-by-nc,47602095,needs_id,-35.1360494466,138.9141826947,native
lythrum_junceum_3074.jpeg,https://inaturalist-open-data.s3.amazonaws.com/photos/75503046/medium.jpeg,cc-by-nc,47602095,needs_id,-35.1360494466,138.9141826947,native
lythrum_junceum_3075.jpeg,https://inaturalist-open-data.s3.amazonaws.com/photos/74700425/medium.jpeg,cc-by-nc-sa,47100770,research,33.2516554908,35.7300742802,
lythrum_junceum_3076.jpeg,https://inaturalist-open-data.s3.amazonaws.com/photos/74464003/medium.jpeg,cc-by,46952344,research,-37.674597,141.841417,native
lythrum_junceum_3077.jpeg,https://inaturalist-open-data.s3.amazonaws.com/photos/74307130/medium.jpeg,cc-by,46854037,research,-37.999705,141.678953,native
lythrum_junceum_3078.jpeg,https://inaturalist-open-data.s3.amazonaws.com/photos/74253459/medium.jpeg,cc-by-nc,46819601,research,33.2587834542,35.7570811886,
lythrum_junceum_3079.jpeg,https://inaturalist-open-data.s3.amazonaws.com/photos/74253455/medium.jpeg,cc-by-nc,46819601,research,33.2587834542,35.7570811886,
lythrum_junceum_3080.jpeg,https://inaturalist-open-data.s3.amazonaws.com/photos/73632212/medium.jpeg,cc0,46427553,needs_id,38.7565499521,-9.4097663948,native
lythrum_junceum_3081.jpeg,https://inaturalist-open-data.s3.amazonaws.com/photos/73021117/medium.jpeg,cc-by-nc,46041713,research,37.407903,-121.956068,introduced non-invasive
lythrum_junceum_3082.jpeg,https://inaturalist-open-data.s3.amazonaws.com/photos/73021136/medium.jpeg,cc-by-nc,46041713,research,37.407903,-121.956068,introduced non-invasive
lythrum_junceum_3083.jpeg,https://inaturalist-open-data.s3.amazonaws.com/photos/72987444/medium.jpeg,cc-by-nc,46020183,research,38.4251563183,-9.03398745,native
lythrum_junceum_3084.jpeg,https://inaturalist-open-data.s3.amazonaws.com/photos/72987510/medium.jpeg,cc-by-nc,46020183,research,38.4251563183,-9.03398745,native
lythrum_junceum_3085.jpg,https://inaturalist-open-data.s3.amazonaws.com/photos/72985023/medium.jpg,cc-by-nc,46017716,research,37.7231053642,-8.7857193889,native
lythrum_junceum_3086.jpeg,https://inaturalist-open-data.s3.amazonaws.com/photos/72142807/medium.jpeg,cc-by-nc,45494200,needs_id,39.3686828611,-9.1509246825,native
lythrum_junceum_3087.jpeg,https://inaturalist-open-data.s3.amazonaws.com/photos/72142848/medium.jpeg,cc-by-nc,45494200,needs_id,39.3686828611,-9.1509246825,native
lythrum_junceum_3088.jpeg,https://inaturalist-open-data.s3.amazonaws.com/photos/71750143/medium.jpeg,cc-by-nc,45252117,needs_id,38.76284649,-9.1123538,native
lythrum_junceum_3089.jpg,https://inaturalist-open-data.s3.amazonaws.com/photos/71095867/medium.jpg,cc-by-nc,44845733,research,37.4578441427,-121.8631129436,introduced non-invasive
lythrum_junceum_3090.jpg,https://inaturalist-open-data.s3.amazonaws.com/photos/71095596/medium.jpg,cc-by-nc,44845733,research,37.4578441427,-121.8631129436,introduced non-invasive
lythrum_junceum_3091.jpg,https://inaturalist-open-data.s3.amazonaws.com/photos/71095860/medium.jpg,cc-by-nc,44845733,research,37.4578441427,-121.8631129436,introduced non-invasive
lythrum_junceum_3092.jpeg,https://inaturalist-open-data.s3.amazonaws.com/photos/70995558/medium.jpeg,cc-by-nc,44785816,research,37.461769104,-121.8635482788,introduced non-invasive
lythrum_junceum_3093.jpg,https://inaturalist-open-data.s3.amazonaws.com/photos/70897637/medium.jpg,cc-by-nc,44720275,needs_id,38.9211559989,-9.1635170045,native
lythrum_junceum_3094.jpg,https://inaturalist-open-data.s3.amazonaws.com/photos/70897652/medium.jpg,cc-by-nc,44720275,needs_id,38.9211559989,-9.1635170045,native
lythrum_junceum_3095.jpg,https://inaturalist-open-data.s3.amazonaws.com/photos/70897665/medium.jpg,cc-by-nc,44720275,needs_id,38.9211559989,-9.1635170045,native
lythrum_junceum_3096.jpg,https://inaturalist-open-data.s3.amazonaws.com/photos/70897680/medium.jpg,cc-by-nc,44720275,needs_id,38.9211559989,-9.1635170045,native
lythrum_junceum_3097.jpg,https://inaturalist-open-data.s3.amazonaws.com/photos/70897688/medium.jpg,cc-by-nc,44720275,needs_id,38.9211559989,-9.1635170045,native
lythrum_junceum_3098.jpg,https://inaturalist-open-data.s3.amazonaws.com/photos/70897712/medium.jpg,cc-by-nc,44720275,needs_id,38.9211559989,-9.1635170045,native
lythrum_junceum_3099.jpg,https://inaturalist-open-data.s3.amazonaws.com/photos/70897727/medium.jpg,cc-by-nc,44720275,needs_id,38.9211559989,-9.1635170045,native
lythrum_junceum_3100.jpg,https://inaturalist-open-data.s3.amazonaws.com/photos/70897747/medium.jpg,cc-by-nc,44720275,needs_id,38.9211559989,-9.1635170045,native
lythrum_junceum_3101.jpeg,https://inaturalist-open-data.s3.amazonaws.com/photos/70663972/medium.jpeg,cc-by-nc,44568717,needs_id,38.7966417721,20.7185988128,native
lythrum_junceum_3102.jpeg,https://inaturalist-open-data.s3.amazonaws.com/photos/70663996/medium.jpeg,cc-by-nc,44568717,needs_id,38.7966417721,20.7185988128,native
lythrum_junceum_3103.jpg,https://inaturalist-open-data.s3.amazonaws.com/photos/70524167/medium.jpg,cc-by-nc,44481252,research,38.9306503,-9.2597599,native
lythrum_junceum_3104.jpg,https://inaturalist-open-data.s3.amazonaws.com/photos/70255551/medium.jpg,cc-by-nc,44313037,research,37.4469116667,-121.84945,introduced non-invasive
lythrum_junceum_3105.jpeg,https://inaturalist-open-data.s3.amazonaws.com/photos/68363302/medium.jpeg,cc-by-nc,43056160,research,33.1048403,35.7278909,
lythrum_junceum_3106.jpeg,https://inaturalist-open-data.s3.amazonaws.com/photos/68363420/medium.jpeg,cc-by-nc,43056160,research,33.1048403,35.7278909,
lythrum_junceum_3107.jpeg,https://inaturalist-open-data.s3.amazonaws.com/photos/68363523/medium.jpeg,cc-by-nc,43056160,research,33.1048403,35.7278909,
lythrum_junceum_3108.jpeg,https://inaturalist-open-data.s3.amazonaws.com/photos/68364068/medium.jpeg,cc-by-nc,43056160,research,33.1048403,35.7278909,
lythrum_junceum_3109.jpeg,https://inaturalist-open-data.s3.amazonaws.com/photos/68176461/medium.jpeg,cc-by-nc,42935502,needs_id,35.0223346343,25.8559520901,native
lythrum_junceum_3110.jpeg,https://inaturalist-open-data.s3.amazonaws.com/photos/67752657/medium.jpeg,cc-by-nc,42663866,needs_id,33.0543803637,35.7041087602,
lythrum_junceum_3111.jpg,https://inaturalist-open-data.s3.amazonaws.com/photos/67752847/medium.jpg,cc-by-nc,42663866,needs_id,33.0543803637,35.7041087602,
lythrum_junceum_3112.jpg,https://inaturalist-open-data.s3.amazonaws.com/photos/67007383/medium.jpg,cc-by-nc-sa,42210559,research,-36.8995987266,174.717394897,
lythrum_junceum_3113.jpg,https://inaturalist-open-data.s3.amazonaws.com/photos/67007390/medium.jpg,cc-by-nc-sa,42210559,research,-36.8995987266,174.717394897,
lythrum_junceum_3114.jpeg,https://inaturalist-open-data.s3.amazonaws.com/photos/66891706/medium.jpeg,cc-by,42139717,research,-36.854069,174.59556,
lythrum_junceum_3115.jpeg,https://inaturalist-open-data.s3.amazonaws.com/photos/66891775/medium.jpeg,cc-by,42139717,research,-36.854069,174.59556,
lythrum_junceum_3116.jpeg,https://inaturalist-open-data.s3.amazonaws.com/photos/66891865/medium.jpeg,cc-by,42139717,research,-36.854069,174.59556,
lythrum_junceum_3117.jpg,https://inaturalist-open-data.s3.amazonaws.com/photos/66647365/medium.jpg,cc-by-nc-sa,41993599,research,38.7471035012,-9.1933333756,native
lythrum_junceum_3118.jpg,https://inaturalist-open-data.s3.amazonaws.com/photos/66647381/medium.jpg,cc-by-nc-sa,41993599,research,38.7471035012,-9.1933333756,native
lythrum_junceum_3119.jpg,https://inaturalist-open-data.s3.amazonaws.com/photos/66647474/medium.jpg,cc-by-nc-sa,41993599,research,38.7471035012,-9.1933333756,native
lythrum_junceum_3120.jpg,https://inaturalist-open-data.s3.amazonaws.com/photos/66647483/medium.jpg,cc-by-nc-sa,41993599,research,38.7471035012,-9.1933333756,native
lythrum_junceum_3121.jpeg,https://inaturalist-open-data.s3.amazonaws.com/photos/66367727/medium.jpeg,cc-by-nc,41825890,research,32.8625578005,35.1029334512,
lythrum_junceum_3122.jpeg,https://inaturalist-open-data.s3.amazonaws.com/photos/65988750/medium.jpeg,cc-by-nc-sa,41590567,research,-36.0580346298,173.9670919176,
lythrum_junceum_3123.jpeg,https://inaturalist-open-data.s3.amazonaws.com/photos/65988755/medium.jpeg,cc-by-nc-sa,41590567,research,-36.0580346298,173.9670919176,
lythrum_junceum_3124.jpeg,https://inaturalist-open-data.s3.amazonaws.com/photos/65988756/medium.jpeg,cc-by-nc-sa,41590567,research,-36.0580346298,173.9670919176,
lythrum_junceum_3125.jpeg,https://inaturalist-open-data.s3.amazonaws.com/photos/65760621/medium.jpeg,cc-by-nc,41453799,research,37.417956,-121.999588,introduced non-invasive
lythrum_junceum_3126.jpeg,https://inaturalist-open-data.s3.amazonaws.com/photos/65760686/medium.jpeg,cc-by-nc,41453799,research,37.417956,-121.999588,introduced non-invasive
lythrum_junceum_3127.jpg,https://inaturalist-open-data.s3.amazonaws.com/photos/65595193/medium.jpg,cc-by-nc,41357051,research,43.7658137328,-7.8708138342,native
lythrum_junceum_3128.jpg,https://inaturalist-open-data.s3.amazonaws.com/photos/65595181/medium.jpg,cc-by-nc,41357048,research,43.7646620049,-7.8731705285,native
lythrum_junceum_3129.jpg,https://inaturalist-open-data.s3.amazonaws.com/photos/63481897/medium.jpg,cc-by-nc,39977125,research,37.4135191134,-122.0045729355,introduced non-invasive
lythrum_junceum_3130.jpg,https://inaturalist-open-data.s3.amazonaws.com/photos/63481914/medium.jpg,cc-by-nc,39977125,research,37.4135191134,-122.0045729355,introduced non-invasive
lythrum_junceum_3131.jpg,https://inaturalist-open-data.s3.amazonaws.com/photos/63481904/medium.jpg,cc-by-nc,39977125,research,37.4135191134,-122.0045729355,introduced non-invasive
lythrum_junceum_3132.jpg,https://inaturalist-open-data.s3.amazonaws.com/photos/61614445/medium.jpg,cc-by-nc,38738070,research,-38.1037751679,142.3216370122,native
lythrum_junceum_3133.jpeg,https://inaturalist-open-data.s3.amazonaws.com/photos/61426256/medium.jpeg,cc-by-nc-sa,38631813,research,-38.150373859,141.7699907328,native
lythrum_junceum_3134.jpeg,https://inaturalist-open-data.s3.amazonaws.com/photos/60761158/medium.jpeg,cc-by-nc-sa,38247272,research,-37.9232472041,145.3336083878,native
lythrum_junceum_3135.jpeg,https://inaturalist-open-data.s3.amazonaws.com/photos/60761178/medium.jpeg,cc-by-nc-sa,38247272,research,-37.9232472041,145.3336083878,native
lythrum_junceum_3136.jpg,https://inaturalist-open-data.s3.amazonaws.com/photos/60427830/medium.jpg,cc-by-nc,38056227,research,32.7607074,-16.9594723,native
lythrum_junceum_3137.jpg,https://inaturalist-open-data.s3.amazonaws.com/photos/60428013/medium.jpg,cc-by-nc,38056227,research,32.7607074,-16.9594723,native
lythrum_junceum_3138.jpeg,https://inaturalist-open-data.s3.amazonaws.com/photos/60033681/medium.jpeg,cc-by-sa,37819983,research,39.7915447219,-8.8709120561,native
lythrum_junceum_3139.jpg,https://inaturalist-open-data.s3.amazonaws.com/photos/59574485/medium.jpg,cc-by-nc,37564951,research,37.0529975889,-8.00039196,native
lythrum_junceum_3140.jpg,https://inaturalist-open-data.s3.amazonaws.com/photos/59574488/medium.jpg,cc-by-nc,37564951,research,37.0529975889,-8.00039196,native
lythrum_junceum_3141.jpeg,https://inaturalist-open-data.s3.amazonaws.com/photos/59214393/medium.jpeg,cc-by-nc-sa,37361277,research,-37.9400785,145.2236983482,native
lythrum_junceum_3142.jpeg,https://inaturalist-open-data.s3.amazonaws.com/photos/59214391/medium.jpeg,cc-by-nc-sa,37361277,research,-37.9400785,145.2236983482,native
lythrum_junceum_3143.jpeg,https://inaturalist-open-data.s3.amazonaws.com/photos/59214455/medium.jpeg,cc-by-nc-sa,37361277,research,-37.9400785,145.2236983482,native
lythrum_junceum_3144.jpeg,https://inaturalist-open-data.s3.amazonaws.com/photos/58686419/medium.jpeg,cc-by-nc-sa,37059262,research,-37.9586318384,145.3737131862,native
lythrum_junceum_3145.jpeg,https://inaturalist-open-data.s3.amazonaws.com/photos/58462953/medium.jpeg,cc-by-nc,36933331,research,-37.924145,145.333695,native
lythrum_junceum_3146.jpeg,https://inaturalist-open-data.s3.amazonaws.com/photos/58462964/medium.jpeg,cc-by-nc,36933331,research,-37.924145,145.333695,native
lythrum_junceum_3147.jpeg,https://inaturalist-open-data.s3.amazonaws.com/photos/58462969/medium.jpeg,cc-by-nc,36933331,research,-37.924145,145.333695,native
lythrum_junceum_3148.jpeg,https://inaturalist-open-data.s3.amazonaws.com/photos/58462971/medium.jpeg,cc-by-nc,36933331,research,-37.924145,145.333695,native
lythrum_junceum_3149.jpeg,https://inaturalist-open-data.s3.amazonaws.com/photos/58462980/medium.jpeg,cc-by-nc,36933331,research,-37.924145,145.333695,native
lythrum_junceum_3150.jpeg,https://inaturalist-open-data.s3.amazonaws.com/photos/57741362/medium.jpeg,cc-by-nc-sa,36521197,research,-37.943655561,145.3445351338,native
lythrum_junceum_3151.jpeg,https://inaturalist-open-data.s3.amazonaws.com/photos/56441351/medium.jpeg,cc-by-nc,35768309,research,-35.211577,138.536954,native
lythrum_junceum_3152.jpeg,https://inaturalist-open-data.s3.amazonaws.com/photos/56441354/medium.jpeg,cc-by-nc,35768309,research,-35.211577,138.536954,native
lythrum_junceum_3153.jpeg,https://inaturalist-open-data.s3.amazonaws.com/photos/56044015/medium.jpeg,cc-by-sa,35536258,needs_id,39.7906994094,-8.8706974794,native
lythrum_junceum_3154.jpeg,https://inaturalist-open-data.s3.amazonaws.com/photos/55845233/medium.jpeg,cc-by-nc,35417354,research,35.4729983633,24.1238500003,native
lythrum_junceum_3155.jpg,https://inaturalist-open-data.s3.amazonaws.com/photos/55845221/medium.jpg,cc-by-nc,35417354,research,35.4729983633,24.1238500003,native
lythrum_junceum_3156.jpeg,https://inaturalist-open-data.s3.amazonaws.com/photos/55845225/medium.jpeg,cc-by-nc,35417354,research,35.4729983633,24.1238500003,native
lythrum_junceum_3157.jpeg,https://inaturalist-open-data.s3.amazonaws.com/photos/55845246/medium.jpeg,cc-by-nc,35417354,research,35.4729983633,24.1238500003,native
lythrum_junceum_3158.jpg,https://inaturalist-open-data.s3.amazonaws.com/photos/55722537/medium.jpg,cc-by-nc,35342782,research,35.4038631384,24.1126836808,native
lythrum_junceum_3159.jpg,https://inaturalist-open-data.s3.amazonaws.com/photos/55722550/medium.jpg,cc-by-nc,35342782,research,35.4038631384,24.1126836808,native
lythrum_junceum_3160.jpg,https://inaturalist-open-data.s3.amazonaws.com/photos/55722588/medium.jpg,cc-by-nc,35342782,research,35.4038631384,24.1126836808,native
lythrum_junceum_3161.jpeg,https://inaturalist-open-data.s3.amazonaws.com/photos/55636544/medium.jpeg,cc-by,35292559,research,40.3023933333,-8.228935,native
lythrum_junceum_3162.jpeg,https://inaturalist-open-data.s3.amazonaws.com/photos/48590635/medium.jpeg,cc-by-nc,31070117,research,39.1052780151,-8.6161108017,native
lythrum_junceum_3163.jpeg,https://inaturalist-open-data.s3.amazonaws.com/photos/48590646/medium.jpeg,cc-by-nc,31070117,research,39.1052780151,-8.6161108017,native
lythrum_junceum_3164.jpeg,https://inaturalist-open-data.s3.amazonaws.com/photos/48590658/medium.jpeg,cc-by-nc,31070117,research,39.1052780151,-8.6161108017,native
lythrum_junceum_3165.jpg,https://inaturalist-open-data.s3.amazonaws.com/photos/46415033/medium.jpg,cc-by-nc,29732352,research,37.5042766667,-121.9091366667,introduced non-invasive
lythrum_junceum_3166.jpg,https://inaturalist-open-data.s3.amazonaws.com/photos/46415042/medium.jpg,cc-by-nc,29732352,research,37.5042766667,-121.9091366667,introduced non-invasive
lythrum_junceum_3167.jpg,https://inaturalist-open-data.s3.amazonaws.com/photos/45919957/medium.jpg,cc-by-nc,29423131,research,37.5122216667,-121.8808333333,introduced non-invasive
lythrum_junceum_3168.jpeg,https://inaturalist-open-data.s3.amazonaws.com/photos/44983885/medium.jpeg,cc-by-nc-sa,28840576,research,-37.9416732964,145.3456889325,native
lythrum_junceum_3169.jpeg,https://inaturalist-open-data.s3.amazonaws.com/photos/44223429/medium.jpeg,cc-by-nc-sa,28372123,research,32.8666767596,35.7691272435,
lythrum_junceum_3170.jpeg,https://inaturalist-open-data.s3.amazonaws.com/photos/44223436/medium.jpeg,cc-by-nc-sa,28372123,research,32.8666767596,35.7691272435,
lythrum_junceum_3171.jpeg,https://inaturalist-open-data.s3.amazonaws.com/photos/44079936/medium.jpeg,cc-by,28283798,research,36.5096090175,23.0600672867,native
lythrum_junceum_3172.jpeg,https://inaturalist-open-data.s3.amazonaws.com/photos/44075060/medium.jpeg,cc-by-nc,28280673,research,43.240624,-8.265565,native
lythrum_junceum_3173.jpeg,https://inaturalist-open-data.s3.amazonaws.com/photos/44696702/medium.jpeg,cc-by-nc,28280673,research,43.240624,-8.265565,native
lythrum_junceum_3174.jpeg,https://inaturalist-open-data.s3.amazonaws.com/photos/42811064/medium.jpeg,cc-by-nc,27510273,research,38.7906100599,20.7090700202,native
lythrum_junceum_3175.jpeg,https://inaturalist-open-data.s3.amazonaws.com/photos/42811077/medium.jpeg,cc-by-nc,27510273,research,38.7906100599,20.7090700202,native
lythrum_junceum_3176.jpeg,https://inaturalist-open-data.s3.amazonaws.com/photos/42435129/medium.jpeg,cc-by,27285619,research,37.4472667642,-121.8483196788,introduced non-invasive
lythrum_junceum_3177.jpeg,https://inaturalist-open-data.s3.amazonaws.com/photos/42244334/medium.jpeg,cc-by-nc,27170273,research,38.4991183333,-9.02869,native
lythrum_junceum_3178.jpeg,https://inaturalist-open-data.s3.amazonaws.com/photos/42244320/medium.jpeg,cc-by-nc,27170273,research,38.4991183333,-9.02869,native
lythrum_junceum_3179.jpeg,https://inaturalist-open-data.s3.amazonaws.com/photos/42244403/medium.jpeg,cc-by-nc,27170273,research,38.4991183333,-9.02869,native
lythrum_junceum_3180.jpeg,https://inaturalist-open-data.s3.amazonaws.com/photos/41420240/medium.jpeg,cc0,26666007,needs_id,38.0676116943,12.8172121048,native
lythrum_junceum_3181.jpeg,https://inaturalist-open-data.s3.amazonaws.com/photos/41056609/medium.jpeg,cc-by-nc,26439596,research,38.7901103975,20.7117038593,native
lythrum_junceum_3182.jpeg,https://inaturalist-open-data.s3.amazonaws.com/photos/40860479/medium.jpeg,cc-by-nc,26319047,research,38.8040499271,20.6322165951,native
lythrum_junceum_3183.jpeg,https://inaturalist-open-data.s3.amazonaws.com/photos/40860485/medium.jpeg,cc-by-nc,26319047,research,38.8040499271,20.6322165951,native
lythrum_junceum_3184.jpeg,https://inaturalist-open-data.s3.amazonaws.com/photos/40357735/medium.jpeg,cc-by-nc,26015139,research,32.4646910024,34.9379092624,native
lythrum_junceum_3185.jpeg,https://inaturalist-open-data.s3.amazonaws.com/photos/40111653/medium.jpeg,cc-by-nc,25865252,research,38.7904367976,20.7124314085,native
lythrum_junceum_3186.jpg,https://inaturalist-open-data.s3.amazonaws.com/photos/39610769/medium.jpg,cc-by-nc,25562863,research,32.8480271297,35.111261739,
lythrum_junceum_3187.jpg,https://inaturalist-open-data.s3.amazonaws.com/photos/39610765/medium.jpg,cc-by-nc,25562863,research,32.8480271297,35.111261739,
lythrum_junceum_3188.jpg,https://inaturalist-open-data.s3.amazonaws.com/photos/39470991/medium.jpg,cc-by-nc,25480805,research,37.24124,-121.8713103,introduced non-invasive
lythrum_junceum_3189.jpeg,https://inaturalist-open-data.s3.amazonaws.com/photos/39099901/medium.jpeg,cc-by-nc,25255915,needs_id,39.00966577,-0.19268577,native
lythrum_junceum_3190.jpeg,https://inaturalist-open-data.s3.amazonaws.com/photos/38671761/medium.jpeg,cc-by-nc,24993923,research,38.7921816664,20.7143066078,native
lythrum_junceum_3191.jpeg,https://inaturalist-open-data.s3.amazonaws.com/photos/38671776/medium.jpeg,cc-by-nc,24993923,research,38.7921816664,20.7143066078,native
lythrum_junceum_3192.jpeg,https://inaturalist-open-data.s3.amazonaws.com/photos/38669536/medium.jpeg,cc-by-nc,24992361,research,38.7904182432,20.7124384493,native
lythrum_junceum_3193.jpeg,https://inaturalist-open-data.s3.amazonaws.com/photos/38669549/medium.jpeg,cc-by-nc,24992361,research,38.7904182432,20.7124384493,native
lythrum_junceum_3194.jpeg,https://inaturalist-open-data.s3.amazonaws.com/photos/38669590/medium.jpeg,cc-by-nc,24992361,research,38.7904182432,20.7124384493,native
lythrum_junceum_3195.jpeg,https://inaturalist-open-data.s3.amazonaws.com/photos/38636887/medium.jpeg,cc-by-nc,24974623,research,37.4573455991,-121.8595362632,introduced non-invasive
lythrum_junceum_3196.jpeg,https://inaturalist-open-data.s3.amazonaws.com/photos/38478129/medium.jpeg,cc-by-nc,24876154,research,35.2033362,24.39963446,native
lythrum_junceum_3197.jpeg,https://inaturalist-open-data.s3.amazonaws.com/photos/38478242/medium.jpeg,cc-by-nc,24876154,research,35.2033362,24.39963446,native
lythrum_junceum_3198.jpeg,https://inaturalist-open-data.s3.amazonaws.com/photos/38478247/medium.jpeg,cc-by-nc,24876154,research,35.2033362,24.39963446,native
lythrum_junceum_3199.jpeg,https://inaturalist-open-data.s3.amazonaws.com/photos/38478254/medium.jpeg,cc-by-nc,24876154,research,35.2033362,24.39963446,native
lythrum_junceum_3200.jpg,https://inaturalist-open-data.s3.amazonaws.com/photos/38140534/medium.jpg,cc-by-nc-sa,24664783,research,38.7471098663,-9.1933347233,native
lythrum_junceum_3201.jpg,https://inaturalist-open-data.s3.amazonaws.com/photos/38140533/medium.jpg,cc-by-nc-sa,24664783,research,38.7471098663,-9.1933347233,native
lythrum_junceum_3202.jpg,https://inaturalist-open-data.s3.amazonaws.com/photos/38140549/medium.jpg,cc-by-nc-sa,24664783,research,38.7471098663,-9.1933347233,native
lythrum_junceum_3203.jpg,https://inaturalist-open-data.s3.amazonaws.com/photos/38140576/medium.jpg,cc-by-nc-sa,24664783,research,38.7471098663,-9.1933347233,native
lythrum_junceum_3204.jpg,https://inaturalist-open-data.s3.amazonaws.com/photos/38140815/medium.jpg,cc-by-nc-sa,24664783,research,38.7471098663,-9.1933347233,native
lythrum_junceum_3205.jpeg,https://inaturalist-open-data.s3.amazonaws.com/photos/37885465/medium.jpeg,cc-by-nc,23112555,research,35.4756317139,23.9349822998,native
lythrum_junceum_3206.jpeg,https://inaturalist-open-data.s3.amazonaws.com/photos/32466321/medium.jpeg,cc-by-nc-sa,21018801,research,-37.9240719444,145.3334897222,native
lythrum_junceum_3207.jpeg,https://inaturalist-open-data.s3.amazonaws.com/photos/29846508/medium.jpeg,cc-by-nc,19405197,research,35.1737866642,24.46616843,native
lythrum_junceum_3208.jpg,https://inaturalist-open-data.s3.amazonaws.com/photos/29794903/medium.jpg,cc-by,19373317,research,-36.4792366667,174.7309716667,
lythrum_junceum_3209.jpeg,https://inaturalist-open-data.s3.amazonaws.com/photos/29716245/medium.jpeg,cc-by-nc,19327235,research,-37.0027517,174.5770796,
lythrum_junceum_3210.jpeg,https://inaturalist-open-data.s3.amazonaws.com/photos/29716250/medium.jpeg,cc-by-nc,19327235,research,-37.0027517,174.5770796,
lythrum_junceum_3211.jpeg,https://inaturalist-open-data.s3.amazonaws.com/photos/29716255/medium.jpeg,cc-by-nc,19327235,research,-37.0027517,174.5770796,
lythrum_junceum_3212.jpeg,https://inaturalist-open-data.s3.amazonaws.com/photos/29541613/medium.jpeg,cc-by-sa,19229821,research,39.790526,-8.870703,native
lythrum_junceum_3213.jpg,https://inaturalist-open-data.s3.amazonaws.com/photos/28233277/medium.jpg,cc-by-nc,18464820,research,37.5515633333,-121.955825,introduced non-invasive
lythrum_junceum_3214.jpg,https://inaturalist-open-data.s3.amazonaws.com/photos/26879545/medium.jpg,cc-by-nc,17644370,research,43.3406867981,-3.116031885,native
lythrum_junceum_3215.jpeg,https://inaturalist-open-data.s3.amazonaws.com/photos/26145783/medium.jpeg,cc-by-nc,17240399,research,37.40646,-121.95381,introduced non-invasive
lythrum_junceum_3216.jpeg,https://inaturalist-open-data.s3.amazonaws.com/photos/26145787/medium.jpeg,cc-by-nc,17240399,research,37.40646,-121.95381,introduced non-invasive
lythrum_junceum_3217.jpeg,https://inaturalist-open-data.s3.amazonaws.com/photos/26145791/medium.jpeg,cc-by-nc,17240399,research,37.40646,-121.95381,introduced non-invasive
lythrum_junceum_3218.jpeg,https://inaturalist-open-data.s3.amazonaws.com/photos/23894556/medium.jpeg,cc-by-nc,15964125,research,37.22532,-121.85791,introduced non-invasive
lythrum_junceum_3219.jpeg,https://inaturalist-open-data.s3.amazonaws.com/photos/23894567/medium.jpeg,cc-by-nc,15964125,research,37.22532,-121.85791,introduced non-invasive
lythrum_junceum_3220.jpeg,https://inaturalist-open-data.s3.amazonaws.com/photos/23384386/medium.jpeg,cc-by,15661418,research,35.344797,33.273489,native
lythrum_junceum_3221.jpeg,https://inaturalist-open-data.s3.amazonaws.com/photos/23343108/medium.jpeg,cc-by,15617340,needs_id,39.13409782,-9.382398902,native
lythrum_junceum_3222.jpeg,https://inaturalist-open-data.s3.amazonaws.com/photos/23323699/medium.jpeg,cc-by,15600533,research,41.7991,-8.4743,native
lythrum_junceum_3223.jpeg,https://inaturalist-open-data.s3.amazonaws.com/photos/22172061/medium.jpeg,cc-by-nc,14852261,needs_id,36.0191018,-5.6033507,native
lythrum_junceum_3224.jpg,https://inaturalist-open-data.s3.amazonaws.com/photos/21814958/medium.jpg,cc-by-nc,14629044,research,37.298693,-121.762943,introduced non-invasive
lythrum_junceum_3225.jpg,https://inaturalist-open-data.s3.amazonaws.com/photos/21814959/medium.jpg,cc-by-nc,14629044,research,37.298693,-121.762943,introduced non-invasive
lythrum_junceum_3226.jpeg,https://inaturalist-open-data.s3.amazonaws.com/photos/21023876/medium.jpeg,cc-by-nc,14179966,research,37.528265,-6.2794283333,native
lythrum_junceum_3227.jpeg,https://inaturalist-open-data.s3.amazonaws.com/photos/21026850/medium.jpeg,cc-by-nc,14179966,research,37.528265,-6.2794283333,native
lythrum_junceum_3228.jpeg,https://inaturalist-open-data.s3.amazonaws.com/photos/20717043/medium.jpeg,cc-by-nc-sa,14005969,research,32.8311349827,-16.8988286067,native
lythrum_junceum_3229.jpeg,https://inaturalist-open-data.s3.amazonaws.com/photos/20717039/medium.jpeg,cc-by-nc-sa,14005969,research,32.8311349827,-16.8988286067,native
lythrum_junceum_3230.jpeg,https://inaturalist-open-data.s3.amazonaws.com/photos/20451108/medium.jpeg,cc-by-nc,13855989,research,39.7877622025,19.6666870346,native
lythrum_junceum_3231.jpeg,https://inaturalist-open-data.s3.amazonaws.com/photos/20428805/medium.jpeg,cc-by-nc-sa,13842576,research,42.8573333097,-8.5541026667,native
lythrum_junceum_3232.jpg,https://inaturalist-open-data.s3.amazonaws.com/photos/19100398/medium.jpg,cc-by-nc,13105725,research,32.8814753238,35.6602677517,
lythrum_junceum_3233.jpg,https://inaturalist-open-data.s3.amazonaws.com/photos/19100392/medium.jpg,cc-by-nc,13105725,research,32.8814753238,35.6602677517,
lythrum_junceum_3234.jpg,https://inaturalist-open-data.s3.amazonaws.com/photos/18965599/medium.jpg,cc-by-nc,13031743,needs_id,37.2135316284,-121.8349851499,introduced non-invasive
lythrum_junceum_3235.jpg,https://inaturalist-open-data.s3.amazonaws.com/photos/18423841/medium.jpg,cc-by,12721713,research,39.1340666667,-9.3823533333,native
lythrum_junceum_3236.jpg,https://inaturalist-open-data.s3.amazonaws.com/photos/18423368/medium.jpg,cc-by-nc,12721454,research,37.23415,-121.8704533333,introduced non-invasive
lythrum_junceum_3237.jpg,https://inaturalist-open-data.s3.amazonaws.com/photos/18424257/medium.jpg,cc-by-nc,12721454,research,37.23415,-121.8704533333,introduced non-invasive
lythrum_junceum_3238.jpg,https://inaturalist-open-data.s3.amazonaws.com/photos/18423515/medium.jpg,cc-by-nc,12721454,research,37.23415,-121.8704533333,introduced non-invasive
lythrum_junceum_3239.jpg,https://inaturalist-open-data.s3.amazonaws.com/photos/18424248/medium.jpg,cc-by-nc,12721454,research,37.23415,-121.8704533333,introduced non-invasive
lythrum_junceum_3240.jpeg,https://inaturalist-open-data.s3.amazonaws.com/photos/17826394/medium.jpeg,cc-by-nc-sa,12372988,research,33.0831727506,35.6418888672,
lythrum_junceum_3241.jpeg,https://inaturalist-open-data.s3.amazonaws.com/photos/17826398/medium.jpeg,cc-by-nc-sa,12372988,research,33.0831727506,35.6418888672,
lythrum_junceum_3242.jpeg,https://inaturalist-open-data.s3.amazonaws.com/photos/14946622/medium.jpeg,cc-by-nc,10701922,research,37.417891,-122.003151,introduced non-invasive
lythrum_junceum_3243.jpeg,https://inaturalist-open-data.s3.amazonaws.com/photos/14946623/medium.jpeg,cc-by-nc,10701922,research,37.417891,-122.003151,introduced non-invasive
lythrum_junceum_3244.jpeg,https://inaturalist-open-data.s3.amazonaws.com/photos/14946625/medium.jpeg,cc-by-nc,10701922,research,37.417891,-122.003151,introduced non-invasive
lythrum_junceum_3245.jpg,https://inaturalist-open-data.s3.amazonaws.com/photos/12463889/medium.jpg,cc0,9214306,research,-36.6745177182,174.6431891619,
lythrum_junceum_3246.jpg,https://inaturalist-open-data.s3.amazonaws.com/photos/12463890/medium.jpg,cc0,9214306,research,-36.6745177182,174.6431891619,
lythrum_junceum_3247.jpg,https://inaturalist-open-data.s3.amazonaws.com/photos/12463743/medium.jpg,cc0,9214156,research,-36.020332,173.978151,
lythrum_junceum_3248.jpg,https://inaturalist-open-data.s3.amazonaws.com/photos/12463741/medium.jpg,cc0,9214156,research,-36.020332,173.978151,
lythrum_junceum_3249.jpeg,https://inaturalist-open-data.s3.amazonaws.com/photos/12439780/medium.jpeg,cc-by,9190485,research,-37.0419082172,174.5041450846,
lythrum_junceum_3250.jpeg,https://inaturalist-open-data.s3.amazonaws.com/photos/12439784/medium.jpeg,cc-by,9190485,research,-37.0419082172,174.5041450846,
lythrum_junceum_3251.jpeg,https://inaturalist-open-data.s3.amazonaws.com/photos/12439789/medium.jpeg,cc-by,9190485,research,-37.0419082172,174.5041450846,
lythrum_junceum_3252.jpeg,https://inaturalist-open-data.s3.amazonaws.com/photos/12439792/medium.jpeg,cc-by,9190485,research,-37.0419082172,174.5041450846,
lythrum_junceum_3253.jpeg,https://inaturalist-open-data.s3.amazonaws.com/photos/12439791/medium.jpeg,cc-by,9190485,research,-37.0419082172,174.5041450846,
lythrum_junceum_3254.jpeg,https://inaturalist-open-data.s3.amazonaws.com/photos/12348338/medium.jpeg,cc-by,9136174,research,-37.0405123224,174.503619399,
lythrum_junceum_3255.jpeg,https://inaturalist-open-data.s3.amazonaws.com/photos/12348343/medium.jpeg,cc-by,9136174,research,-37.0405123224,174.503619399,
lythrum_junceum_3256.jpeg,https://inaturalist-open-data.s3.amazonaws.com/photos/12348352/medium.jpeg,cc-by,9136174,research,-37.0405123224,174.503619399,
lythrum_junceum_3257.jpg,https://inaturalist-open-data.s3.amazonaws.com/photos/12211405/medium.jpg,cc-by-nc,9047529,research,39.8085360414,-8.7784194946,native
lythrum_junceum_3258.jpg,https://inaturalist-open-data.s3.amazonaws.com/photos/12211409/medium.jpg,cc-by-nc,9047529,research,39.8085360414,-8.7784194946,native
lythrum_junceum_3259.jpg,https://inaturalist-open-data.s3.amazonaws.com/photos/12211419/medium.jpg,cc-by-nc,9047529,research,39.8085360414,-8.7784194946,native
lythrum_junceum_3260.jpg,https://inaturalist-open-data.s3.amazonaws.com/photos/12173412/medium.jpg,cc-by-nc,9025631,research,37.6662133333,-122.1571416667,introduced non-invasive
lythrum_junceum_3261.jpg,https://inaturalist-open-data.s3.amazonaws.com/photos/12173418/medium.jpg,cc-by-nc,9025631,research,37.6662133333,-122.1571416667,introduced non-invasive
lythrum_junceum_3262.jpeg,https://inaturalist-open-data.s3.amazonaws.com/photos/12036206/medium.jpeg,cc-by-nc,8935077,research,-36.9336401574,174.6681823407,
lythrum_junceum_3263.jpeg,https://inaturalist-open-data.s3.amazonaws.com/photos/12036213/medium.jpeg,cc-by-nc,8935077,research,-36.9336401574,174.6681823407,
lythrum_junceum_3264.jpeg,https://inaturalist-open-data.s3.amazonaws.com/photos/12036219/medium.jpeg,cc-by-nc,8935077,research,-36.9336401574,174.6681823407,
lythrum_junceum_3265.jpeg,https://inaturalist-open-data.s3.amazonaws.com/photos/12036221/medium.jpeg,cc-by-nc,8935077,research,-36.9336401574,174.6681823407,
lythrum_junceum_3266.jpeg,https://inaturalist-open-data.s3.amazonaws.com/photos/10941967/medium.jpeg,cc-by-nc-sa,8249527,research,32.895364834,35.7775171933,
lythrum_junceum_3267.jpeg,https://inaturalist-open-data.s3.amazonaws.com/photos/10941968/medium.jpeg,cc-by-nc-sa,8249527,research,32.895364834,35.7775171933,
lythrum_junceum_3268.jpeg,https://inaturalist-open-data.s3.amazonaws.com/photos/10513724/medium.jpeg,cc-by-nc-sa,7957932,research,33.0978804573,35.7677003083,
lythrum_junceum_3269.jpeg,https://inaturalist-open-data.s3.amazonaws.com/photos/9974150/medium.jpeg,cc-by-nc-sa,7628096,research,32.8669425994,35.7694437441,
lythrum_junceum_3270.jpeg,https://inaturalist-open-data.s3.amazonaws.com/photos/9974152/medium.jpeg,cc-by-nc-sa,7628096,research,32.8669425994,35.7694437441,
lythrum_junceum_3271.jpeg,https://inaturalist-open-data.s3.amazonaws.com/photos/8890391/medium.jpeg,cc-by-nc-sa,6953440,research,32.8841574077,35.799983376,
lythrum_junceum_3272.jpeg,https://inaturalist-open-data.s3.amazonaws.com/photos/8773067/medium.jpeg,cc-by-nc,6879381,research,37.5752111111,-121.9329388889,introduced non-invasive
lythrum_junceum_3273.jpeg,https://inaturalist-open-data.s3.amazonaws.com/photos/8773077/medium.jpeg,cc-by-nc,6879381,research,37.5752111111,-121.9329388889,introduced non-invasive
lythrum_junceum_3274.jpg,https://inaturalist-open-data.s3.amazonaws.com/photos/8725063/medium.jpg,cc-by-nc,6848609,research,32.895517,35.777247,
lythrum_junceum_3275.jpeg,https://inaturalist-open-data.s3.amazonaws.com/photos/8701735/medium.jpeg,cc-by-nc,6832555,casual,,,
lythrum_junceum_3276.jpeg,https://inaturalist-open-data.s3.amazonaws.com/photos/8720245/medium.jpeg,cc-by-nc,6832555,casual,,,
lythrum_junceum_3277.jpeg,https://inaturalist-open-data.s3.amazonaws.com/photos/8644153/medium.jpeg,cc-by-nc,6796170,research,40.68936097,-7.78797836,native
lythrum_junceum_3278.jpg,https://inaturalist-open-data.s3.amazonaws.com/photos/7864166/medium.jpg,cc-by-nc,6254145,needs_id,37.240434,-121.873578,introduced non-invasive
lythrum_junceum_3279.jpg,https://inaturalist-open-data.s3.amazonaws.com/photos/7863881/medium.jpg,cc-by-nc,6254145,needs_id,37.240434,-121.873578,introduced non-invasive
lythrum_junceum_3280.jpeg,https://inaturalist-open-data.s3.amazonaws.com/photos/7753195/medium.jpeg,cc-by-nc,6179577,research,32.9539718628,35.7959442139,
lythrum_junceum_3281.jpeg,https://inaturalist-open-data.s3.amazonaws.com/photos/7753196/medium.jpeg,cc-by-nc,6179577,research,32.9539718628,35.7959442139,
lythrum_junceum_3282.jpg,https://inaturalist-open-data.s3.amazonaws.com/photos/4586244/medium.jpg,cc-by-nc,3902503,research,37.238939,-121.87049,introduced non-invasive
lythrum_junceum_3283.jpeg,https://inaturalist-open-data.s3.amazonaws.com/photos/4405089/medium.jpeg,cc-by-nc,3777501,research,32.8268729084,35.7098611531,
lythrum_junceum_3284.jpeg,https://inaturalist-open-data.s3.amazonaws.com/photos/4405090/medium.jpeg,cc-by-nc,3777501,research,32.8268729084,35.7098611531,
lythrum_junceum_3285.JPG,https://inaturalist-open-data.s3.amazonaws.com/photos/2634483/medium.JPG,cc-by-nc,2366822,research,-36.398687,174.660509,
lythrum_junceum_3286.JPG,https://inaturalist-open-data.s3.amazonaws.com/photos/1801521/medium.JPG,cc-by-nc-nd,1453559,research,37.43079,-121.978927,introduced non-invasive
lythrum_junceum_3287.jpg,https://inaturalist-open-data.s3.amazonaws.com/photos/1065629/medium.jpg,cc-by-nc,841752,research,37.526325,-121.9364916667,introduced non-invasive
lythrum_junceum_3288.jpg,https://inaturalist-open-data.s3.amazonaws.com/photos/1065813/medium.jpg,cc-by-nc,841752,research,37.526325,-121.9364916667,introduced non-invasive
lythrum_junceum_3289.jpg,https://inaturalist-open-data.s3.amazonaws.com/photos/1065814/medium.jpg,cc-by-nc,841752,research,37.526325,-121.9364916667,introduced non-invasive
lythrum_junceum_3290.jpg,https://inaturalist-open-data.s3.amazonaws.com/photos/1065815/medium.jpg,cc-by-nc,841752,research,37.526325,-121.9364916667,introduced non-invasive
lythrum_junceum_3291.JPG,https://inaturalist-open-data.s3.amazonaws.com/photos/305183/medium.JPG,cc-by-nc,244023,research,37.505995,-121.880921,introduced non-invasive
