filename,url,license_code,observation_id,quality_grade,latitude,longitude,label
lythrum_californicum_001.jpg,https://inaturalist-open-data.s3.amazonaws.com/photos/523236328/medium.jpg,cc-by-nc,290838926,needs_id,30.9920055556,-98.1990611111,native
lythrum_californicum_002.jpg,https://inaturalist-open-data.s3.amazonaws.com/photos/523236365/medium.jpg,cc-by-nc,290838926,needs_id,30.9920055556,-98.1990611111,native
lythrum_californicum_003.jpg,https://inaturalist-open-data.s3.amazonaws.com/photos/523236439/medium.jpg,cc-by-nc,290838926,needs_id,30.9920055556,-98.1990611111,native
lythrum_californicum_004.jpg,https://inaturalist-open-data.s3.amazonaws.com/photos/522462334/medium.jpg,cc-by,290428825,needs_id,34.7651116667,-101.4413133333,native
lythrum_californicum_005.jpg,https://inaturalist-open-data.s3.amazonaws.com/photos/522462332/medium.jpg,cc-by,290428825,needs_id,34.7651116667,-101.4413133333,native
lythrum_californicum_006.jpg,https://inaturalist-open-data.s3.amazonaws.com/photos/522462321/medium.jpg,cc-by,290428825,needs_id,34.7651116667,-101.4413133333,native
lythrum_californicum_007.jpg,https://inaturalist-open-data.s3.amazonaws.com/photos/522460880/medium.jpg,cc-by-nc,290427943,needs_id,37.79144571,-99.7693624,native
lythrum_californicum_008.jpg,https://inaturalist-open-data.s3.amazonaws.com/photos/522444893/medium.jpg,cc-by-nc,290419116,research,34.2017966667,-118.776695,native
lythrum_californicum_009.jpg,https://inaturalist-open-data.s3.amazonaws.com/photos/522444960/medium.jpg,cc-by-nc,290419116,research,34.2017966667,-118.776695,native
lythrum_californicum_010.jpg,https://inaturalist-open-data.s3.amazonaws.com/photos/522425732/medium.jpg,cc-by-nc,290409309,needs_id,29.3268661,-103.276286,native
lythrum_californicum_011.jpg,https://inaturalist-open-data.s3.amazonaws.com/photos/522005521/medium.jpg,cc-by-nc,290189440,needs_id,36.4552833333,-116.8487783333,native
lythrum_californicum_012.jpg,https://inaturalist-open-data.s3.amazonaws.com/photos/522006331/medium.jpg,cc-by-nc,290189440,needs_id,36.4552833333,-116.8487783333,native
lythrum_californicum_013.jpg,https://inaturalist-open-data.s3.amazonaws.com/photos/522006805/medium.jpg,cc-by-nc,290189440,needs_id,36.4552833333,-116.8487783333,native
lythrum_californicum_014.jpg,https://inaturalist-open-data.s3.amazonaws.com/photos/521989065/medium.jpg,cc-by-nc,290180531,needs_id,30.1648789077,-97.7209841198,native
lythrum_californicum_015.jpg,https://inaturalist-open-data.s3.amazonaws.com/photos/520909569/medium.jpg,cc-by-nc,289629337,research,26.2550831444,-97.582817029,native
lythrum_californicum_016.jpg,https://inaturalist-open-data.s3.amazonaws.com/photos/520909618/medium.jpg,cc-by-nc,289629337,research,26.2550831444,-97.582817029,native
lythrum_californicum_017.jpg,https://inaturalist-open-data.s3.amazonaws.com/photos/520909654/medium.jpg,cc-by-nc,289629337,research,26.2550831444,-97.582817029,native
lythrum_californicum_018.jpg,https://inaturalist-open-data.s3.amazonaws.com/photos/520922604/medium.jpg,cc-by-nc,289616812,needs_id,32.6416352057,-116.8328039979,native
lythrum_californicum_019.jpg,https://inaturalist-open-data.s3.amazonaws.com/photos/520827571/medium.jpg,cc-by-nc,289566172,needs_id,30.5119650495,-97.8623094293,native
lythrum_californicum_020.jpg,https://inaturalist-open-data.s3.amazonaws.com/photos/520827572/medium.jpg,cc-by-nc,289566172,needs_id,30.5119650495,-97.8623094293,native
lythrum_californicum_021.jpg,https://inaturalist-open-data.s3.amazonaws.com/photos/520827575/medium.jpg,cc-by-nc,289566172,needs_id,30.5119650495,-97.8623094293,native
lythrum_californicum_022.jpg,https://inaturalist-open-data.s3.amazonaws.com/photos/520853707/medium.jpg,cc-by-nc,289566172,needs_id,30.5119650495,-97.8623094293,native
lythrum_californicum_023.jpg,https://inaturalist-open-data.s3.amazonaws.com/photos/520853709/medium.jpg,cc-by-nc,289566172,needs_id,30.5119650495,-97.8623094293,native
lythrum_californicum_024.jpg,https://inaturalist-open-data.s3.amazonaws.com/photos/520900269/medium.jpg,cc-by-nc,289557043,needs_id,33.42180127,-112.07625425,native
lythrum_californicum_025.jpg,https://inaturalist-open-data.s3.amazonaws.com/photos/520551643/medium.jpg,cc-by-nc,289416320,research,33.3861444751,-117.2939348035,native
lythrum_californicum_026.jpg,https://inaturalist-open-data.s3.amazonaws.com/photos/520551667/medium.jpg,cc-by-nc,289416320,research,33.3861444751,-117.2939348035,native
lythrum_californicum_027.jpg,https://inaturalist-open-data.s3.amazonaws.com/photos/520551702/medium.jpg,cc-by-nc,289416320,research,33.3861444751,-117.2939348035,native
lythrum_californicum_028.jpg,https://inaturalist-open-data.s3.amazonaws.com/photos/520373523/medium.jpg,cc-by-nc,289323894,needs_id,33.9583466667,-116.6470416667,native
lythrum_californicum_029.jpg,https://inaturalist-open-data.s3.amazonaws.com/photos/520373577/medium.jpg,cc-by-nc,289323894,needs_id,33.9583466667,-116.6470416667,native
lythrum_californicum_030.jpg,https://inaturalist-open-data.s3.amazonaws.com/photos/520031452/medium.jpg,cc-by-nc,289144322,needs_id,30.4878232461,-97.8175458785,native
lythrum_californicum_031.jpg,https://inaturalist-open-data.s3.amazonaws.com/photos/520031434/medium.jpg,cc-by-nc,289144322,needs_id,30.4878232461,-97.8175458785,native
lythrum_californicum_032.jpg,https://inaturalist-open-data.s3.amazonaws.com/photos/520031392/medium.jpg,cc-by-nc,289144322,needs_id,30.4878232461,-97.8175458785,native
lythrum_californicum_033.jpg,https://inaturalist-open-data.s3.amazonaws.com/photos/519859742/medium.jpg,cc-by-nc,289050010,needs_id,32.858308,-97.4015433,native
lythrum_californicum_034.jpg,https://inaturalist-open-data.s3.amazonaws.com/photos/519859788/medium.jpg,cc-by-nc,289050010,needs_id,32.858308,-97.4015433,native
lythrum_californicum_035.jpg,https://inaturalist-open-data.s3.amazonaws.com/photos/518576636/medium.jpg,cc-by-nc,288372715,research,26.2551168214,-97.5828867664,native
lythrum_californicum_036.jpg,https://inaturalist-open-data.s3.amazonaws.com/photos/518576646/medium.jpg,cc-by-nc,288372715,research,26.2551168214,-97.5828867664,native
lythrum_californicum_037.jpg,https://inaturalist-open-data.s3.amazonaws.com/photos/518574037/medium.jpg,cc-by-nc,288372581,research,26.2551168214,-97.5828867664,native
lythrum_californicum_038.jpg,https://inaturalist-open-data.s3.amazonaws.com/photos/518574025/medium.jpg,cc-by-nc,288372581,research,26.2551168214,-97.5828867664,native
lythrum_californicum_039.jpg,https://inaturalist-open-data.s3.amazonaws.com/photos/518405178/medium.jpg,cc-by-nc,288277754,needs_id,33.8052445371,-117.1649626271,native
lythrum_californicum_040.jpg,https://inaturalist-open-data.s3.amazonaws.com/photos/517737956/medium.jpg,cc-by-nc,287925657,needs_id,30.08405,-97.7999666667,native
lythrum_californicum_041.jpg,https://inaturalist-open-data.s3.amazonaws.com/photos/517738225/medium.jpg,cc-by-nc,287925657,needs_id,30.08405,-97.7999666667,native
lythrum_californicum_042.jpg,https://inaturalist-open-data.s3.amazonaws.com/photos/517735152/medium.jpg,cc-by-nc,287924216,needs_id,30.08405,-97.7999666667,native
lythrum_californicum_043.jpg,https://inaturalist-open-data.s3.amazonaws.com/photos/517735226/medium.jpg,cc-by-nc,287924216,needs_id,30.08405,-97.7999666667,native
lythrum_californicum_044.jpg,https://inaturalist-open-data.s3.amazonaws.com/photos/517241762/medium.jpg,cc-by-nc,287660454,needs_id,32.7429366667,-98.5257083333,native
lythrum_californicum_045.jpg,https://inaturalist-open-data.s3.amazonaws.com/photos/516758336/medium.jpg,cc-by-nc,287398466,research,33.7375801997,-116.5403675997,native
lythrum_californicum_046.jpg,https://inaturalist-open-data.s3.amazonaws.com/photos/516758384/medium.jpg,cc-by-nc,287398466,research,33.7375801997,-116.5403675997,native
lythrum_californicum_047.jpg,https://inaturalist-open-data.s3.amazonaws.com/photos/516625220/medium.jpg,cc-by-nc,287327739,needs_id,31.3472395145,-97.7524857719,native
lythrum_californicum_048.jpg,https://inaturalist-open-data.s3.amazonaws.com/photos/516625262/medium.jpg,cc-by-nc,287327739,needs_id,31.3472395145,-97.7524857719,native
lythrum_californicum_049.jpg,https://inaturalist-open-data.s3.amazonaws.com/photos/516625286/medium.jpg,cc-by-nc,287327739,needs_id,31.3472395145,-97.7524857719,native
lythrum_californicum_050.jpg,https://inaturalist-open-data.s3.amazonaws.com/photos/516348185/medium.jpg,cc-by-nc,287179976,needs_id,29.3476392,-103.3070596,native
lythrum_californicum_051.jpg,https://inaturalist-open-data.s3.amazonaws.com/photos/516344585/medium.jpg,cc-by-nc,287178298,needs_id,29.3476392,-103.3070596,native
lythrum_californicum_052.jpg,https://inaturalist-open-data.s3.amazonaws.com/photos/515399204/medium.jpg,cc-by-nc,286678071,needs_id,36.3505587446,-101.1693386233,native
lythrum_californicum_053.jpg,https://inaturalist-open-data.s3.amazonaws.com/photos/515399224/medium.jpg,cc-by-nc,286678071,needs_id,36.3505587446,-101.1693386233,native
lythrum_californicum_056.jpg,https://inaturalist-open-data.s3.amazonaws.com/photos/514740071/medium.jpg,cc-by-nc,286330950,needs_id,32.6002835017,-116.9328863573,native
lythrum_californicum_057.jpg,https://inaturalist-open-data.s3.amazonaws.com/photos/514740069/medium.jpg,cc-by-nc,286330950,needs_id,32.6002835017,-116.9328863573,native
lythrum_californicum_058.jpg,https://inaturalist-open-data.s3.amazonaws.com/photos/514740053/medium.jpg,cc-by-nc,286330950,needs_id,32.6002835017,-116.9328863573,native
lythrum_californicum_059.jpg,https://inaturalist-open-data.s3.amazonaws.com/photos/514740080/medium.jpg,cc-by-nc,286330950,needs_id,32.6002835017,-116.9328863573,native
lythrum_californicum_060.jpg,https://inaturalist-open-data.s3.amazonaws.com/photos/514605623/medium.jpg,cc-by-nc,286259464,needs_id,25.5405375,-101.3584463889,native
lythrum_californicum_061.jpg,https://inaturalist-open-data.s3.amazonaws.com/photos/514693121/medium.jpg,cc-by-nc,286259464,needs_id,25.5405375,-101.3584463889,native
lythrum_californicum_062.jpg,https://inaturalist-open-data.s3.amazonaws.com/photos/514400691/medium.jpg,cc0,286153325,needs_id,35.2667583333,-120.6824583333,native
lythrum_californicum_063.jpg,https://inaturalist-open-data.s3.amazonaws.com/photos/514400319/medium.jpg,cc0,286153325,needs_id,35.2667583333,-120.6824583333,native
lythrum_californicum_064.jpg,https://inaturalist-open-data.s3.amazonaws.com/photos/514400367/medium.jpg,cc0,286153325,needs_id,35.2667583333,-120.6824583333,native
lythrum_californicum_065.jpg,https://inaturalist-open-data.s3.amazonaws.com/photos/514400424/medium.jpg,cc0,286153325,needs_id,35.2667583333,-120.6824583333,native
lythrum_californicum_066.jpg,https://inaturalist-open-data.s3.amazonaws.com/photos/514400472/medium.jpg,cc0,286153325,needs_id,35.2667583333,-120.6824583333,native
lythrum_californicum_067.jpg,https://inaturalist-open-data.s3.amazonaws.com/photos/514400520/medium.jpg,cc0,286153325,needs_id,35.2667583333,-120.6824583333,native
lythrum_californicum_068.jpg,https://inaturalist-open-data.s3.amazonaws.com/photos/514400570/medium.jpg,cc0,286153325,needs_id,35.2667583333,-120.6824583333,native
lythrum_californicum_069.jpg,https://inaturalist-open-data.s3.amazonaws.com/photos/514400608/medium.jpg,cc0,286153325,needs_id,35.2667583333,-120.6824583333,native
lythrum_californicum_070.jpg,https://inaturalist-open-data.s3.amazonaws.com/photos/514400644/medium.jpg,cc0,286153325,needs_id,35.2667583333,-120.6824583333,native
lythrum_californicum_071.jpg,https://inaturalist-open-data.s3.amazonaws.com/photos/514400738/medium.jpg,cc0,286153325,needs_id,35.2667583333,-120.6824583333,native
lythrum_californicum_072.jpg,https://inaturalist-open-data.s3.amazonaws.com/photos/514222526/medium.jpg,cc-by,286063597,needs_id,33.9587640267,-116.646726983,native
lythrum_californicum_073.jpg,https://inaturalist-open-data.s3.amazonaws.com/photos/514223370/medium.jpg,cc-by,286063597,needs_id,33.9587640267,-116.646726983,native
lythrum_californicum_074.jpg,https://inaturalist-open-data.s3.amazonaws.com/photos/513867176/medium.jpg,cc-by,285869792,needs_id,35.7332229444,-119.58919525,native
lythrum_californicum_075.jpg,https://inaturalist-open-data.s3.amazonaws.com/photos/513867202/medium.jpg,cc-by,285869792,needs_id,35.7332229444,-119.58919525,native
lythrum_californicum_076.jpg,https://inaturalist-open-data.s3.amazonaws.com/photos/513768598/medium.jpg,cc-by-nc,285820414,research,34.2786866667,-112.0410833333,native
lythrum_californicum_077.jpg,https://inaturalist-open-data.s3.amazonaws.com/photos/513468721/medium.jpg,cc-by-nc,285662327,research,35.9787457062,-116.2714397629,native
lythrum_californicum_078.jpg,https://inaturalist-open-data.s3.amazonaws.com/photos/513468775/medium.jpg,cc-by-nc,285662327,research,35.9787457062,-116.2714397629,native
lythrum_californicum_079.jpg,https://inaturalist-open-data.s3.amazonaws.com/photos/512957303/medium.jpg,cc-by-nc,285382744,needs_id,29.5215698596,-98.7886191804,native
lythrum_californicum_080.jpg,https://inaturalist-open-data.s3.amazonaws.com/photos/512212831/medium.jpg,cc-by-nc,284981614,needs_id,32.7651116667,-97.5087283333,native
lythrum_californicum_081.jpg,https://inaturalist-open-data.s3.amazonaws.com/photos/512129876/medium.jpg,cc-by-nc,284940228,needs_id,34.0090997818,-116.6232078992,native
lythrum_californicum_082.jpg,https://inaturalist-open-data.s3.amazonaws.com/photos/512129860/medium.jpg,cc-by-nc,284940228,needs_id,34.0090997818,-116.6232078992,native
lythrum_californicum_083.jpg,https://inaturalist-open-data.s3.amazonaws.com/photos/512129993/medium.jpg,cc-by-nc,284940228,needs_id,34.0090997818,-116.6232078992,native
lythrum_californicum_084.jpg,https://inaturalist-open-data.s3.amazonaws.com/photos/511749909/medium.jpg,cc-by-nc,284734720,needs_id,34.59335,-118.9979166667,native
lythrum_californicum_085.jpg,https://inaturalist-open-data.s3.amazonaws.com/photos/511749968/medium.jpg,cc-by-nc,284734720,needs_id,34.59335,-118.9979166667,native
lythrum_californicum_086.jpg,https://inaturalist-open-data.s3.amazonaws.com/photos/511184705/medium.jpg,cc-by-nc,284439290,research,33.6162116667,-117.7579633333,native
lythrum_californicum_087.jpg,https://inaturalist-open-data.s3.amazonaws.com/photos/511184709/medium.jpg,cc-by-nc,284439290,research,33.6162116667,-117.7579633333,native
lythrum_californicum_088.jpg,https://inaturalist-open-data.s3.amazonaws.com/photos/511184707/medium.jpg,cc-by-nc,284439290,research,33.6162116667,-117.7579633333,native
lythrum_californicum_089.jpg,https://inaturalist-open-data.s3.amazonaws.com/photos/510653983/medium.jpg,cc-by-nc,284158121,research,31.8655523778,-110.570317246,native
lythrum_californicum_090.jpg,https://inaturalist-open-data.s3.amazonaws.com/photos/510654011/medium.jpg,cc-by-nc,284158121,research,31.8655523778,-110.570317246,native
lythrum_californicum_091.jpg,https://inaturalist-open-data.s3.amazonaws.com/photos/510654041/medium.jpg,cc-by-nc,284158121,research,31.8655523778,-110.570317246,native
lythrum_californicum_092.jpg,https://inaturalist-open-data.s3.amazonaws.com/photos/510654063/medium.jpg,cc-by-nc,284158121,research,31.8655523778,-110.570317246,native
lythrum_californicum_093.jpg,https://inaturalist-open-data.s3.amazonaws.com/photos/510654088/medium.jpg,cc-by-nc,284158121,research,31.8655523778,-110.570317246,native
lythrum_californicum_094.jpg,https://inaturalist-open-data.s3.amazonaws.com/photos/510654119/medium.jpg,cc-by-nc,284158121,research,31.8655523778,-110.570317246,native
lythrum_californicum_095.jpg,https://inaturalist-open-data.s3.amazonaws.com/photos/510279133/medium.jpg,cc-by-nc,283961578,needs_id,29.1740119807,-103.1571659322,native
lythrum_californicum_096.jpg,https://inaturalist-open-data.s3.amazonaws.com/photos/510279083/medium.jpg,cc-by-nc,283961578,needs_id,29.1740119807,-103.1571659322,native
lythrum_californicum_097.jpg,https://inaturalist-open-data.s3.amazonaws.com/photos/509402452/medium.jpg,cc-by-nc,283493914,needs_id,34.1957971515,-118.3162313492,native
lythrum_californicum_098.jpg,https://inaturalist-open-data.s3.amazonaws.com/photos/509402531/medium.jpg,cc-by-nc,283493914,needs_id,34.1957971515,-118.3162313492,native
lythrum_californicum_099.jpg,https://inaturalist-open-data.s3.amazonaws.com/photos/509402570/medium.jpg,cc-by-nc,283493914,needs_id,34.1957971515,-118.3162313492,native
lythrum_californicum_100.jpg,https://inaturalist-open-data.s3.amazonaws.com/photos/508032822/medium.jpg,cc-by-nc,282759056,needs_id,36.4015029722,-116.27388,native
lythrum_californicum_101.jpg,https://inaturalist-open-data.s3.amazonaws.com/photos/508032878/medium.jpg,cc-by-nc,282759056,needs_id,36.4015029722,-116.27388,native
lythrum_californicum_102.jpg,https://inaturalist-open-data.s3.amazonaws.com/photos/507944324/medium.jpg,cc-by-nc,282713924,needs_id,32.8831419396,-97.603910761,native
lythrum_californicum_103.jpg,https://inaturalist-open-data.s3.amazonaws.com/photos/507630073/medium.jpg,cc-by-nc,282542850,needs_id,32.6956333333,-97.867295,native
lythrum_californicum_104.jpg,https://inaturalist-open-data.s3.amazonaws.com/photos/507630047/medium.jpg,cc-by-nc,282542850,needs_id,32.6956333333,-97.867295,native
lythrum_californicum_105.jpg,https://inaturalist-open-data.s3.amazonaws.com/photos/507630012/medium.jpg,cc-by-nc,282542850,needs_id,32.6956333333,-97.867295,native
lythrum_californicum_106.jpg,https://inaturalist-open-data.s3.amazonaws.com/photos/506723035/medium.jpg,cc-by-nc,282057062,research,32.2277297972,-116.725616455,native
lythrum_californicum_107.jpg,https://inaturalist-open-data.s3.amazonaws.com/photos/506723067/medium.jpg,cc-by-nc,282057062,research,32.2277297972,-116.725616455,native
lythrum_californicum_108.jpg,https://inaturalist-open-data.s3.amazonaws.com/photos/506723107/medium.jpg,cc-by-nc,282057062,research,32.2277297972,-116.725616455,native
lythrum_californicum_109.jpg,https://inaturalist-open-data.s3.amazonaws.com/photos/506723189/medium.jpg,cc-by-nc,282057062,research,32.2277297972,-116.725616455,native
lythrum_californicum_110.jpg,https://inaturalist-open-data.s3.amazonaws.com/photos/506722270/medium.jpg,cc-by-nc,282056701,research,32.2277526853,-116.7256088256,native
lythrum_californicum_111.jpg,https://inaturalist-open-data.s3.amazonaws.com/photos/506722299/medium.jpg,cc-by-nc,282056701,research,32.2277526853,-116.7256088256,native
lythrum_californicum_112.jpg,https://inaturalist-open-data.s3.amazonaws.com/photos/506722331/medium.jpg,cc-by-nc,282056701,research,32.2277526853,-116.7256088256,native
lythrum_californicum_113.jpg,https://inaturalist-open-data.s3.amazonaws.com/photos/506722365/medium.jpg,cc-by-nc,282056701,research,32.2277526853,-116.7256088256,native
lythrum_californicum_114.jpg,https://inaturalist-open-data.s3.amazonaws.com/photos/506722405/medium.jpg,cc-by-nc,282056701,research,32.2277526853,-116.7256088256,native
lythrum_californicum_115.jpg,https://inaturalist-open-data.s3.amazonaws.com/photos/506722454/medium.jpg,cc-by-nc,282056701,research,32.2277526853,-116.7256088256,native
lythrum_californicum_116.jpg,https://inaturalist-open-data.s3.amazonaws.com/photos/506722504/medium.jpg,cc-by-nc,282056701,research,32.2277526853,-116.7256088256,native
lythrum_californicum_117.jpg,https://inaturalist-open-data.s3.amazonaws.com/photos/506629399/medium.jpg,cc-by-nc,282005381,needs_id,32.914495,-116.8444616667,native
lythrum_californicum_118.jpg,https://inaturalist-open-data.s3.amazonaws.com/photos/506629418/medium.jpg,cc-by-nc,282005381,needs_id,32.914495,-116.8444616667,native
lythrum_californicum_119.jpg,https://inaturalist-open-data.s3.amazonaws.com/photos/506629429/medium.jpg,cc-by-nc,282005381,needs_id,32.914495,-116.8444616667,native
lythrum_californicum_120.jpg,https://inaturalist-open-data.s3.amazonaws.com/photos/506629446/medium.jpg,cc-by-nc,282005381,needs_id,32.914495,-116.8444616667,native
lythrum_californicum_121.jpg,https://inaturalist-open-data.s3.amazonaws.com/photos/506629463/medium.jpg,cc-by-nc,282005381,needs_id,32.914495,-116.8444616667,native
lythrum_californicum_122.jpg,https://inaturalist-open-data.s3.amazonaws.com/photos/505097182/medium.jpg,cc-by-nc,281187393,research,32.2277565997,-116.7256416,native
lythrum_californicum_123.jpg,https://inaturalist-open-data.s3.amazonaws.com/photos/505097204/medium.jpg,cc-by-nc,281187393,research,32.2277565997,-116.7256416,native
lythrum_californicum_124.jpg,https://inaturalist-open-data.s3.amazonaws.com/photos/505097281/medium.jpg,cc-by-nc,281187393,research,32.2277565997,-116.7256416,native
lythrum_californicum_125.jpg,https://inaturalist-open-data.s3.amazonaws.com/photos/505021173/medium.jpg,cc-by-nc,281149441,needs_id,31.1082035613,-97.9433030336,native
lythrum_californicum_126.jpg,https://inaturalist-open-data.s3.amazonaws.com/photos/505021093/medium.jpg,cc-by-nc,281149441,needs_id,31.1082035613,-97.9433030336,native
lythrum_californicum_127.jpg,https://inaturalist-open-data.s3.amazonaws.com/photos/504050377/medium.jpg,cc-by-nc,280636504,research,33.6941616667,-117.7261883333,native
lythrum_californicum_128.jpg,https://inaturalist-open-data.s3.amazonaws.com/photos/504050402/medium.jpg,cc-by-nc,280636504,research,33.6941616667,-117.7261883333,native
lythrum_californicum_129.jpeg,https://inaturalist-open-data.s3.amazonaws.com/photos/503656802/medium.jpeg,cc-by-nc,280429223,research,32.2390937778,-116.7195053056,native
lythrum_californicum_130.jpeg,https://inaturalist-open-data.s3.amazonaws.com/photos/503656855/medium.jpeg,cc-by-nc,280429223,research,32.2390937778,-116.7195053056,native
lythrum_californicum_131.jpeg,https://inaturalist-open-data.s3.amazonaws.com/photos/503613733/medium.jpeg,cc-by-nc,280409623,needs_id,30.8607001447,-97.9121614648,native
lythrum_californicum_132.jpeg,https://inaturalist-open-data.s3.amazonaws.com/photos/503512893/medium.jpeg,cc-by-nc,280355003,needs_id,30.5341694444,-97.6540111111,native
lythrum_californicum_133.jpeg,https://inaturalist-open-data.s3.amazonaws.com/photos/503483069/medium.jpeg,cc0,280338575,needs_id,30.1622027778,-97.6332333333,native
lythrum_californicum_134.jpeg,https://inaturalist-open-data.s3.amazonaws.com/photos/503483120/medium.jpeg,cc0,280338575,needs_id,30.1622027778,-97.6332333333,native
lythrum_californicum_135.jpeg,https://inaturalist-open-data.s3.amazonaws.com/photos/503483161/medium.jpeg,cc0,280338575,needs_id,30.1622027778,-97.6332333333,native
lythrum_californicum_136.jpg,https://inaturalist-open-data.s3.amazonaws.com/photos/503027277/medium.jpg,cc-by-nc,280095852,casual,38.28662673,-122.4636202034,native
lythrum_californicum_137.jpg,https://inaturalist-open-data.s3.amazonaws.com/photos/502977952/medium.jpg,cc-by-nc,280070196,research,32.227695,-116.7255783333,native
lythrum_californicum_138.jpg,https://inaturalist-open-data.s3.amazonaws.com/photos/502978248/medium.jpg,cc-by-nc,280070196,research,32.227695,-116.7255783333,native
lythrum_californicum_139.jpg,https://inaturalist-open-data.s3.amazonaws.com/photos/502844334/medium.jpg,cc-by-nc,279998419,casual,30.5219439196,-97.7795005542,native
lythrum_californicum_140.jpg,https://inaturalist-open-data.s3.amazonaws.com/photos/502844287/medium.jpg,cc-by-nc,279998419,casual,30.5219439196,-97.7795005542,native
lythrum_californicum_141.jpg,https://inaturalist-open-data.s3.amazonaws.com/photos/502602939/medium.jpg,cc-by-nc,279865545,research,32.2391033333,-116.7194966667,native
lythrum_californicum_142.jpg,https://inaturalist-open-data.s3.amazonaws.com/photos/502602960/medium.jpg,cc-by-nc,279865545,research,32.2391033333,-116.7194966667,native
lythrum_californicum_143.jpeg,https://inaturalist-open-data.s3.amazonaws.com/photos/502455284/medium.jpeg,cc-by-nc,279789974,research,32.2277928997,-116.7256328997,native
lythrum_californicum_144.jpeg,https://inaturalist-open-data.s3.amazonaws.com/photos/502455305/medium.jpeg,cc-by-nc,279789974,research,32.2277928997,-116.7256328997,native
lythrum_californicum_145.jpg,https://inaturalist-open-data.s3.amazonaws.com/photos/502388602/medium.jpg,cc-by-nc,279755575,needs_id,30.1080154945,-97.7762517705,native
lythrum_californicum_146.jpg,https://inaturalist-open-data.s3.amazonaws.com/photos/502388650/medium.jpg,cc-by-nc,279755575,needs_id,30.1080154945,-97.7762517705,native
lythrum_californicum_147.jpg,https://inaturalist-open-data.s3.amazonaws.com/photos/502388678/medium.jpg,cc-by-nc,279755575,needs_id,30.1080154945,-97.7762517705,native
lythrum_californicum_148.jpg,https://inaturalist-open-data.s3.amazonaws.com/photos/502152088/medium.jpg,cc-by-nc,279626466,research,32.22762,-116.7255783333,native
lythrum_californicum_149.jpg,https://inaturalist-open-data.s3.amazonaws.com/photos/502152107/medium.jpg,cc-by-nc,279626466,research,32.22762,-116.7255783333,native
lythrum_californicum_150.jpg,https://inaturalist-open-data.s3.amazonaws.com/photos/502152119/medium.jpg,cc-by-nc,279626466,research,32.22762,-116.7255783333,native
lythrum_californicum_151.jpg,https://inaturalist-open-data.s3.amazonaws.com/photos/502270225/medium.jpg,cc-by-nc,279626466,research,32.22762,-116.7255783333,native
lythrum_californicum_152.jpg,https://inaturalist-open-data.s3.amazonaws.com/photos/502270255/medium.jpg,cc-by-nc,279626466,research,32.22762,-116.7255783333,native
lythrum_californicum_153.jpg,https://inaturalist-open-data.s3.amazonaws.com/photos/502270292/medium.jpg,cc-by-nc,279626466,research,32.22762,-116.7255783333,native
lythrum_californicum_154.jpg,https://inaturalist-open-data.s3.amazonaws.com/photos/502270320/medium.jpg,cc-by-nc,279626466,research,32.22762,-116.7255783333,native
lythrum_californicum_155.jpg,https://inaturalist-open-data.s3.amazonaws.com/photos/502270354/medium.jpg,cc-by-nc,279626466,research,32.22762,-116.7255783333,native
lythrum_californicum_156.jpg,https://inaturalist-open-data.s3.amazonaws.com/photos/502149508/medium.jpg,cc-by-nc,279625266,research,32.2276848518,-116.7255723141,native
lythrum_californicum_157.jpg,https://inaturalist-open-data.s3.amazonaws.com/photos/502149538/medium.jpg,cc-by-nc,279625266,research,32.2276848518,-116.7255723141,native
lythrum_californicum_158.jpg,https://inaturalist-open-data.s3.amazonaws.com/photos/502149553/medium.jpg,cc-by-nc,279625266,research,32.2276848518,-116.7255723141,native
lythrum_californicum_159.jpg,https://inaturalist-open-data.s3.amazonaws.com/photos/502141713/medium.jpg,cc-by-nc,279620990,research,32.22772,-116.7255633333,native
lythrum_californicum_160.jpg,https://inaturalist-open-data.s3.amazonaws.com/photos/502141736/medium.jpg,cc-by-nc,279620990,research,32.22772,-116.7255633333,native
lythrum_californicum_161.jpg,https://inaturalist-open-data.s3.amazonaws.com/photos/502141753/medium.jpg,cc-by-nc,279620990,research,32.22772,-116.7255633333,native
lythrum_californicum_162.jpg,https://inaturalist-open-data.s3.amazonaws.com/photos/502141773/medium.jpg,cc-by-nc,279620990,research,32.22772,-116.7255633333,native
lythrum_californicum_163.jpg,https://inaturalist-open-data.s3.amazonaws.com/photos/502141787/medium.jpg,cc-by-nc,279620990,research,32.22772,-116.7255633333,native
lythrum_californicum_164.jpg,https://inaturalist-open-data.s3.amazonaws.com/photos/502141807/medium.jpg,cc-by-nc,279620990,research,32.22772,-116.7255633333,native
lythrum_californicum_165.jpg,https://inaturalist-open-data.s3.amazonaws.com/photos/502140537/medium.jpg,cc-by-nc,279620356,research,32.2276833333,-116.7255166667,native
lythrum_californicum_166.jpg,https://inaturalist-open-data.s3.amazonaws.com/photos/502140535/medium.jpg,cc-by-nc,279620356,research,32.2276833333,-116.7255166667,native
lythrum_californicum_167.jpg,https://inaturalist-open-data.s3.amazonaws.com/photos/502140536/medium.jpg,cc-by-nc,279620356,research,32.2276833333,-116.7255166667,native
lythrum_californicum_168.jpeg,https://inaturalist-open-data.s3.amazonaws.com/photos/502118424/medium.jpeg,cc-by-nc,279610312,needs_id,30.4674152783,-97.6074598978,native
lythrum_californicum_169.jpeg,https://inaturalist-open-data.s3.amazonaws.com/photos/501708216/medium.jpeg,cc-by-nc,279390750,research,32.2390637997,-116.7195413997,native
lythrum_californicum_170.jpeg,https://inaturalist-open-data.s3.amazonaws.com/photos/501708245/medium.jpeg,cc-by-nc,279390750,research,32.2390637997,-116.7195413997,native
lythrum_californicum_171.jpeg,https://inaturalist-open-data.s3.amazonaws.com/photos/501708290/medium.jpeg,cc-by-nc,279390750,research,32.2390637997,-116.7195413997,native
lythrum_californicum_172.jpeg,https://inaturalist-open-data.s3.amazonaws.com/photos/501479816/medium.jpeg,cc-by-sa,279272000,research,32.9145444444,-116.8444861111,native
lythrum_californicum_173.jpg,https://inaturalist-open-data.s3.amazonaws.com/photos/501241800/medium.jpg,cc-by-nc,279138183,needs_id,32.2390833333,-116.7194366667,native
lythrum_californicum_174.jpg,https://inaturalist-open-data.s3.amazonaws.com/photos/501241843/medium.jpg,cc-by-nc,279138183,needs_id,32.2390833333,-116.7194366667,native
lythrum_californicum_175.jpg,https://inaturalist-open-data.s3.amazonaws.com/photos/501242536/medium.jpg,cc-by-nc,279138183,needs_id,32.2390833333,-116.7194366667,native
lythrum_californicum_176.jpg,https://inaturalist-open-data.s3.amazonaws.com/photos/500976405/medium.jpg,cc-by-nc,279003277,needs_id,32.5501194967,-115.936660089,native
lythrum_californicum_177.jpg,https://inaturalist-open-data.s3.amazonaws.com/photos/500976399/medium.jpg,cc-by-nc,279003277,needs_id,32.5501194967,-115.936660089,native
lythrum_californicum_178.jpg,https://inaturalist-open-data.s3.amazonaws.com/photos/500976408/medium.jpg,cc-by-nc,279003277,needs_id,32.5501194967,-115.936660089,native
lythrum_californicum_179.jpg,https://inaturalist-open-data.s3.amazonaws.com/photos/500976426/medium.jpg,cc-by-nc,279003277,needs_id,32.5501194967,-115.936660089,native
lythrum_californicum_180.jpeg,https://inaturalist-open-data.s3.amazonaws.com/photos/500813220/medium.jpeg,cc-by,278904735,needs_id,27.4400490453,-101.7328878215,native
lythrum_californicum_181.jpg,https://inaturalist-open-data.s3.amazonaws.com/photos/500538364/medium.jpg,cc-by-nc,278756481,research,32.8573583333,-116.9133383333,native
lythrum_californicum_182.jpg,https://inaturalist-open-data.s3.amazonaws.com/photos/500538381/medium.jpg,cc-by-nc,278756481,research,32.8573583333,-116.9133383333,native
lythrum_californicum_183.jpg,https://inaturalist-open-data.s3.amazonaws.com/photos/500538398/medium.jpg,cc-by-nc,278756481,research,32.8573583333,-116.9133383333,native
lythrum_californicum_184.jpeg,https://inaturalist-open-data.s3.amazonaws.com/photos/497795250/medium.jpeg,cc-by-nc,277223150,needs_id,29.4347351,-98.7160896,native
lythrum_californicum_185.jpg,https://inaturalist-open-data.s3.amazonaws.com/photos/497574924/medium.jpg,cc-by-nc,277101830,needs_id,34.1134345858,-118.1909850241,native
lythrum_californicum_186.jpeg,https://inaturalist-open-data.s3.amazonaws.com/photos/497208551/medium.jpeg,cc-by-nc,276896201,needs_id,38.8035267229,-100.9364869505,native
lythrum_californicum_187.jpg,https://inaturalist-open-data.s3.amazonaws.com/photos/497480082/medium.jpg,cc-by-nc,276738421,needs_id,32.5966012366,-116.6606672099,native
lythrum_californicum_188.jpg,https://inaturalist-open-data.s3.amazonaws.com/photos/497480125/medium.jpg,cc-by-nc,276738421,needs_id,32.5966012366,-116.6606672099,native
lythrum_californicum_189.jpg,https://inaturalist-open-data.s3.amazonaws.com/photos/497480201/medium.jpg,cc-by-nc,276738421,needs_id,32.5966012366,-116.6606672099,native
lythrum_californicum_190.jpg,https://inaturalist-open-data.s3.amazonaws.com/photos/497480282/medium.jpg,cc-by-nc,276738421,needs_id,32.5966012366,-116.6606672099,native
lythrum_californicum_191.jpg,https://inaturalist-open-data.s3.amazonaws.com/photos/497480322/medium.jpg,cc-by-nc,276738421,needs_id,32.5966012366,-116.6606672099,native
lythrum_californicum_192.jpg,https://inaturalist-open-data.s3.amazonaws.com/photos/496715096/medium.jpg,cc-by-nc,276606845,needs_id,29.3042377934,-98.4904513971,native
lythrum_californicum_193.jpg,https://inaturalist-open-data.s3.amazonaws.com/photos/496715094/medium.jpg,cc-by-nc,276606845,needs_id,29.3042377934,-98.4904513971,native
lythrum_californicum_194.jpg,https://inaturalist-open-data.s3.amazonaws.com/photos/496715093/medium.jpg,cc-by-nc,276606845,needs_id,29.3042377934,-98.4904513971,native
lythrum_californicum_195.jpg,https://inaturalist-open-data.s3.amazonaws.com/photos/496715100/medium.jpg,cc-by-nc,276606845,needs_id,29.3042377934,-98.4904513971,native
lythrum_californicum_196.jpg,https://inaturalist-open-data.s3.amazonaws.com/photos/495427959/medium.jpg,cc-by-nc,275773834,needs_id,29.3036263136,-98.4863085696,native
lythrum_californicum_198.jpeg,https://inaturalist-open-data.s3.amazonaws.com/photos/491277721/medium.jpeg,cc-by-nc,273111282,needs_id,32.7650909424,-98.9050521851,native
lythrum_californicum_199.jpeg,https://inaturalist-open-data.s3.amazonaws.com/photos/486906067/medium.jpeg,cc-by,270728881,needs_id,35.7612611111,-119.5957416667,native
lythrum_californicum_200.jpeg,https://inaturalist-open-data.s3.amazonaws.com/photos/486906068/medium.jpeg,cc-by,270728881,needs_id,35.7612611111,-119.5957416667,native
lythrum_californicum_201.jpeg,https://inaturalist-open-data.s3.amazonaws.com/photos/484979859/medium.jpeg,cc-by-nc,269740416,needs_id,28.0556723567,-97.4410947689,native
lythrum_californicum_202.jpeg,https://inaturalist-open-data.s3.amazonaws.com/photos/484979860/medium.jpeg,cc-by-nc,269740416,needs_id,28.0556723567,-97.4410947689,native
lythrum_californicum_203.jpeg,https://inaturalist-open-data.s3.amazonaws.com/photos/484979871/medium.jpeg,cc-by-nc,269740416,needs_id,28.0556723567,-97.4410947689,native
lythrum_californicum_204.jpeg,https://inaturalist-open-data.s3.amazonaws.com/photos/484979869/medium.jpeg,cc-by-nc,269740416,needs_id,28.0556723567,-97.4410947689,native
lythrum_californicum_205.jpeg,https://inaturalist-open-data.s3.amazonaws.com/photos/484979872/medium.jpeg,cc-by-nc,269740416,needs_id,28.0556723567,-97.4410947689,native
lythrum_californicum_206.jpeg,https://inaturalist-open-data.s3.amazonaws.com/photos/484979882/medium.jpeg,cc-by-nc,269740416,needs_id,28.0556723567,-97.4410947689,native
lythrum_californicum_207.jpeg,https://inaturalist-open-data.s3.amazonaws.com/photos/484979888/medium.jpeg,cc-by-nc,269740416,needs_id,28.0556723567,-97.4410947689,native
lythrum_californicum_208.jpg,https://inaturalist-open-data.s3.amazonaws.com/photos/484979851/medium.jpg,cc-by-nc,269740416,needs_id,28.0556723567,-97.4410947689,native
lythrum_californicum_209.jpg,https://inaturalist-open-data.s3.amazonaws.com/photos/484979847/medium.jpg,cc-by-nc,269740416,needs_id,28.0556723567,-97.4410947689,native
lythrum_californicum_210.jpeg,https://inaturalist-open-data.s3.amazonaws.com/photos/484979848/medium.jpeg,cc-by-nc,269740416,needs_id,28.0556723567,-97.4410947689,native
lythrum_californicum_211.jpeg,https://inaturalist-open-data.s3.amazonaws.com/photos/484951626/medium.jpeg,cc-by-nc,269699150,needs_id,25.8396301531,-97.4483080208,native
lythrum_californicum_212.jpeg,https://inaturalist-open-data.s3.amazonaws.com/photos/484951643/medium.jpeg,cc-by-nc,269699150,needs_id,25.8396301531,-97.4483080208,native
lythrum_californicum_213.jpeg,https://inaturalist-open-data.s3.amazonaws.com/photos/484404724/medium.jpeg,cc-by,269411115,research,36.7594416667,-117.8962777778,native
lythrum_californicum_214.jpeg,https://inaturalist-open-data.s3.amazonaws.com/photos/484404723/medium.jpeg,cc-by,269411115,research,36.7594416667,-117.8962777778,native
lythrum_californicum_215.jpeg,https://inaturalist-open-data.s3.amazonaws.com/photos/484404005/medium.jpeg,cc-by,269411053,research,36.8322944444,-117.7377861111,native
lythrum_californicum_216.jpeg,https://inaturalist-open-data.s3.amazonaws.com/photos/484404019/medium.jpeg,cc-by,269411053,research,36.8322944444,-117.7377861111,native
lythrum_californicum_217.jpeg,https://inaturalist-open-data.s3.amazonaws.com/photos/483635316/medium.jpeg,cc-by-nc,269019653,needs_id,28.0945720673,-97.0498962402,native
lythrum_californicum_218.jpeg,https://inaturalist-open-data.s3.amazonaws.com/photos/483633856/medium.jpeg,cc-by-nc,269018944,needs_id,28.0867195129,-97.0493469238,native
lythrum_californicum_219.jpeg,https://inaturalist-open-data.s3.amazonaws.com/photos/477360386/medium.jpeg,cc-by-nc,265732507,needs_id,32.730191,-110.536553,native
lythrum_californicum_220.jpeg,https://inaturalist-open-data.s3.amazonaws.com/photos/477360403/medium.jpeg,cc-by-nc,265732507,needs_id,32.730191,-110.536553,native
lythrum_californicum_221.jpeg,https://inaturalist-open-data.s3.amazonaws.com/photos/477360390/medium.jpeg,cc-by-nc,265732507,needs_id,32.730191,-110.536553,native
lythrum_californicum_222.jpeg,https://inaturalist-open-data.s3.amazonaws.com/photos/477360421/medium.jpeg,cc-by-nc,265732507,needs_id,32.730191,-110.536553,native
lythrum_californicum_223.jpg,https://inaturalist-open-data.s3.amazonaws.com/photos/475185214/medium.jpg,cc-by-nc,264621962,research,33.3699055556,-116.4219111111,native
lythrum_californicum_224.jpg,https://inaturalist-open-data.s3.amazonaws.com/photos/475185217/medium.jpg,cc-by-nc,264621962,research,33.3699055556,-116.4219111111,native
lythrum_californicum_225.jpg,https://inaturalist-open-data.s3.amazonaws.com/photos/475185222/medium.jpg,cc-by-nc,264621962,research,33.3699055556,-116.4219111111,native
lythrum_californicum_226.jpg,https://inaturalist-open-data.s3.amazonaws.com/photos/474373219/medium.jpg,cc-by-nc,264004158,research,36.4859966667,-116.3413083333,native
lythrum_californicum_227.jpg,https://inaturalist-open-data.s3.amazonaws.com/photos/474373224/medium.jpg,cc-by-nc,264004158,research,36.4859966667,-116.3413083333,native
lythrum_californicum_228.jpg,https://inaturalist-open-data.s3.amazonaws.com/photos/474373214/medium.jpg,cc-by-nc,264004158,research,36.4859966667,-116.3413083333,native
lythrum_californicum_229.jpeg,https://inaturalist-open-data.s3.amazonaws.com/photos/474219647/medium.jpeg,cc-by,263924613,research,32.8681444444,-105.8527222222,native
lythrum_californicum_230.jpeg,https://inaturalist-open-data.s3.amazonaws.com/photos/474219651/medium.jpeg,cc-by,263924613,research,32.8681444444,-105.8527222222,native
lythrum_californicum_231.jpeg,https://inaturalist-open-data.s3.amazonaws.com/photos/474219662/medium.jpeg,cc-by,263924613,research,32.8681444444,-105.8527222222,native
lythrum_californicum_232.jpeg,https://inaturalist-open-data.s3.amazonaws.com/photos/474219679/medium.jpeg,cc-by,263924613,research,32.8681444444,-105.8527222222,native
lythrum_californicum_233.jpeg,https://inaturalist-open-data.s3.amazonaws.com/photos/474219691/medium.jpeg,cc-by,263924613,research,32.8681444444,-105.8527222222,native
lythrum_californicum_234.jpeg,https://inaturalist-open-data.s3.amazonaws.com/photos/471121585/medium.jpeg,cc-by-nc,262230200,needs_id,34.5294055556,-119.4010166667,native
lythrum_californicum_235.jpeg,https://inaturalist-open-data.s3.amazonaws.com/photos/471121597/medium.jpeg,cc-by-nc,262230200,needs_id,34.5294055556,-119.4010166667,native
lythrum_californicum_236.jpeg,https://inaturalist-open-data.s3.amazonaws.com/photos/471121604/medium.jpeg,cc-by-nc,262230200,needs_id,34.5294055556,-119.4010166667,native
lythrum_californicum_237.jpg,https://inaturalist-open-data.s3.amazonaws.com/photos/465604333/medium.jpg,cc-by-nc,259381681,needs_id,34.1248583333,-118.2091666667,native
lythrum_californicum_238.jpeg,https://inaturalist-open-data.s3.amazonaws.com/photos/463161303/medium.jpeg,cc-by-nc,258171237,needs_id,32.7522049722,-97.492013,native
lythrum_californicum_239.jpeg,https://inaturalist-open-data.s3.amazonaws.com/photos/461213969/medium.jpeg,cc-by-nc,257139814,research,31.5130778733,-110.3876871029,native
lythrum_californicum_240.jpg,https://inaturalist-open-data.s3.amazonaws.com/photos/461034181/medium.jpg,cc-by-nc,257051701,needs_id,29.1637528333,-103.419395,native
lythrum_californicum_241.jpg,https://inaturalist-open-data.s3.amazonaws.com/photos/461034210/medium.jpg,cc-by-nc,257051701,needs_id,29.1637528333,-103.419395,native
lythrum_californicum_242.jpg,https://inaturalist-open-data.s3.amazonaws.com/photos/461034304/medium.jpg,cc-by-nc,257051701,needs_id,29.1637528333,-103.419395,native
lythrum_californicum_243.jpg,https://inaturalist-open-data.s3.amazonaws.com/photos/460931905/medium.jpg,cc-by-nc,257001867,research,33.5490255,-117.3945037,native
lythrum_californicum_244.jpeg,https://inaturalist-open-data.s3.amazonaws.com/photos/457442772/medium.jpeg,cc-by-nc,255415125,research,37.4773111111,-118.4022611111,native
lythrum_californicum_245.jpeg,https://inaturalist-open-data.s3.amazonaws.com/photos/455000405/medium.jpeg,cc-by-nc,254064331,research,33.6436111111,-116.4087611111,native
lythrum_californicum_246.jpeg,https://inaturalist-open-data.s3.amazonaws.com/photos/455000403/medium.jpeg,cc-by-nc,254064331,research,33.6436111111,-116.4087611111,native
lythrum_californicum_247.jpeg,https://inaturalist-open-data.s3.amazonaws.com/photos/455000417/medium.jpeg,cc-by-nc,254064331,research,33.6436111111,-116.4087611111,native
lythrum_californicum_248.jpeg,https://inaturalist-open-data.s3.amazonaws.com/photos/454765917/medium.jpeg,cc0,253944795,research,33.6436383333,-116.4087133333,native
lythrum_californicum_249.jpeg,https://inaturalist-open-data.s3.amazonaws.com/photos/454765878/medium.jpeg,cc0,253944795,research,33.6436383333,-116.4087133333,native
lythrum_californicum_250.jpeg,https://inaturalist-open-data.s3.amazonaws.com/photos/454765902/medium.jpeg,cc0,253944795,research,33.6436383333,-116.4087133333,native
lythrum_californicum_251.jpeg,https://inaturalist-open-data.s3.amazonaws.com/photos/454765938/medium.jpeg,cc0,253944795,research,33.6436383333,-116.4087133333,native
lythrum_californicum_252.jpeg,https://inaturalist-open-data.s3.amazonaws.com/photos/454765960/medium.jpeg,cc0,253944795,research,33.6436383333,-116.4087133333,native
lythrum_californicum_253.jpeg,https://inaturalist-open-data.s3.amazonaws.com/photos/454765979/medium.jpeg,cc0,253944795,research,33.6436383333,-116.4087133333,native
lythrum_californicum_254.jpeg,https://inaturalist-open-data.s3.amazonaws.com/photos/453372050/medium.jpeg,cc-by-nc,253227421,needs_id,27.6652174831,-97.3687597441,native
lythrum_californicum_261.jpeg,https://inaturalist-open-data.s3.amazonaws.com/photos/452300852/medium.jpeg,cc-by-nc,252649793,research,31.3800780316,-110.3630208199,native
lythrum_californicum_262.jpeg,https://inaturalist-open-data.s3.amazonaws.com/photos/452088125/medium.jpeg,cc-by-nc-sa,252536509,research,33.95797,-116.6466216667,native
lythrum_californicum_263.jpeg,https://inaturalist-open-data.s3.amazonaws.com/photos/452088146/medium.jpeg,cc-by-nc-sa,252536509,research,33.95797,-116.6466216667,native
lythrum_californicum_264.jpeg,https://inaturalist-open-data.s3.amazonaws.com/photos/452088158/medium.jpeg,cc-by-nc-sa,252536509,research,33.95797,-116.6466216667,native
lythrum_californicum_265.jpeg,https://inaturalist-open-data.s3.amazonaws.com/photos/452088172/medium.jpeg,cc-by-nc-sa,252536509,research,33.95797,-116.6466216667,native
lythrum_californicum_266.jpeg,https://inaturalist-open-data.s3.amazonaws.com/photos/451894956/medium.jpeg,cc-by-nc,252437616,research,33.9584324118,-116.6470567061,native
lythrum_californicum_267.jpeg,https://inaturalist-open-data.s3.amazonaws.com/photos/451894961/medium.jpeg,cc-by-nc,252437616,research,33.9584324118,-116.6470567061,native
lythrum_californicum_268.jpeg,https://inaturalist-open-data.s3.amazonaws.com/photos/451894627/medium.jpeg,cc-by-nc,252436882,research,33.95805,-116.6467444444,native
lythrum_californicum_269.jpeg,https://inaturalist-open-data.s3.amazonaws.com/photos/451891174/medium.jpeg,cc-by-nc,252435480,research,33.9580555556,-116.6463277778,native
lythrum_californicum_270.jpeg,https://inaturalist-open-data.s3.amazonaws.com/photos/451891181/medium.jpeg,cc-by-nc,252435480,research,33.9580555556,-116.6463277778,native
lythrum_californicum_271.jpeg,https://inaturalist-open-data.s3.amazonaws.com/photos/451888311/medium.jpeg,cc-by-nc,252433406,needs_id,36.7094624783,-114.7156103438,native
lythrum_californicum_272.jpeg,https://inaturalist-open-data.s3.amazonaws.com/photos/451878627/medium.jpeg,cc-by-nc,252428625,research,33.9578966667,-116.6467133333,native
lythrum_californicum_273.jpeg,https://inaturalist-open-data.s3.amazonaws.com/photos/451878649/medium.jpeg,cc-by-nc,252428625,research,33.9578966667,-116.6467133333,native
lythrum_californicum_274.jpeg,https://inaturalist-open-data.s3.amazonaws.com/photos/451487631/medium.jpeg,cc-by-nc,252232096,research,32.402807,-110.904763,native
lythrum_californicum_275.jpeg,https://inaturalist-open-data.s3.amazonaws.com/photos/451487628/medium.jpeg,cc-by-nc,252232096,research,32.402807,-110.904763,native
lythrum_californicum_276.jpeg,https://inaturalist-open-data.s3.amazonaws.com/photos/451487626/medium.jpeg,cc-by-nc,252232096,research,32.402807,-110.904763,native
lythrum_californicum_277.jpeg,https://inaturalist-open-data.s3.amazonaws.com/photos/451487649/medium.jpeg,cc-by-nc,252232096,research,32.402807,-110.904763,native
lythrum_californicum_278.jpeg,https://inaturalist-open-data.s3.amazonaws.com/photos/451487651/medium.jpeg,cc-by-nc,252232096,research,32.402807,-110.904763,native
lythrum_californicum_279.jpeg,https://inaturalist-open-data.s3.amazonaws.com/photos/451487652/medium.jpeg,cc-by-nc,252232096,research,32.402807,-110.904763,native
lythrum_californicum_280.jpeg,https://inaturalist-open-data.s3.amazonaws.com/photos/450630206/medium.jpeg,cc-by-nc,251807330,needs_id,31.4539242691,-110.3764878731,native
lythrum_californicum_281.jpg,https://inaturalist-open-data.s3.amazonaws.com/photos/450569881/medium.jpg,cc-by-nc,251776442,needs_id,30.3724216268,-97.5242829325,native
lythrum_californicum_282.jpg,https://inaturalist-open-data.s3.amazonaws.com/photos/450064307/medium.jpg,cc-by-nc-sa,251522828,research,33.6437333333,-116.4089138883,native
lythrum_californicum_283.jpg,https://inaturalist-open-data.s3.amazonaws.com/photos/450064308/medium.jpg,cc-by-nc-sa,251522828,research,33.6437333333,-116.4089138883,native
lythrum_californicum_284.jpeg,https://inaturalist-open-data.s3.amazonaws.com/photos/448003643/medium.jpeg,cc-by-nc,250489891,needs_id,33.7702616667,-111.6656033333,native
lythrum_californicum_285.jpeg,https://inaturalist-open-data.s3.amazonaws.com/photos/448003677/medium.jpeg,cc-by-nc,250489891,needs_id,33.7702616667,-111.6656033333,native
lythrum_californicum_286.jpg,https://inaturalist-open-data.s3.amazonaws.com/photos/446107215/medium.jpg,cc-by-nc,249546726,research,33.3701972222,-116.4219083333,native
lythrum_californicum_287.jpg,https://inaturalist-open-data.s3.amazonaws.com/photos/446107221/medium.jpg,cc-by-nc,249546726,research,33.3701972222,-116.4219083333,native
lythrum_californicum_288.jpg,https://inaturalist-open-data.s3.amazonaws.com/photos/446107234/medium.jpg,cc-by-nc,249546726,research,33.3701972222,-116.4219083333,native
lythrum_californicum_289.jpg,https://inaturalist-open-data.s3.amazonaws.com/photos/446107233/medium.jpg,cc-by-nc,249546726,research,33.3701972222,-116.4219083333,native
lythrum_californicum_290.jpg,https://inaturalist-open-data.s3.amazonaws.com/photos/446107091/medium.jpg,cc-by-nc,249546717,research,33.3700305556,-116.4218777778,native
lythrum_californicum_291.jpg,https://inaturalist-open-data.s3.amazonaws.com/photos/446107126/medium.jpg,cc-by-nc,249546717,research,33.3700305556,-116.4218777778,native
lythrum_californicum_292.jpg,https://inaturalist-open-data.s3.amazonaws.com/photos/446107141/medium.jpg,cc-by-nc,249546717,research,33.3700305556,-116.4218777778,native
lythrum_californicum_293.jpg,https://inaturalist-open-data.s3.amazonaws.com/photos/446107131/medium.jpg,cc-by-nc,249546717,research,33.3700305556,-116.4218777778,native
lythrum_californicum_294.jpeg,https://inaturalist-open-data.s3.amazonaws.com/photos/446107197/medium.jpeg,cc-by-nc,249546717,research,33.3700305556,-116.4218777778,native
lythrum_californicum_295.jpg,https://inaturalist-open-data.s3.amazonaws.com/photos/446107022/medium.jpg,cc-by-nc,249546715,research,33.3699638889,-116.4218555556,native
lythrum_californicum_296.jpg,https://inaturalist-open-data.s3.amazonaws.com/photos/446107053/medium.jpg,cc-by-nc,249546715,research,33.3699638889,-116.4218555556,native
lythrum_californicum_297.jpg,https://inaturalist-open-data.s3.amazonaws.com/photos/446107062/medium.jpg,cc-by-nc,249546715,research,33.3699638889,-116.4218555556,native
lythrum_californicum_298.jpg,https://inaturalist-open-data.s3.amazonaws.com/photos/446107103/medium.jpg,cc-by-nc,249546715,research,33.3699638889,-116.4218555556,native
lythrum_californicum_299.jpeg,https://inaturalist-open-data.s3.amazonaws.com/photos/446106994/medium.jpeg,cc-by-nc,249546711,research,33.3698516667,-116.4218683333,native
lythrum_californicum_300.jpg,https://inaturalist-open-data.s3.amazonaws.com/photos/446106996/medium.jpg,cc-by-nc,249546711,research,33.3698516667,-116.4218683333,native
lythrum_californicum_301.jpg,https://inaturalist-open-data.s3.amazonaws.com/photos/446106965/medium.jpg,cc-by-nc,249546711,research,33.3698516667,-116.4218683333,native
lythrum_californicum_302.jpeg,https://inaturalist-open-data.s3.amazonaws.com/photos/446107083/medium.jpeg,cc-by-nc,249546711,research,33.3698516667,-116.4218683333,native
lythrum_californicum_303.jpeg,https://inaturalist-open-data.s3.amazonaws.com/photos/445845418/medium.jpeg,cc-by,249416925,research,31.58883,-110.93418,native
lythrum_californicum_304.jpeg,https://inaturalist-open-data.s3.amazonaws.com/photos/445845431/medium.jpeg,cc-by,249416925,research,31.58883,-110.93418,native
lythrum_californicum_305.jpeg,https://inaturalist-open-data.s3.amazonaws.com/photos/445845443/medium.jpeg,cc-by,249416925,research,31.58883,-110.93418,native
lythrum_californicum_306.jpg,https://inaturalist-open-data.s3.amazonaws.com/photos/445097253/medium.jpg,cc-by-nc-nd,249037471,research,31.3813508133,-110.3629260933,native
lythrum_californicum_307.jpeg,https://inaturalist-open-data.s3.amazonaws.com/photos/444393610/medium.jpeg,cc-by,248684056,research,36.4610361111,-116.3473666667,native
lythrum_californicum_308.jpeg,https://inaturalist-open-data.s3.amazonaws.com/photos/444393612/medium.jpeg,cc-by,248684056,research,36.4610361111,-116.3473666667,native
lythrum_californicum_309.jpeg,https://inaturalist-open-data.s3.amazonaws.com/photos/443770441/medium.jpeg,cc-by-nc,248372250,research,38.7550716667,-121.6353533333,native
lythrum_californicum_310.jpeg,https://inaturalist-open-data.s3.amazonaws.com/photos/443756108/medium.jpeg,cc-by-nc,248365848,research,32.95008,-116.304995,native
lythrum_californicum_311.jpeg,https://inaturalist-open-data.s3.amazonaws.com/photos/443756137/medium.jpeg,cc-by-nc,248365848,research,32.95008,-116.304995,native
lythrum_californicum_312.jpeg,https://inaturalist-open-data.s3.amazonaws.com/photos/443756161/medium.jpeg,cc-by-nc,248365848,research,32.95008,-116.304995,native
lythrum_californicum_313.jpeg,https://inaturalist-open-data.s3.amazonaws.com/photos/443756216/medium.jpeg,cc-by-nc,248365848,research,32.95008,-116.304995,native
lythrum_californicum_314.jpeg,https://inaturalist-open-data.s3.amazonaws.com/photos/443756235/medium.jpeg,cc-by-nc,248365848,research,32.95008,-116.304995,native
lythrum_californicum_315.jpeg,https://inaturalist-open-data.s3.amazonaws.com/photos/442671549/medium.jpeg,cc-by-nc,247812619,research,34.3900619075,-118.875457272,native
lythrum_californicum_316.jpeg,https://inaturalist-open-data.s3.amazonaws.com/photos/442178727/medium.jpeg,cc-by-nc,247564651,needs_id,29.3319303906,-103.2783330797,native
lythrum_californicum_317.jpeg,https://inaturalist-open-data.s3.amazonaws.com/photos/442178767/medium.jpeg,cc-by-nc,247564651,needs_id,29.3319303906,-103.2783330797,native
lythrum_californicum_318.jpeg,https://inaturalist-open-data.s3.amazonaws.com/photos/439845559/medium.jpeg,cc-by-nc,246387345,needs_id,29.7082643922,-101.1189407576,native
lythrum_californicum_319.jpeg,https://inaturalist-open-data.s3.amazonaws.com/photos/439572986/medium.jpeg,cc-by-nc,246250678,needs_id,29.3136502998,-103.2350069694,native
lythrum_californicum_320.jpeg,https://inaturalist-open-data.s3.amazonaws.com/photos/439573084/medium.jpeg,cc-by-nc,246250678,needs_id,29.3136502998,-103.2350069694,native
lythrum_californicum_321.jpeg,https://inaturalist-open-data.s3.amazonaws.com/photos/438466772/medium.jpeg,cc-by-nc,245686434,needs_id,34.5163361111,-117.2767138889,native
lythrum_californicum_322.jpeg,https://inaturalist-open-data.s3.amazonaws.com/photos/438466889/medium.jpeg,cc-by-nc,245686434,needs_id,34.5163361111,-117.2767138889,native
lythrum_californicum_323.jpeg,https://inaturalist-open-data.s3.amazonaws.com/photos/438466847/medium.jpeg,cc-by-nc,245686434,needs_id,34.5163361111,-117.2767138889,native
lythrum_californicum_324.jpeg,https://inaturalist-open-data.s3.amazonaws.com/photos/436785825/medium.jpeg,cc-by-nc,244830780,research,34.0951407364,-118.886662993,native
lythrum_californicum_325.jpeg,https://inaturalist-open-data.s3.amazonaws.com/photos/436785864/medium.jpeg,cc-by-nc,244830780,research,34.0951407364,-118.886662993,native
lythrum_californicum_326.jpeg,https://inaturalist-open-data.s3.amazonaws.com/photos/436327405/medium.jpeg,cc-by,244598490,research,37.4802783333,-118.40248,native
lythrum_californicum_327.jpeg,https://inaturalist-open-data.s3.amazonaws.com/photos/436327428/medium.jpeg,cc-by,244598490,research,37.4802783333,-118.40248,native
lythrum_californicum_328.jpeg,https://inaturalist-open-data.s3.amazonaws.com/photos/436327445/medium.jpeg,cc-by,244598490,research,37.4802783333,-118.40248,native
lythrum_californicum_329.jpeg,https://inaturalist-open-data.s3.amazonaws.com/photos/436327466/medium.jpeg,cc-by,244598490,research,37.4802783333,-118.40248,native
lythrum_californicum_330.jpeg,https://inaturalist-open-data.s3.amazonaws.com/photos/435238901/medium.jpeg,cc-by-nc,244033297,research,33.7609913,-116.5503358997,native
lythrum_californicum_331.jpeg,https://inaturalist-open-data.s3.amazonaws.com/photos/435238941/medium.jpeg,cc-by-nc,244033297,research,33.7609913,-116.5503358997,native
lythrum_californicum_332.jpeg,https://inaturalist-open-data.s3.amazonaws.com/photos/435238978/medium.jpeg,cc-by-nc,244033297,research,33.7609913,-116.5503358997,native
lythrum_californicum_333.jpeg,https://inaturalist-open-data.s3.amazonaws.com/photos/435239012/medium.jpeg,cc-by-nc,244033297,research,33.7609913,-116.5503358997,native
lythrum_californicum_334.jpg,https://inaturalist-open-data.s3.amazonaws.com/photos/434557506/medium.jpg,cc-by-nc,243695438,research,37.243408,-118.194144,native
lythrum_californicum_335.jpg,https://inaturalist-open-data.s3.amazonaws.com/photos/434557521/medium.jpg,cc-by-nc,243695438,research,37.243408,-118.194144,native
lythrum_californicum_336.jpeg,https://inaturalist-open-data.s3.amazonaws.com/photos/433162303/medium.jpeg,cc-by-nc,242953219,research,33.7609583333,-116.55037,native
lythrum_californicum_337.jpeg,https://inaturalist-open-data.s3.amazonaws.com/photos/432837147/medium.jpeg,cc-by-sa,242777853,needs_id,29.6774832726,-99.4089537823,native
lythrum_californicum_338.jpeg,https://inaturalist-open-data.s3.amazonaws.com/photos/432431630/medium.jpeg,cc-by-nc,242564658,research,33.958405,-116.64737,native
lythrum_californicum_339.jpeg,https://inaturalist-open-data.s3.amazonaws.com/photos/432431648/medium.jpeg,cc-by-nc,242564658,research,33.958405,-116.64737,native
lythrum_californicum_340.jpeg,https://inaturalist-open-data.s3.amazonaws.com/photos/432431662/medium.jpeg,cc-by-nc,242564658,research,33.958405,-116.64737,native
lythrum_californicum_341.jpeg,https://inaturalist-open-data.s3.amazonaws.com/photos/432336017/medium.jpeg,cc-by-nc,242514690,research,32.8611879722,-108.296362,native
lythrum_californicum_342.jpeg,https://inaturalist-open-data.s3.amazonaws.com/photos/432336102/medium.jpeg,cc-by-nc,242514690,research,32.8611879722,-108.296362,native
lythrum_californicum_343.jpeg,https://inaturalist-open-data.s3.amazonaws.com/photos/430960325/medium.jpeg,cc-by-nc,241782601,research,38.0920221667,-121.8850466667,native
lythrum_californicum_344.jpeg,https://inaturalist-open-data.s3.amazonaws.com/photos/430960330/medium.jpeg,cc-by-nc,241782601,research,38.0920221667,-121.8850466667,native
lythrum_californicum_345.jpeg,https://inaturalist-open-data.s3.amazonaws.com/photos/430960318/medium.jpeg,cc-by-nc,241782601,research,38.0920221667,-121.8850466667,native
lythrum_californicum_346.jpeg,https://inaturalist-open-data.s3.amazonaws.com/photos/430960335/medium.jpeg,cc-by-nc,241782601,research,38.0920221667,-121.8850466667,native
lythrum_californicum_347.jpeg,https://inaturalist-open-data.s3.amazonaws.com/photos/430933235/medium.jpeg,cc-by,241768910,research,38.0920016931,-121.885026712,native
lythrum_californicum_348.jpeg,https://inaturalist-open-data.s3.amazonaws.com/photos/430933250/medium.jpeg,cc-by,241768910,research,38.0920016931,-121.885026712,native
lythrum_californicum_349.jpeg,https://inaturalist-open-data.s3.amazonaws.com/photos/430933241/medium.jpeg,cc-by,241768910,research,38.0920016931,-121.885026712,native
lythrum_californicum_350.jpeg,https://inaturalist-open-data.s3.amazonaws.com/photos/430527430/medium.jpeg,cc-by-nc,241557812,research,32.87237676,-116.91466773,native
lythrum_californicum_351.jpeg,https://inaturalist-open-data.s3.amazonaws.com/photos/430527459/medium.jpeg,cc-by-nc,241557812,research,32.87237676,-116.91466773,native
lythrum_californicum_352.jpeg,https://inaturalist-open-data.s3.amazonaws.com/photos/430527488/medium.jpeg,cc-by-nc,241557812,research,32.87237676,-116.91466773,native
lythrum_californicum_353.jpeg,https://inaturalist-open-data.s3.amazonaws.com/photos/430527552/medium.jpeg,cc-by-nc,241557812,research,32.87237676,-116.91466773,native
lythrum_californicum_354.jpeg,https://inaturalist-open-data.s3.amazonaws.com/photos/430129681/medium.jpeg,cc-by-nc,241350971,research,35.7782704534,-117.9220896457,native
lythrum_californicum_355.jpeg,https://inaturalist-open-data.s3.amazonaws.com/photos/430129708/medium.jpeg,cc-by-nc,241350971,research,35.7782704534,-117.9220896457,native
lythrum_californicum_356.jpeg,https://inaturalist-open-data.s3.amazonaws.com/photos/430129733/medium.jpeg,cc-by-nc,241350971,research,35.7782704534,-117.9220896457,native
lythrum_californicum_357.jpeg,https://inaturalist-open-data.s3.amazonaws.com/photos/430129764/medium.jpeg,cc-by-nc,241350971,research,35.7782704534,-117.9220896457,native
lythrum_californicum_358.jpeg,https://inaturalist-open-data.s3.amazonaws.com/photos/429638944/medium.jpeg,cc-by,241102524,research,31.64822,-110.87705,native
lythrum_californicum_359.jpeg,https://inaturalist-open-data.s3.amazonaws.com/photos/429438208/medium.jpeg,cc-by-nc,240993335,research,33.7489366737,-117.7636716667,native
lythrum_californicum_360.jpeg,https://inaturalist-open-data.s3.amazonaws.com/photos/429438234/medium.jpeg,cc-by-nc,240993335,research,33.7489366737,-117.7636716667,native
lythrum_californicum_361.jpg,https://inaturalist-open-data.s3.amazonaws.com/photos/428761594/medium.jpg,cc-by-nc,240646382,needs_id,31.8834,-109.20873,native
lythrum_californicum_362.jpg,https://inaturalist-open-data.s3.amazonaws.com/photos/428763267/medium.jpg,cc-by-nc,240646382,needs_id,31.8834,-109.20873,native
lythrum_californicum_363.jpeg,https://inaturalist-open-data.s3.amazonaws.com/photos/427506615/medium.jpeg,cc-by-nc,239990037,needs_id,36.7111156695,-114.7145804578,native
lythrum_californicum_364.jpeg,https://inaturalist-open-data.s3.amazonaws.com/photos/427298048/medium.jpeg,cc-by-nc,239882279,research,37.88445,-121.9525966667,native
lythrum_californicum_365.jpeg,https://inaturalist-open-data.s3.amazonaws.com/photos/427298071/medium.jpeg,cc-by-nc,239882279,research,37.88445,-121.9525966667,native
lythrum_californicum_366.jpeg,https://inaturalist-open-data.s3.amazonaws.com/photos/427298087/medium.jpeg,cc-by-nc,239882279,research,37.88445,-121.9525966667,native
lythrum_californicum_367.jpeg,https://inaturalist-open-data.s3.amazonaws.com/photos/427298104/medium.jpeg,cc-by-nc,239882279,research,37.88445,-121.9525966667,native
lythrum_californicum_368.jpeg,https://inaturalist-open-data.s3.amazonaws.com/photos/427298123/medium.jpeg,cc-by-nc,239882279,research,37.88445,-121.9525966667,native
lythrum_californicum_369.jpeg,https://inaturalist-open-data.s3.amazonaws.com/photos/427029076/medium.jpeg,cc-by-nc,239740970,research,33.67868,-117.7490783333,native
lythrum_californicum_370.jpeg,https://inaturalist-open-data.s3.amazonaws.com/photos/427029086/medium.jpeg,cc-by-nc,239740970,research,33.67868,-117.7490783333,native
lythrum_californicum_371.jpeg,https://inaturalist-open-data.s3.amazonaws.com/photos/427029096/medium.jpeg,cc-by-nc,239740970,research,33.67868,-117.7490783333,native
lythrum_californicum_372.jpg,https://inaturalist-open-data.s3.amazonaws.com/photos/425720015/medium.jpg,cc-by-nc,239070310,needs_id,31.4570678675,-110.3976713224,native
lythrum_californicum_373.jpg,https://inaturalist-open-data.s3.amazonaws.com/photos/425720105/medium.jpg,cc-by-nc,239070310,needs_id,31.4570678675,-110.3976713224,native
lythrum_californicum_374.jpeg,https://inaturalist-open-data.s3.amazonaws.com/photos/425245463/medium.jpeg,cc-by-nc,238824331,needs_id,32.8219565674,-117.0607534449,native
lythrum_californicum_375.jpeg,https://inaturalist-open-data.s3.amazonaws.com/photos/425245411/medium.jpeg,cc-by-nc,238824331,needs_id,32.8219565674,-117.0607534449,native
lythrum_californicum_376.jpeg,https://inaturalist-open-data.s3.amazonaws.com/photos/425245334/medium.jpeg,cc-by-nc,238824331,needs_id,32.8219565674,-117.0607534449,native
lythrum_californicum_377.jpeg,https://inaturalist-open-data.s3.amazonaws.com/photos/425245365/medium.jpeg,cc-by-nc,238824331,needs_id,32.8219565674,-117.0607534449,native
lythrum_californicum_378.jpeg,https://inaturalist-open-data.s3.amazonaws.com/photos/425245499/medium.jpeg,cc-by-nc,238824331,needs_id,32.8219565674,-117.0607534449,native
lythrum_californicum_380.jpg,https://inaturalist-open-data.s3.amazonaws.com/photos/424527916/medium.jpg,cc-by-nc,238454194,research,37.2434333333,-118.1941116667,native
lythrum_californicum_381.jpeg,https://inaturalist-open-data.s3.amazonaws.com/photos/423691466/medium.jpeg,cc-by-nc,238020325,research,34.1620539729,-117.8880281746,native
lythrum_californicum_382.jpeg,https://inaturalist-open-data.s3.amazonaws.com/photos/423691501/medium.jpeg,cc-by-nc,238020325,research,34.1620539729,-117.8880281746,native
lythrum_californicum_383.jpeg,https://inaturalist-open-data.s3.amazonaws.com/photos/423691517/medium.jpeg,cc-by-nc,238020325,research,34.1620539729,-117.8880281746,native
lythrum_californicum_384.jpeg,https://inaturalist-open-data.s3.amazonaws.com/photos/423253750/medium.jpeg,cc-by-nc,237792977,research,33.0637745565,-117.1721328777,native
lythrum_californicum_385.jpeg,https://inaturalist-open-data.s3.amazonaws.com/photos/423253726/medium.jpeg,cc-by-nc,237792977,research,33.0637745565,-117.1721328777,native
lythrum_californicum_386.jpeg,https://inaturalist-open-data.s3.amazonaws.com/photos/423253768/medium.jpeg,cc-by-nc,237792977,research,33.0637745565,-117.1721328777,native
lythrum_californicum_387.jpeg,https://inaturalist-open-data.s3.amazonaws.com/photos/423253795/medium.jpeg,cc-by-nc,237792977,research,33.0637745565,-117.1721328777,native
lythrum_californicum_388.jpg,https://inaturalist-open-data.s3.amazonaws.com/photos/423181715/medium.jpg,cc-by-nc-nd,237759266,needs_id,36.8414956,-100.003782,native
lythrum_californicum_389.jpg,https://inaturalist-open-data.s3.amazonaws.com/photos/423181743/medium.jpg,cc-by-nc-nd,237759266,needs_id,36.8414956,-100.003782,native
lythrum_californicum_390.jpeg,https://inaturalist-open-data.s3.amazonaws.com/photos/422786910/medium.jpeg,cc-by-nc,237552015,research,32.87188281,-116.90028491,native
lythrum_californicum_391.jpeg,https://inaturalist-open-data.s3.amazonaws.com/photos/422786918/medium.jpeg,cc-by-nc,237552015,research,32.87188281,-116.90028491,native
lythrum_californicum_392.jpeg,https://inaturalist-open-data.s3.amazonaws.com/photos/422786939/medium.jpeg,cc-by-nc,237552015,research,32.87188281,-116.90028491,native
lythrum_californicum_393.jpeg,https://inaturalist-open-data.s3.amazonaws.com/photos/422786973/medium.jpeg,cc-by-nc,237552015,research,32.87188281,-116.90028491,native
lythrum_californicum_394.jpeg,https://inaturalist-open-data.s3.amazonaws.com/photos/422787040/medium.jpeg,cc-by-nc,237552015,research,32.87188281,-116.90028491,native
lythrum_californicum_395.jpeg,https://inaturalist-open-data.s3.amazonaws.com/photos/422787070/medium.jpeg,cc-by-nc,237552015,research,32.87188281,-116.90028491,native
lythrum_californicum_396.jpeg,https://inaturalist-open-data.s3.amazonaws.com/photos/422787101/medium.jpeg,cc-by-nc,237552015,research,32.87188281,-116.90028491,native
lythrum_californicum_397.jpeg,https://inaturalist-open-data.s3.amazonaws.com/photos/422706165/medium.jpeg,cc-by-nc,237510736,research,34.3695166667,-118.4761611111,native
lythrum_californicum_398.jpeg,https://inaturalist-open-data.s3.amazonaws.com/photos/422706205/medium.jpeg,cc-by-nc,237510736,research,34.3695166667,-118.4761611111,native
lythrum_californicum_399.jpeg,https://inaturalist-open-data.s3.amazonaws.com/photos/422706246/medium.jpeg,cc-by-nc,237510736,research,34.3695166667,-118.4761611111,native
lythrum_californicum_400.jpeg,https://inaturalist-open-data.s3.amazonaws.com/photos/422164090/medium.jpeg,cc-by-nc,237229752,research,33.5438501458,-111.6659617424,native
lythrum_californicum_401.jpeg,https://inaturalist-open-data.s3.amazonaws.com/photos/422164109/medium.jpeg,cc-by-nc,237229752,research,33.5438501458,-111.6659617424,native
lythrum_californicum_402.jpeg,https://inaturalist-open-data.s3.amazonaws.com/photos/421437695/medium.jpeg,cc-by-nc,236849903,research,34.4530716491,-119.6219535917,native
lythrum_californicum_403.jpeg,https://inaturalist-open-data.s3.amazonaws.com/photos/421437793/medium.jpeg,cc-by-nc,236849903,research,34.4530716491,-119.6219535917,native
lythrum_californicum_404.jpeg,https://inaturalist-open-data.s3.amazonaws.com/photos/421437916/medium.jpeg,cc-by-nc,236849903,research,34.4530716491,-119.6219535917,native
lythrum_californicum_405.jpeg,https://inaturalist-open-data.s3.amazonaws.com/photos/421438635/medium.jpeg,cc-by-nc,236849903,research,34.4530716491,-119.6219535917,native
lythrum_californicum_406.jpeg,https://inaturalist-open-data.s3.amazonaws.com/photos/421438667/medium.jpeg,cc-by-nc,236849903,research,34.4530716491,-119.6219535917,native
lythrum_californicum_407.jpeg,https://inaturalist-open-data.s3.amazonaws.com/photos/421438709/medium.jpeg,cc-by-nc,236849903,research,34.4530716491,-119.6219535917,native
lythrum_californicum_408.jpeg,https://inaturalist-open-data.s3.amazonaws.com/photos/421329473/medium.jpeg,cc-by-nc,236798777,research,34.64733,-118.5241,native
lythrum_californicum_409.jpeg,https://inaturalist-open-data.s3.amazonaws.com/photos/421329522/medium.jpeg,cc-by-nc,236798777,research,34.64733,-118.5241,native
lythrum_californicum_410.jpeg,https://inaturalist-open-data.s3.amazonaws.com/photos/420929746/medium.jpeg,cc-by-nc,236593148,needs_id,32.05381122,-110.07423593,native
lythrum_californicum_411.jpeg,https://inaturalist-open-data.s3.amazonaws.com/photos/420929847/medium.jpeg,cc-by-nc,236593148,needs_id,32.05381122,-110.07423593,native
lythrum_californicum_412.jpeg,https://inaturalist-open-data.s3.amazonaws.com/photos/420604476/medium.jpeg,cc-by-nc,236420043,research,33.5559783333,-117.1647195,native
lythrum_californicum_413.jpeg,https://inaturalist-open-data.s3.amazonaws.com/photos/420604507/medium.jpeg,cc-by-nc,236420043,research,33.5559783333,-117.1647195,native
lythrum_californicum_414.jpeg,https://inaturalist-open-data.s3.amazonaws.com/photos/420584887/medium.jpeg,cc-by-nc,236410454,research,38.0104222167,-121.7275783333,native
lythrum_californicum_415.jpeg,https://inaturalist-open-data.s3.amazonaws.com/photos/420584907/medium.jpeg,cc-by-nc,236410454,research,38.0104222167,-121.7275783333,native
lythrum_californicum_416.jpeg,https://inaturalist-open-data.s3.amazonaws.com/photos/420332093/medium.jpeg,cc-by-nc-sa,236276911,research,33.6790466667,-117.5346366667,native
lythrum_californicum_417.jpeg,https://inaturalist-open-data.s3.amazonaws.com/photos/420332008/medium.jpeg,cc-by-nc-sa,236276911,research,33.6790466667,-117.5346366667,native
lythrum_californicum_418.jpeg,https://inaturalist-open-data.s3.amazonaws.com/photos/420332051/medium.jpeg,cc-by-nc-sa,236276911,research,33.6790466667,-117.5346366667,native
lythrum_californicum_419.jpeg,https://inaturalist-open-data.s3.amazonaws.com/photos/420211541/medium.jpeg,cc-by-sa,236212798,needs_id,29.5255511929,-99.7442515047,native
lythrum_californicum_420.jpeg,https://inaturalist-open-data.s3.amazonaws.com/photos/420154429/medium.jpeg,cc-by-nc,236184613,research,33.0636944444,-117.1720583333,native
lythrum_californicum_421.jpeg,https://inaturalist-open-data.s3.amazonaws.com/photos/420206070/medium.jpeg,cc-by-nc,236184613,research,33.0636944444,-117.1720583333,native
lythrum_californicum_422.jpeg,https://inaturalist-open-data.s3.amazonaws.com/photos/420206074/medium.jpeg,cc-by-nc,236184613,research,33.0636944444,-117.1720583333,native
lythrum_californicum_423.jpeg,https://inaturalist-open-data.s3.amazonaws.com/photos/420206080/medium.jpeg,cc-by-nc,236184613,research,33.0636944444,-117.1720583333,native
lythrum_californicum_424.jpeg,https://inaturalist-open-data.s3.amazonaws.com/photos/420206108/medium.jpeg,cc-by-nc,236184613,research,33.0636944444,-117.1720583333,native
lythrum_californicum_425.jpeg,https://inaturalist-open-data.s3.amazonaws.com/photos/420131721/medium.jpeg,cc-by-nc,236172839,research,33.063710884,-117.1721102478,native
lythrum_californicum_426.jpeg,https://inaturalist-open-data.s3.amazonaws.com/photos/420146156/medium.jpeg,cc-by-nc,236172839,research,33.063710884,-117.1721102478,native
lythrum_californicum_427.jpeg,https://inaturalist-open-data.s3.amazonaws.com/photos/420146191/medium.jpeg,cc-by-nc,236172839,research,33.063710884,-117.1721102478,native
lythrum_californicum_428.jpeg,https://inaturalist-open-data.s3.amazonaws.com/photos/420146216/medium.jpeg,cc-by-nc,236172839,research,33.063710884,-117.1721102478,native
lythrum_californicum_429.jpeg,https://inaturalist-open-data.s3.amazonaws.com/photos/419280155/medium.jpeg,cc-by-nc,235735346,needs_id,32.6135866667,-96.9667666667,native
lythrum_californicum_430.jpeg,https://inaturalist-open-data.s3.amazonaws.com/photos/418813170/medium.jpeg,cc-by-nc,235488059,research,31.0939951997,-115.6236964,native
lythrum_californicum_431.jpeg,https://inaturalist-open-data.s3.amazonaws.com/photos/418813189/medium.jpeg,cc-by-nc,235488059,research,31.0939951997,-115.6236964,native
lythrum_californicum_432.jpeg,https://inaturalist-open-data.s3.amazonaws.com/photos/418813213/medium.jpeg,cc-by-nc,235488059,research,31.0939951997,-115.6236964,native
lythrum_californicum_433.jpeg,https://inaturalist-open-data.s3.amazonaws.com/photos/418813230/medium.jpeg,cc-by-nc,235488059,research,31.0939951997,-115.6236964,native
lythrum_californicum_434.jpeg,https://inaturalist-open-data.s3.amazonaws.com/photos/418223733/medium.jpeg,cc-by-nc,235187581,research,34.532972434,-118.7709758826,native
lythrum_californicum_435.jpeg,https://inaturalist-open-data.s3.amazonaws.com/photos/418223858/medium.jpeg,cc-by-nc,235187581,research,34.532972434,-118.7709758826,native
lythrum_californicum_436.jpeg,https://inaturalist-open-data.s3.amazonaws.com/photos/417868951/medium.jpeg,cc-by-nc,235002616,research,37.79160448,-99.7692012,native
lythrum_californicum_437.jpg,https://inaturalist-open-data.s3.amazonaws.com/photos/417863732/medium.jpg,cc-by-nc,234999467,needs_id,31.4570678675,-110.3976713224,native
lythrum_californicum_438.jpg,https://inaturalist-open-data.s3.amazonaws.com/photos/417864295/medium.jpg,cc-by-nc,234999467,needs_id,31.4570678675,-110.3976713224,native
lythrum_californicum_439.jpeg,https://inaturalist-open-data.s3.amazonaws.com/photos/417430198/medium.jpeg,cc0,234776313,needs_id,34.1691303834,-114.2681654382,native
lythrum_californicum_440.jpeg,https://inaturalist-open-data.s3.amazonaws.com/photos/417430191/medium.jpeg,cc0,234776313,needs_id,34.1691303834,-114.2681654382,native
lythrum_californicum_441.jpeg,https://inaturalist-open-data.s3.amazonaws.com/photos/417430190/medium.jpeg,cc0,234776313,needs_id,34.1691303834,-114.2681654382,native
lythrum_californicum_442.jpeg,https://inaturalist-open-data.s3.amazonaws.com/photos/417430222/medium.jpeg,cc0,234776313,needs_id,34.1691303834,-114.2681654382,native
lythrum_californicum_443.jpeg,https://inaturalist-open-data.s3.amazonaws.com/photos/417430228/medium.jpeg,cc0,234776313,needs_id,34.1691303834,-114.2681654382,native
lythrum_californicum_444.jpeg,https://inaturalist-open-data.s3.amazonaws.com/photos/417430235/medium.jpeg,cc0,234776313,needs_id,34.1691303834,-114.2681654382,native
lythrum_californicum_445.jpeg,https://inaturalist-open-data.s3.amazonaws.com/photos/416747073/medium.jpeg,cc-by,234425562,research,34.3395216667,-117.176705,native
lythrum_californicum_446.jpeg,https://inaturalist-open-data.s3.amazonaws.com/photos/416747092/medium.jpeg,cc-by,234425562,research,34.3395216667,-117.176705,native
lythrum_californicum_447.jpeg,https://inaturalist-open-data.s3.amazonaws.com/photos/416747120/medium.jpeg,cc-by,234425562,research,34.3395216667,-117.176705,native
lythrum_californicum_448.jpeg,https://inaturalist-open-data.s3.amazonaws.com/photos/416747148/medium.jpeg,cc-by,234425562,research,34.3395216667,-117.176705,native
lythrum_californicum_449.jpeg,https://inaturalist-open-data.s3.amazonaws.com/photos/416747177/medium.jpeg,cc-by,234425562,research,34.3395216667,-117.176705,native
lythrum_californicum_450.jpeg,https://inaturalist-open-data.s3.amazonaws.com/photos/416655571/medium.jpeg,cc-by-nc,234379441,needs_id,32.3086271016,-110.8386302647,native
lythrum_californicum_451.jpeg,https://inaturalist-open-data.s3.amazonaws.com/photos/416655669/medium.jpeg,cc-by-nc,234379441,needs_id,32.3086271016,-110.8386302647,native
lythrum_californicum_452.jpeg,https://inaturalist-open-data.s3.amazonaws.com/photos/413600351/medium.jpeg,cc-by-nc,232782545,research,32.2531955479,-97.812622627,native
lythrum_californicum_453.jpeg,https://inaturalist-open-data.s3.amazonaws.com/photos/413600361/medium.jpeg,cc-by-nc,232782545,research,32.2531955479,-97.812622627,native
lythrum_californicum_454.jpeg,https://inaturalist-open-data.s3.amazonaws.com/photos/413600345/medium.jpeg,cc-by-nc,232782545,research,32.2531955479,-97.812622627,native
lythrum_californicum_455.jpeg,https://inaturalist-open-data.s3.amazonaws.com/photos/413600386/medium.jpeg,cc-by-nc,232782545,research,32.2531955479,-97.812622627,native
lythrum_californicum_456.jpeg,https://inaturalist-open-data.s3.amazonaws.com/photos/413600377/medium.jpeg,cc-by-nc,232782545,research,32.2531955479,-97.812622627,native
lythrum_californicum_457.jpeg,https://inaturalist-open-data.s3.amazonaws.com/photos/413303516/medium.jpeg,cc-by-nc,232623476,research,34.556695,-118.4925616667,native
lythrum_californicum_458.jpeg,https://inaturalist-open-data.s3.amazonaws.com/photos/413303539/medium.jpeg,cc-by-nc,232623476,research,34.556695,-118.4925616667,native
lythrum_californicum_459.jpeg,https://inaturalist-open-data.s3.amazonaws.com/photos/413303582/medium.jpeg,cc-by-nc,232623476,research,34.556695,-118.4925616667,native
lythrum_californicum_460.jpeg,https://inaturalist-open-data.s3.amazonaws.com/photos/413258804/medium.jpeg,cc-by-nc,232600979,research,37.2433539451,-118.1941214808,native
lythrum_californicum_461.jpeg,https://inaturalist-open-data.s3.amazonaws.com/photos/413258840/medium.jpeg,cc-by-nc,232600979,research,37.2433539451,-118.1941214808,native
lythrum_californicum_462.jpeg,https://inaturalist-open-data.s3.amazonaws.com/photos/413258873/medium.jpeg,cc-by-nc,232600979,research,37.2433539451,-118.1941214808,native
lythrum_californicum_463.jpeg,https://inaturalist-open-data.s3.amazonaws.com/photos/412897651/medium.jpeg,cc-by-nc,232421140,needs_id,33.8819580182,-111.9610050517,native
lythrum_californicum_464.jpeg,https://inaturalist-open-data.s3.amazonaws.com/photos/412897636/medium.jpeg,cc-by-nc,232421140,needs_id,33.8819580182,-111.9610050517,native
lythrum_californicum_465.jpeg,https://inaturalist-open-data.s3.amazonaws.com/photos/412897656/medium.jpeg,cc-by-nc,232421140,needs_id,33.8819580182,-111.9610050517,native
lythrum_californicum_466.jpeg,https://inaturalist-open-data.s3.amazonaws.com/photos/412897645/medium.jpeg,cc-by-nc,232421140,needs_id,33.8819580182,-111.9610050517,native
lythrum_californicum_467.jpeg,https://inaturalist-open-data.s3.amazonaws.com/photos/412333961/medium.jpeg,cc-by-nc,232115405,needs_id,30.2874443778,-97.8114816125,native
lythrum_californicum_468.jpeg,https://inaturalist-open-data.s3.amazonaws.com/photos/412334045/medium.jpeg,cc-by-nc,232115405,needs_id,30.2874443778,-97.8114816125,native
lythrum_californicum_469.jpeg,https://inaturalist-open-data.s3.amazonaws.com/photos/410981474/medium.jpeg,cc-by-nc,231394090,needs_id,27.8985503267,-97.456268765,native
lythrum_californicum_470.jpeg,https://inaturalist-open-data.s3.amazonaws.com/photos/410976733/medium.jpeg,cc-by-nc,231394090,needs_id,27.8985503267,-97.456268765,native
lythrum_californicum_471.jpeg,https://inaturalist-open-data.s3.amazonaws.com/photos/410979064/medium.jpeg,cc-by-nc,231394090,needs_id,27.8985503267,-97.456268765,native
lythrum_californicum_472.jpeg,https://inaturalist-open-data.s3.amazonaws.com/photos/408323310/medium.jpeg,cc-by-nc,229995120,needs_id,29.785495,-100.9878083333,native
lythrum_californicum_473.jpeg,https://inaturalist-open-data.s3.amazonaws.com/photos/408323366/medium.jpeg,cc-by-nc,229995120,needs_id,29.785495,-100.9878083333,native
lythrum_californicum_474.jpeg,https://inaturalist-open-data.s3.amazonaws.com/photos/408323398/medium.jpeg,cc-by-nc,229995120,needs_id,29.785495,-100.9878083333,native
lythrum_californicum_475.jpeg,https://inaturalist-open-data.s3.amazonaws.com/photos/407921771/medium.jpeg,cc-by-nc,229784137,research,34.55797,-118.4881883333,native
lythrum_californicum_476.jpeg,https://inaturalist-open-data.s3.amazonaws.com/photos/407922060/medium.jpeg,cc-by-nc,229784137,research,34.55797,-118.4881883333,native
lythrum_californicum_477.jpeg,https://inaturalist-open-data.s3.amazonaws.com/photos/407922103/medium.jpeg,cc-by-nc,229784137,research,34.55797,-118.4881883333,native
lythrum_californicum_478.jpeg,https://inaturalist-open-data.s3.amazonaws.com/photos/407922131/medium.jpeg,cc-by-nc,229784137,research,34.55797,-118.4881883333,native
lythrum_californicum_479.jpeg,https://inaturalist-open-data.s3.amazonaws.com/photos/407085845/medium.jpeg,cc-by-nc,229346414,research,34.19925,-118.1684194444,native
lythrum_californicum_480.jpeg,https://inaturalist-open-data.s3.amazonaws.com/photos/407085843/medium.jpeg,cc-by-nc,229346414,research,34.19925,-118.1684194444,native
lythrum_californicum_481.jpeg,https://inaturalist-open-data.s3.amazonaws.com/photos/407085837/medium.jpeg,cc-by-nc,229346414,research,34.19925,-118.1684194444,native
lythrum_californicum_482.jpeg,https://inaturalist-open-data.s3.amazonaws.com/photos/407085883/medium.jpeg,cc-by-nc,229346414,research,34.19925,-118.1684194444,native
lythrum_californicum_483.jpeg,https://inaturalist-open-data.s3.amazonaws.com/photos/406301309/medium.jpeg,cc-by-nc,228928069,needs_id,35.1375279787,-101.9324933779,native
lythrum_californicum_484.jpeg,https://inaturalist-open-data.s3.amazonaws.com/photos/405791379/medium.jpeg,cc-by-nc,228660170,needs_id,37.79811844,-122.47198434,native
lythrum_californicum_485.jpeg,https://inaturalist-open-data.s3.amazonaws.com/photos/405791415/medium.jpeg,cc-by-nc,228660170,needs_id,37.79811844,-122.47198434,native
lythrum_californicum_486.jpeg,https://inaturalist-open-data.s3.amazonaws.com/photos/405791446/medium.jpeg,cc-by-nc,228660170,needs_id,37.79811844,-122.47198434,native
lythrum_californicum_487.jpg,https://inaturalist-open-data.s3.amazonaws.com/photos/405592534/medium.jpg,cc-by-nc,228553929,needs_id,31.39472,-110.3878033333,native
lythrum_californicum_488.jpg,https://inaturalist-open-data.s3.amazonaws.com/photos/404295753/medium.jpg,cc-by-nc,227872413,needs_id,34.0998527778,-116.9625944444,native
lythrum_californicum_489.jpg,https://inaturalist-open-data.s3.amazonaws.com/photos/404297410/medium.jpg,cc-by-nc,227872413,needs_id,34.0998527778,-116.9625944444,native
lythrum_californicum_490.jpg,https://inaturalist-open-data.s3.amazonaws.com/photos/404297453/medium.jpg,cc-by-nc,227872413,needs_id,34.0998527778,-116.9625944444,native
lythrum_californicum_491.jpeg,https://inaturalist-open-data.s3.amazonaws.com/photos/403859736/medium.jpeg,cc-by-nc,227639711,research,31.9041008997,-116.7316952,native
lythrum_californicum_492.jpeg,https://inaturalist-open-data.s3.amazonaws.com/photos/403859777/medium.jpeg,cc-by-nc,227639711,research,31.9041008997,-116.7316952,native
lythrum_californicum_493.jpg,https://inaturalist-open-data.s3.amazonaws.com/photos/403437729/medium.jpg,cc-by-nc,227416460,needs_id,33.5854434328,-97.8700717648,native
lythrum_californicum_494.jpg,https://inaturalist-open-data.s3.amazonaws.com/photos/400974747/medium.jpg,cc-by-nc-nd,226113365,needs_id,34.5391388883,-119.7063138883,native
lythrum_californicum_495.jpg,https://inaturalist-open-data.s3.amazonaws.com/photos/400974757/medium.jpg,cc-by-nc-nd,226113365,needs_id,34.5391388883,-119.7063138883,native
lythrum_californicum_496.jpg,https://inaturalist-open-data.s3.amazonaws.com/photos/400974740/medium.jpg,cc-by-nc-nd,226113365,needs_id,34.5391388883,-119.7063138883,native
lythrum_californicum_497.jpg,https://inaturalist-open-data.s3.amazonaws.com/photos/400974739/medium.jpg,cc-by-nc-nd,226113365,needs_id,34.5391388883,-119.7063138883,native
lythrum_californicum_498.jpeg,https://inaturalist-open-data.s3.amazonaws.com/photos/400328002/medium.jpeg,cc-by-nc,225799803,research,32.7499443993,-97.274131033,native
lythrum_californicum_499.jpeg,https://inaturalist-open-data.s3.amazonaws.com/photos/400328007/medium.jpeg,cc-by-nc,225799803,research,32.7499443993,-97.274131033,native
lythrum_californicum_500.jpg,https://inaturalist-open-data.s3.amazonaws.com/photos/400277114/medium.jpg,cc-by-nc,225745998,research,33.4406583333,-97.3741533333,native
lythrum_californicum_501.jpg,https://inaturalist-open-data.s3.amazonaws.com/photos/400300943/medium.jpg,cc-by-nc,225745998,research,33.4406583333,-97.3741533333,native
lythrum_californicum_502.jpg,https://inaturalist-open-data.s3.amazonaws.com/photos/400301012/medium.jpg,cc-by-nc,225745998,research,33.4406583333,-97.3741533333,native
lythrum_californicum_503.jpg,https://inaturalist-open-data.s3.amazonaws.com/photos/400301052/medium.jpg,cc-by-nc,225745998,research,33.4406583333,-97.3741533333,native
lythrum_californicum_504.jpg,https://inaturalist-open-data.s3.amazonaws.com/photos/400301080/medium.jpg,cc-by-nc,225745998,research,33.4406583333,-97.3741533333,native
lythrum_californicum_505.jpeg,https://inaturalist-open-data.s3.amazonaws.com/photos/400064471/medium.jpeg,cc-by-nc,225633431,research,38.8976263824,-99.3081543537,native
lythrum_californicum_506.jpeg,https://inaturalist-open-data.s3.amazonaws.com/photos/400064553/medium.jpeg,cc-by-nc,225633431,research,38.8976263824,-99.3081543537,native
lythrum_californicum_507.jpeg,https://inaturalist-open-data.s3.amazonaws.com/photos/400064621/medium.jpeg,cc-by-nc,225633431,research,38.8976263824,-99.3081543537,native
lythrum_californicum_508.jpeg,https://inaturalist-open-data.s3.amazonaws.com/photos/400064648/medium.jpeg,cc-by-nc,225633431,research,38.8976263824,-99.3081543537,native
lythrum_californicum_509.jpeg,https://inaturalist-open-data.s3.amazonaws.com/photos/400064714/medium.jpeg,cc-by-nc,225633431,research,38.8976263824,-99.3081543537,native
lythrum_californicum_510.jpg,https://inaturalist-open-data.s3.amazonaws.com/photos/400029672/medium.jpg,cc-by-nc,225618931,research,37.3754638889,-118.2900527778,native
lythrum_californicum_511.jpg,https://inaturalist-open-data.s3.amazonaws.com/photos/400029624/medium.jpg,cc-by-nc,225618931,research,37.3754638889,-118.2900527778,native
lythrum_californicum_512.jpg,https://inaturalist-open-data.s3.amazonaws.com/photos/400029684/medium.jpg,cc-by-nc,225618931,research,37.3754638889,-118.2900527778,native
lythrum_californicum_513.jpg,https://inaturalist-open-data.s3.amazonaws.com/photos/399147135/medium.jpg,cc-by-nc,225151025,needs_id,30.846705,-98.1324,native
lythrum_californicum_514.jpeg,https://inaturalist-open-data.s3.amazonaws.com/photos/398790317/medium.jpeg,cc-by-nc,224965381,research,36.4016472374,-116.273856014,native
lythrum_californicum_515.jpeg,https://inaturalist-open-data.s3.amazonaws.com/photos/398790341/medium.jpeg,cc-by-nc,224965381,research,36.4016472374,-116.273856014,native
lythrum_californicum_516.jpeg,https://inaturalist-open-data.s3.amazonaws.com/photos/398790379/medium.jpeg,cc-by-nc,224965381,research,36.4016472374,-116.273856014,native
lythrum_californicum_517.jpg,https://inaturalist-open-data.s3.amazonaws.com/photos/398482356/medium.jpg,cc-by-nc,224805668,research,29.2718966667,-103.1355366667,native
lythrum_californicum_518.jpg,https://inaturalist-open-data.s3.amazonaws.com/photos/398482361/medium.jpg,cc-by-nc,224805668,research,29.2718966667,-103.1355366667,native
lythrum_californicum_519.jpeg,https://inaturalist-open-data.s3.amazonaws.com/photos/398458724/medium.jpeg,cc-by-nc,224792889,needs_id,28.9404529648,-99.0766633169,native
lythrum_californicum_520.jpeg,https://inaturalist-open-data.s3.amazonaws.com/photos/398458744/medium.jpeg,cc-by-nc,224792889,needs_id,28.9404529648,-99.0766633169,native
lythrum_californicum_521.jpeg,https://inaturalist-open-data.s3.amazonaws.com/photos/398431117/medium.jpeg,cc-by,224778466,needs_id,38.8863361111,-120.3779555556,native
lythrum_californicum_522.jpeg,https://inaturalist-open-data.s3.amazonaws.com/photos/398431153/medium.jpeg,cc-by,224778466,needs_id,38.8863361111,-120.3779555556,native
lythrum_californicum_523.jpeg,https://inaturalist-open-data.s3.amazonaws.com/photos/398296409/medium.jpeg,cc-by,224708566,research,34.2513722222,-112.0640611111,native
lythrum_californicum_524.jpg,https://inaturalist-open-data.s3.amazonaws.com/photos/397265642/medium.jpg,cc-by-nc,224165030,research,33.1202916667,-96.85305,native
lythrum_californicum_525.jpg,https://inaturalist-open-data.s3.amazonaws.com/photos/397142898/medium.jpg,cc-by-nc,224100444,research,32.6174583333,-116.863395,native
lythrum_californicum_526.jpg,https://inaturalist-open-data.s3.amazonaws.com/photos/397142918/medium.jpg,cc-by-nc,224100444,research,32.6174583333,-116.863395,native
lythrum_californicum_527.jpg,https://inaturalist-open-data.s3.amazonaws.com/photos/397142938/medium.jpg,cc-by-nc,224100444,research,32.6174583333,-116.863395,native
lythrum_californicum_528.jpg,https://inaturalist-open-data.s3.amazonaws.com/photos/397142974/medium.jpg,cc-by-nc,224100444,research,32.6174583333,-116.863395,native
lythrum_californicum_529.jpg,https://inaturalist-open-data.s3.amazonaws.com/photos/397142999/medium.jpg,cc-by-nc,224100444,research,32.6174583333,-116.863395,native
lythrum_californicum_530.jpg,https://inaturalist-open-data.s3.amazonaws.com/photos/397068137/medium.jpg,cc-by-nc,224060935,needs_id,34.6000166667,-118.4487,native
lythrum_californicum_531.jpg,https://inaturalist-open-data.s3.amazonaws.com/photos/397068208/medium.jpg,cc-by-nc,224060935,needs_id,34.6000166667,-118.4487,native
lythrum_californicum_532.jpeg,https://inaturalist-open-data.s3.amazonaws.com/photos/396923204/medium.jpeg,cc-by-nd,223983736,needs_id,31.4776439026,-97.2702410243,native
lythrum_californicum_533.jpeg,https://inaturalist-open-data.s3.amazonaws.com/photos/396627619/medium.jpeg,cc-by-nc,223823602,needs_id,29.3028174015,-103.8455972656,native
lythrum_californicum_534.jpeg,https://inaturalist-open-data.s3.amazonaws.com/photos/396627602/medium.jpeg,cc-by-nc,223823602,needs_id,29.3028174015,-103.8455972656,native
lythrum_californicum_535.jpeg,https://inaturalist-open-data.s3.amazonaws.com/photos/396627609/medium.jpeg,cc-by-nc,223823602,needs_id,29.3028174015,-103.8455972656,native
lythrum_californicum_536.jpeg,https://inaturalist-open-data.s3.amazonaws.com/photos/396627642/medium.jpeg,cc-by-nc,223823602,needs_id,29.3028174015,-103.8455972656,native
lythrum_californicum_537.jpg,https://inaturalist-open-data.s3.amazonaws.com/photos/396605272/medium.jpg,cc-by-nc,223810248,needs_id,30.2830166667,-97.5251166667,native
lythrum_californicum_538.jpeg,https://inaturalist-open-data.s3.amazonaws.com/photos/396236863/medium.jpeg,cc-by-nc,223624774,needs_id,33.4845289177,-116.8859465915,native
lythrum_californicum_539.jpeg,https://inaturalist-open-data.s3.amazonaws.com/photos/395588245/medium.jpeg,cc-by,223004763,research,37.8843839332,-121.9525826722,native
lythrum_californicum_540.jpeg,https://inaturalist-open-data.s3.amazonaws.com/photos/395088319/medium.jpeg,cc-by,223004763,research,37.8843839332,-121.9525826722,native
lythrum_californicum_541.jpg,https://inaturalist-open-data.s3.amazonaws.com/photos/394622444/medium.jpg,cc-by-nc,222756462,needs_id,33.1260638333,-96.8534466667,native
lythrum_californicum_542.jpeg,https://inaturalist-open-data.s3.amazonaws.com/photos/394485917/medium.jpeg,cc-by-nc,222690671,needs_id,34.0460135305,-118.9332132153,native
lythrum_californicum_543.jpeg,https://inaturalist-open-data.s3.amazonaws.com/photos/394485912/medium.jpeg,cc-by-nc,222690671,needs_id,34.0460135305,-118.9332132153,native
lythrum_californicum_544.jpeg,https://inaturalist-open-data.s3.amazonaws.com/photos/394485976/medium.jpeg,cc-by-nc,222690671,needs_id,34.0460135305,-118.9332132153,native
lythrum_californicum_545.jpeg,https://inaturalist-open-data.s3.amazonaws.com/photos/394486004/medium.jpeg,cc-by-nc,222690671,needs_id,34.0460135305,-118.9332132153,native
lythrum_californicum_546.jpeg,https://inaturalist-open-data.s3.amazonaws.com/photos/394041799/medium.jpeg,cc-by-nc,222446758,research,33.44082514,-97.42955192,native
lythrum_californicum_547.jpg,https://inaturalist-open-data.s3.amazonaws.com/photos/393783871/medium.jpg,cc-by-nc,222311095,research,30.2851866667,-97.5268633333,native
lythrum_californicum_548.jpeg,https://inaturalist-open-data.s3.amazonaws.com/photos/393037395/medium.jpeg,cc-by,221915707,needs_id,36.4200147006,-116.3264393806,native
lythrum_californicum_549.jpeg,https://inaturalist-open-data.s3.amazonaws.com/photos/393037458/medium.jpeg,cc-by,221915707,needs_id,36.4200147006,-116.3264393806,native
lythrum_californicum_550.jpg,https://inaturalist-open-data.s3.amazonaws.com/photos/392989210/medium.jpg,cc-by-nc,221889461,needs_id,34.731155,-98.498345,native
lythrum_californicum_551.jpg,https://inaturalist-open-data.s3.amazonaws.com/photos/392989282/medium.jpg,cc-by-nc,221889461,needs_id,34.731155,-98.498345,native
lythrum_californicum_552.jpeg,https://inaturalist-open-data.s3.amazonaws.com/photos/392533946/medium.jpeg,cc-by-nc,221648312,research,33.5561806152,-101.8664984415,native
lythrum_californicum_553.jpg,https://inaturalist-open-data.s3.amazonaws.com/photos/391377269/medium.jpg,cc-by-sa,221022072,needs_id,29.90161019,-97.9319284866,native
lythrum_californicum_554.jpg,https://inaturalist-open-data.s3.amazonaws.com/photos/391343059/medium.jpg,cc-by-nc,221004818,needs_id,36.965295,-116.7205716667,native
lythrum_californicum_555.jpg,https://inaturalist-open-data.s3.amazonaws.com/photos/391343125/medium.jpg,cc-by-nc,221004818,needs_id,36.965295,-116.7205716667,native
lythrum_californicum_556.jpg,https://inaturalist-open-data.s3.amazonaws.com/photos/391312619/medium.jpg,cc-by-nc,220988968,research,33.4244420065,-97.4507953333,native
lythrum_californicum_557.jpg,https://inaturalist-open-data.s3.amazonaws.com/photos/391312650/medium.jpg,cc-by-nc,220988968,research,33.4244420065,-97.4507953333,native
lythrum_californicum_558.jpg,https://inaturalist-open-data.s3.amazonaws.com/photos/391312677/medium.jpg,cc-by-nc,220988968,research,33.4244420065,-97.4507953333,native
lythrum_californicum_559.jpg,https://inaturalist-open-data.s3.amazonaws.com/photos/391312706/medium.jpg,cc-by-nc,220988968,research,33.4244420065,-97.4507953333,native
lythrum_californicum_560.jpg,https://inaturalist-open-data.s3.amazonaws.com/photos/391312732/medium.jpg,cc-by-nc,220988968,research,33.4244420065,-97.4507953333,native
lythrum_californicum_561.jpeg,https://inaturalist-open-data.s3.amazonaws.com/photos/390594392/medium.jpeg,cc-by-nc,220602212,research,32.2390280997,-116.7195983997,native
lythrum_californicum_562.jpeg,https://inaturalist-open-data.s3.amazonaws.com/photos/390594416/medium.jpeg,cc-by-nc,220602212,research,32.2390280997,-116.7195983997,native
lythrum_californicum_563.jpeg,https://inaturalist-open-data.s3.amazonaws.com/photos/390594446/medium.jpeg,cc-by-nc,220602212,research,32.2390280997,-116.7195983997,native
lythrum_californicum_564.jpeg,https://inaturalist-open-data.s3.amazonaws.com/photos/390594471/medium.jpeg,cc-by-nc,220602212,research,32.2390280997,-116.7195983997,native
lythrum_californicum_565.jpeg,https://inaturalist-open-data.s3.amazonaws.com/photos/390594507/medium.jpeg,cc-by-nc,220602212,research,32.2390280997,-116.7195983997,native
lythrum_californicum_566.jpeg,https://inaturalist-open-data.s3.amazonaws.com/photos/389209593/medium.jpeg,cc-by-nc,219869656,research,29.5722864012,-98.5655941364,native
lythrum_californicum_567.jpeg,https://inaturalist-open-data.s3.amazonaws.com/photos/389209609/medium.jpeg,cc-by-nc,219869656,research,29.5722864012,-98.5655941364,native
lythrum_californicum_568.jpeg,https://inaturalist-open-data.s3.amazonaws.com/photos/389209530/medium.jpeg,cc-by-nc,219869656,research,29.5722864012,-98.5655941364,native
lythrum_californicum_569.jpeg,https://inaturalist-open-data.s3.amazonaws.com/photos/389087556/medium.jpeg,cc-by-nc,219802438,research,32.2390801997,-116.7195724997,native
lythrum_californicum_570.jpeg,https://inaturalist-open-data.s3.amazonaws.com/photos/389088460/medium.jpeg,cc-by-nc,219802438,research,32.2390801997,-116.7195724997,native
lythrum_californicum_571.jpeg,https://inaturalist-open-data.s3.amazonaws.com/photos/389088543/medium.jpeg,cc-by-nc,219802438,research,32.2390801997,-116.7195724997,native
lythrum_californicum_572.jpeg,https://inaturalist-open-data.s3.amazonaws.com/photos/388808412/medium.jpeg,cc-by-nc,219652702,needs_id,30.4695306872,-97.6060239526,native
lythrum_californicum_573.jpeg,https://inaturalist-open-data.s3.amazonaws.com/photos/388808413/medium.jpeg,cc-by-nc,219652702,needs_id,30.4695306872,-97.6060239526,native
lythrum_californicum_574.jpg,https://inaturalist-open-data.s3.amazonaws.com/photos/388607610/medium.jpg,cc-by-nc,219544870,needs_id,28.504980657,-97.3355787894,native
lythrum_californicum_575.jpeg,https://inaturalist-open-data.s3.amazonaws.com/photos/388414429/medium.jpeg,cc-by-nc,219442993,needs_id,35.0434824778,-106.6373701461,native
lythrum_californicum_576.jpg,https://inaturalist-open-data.s3.amazonaws.com/photos/387263359/medium.jpg,cc-by-nc,218823905,research,36.4014583333,-116.27388,native
lythrum_californicum_577.jpg,https://inaturalist-open-data.s3.amazonaws.com/photos/387263395/medium.jpg,cc-by-nc,218823905,research,36.4014583333,-116.27388,native
lythrum_californicum_578.jpeg,https://inaturalist-open-data.s3.amazonaws.com/photos/386683787/medium.jpeg,cc-by-nc,218519072,needs_id,30.544660452,-97.7913843792,native
lythrum_californicum_579.jpeg,https://inaturalist-open-data.s3.amazonaws.com/photos/386550238/medium.jpeg,cc-by-nc,218447092,needs_id,32.6692858234,-98.4653925966,native
lythrum_californicum_580.jpeg,https://inaturalist-open-data.s3.amazonaws.com/photos/386550310/medium.jpeg,cc-by-nc,218447092,needs_id,32.6692858234,-98.4653925966,native
lythrum_californicum_581.jpeg,https://inaturalist-open-data.s3.amazonaws.com/photos/386550366/medium.jpeg,cc-by-nc,218447092,needs_id,32.6692858234,-98.4653925966,native
lythrum_californicum_582.jpeg,https://inaturalist-open-data.s3.amazonaws.com/photos/386550441/medium.jpeg,cc-by-nc,218447092,needs_id,32.6692858234,-98.4653925966,native
lythrum_californicum_583.jpeg,https://inaturalist-open-data.s3.amazonaws.com/photos/386038603/medium.jpeg,cc-by,218174528,needs_id,32.6680433055,-97.4357766667,native
lythrum_californicum_584.jpeg,https://inaturalist-open-data.s3.amazonaws.com/photos/386038619/medium.jpeg,cc-by,218174528,needs_id,32.6680433055,-97.4357766667,native
lythrum_californicum_585.jpeg,https://inaturalist-open-data.s3.amazonaws.com/photos/386041510/medium.jpeg,cc-by,218174528,needs_id,32.6680433055,-97.4357766667,native
lythrum_californicum_586.jpeg,https://inaturalist-open-data.s3.amazonaws.com/photos/385824161/medium.jpeg,cc-by-nc,218052683,research,31.9041133997,-116.7316729,native
lythrum_californicum_587.jpeg,https://inaturalist-open-data.s3.amazonaws.com/photos/385824175/medium.jpeg,cc-by-nc,218052683,research,31.9041133997,-116.7316729,native
lythrum_californicum_588.jpeg,https://inaturalist-open-data.s3.amazonaws.com/photos/385824203/medium.jpeg,cc-by-nc,218052683,research,31.9041133997,-116.7316729,native
lythrum_californicum_589.jpeg,https://inaturalist-open-data.s3.amazonaws.com/photos/385824218/medium.jpeg,cc-by-nc,218052683,research,31.9041133997,-116.7316729,native
lythrum_californicum_590.jpeg,https://inaturalist-open-data.s3.amazonaws.com/photos/385824239/medium.jpeg,cc-by-nc,218052683,research,31.9041133997,-116.7316729,native
lythrum_californicum_591.jpeg,https://inaturalist-open-data.s3.amazonaws.com/photos/385824254/medium.jpeg,cc-by-nc,218052683,research,31.9041133997,-116.7316729,native
lythrum_californicum_592.jpeg,https://inaturalist-open-data.s3.amazonaws.com/photos/385824270/medium.jpeg,cc-by-nc,218052683,research,31.9041133997,-116.7316729,native
lythrum_californicum_593.jpeg,https://inaturalist-open-data.s3.amazonaws.com/photos/385824288/medium.jpeg,cc-by-nc,218052683,research,31.9041133997,-116.7316729,native
lythrum_californicum_594.jpg,https://inaturalist-open-data.s3.amazonaws.com/photos/385795544/medium.jpg,cc-by-nc,218038682,research,31.90408,-116.73172,native
lythrum_californicum_595.jpg,https://inaturalist-open-data.s3.amazonaws.com/photos/385795565/medium.jpg,cc-by-nc,218038682,research,31.90408,-116.73172,native
lythrum_californicum_596.jpg,https://inaturalist-open-data.s3.amazonaws.com/photos/385795589/medium.jpg,cc-by-nc,218038682,research,31.90408,-116.73172,native
lythrum_californicum_597.jpg,https://inaturalist-open-data.s3.amazonaws.com/photos/385795611/medium.jpg,cc-by-nc,218038682,research,31.90408,-116.73172,native
lythrum_californicum_598.jpg,https://inaturalist-open-data.s3.amazonaws.com/photos/385664859/medium.jpg,cc-by-nc,217971077,research,31.9041216667,-116.73172,native
lythrum_californicum_599.jpg,https://inaturalist-open-data.s3.amazonaws.com/photos/385664881/medium.jpg,cc-by-nc,217971077,research,31.9041216667,-116.73172,native
lythrum_californicum_600.jpeg,https://inaturalist-open-data.s3.amazonaws.com/photos/385516699/medium.jpeg,cc-by-nc,217889690,research,31.9040834,-116.7316866997,native
lythrum_californicum_601.jpeg,https://inaturalist-open-data.s3.amazonaws.com/photos/385516777/medium.jpeg,cc-by-nc,217889690,research,31.9040834,-116.7316866997,native
lythrum_californicum_602.jpeg,https://inaturalist-open-data.s3.amazonaws.com/photos/385516849/medium.jpeg,cc-by-nc,217889690,research,31.9040834,-116.7316866997,native
lythrum_californicum_603.jpeg,https://inaturalist-open-data.s3.amazonaws.com/photos/385516925/medium.jpeg,cc-by-nc,217889690,research,31.9040834,-116.7316866997,native
lythrum_californicum_604.jpeg,https://inaturalist-open-data.s3.amazonaws.com/photos/385517044/medium.jpeg,cc-by-nc,217889690,research,31.9040834,-116.7316866997,native
lythrum_californicum_605.jpeg,https://inaturalist-open-data.s3.amazonaws.com/photos/385338374/medium.jpeg,cc-by-nc,217797197,needs_id,33.7621616667,-116.5360333333,native
lythrum_californicum_606.jpeg,https://inaturalist-open-data.s3.amazonaws.com/photos/385338513/medium.jpeg,cc-by-nc,217797197,needs_id,33.7621616667,-116.5360333333,native
lythrum_californicum_607.jpeg,https://inaturalist-open-data.s3.amazonaws.com/photos/385333491/medium.jpeg,cc-by-nc,217794577,needs_id,33.7622866667,-116.5360866667,native
lythrum_californicum_608.jpeg,https://inaturalist-open-data.s3.amazonaws.com/photos/385333570/medium.jpeg,cc-by-nc,217794577,needs_id,33.7622866667,-116.5360866667,native
lythrum_californicum_609.jpeg,https://inaturalist-open-data.s3.amazonaws.com/photos/385333629/medium.jpeg,cc-by-nc,217794577,needs_id,33.7622866667,-116.5360866667,native
lythrum_californicum_610.jpg,https://inaturalist-open-data.s3.amazonaws.com/photos/385271506/medium.jpg,cc-by-nc,217762937,needs_id,30.2828783333,-97.52513,native
lythrum_californicum_611.jpg,https://inaturalist-open-data.s3.amazonaws.com/photos/384167652/medium.jpg,cc-by-nc,217177449,needs_id,33.6806234516,-117.1714072942,native
lythrum_californicum_612.jpg,https://inaturalist-open-data.s3.amazonaws.com/photos/384167691/medium.jpg,cc-by-nc,217177449,needs_id,33.6806234516,-117.1714072942,native
lythrum_californicum_613.jpg,https://inaturalist-open-data.s3.amazonaws.com/photos/384167743/medium.jpg,cc-by-nc,217177449,needs_id,33.6806234516,-117.1714072942,native
lythrum_californicum_614.jpg,https://inaturalist-open-data.s3.amazonaws.com/photos/384167772/medium.jpg,cc-by-nc,217177449,needs_id,33.6806234516,-117.1714072942,native
lythrum_californicum_615.jpeg,https://inaturalist-open-data.s3.amazonaws.com/photos/384115448/medium.jpeg,cc-by-nc,217150924,needs_id,33.7519889,-116.5453164997,native
lythrum_californicum_616.jpeg,https://inaturalist-open-data.s3.amazonaws.com/photos/384115491/medium.jpeg,cc-by-nc,217150924,needs_id,33.7519889,-116.5453164997,native
lythrum_californicum_617.jpeg,https://inaturalist-open-data.s3.amazonaws.com/photos/384115538/medium.jpeg,cc-by-nc,217150924,needs_id,33.7519889,-116.5453164997,native
lythrum_californicum_618.jpeg,https://inaturalist-open-data.s3.amazonaws.com/photos/384045552/medium.jpeg,cc-by-nc,217112618,needs_id,37.2338562012,-121.870223999,native
lythrum_californicum_619.jpg,https://inaturalist-open-data.s3.amazonaws.com/photos/383771684/medium.jpg,cc-by-nc,216967664,needs_id,32.7429366667,-98.5257083333,native
lythrum_californicum_620.jpg,https://inaturalist-open-data.s3.amazonaws.com/photos/383771717/medium.jpg,cc-by-nc,216967664,needs_id,32.7429366667,-98.5257083333,native
lythrum_californicum_621.jpg,https://inaturalist-open-data.s3.amazonaws.com/photos/383771750/medium.jpg,cc-by-nc,216967664,needs_id,32.7429366667,-98.5257083333,native
lythrum_californicum_622.jpg,https://inaturalist-open-data.s3.amazonaws.com/photos/381665356/medium.jpg,cc-by-nc,215845695,needs_id,29.3043498889,-98.4905166389,native
lythrum_californicum_623.jpeg,https://inaturalist-open-data.s3.amazonaws.com/photos/380244857/medium.jpeg,cc-by-nc,215115239,needs_id,33.4187353179,-112.0806289111,native
lythrum_californicum_624.jpeg,https://inaturalist-open-data.s3.amazonaws.com/photos/380244897/medium.jpeg,cc-by-nc,215115239,needs_id,33.4187353179,-112.0806289111,native
lythrum_californicum_625.jpeg,https://inaturalist-open-data.s3.amazonaws.com/photos/379901771/medium.jpeg,cc-by-nc,214904703,research,29.5423650703,-98.3317378163,native
lythrum_californicum_626.jpeg,https://inaturalist-open-data.s3.amazonaws.com/photos/379901797/medium.jpeg,cc-by-nc,214904703,research,29.5423650703,-98.3317378163,native
lythrum_californicum_627.jpg,https://inaturalist-open-data.s3.amazonaws.com/photos/379742412/medium.jpg,cc-by-nc,214820895,needs_id,29.3056593792,-98.4921173427,native
lythrum_californicum_628.jpg,https://inaturalist-open-data.s3.amazonaws.com/photos/379480714/medium.jpg,cc-by-nc,214679592,casual,34.0487674065,-116.5691159294,native
lythrum_californicum_629.jpg,https://inaturalist-open-data.s3.amazonaws.com/photos/379266042/medium.jpg,cc-by-nc,214562913,needs_id,25.9952,-97.48967,native
lythrum_californicum_630.jpg,https://inaturalist-open-data.s3.amazonaws.com/photos/379266052/medium.jpg,cc-by-nc,214562913,needs_id,25.9952,-97.48967,native
lythrum_californicum_631.jpeg,https://inaturalist-open-data.s3.amazonaws.com/photos/378659998/medium.jpeg,cc-by-nc,214239259,research,33.76218,-116.53608,native
lythrum_californicum_632.jpeg,https://inaturalist-open-data.s3.amazonaws.com/photos/378660056/medium.jpeg,cc-by-nc,214239259,research,33.76218,-116.53608,native
lythrum_californicum_633.jpeg,https://inaturalist-open-data.s3.amazonaws.com/photos/378660199/medium.jpeg,cc-by-nc,214239259,research,33.76218,-116.53608,native
lythrum_californicum_634.jpeg,https://inaturalist-open-data.s3.amazonaws.com/photos/378659421/medium.jpeg,cc-by-nc,214238758,research,33.762215,-116.5361016667,native
lythrum_californicum_635.jpeg,https://inaturalist-open-data.s3.amazonaws.com/photos/378659490/medium.jpeg,cc-by-nc,214238758,research,33.762215,-116.5361016667,native
lythrum_californicum_636.jpeg,https://inaturalist-open-data.s3.amazonaws.com/photos/378659510/medium.jpeg,cc-by-nc,214238758,research,33.762215,-116.5361016667,native
lythrum_californicum_637.jpeg,https://inaturalist-open-data.s3.amazonaws.com/photos/374758186/medium.jpeg,cc-by-nc,212047292,needs_id,25.7890344551,-100.2965993341,native
lythrum_californicum_638.jpeg,https://inaturalist-open-data.s3.amazonaws.com/photos/372121954/medium.jpeg,cc-by-nc,210385151,needs_id,29.3033333333,-98.4883333333,native
lythrum_californicum_639.jpeg,https://inaturalist-open-data.s3.amazonaws.com/photos/371857313/medium.jpeg,cc-by-nc,210218314,needs_id,26.10106557,-97.2992109,native
lythrum_californicum_640.jpeg,https://inaturalist-open-data.s3.amazonaws.com/photos/370354770/medium.jpeg,cc-by-nc,209279587,needs_id,33.9351933143,-98.5522837937,native
lythrum_californicum_641.jpeg,https://inaturalist-open-data.s3.amazonaws.com/photos/370354818/medium.jpeg,cc-by-nc,209279587,needs_id,33.9351933143,-98.5522837937,native
lythrum_californicum_642.jpeg,https://inaturalist-open-data.s3.amazonaws.com/photos/370354850/medium.jpeg,cc-by-nc,209279587,needs_id,33.9351933143,-98.5522837937,native
lythrum_californicum_643.jpeg,https://inaturalist-open-data.s3.amazonaws.com/photos/369847663/medium.jpeg,cc-by,209008287,needs_id,29.7229722222,-99.752325,native
lythrum_californicum_644.jpeg,https://inaturalist-open-data.s3.amazonaws.com/photos/369847704/medium.jpeg,cc-by,209008287,needs_id,29.7229722222,-99.752325,native
lythrum_californicum_645.jpeg,https://inaturalist-open-data.s3.amazonaws.com/photos/369805281/medium.jpeg,cc-by-nc-nd,208986311,needs_id,30.8076763153,-98.204750061,native
lythrum_californicum_646.jpeg,https://inaturalist-open-data.s3.amazonaws.com/photos/369560559/medium.jpeg,cc-by-nc,208851597,needs_id,29.8238388889,-109.6782861111,native
lythrum_californicum_647.jpeg,https://inaturalist-open-data.s3.amazonaws.com/photos/369560568/medium.jpeg,cc-by-nc,208851597,needs_id,29.8238388889,-109.6782861111,native
lythrum_californicum_648.jpeg,https://inaturalist-open-data.s3.amazonaws.com/photos/369560577/medium.jpeg,cc-by-nc,208851597,needs_id,29.8238388889,-109.6782861111,native
lythrum_californicum_649.jpg,https://inaturalist-open-data.s3.amazonaws.com/photos/369412892/medium.jpg,cc-by-nc,208774471,needs_id,29.8996383333,-100.9979083333,native
lythrum_californicum_650.jpeg,https://inaturalist-open-data.s3.amazonaws.com/photos/368637636/medium.jpeg,cc-by,208357029,needs_id,29.7977888889,-100.9988611111,native
lythrum_californicum_651.jpeg,https://inaturalist-open-data.s3.amazonaws.com/photos/368637666/medium.jpeg,cc-by,208357029,needs_id,29.7977888889,-100.9988611111,native
lythrum_californicum_652.jpeg,https://inaturalist-open-data.s3.amazonaws.com/photos/367081106/medium.jpeg,cc-by-nc,207521796,needs_id,25.5382838889,-101.361095,native
lythrum_californicum_653.jpeg,https://inaturalist-open-data.s3.amazonaws.com/photos/367085843/medium.jpeg,cc-by-nc,207521796,needs_id,25.5382838889,-101.361095,native
lythrum_californicum_654.jpeg,https://inaturalist-open-data.s3.amazonaws.com/photos/367085858/medium.jpeg,cc-by-nc,207521796,needs_id,25.5382838889,-101.361095,native
lythrum_californicum_655.jpeg,https://inaturalist-open-data.s3.amazonaws.com/photos/367085869/medium.jpeg,cc-by-nc,207521796,needs_id,25.5382838889,-101.361095,native
lythrum_californicum_659.jpeg,https://inaturalist-open-data.s3.amazonaws.com/photos/363563217/medium.jpeg,cc-by-nc,205604269,needs_id,28.1108447961,-97.3835835972,native
lythrum_californicum_660.jpg,https://inaturalist-open-data.s3.amazonaws.com/photos/362652939/medium.jpg,cc-by-nc,205126826,needs_id,27.7231480734,-97.7508603503,native
lythrum_californicum_661.jpeg,https://inaturalist-open-data.s3.amazonaws.com/photos/360730769/medium.jpeg,cc-by,204112235,research,37.0277527778,-117.3990027778,native
lythrum_californicum_662.jpeg,https://inaturalist-open-data.s3.amazonaws.com/photos/360730764/medium.jpeg,cc-by,204112235,research,37.0277527778,-117.3990027778,native
lythrum_californicum_663.jpeg,https://inaturalist-open-data.s3.amazonaws.com/photos/360237500/medium.jpeg,cc-by,203856297,needs_id,36.4470222222,-116.8430194444,native
lythrum_californicum_664.jpg,https://inaturalist-open-data.s3.amazonaws.com/photos/353605764/medium.jpg,cc-by-nc,200422498,needs_id,36.5978477502,-116.2646303921,native
lythrum_californicum_665.jpg,https://inaturalist-open-data.s3.amazonaws.com/photos/351492270/medium.jpg,cc-by-nc,199320486,needs_id,33.3699896417,-116.4218774111,native
lythrum_californicum_666.jpg,https://inaturalist-open-data.s3.amazonaws.com/photos/351492226/medium.jpg,cc-by-nc,199320485,needs_id,33.3650122611,-116.4086984944,native
lythrum_californicum_667.jpg,https://inaturalist-open-data.s3.amazonaws.com/photos/351492221/medium.jpg,cc-by-nc,199320485,needs_id,33.3650122611,-116.4086984944,native
lythrum_californicum_668.jpeg,https://inaturalist-open-data.s3.amazonaws.com/photos/348730169/medium.jpeg,cc-by,197929423,research,31.6527904374,-110.8742863622,native
lythrum_californicum_669.jpeg,https://inaturalist-open-data.s3.amazonaws.com/photos/348730173/medium.jpeg,cc-by,197929423,research,31.6527904374,-110.8742863622,native
lythrum_californicum_670.jpeg,https://inaturalist-open-data.s3.amazonaws.com/photos/346878418/medium.jpeg,cc-by-nc,197010836,research,38.0214388889,-121.8217388889,native
lythrum_californicum_671.jpeg,https://inaturalist-open-data.s3.amazonaws.com/photos/346878429/medium.jpeg,cc-by-nc,197010836,research,38.0214388889,-121.8217388889,native
lythrum_californicum_672.jpeg,https://inaturalist-open-data.s3.amazonaws.com/photos/342087979/medium.jpeg,cc-by-nc,194591283,needs_id,32.7099039816,-96.8618716513,native
lythrum_californicum_673.jpg,https://inaturalist-open-data.s3.amazonaws.com/photos/341820332/medium.jpg,cc-by-nc,194458442,needs_id,33.3642166667,-116.4067527778,native
lythrum_californicum_674.jpg,https://inaturalist-open-data.s3.amazonaws.com/photos/341820337/medium.jpg,cc-by-nc,194458442,needs_id,33.3642166667,-116.4067527778,native
lythrum_californicum_675.jpeg,https://inaturalist-open-data.s3.amazonaws.com/photos/341196303/medium.jpeg,cc-by-nc,194151652,research,34.297567,-118.2428639722,native
lythrum_californicum_676.jpeg,https://inaturalist-open-data.s3.amazonaws.com/photos/341196326/medium.jpeg,cc-by-nc,194151652,research,34.297567,-118.2428639722,native
lythrum_californicum_677.jpeg,https://inaturalist-open-data.s3.amazonaws.com/photos/341196344/medium.jpeg,cc-by-nc,194151652,research,34.297567,-118.2428639722,native
lythrum_californicum_678.jpeg,https://inaturalist-open-data.s3.amazonaws.com/photos/341011640/medium.jpeg,cc-by-nc,194063200,research,35.715617787,-117.9328014557,native
lythrum_californicum_679.jpeg,https://inaturalist-open-data.s3.amazonaws.com/photos/341011680/medium.jpeg,cc-by-nc,194063200,research,35.715617787,-117.9328014557,native
lythrum_californicum_680.jpeg,https://inaturalist-open-data.s3.amazonaws.com/photos/341011678/medium.jpeg,cc-by-nc,194063200,research,35.715617787,-117.9328014557,native
lythrum_californicum_681.jpeg,https://inaturalist-open-data.s3.amazonaws.com/photos/341011679/medium.jpeg,cc-by-nc,194063200,research,35.715617787,-117.9328014557,native
lythrum_californicum_682.jpg,https://inaturalist-open-data.s3.amazonaws.com/photos/338494961/medium.jpg,cc-by-nc,192776380,research,33.3655910395,-116.4162430908,native
lythrum_californicum_683.jpg,https://inaturalist-open-data.s3.amazonaws.com/photos/338494982/medium.jpg,cc-by-nc,192776380,research,33.3655910395,-116.4162430908,native
lythrum_californicum_684.jpg,https://inaturalist-open-data.s3.amazonaws.com/photos/338494998/medium.jpg,cc-by-nc,192776380,research,33.3655910395,-116.4162430908,native
lythrum_californicum_685.jpg,https://inaturalist-open-data.s3.amazonaws.com/photos/338495015/medium.jpg,cc-by-nc,192776380,research,33.3655910395,-116.4162430908,native
lythrum_californicum_686.jpg,https://inaturalist-open-data.s3.amazonaws.com/photos/338495029/medium.jpg,cc-by-nc,192776380,research,33.3655910395,-116.4162430908,native
lythrum_californicum_687.jpg,https://inaturalist-open-data.s3.amazonaws.com/photos/338495041/medium.jpg,cc-by-nc,192776380,research,33.3655910395,-116.4162430908,native
lythrum_californicum_688.jpg,https://inaturalist-open-data.s3.amazonaws.com/photos/338495046/medium.jpg,cc-by-nc,192776380,research,33.3655910395,-116.4162430908,native
lythrum_californicum_689.jpg,https://inaturalist-open-data.s3.amazonaws.com/photos/338495054/medium.jpg,cc-by-nc,192776380,research,33.3655910395,-116.4162430908,native
lythrum_californicum_690.jpg,https://inaturalist-open-data.s3.amazonaws.com/photos/338495057/medium.jpg,cc-by-nc,192776380,research,33.3655910395,-116.4162430908,native
lythrum_californicum_691.jpg,https://inaturalist-open-data.s3.amazonaws.com/photos/335585103/medium.jpg,cc-by-nc,191312925,research,33.364986,-116.408598,native
lythrum_californicum_692.jpg,https://inaturalist-open-data.s3.amazonaws.com/photos/335585620/medium.jpg,cc-by-nc,191312925,research,33.364986,-116.408598,native
lythrum_californicum_693.jpg,https://inaturalist-open-data.s3.amazonaws.com/photos/335585661/medium.jpg,cc-by-nc,191312925,research,33.364986,-116.408598,native
lythrum_californicum_694.jpg,https://inaturalist-open-data.s3.amazonaws.com/photos/334636391/medium.jpg,cc-by,190836829,research,37.2438583333,-118.194345,native
lythrum_californicum_695.jpg,https://inaturalist-open-data.s3.amazonaws.com/photos/334636441/medium.jpg,cc-by,190836829,research,37.2438583333,-118.194345,native
lythrum_californicum_696.jpg,https://inaturalist-open-data.s3.amazonaws.com/photos/334636494/medium.jpg,cc-by,190836829,research,37.2438583333,-118.194345,native
lythrum_californicum_697.jpeg,https://inaturalist-open-data.s3.amazonaws.com/photos/325171008/medium.jpeg,cc-by-nc,186110905,research,32.5485449722,-108.435164,native
lythrum_californicum_698.jpeg,https://inaturalist-open-data.s3.amazonaws.com/photos/325802596/medium.jpeg,cc-by-nc,186038037,needs_id,28.3915352464,-96.7588007582,native
lythrum_californicum_699.jpeg,https://inaturalist-open-data.s3.amazonaws.com/photos/324207978/medium.jpeg,cc-by,185620554,research,38.11941625,-121.90930737,native
lythrum_californicum_700.jpeg,https://inaturalist-open-data.s3.amazonaws.com/photos/324208005/medium.jpeg,cc-by,185620554,research,38.11941625,-121.90930737,native
lythrum_californicum_702.jpg,https://inaturalist-open-data.s3.amazonaws.com/photos/321927335/medium.jpg,cc-by-nc,184427432,research,37.2677916667,-118.271995,native
lythrum_californicum_703.jpg,https://inaturalist-open-data.s3.amazonaws.com/photos/321927356/medium.jpg,cc-by-nc,184427432,research,37.2677916667,-118.271995,native
lythrum_californicum_704.jpg,https://inaturalist-open-data.s3.amazonaws.com/photos/321927374/medium.jpg,cc-by-nc,184427432,research,37.2677916667,-118.271995,native
lythrum_californicum_705.jpg,https://inaturalist-open-data.s3.amazonaws.com/photos/321927424/medium.jpg,cc-by-nc,184427432,research,37.2677916667,-118.271995,native
lythrum_californicum_706.jpg,https://inaturalist-open-data.s3.amazonaws.com/photos/321509851/medium.jpg,cc-by-nc,184205797,research,37.88445,-121.9524783333,native
lythrum_californicum_707.jpg,https://inaturalist-open-data.s3.amazonaws.com/photos/321509863/medium.jpg,cc-by-nc,184205797,research,37.88445,-121.9524783333,native
lythrum_californicum_708.jpg,https://inaturalist-open-data.s3.amazonaws.com/photos/321509875/medium.jpg,cc-by-nc,184205797,research,37.88445,-121.9524783333,native
lythrum_californicum_709.jpg,https://inaturalist-open-data.s3.amazonaws.com/photos/321509889/medium.jpg,cc-by-nc,184205797,research,37.88445,-121.9524783333,native
lythrum_californicum_710.jpeg,https://inaturalist-open-data.s3.amazonaws.com/photos/321504565/medium.jpeg,cc-by-nc,184203582,needs_id,38.0036997552,-121.9080282714,native
lythrum_californicum_711.jpeg,https://inaturalist-open-data.s3.amazonaws.com/photos/321504580/medium.jpeg,cc-by-nc,184203582,needs_id,38.0036997552,-121.9080282714,native
lythrum_californicum_712.jpeg,https://inaturalist-open-data.s3.amazonaws.com/photos/321504595/medium.jpeg,cc-by-nc,184203582,needs_id,38.0036997552,-121.9080282714,native
lythrum_californicum_713.jpeg,https://inaturalist-open-data.s3.amazonaws.com/photos/321504614/medium.jpeg,cc-by-nc,184203582,needs_id,38.0036997552,-121.9080282714,native
lythrum_californicum_714.jpeg,https://inaturalist-open-data.s3.amazonaws.com/photos/321407232/medium.jpeg,cc-by-nc,184154811,needs_id,34.07577736,-117.34243283,native
lythrum_californicum_715.jpg,https://inaturalist-open-data.s3.amazonaws.com/photos/321126072/medium.jpg,cc-by-nc,184007549,research,33.8077512691,-101.6651886535,native
lythrum_californicum_716.jpg,https://inaturalist-open-data.s3.amazonaws.com/photos/319591326/medium.jpg,cc-by-nc,183205991,needs_id,29.6291707875,-98.4759419226,native
lythrum_californicum_717.jpg,https://inaturalist-open-data.s3.amazonaws.com/photos/319591353/medium.jpg,cc-by-nc,183205991,needs_id,29.6291707875,-98.4759419226,native
lythrum_californicum_719.jpeg,https://inaturalist-open-data.s3.amazonaws.com/photos/318052253/medium.jpeg,cc-by-nc,182417560,research,32.0715850672,-116.4834615961,native
lythrum_californicum_720.jpeg,https://inaturalist-open-data.s3.amazonaws.com/photos/318052265/medium.jpeg,cc-by-nc,182417560,research,32.0715850672,-116.4834615961,native
lythrum_californicum_721.jpeg,https://inaturalist-open-data.s3.amazonaws.com/photos/318052284/medium.jpeg,cc-by-nc,182417560,research,32.0715850672,-116.4834615961,native
lythrum_californicum_722.jpeg,https://inaturalist-open-data.s3.amazonaws.com/photos/318052298/medium.jpeg,cc-by-nc,182417560,research,32.0715850672,-116.4834615961,native
lythrum_californicum_723.jpg,https://inaturalist-open-data.s3.amazonaws.com/photos/317743017/medium.jpg,cc-by-nc,182257599,needs_id,37.4972583333,-122.4960866667,native
lythrum_californicum_724.jpg,https://inaturalist-open-data.s3.amazonaws.com/photos/317743026/medium.jpg,cc-by-nc,182257599,needs_id,37.4972583333,-122.4960866667,native
lythrum_californicum_725.jpg,https://inaturalist-open-data.s3.amazonaws.com/photos/315969855/medium.jpg,cc-by-nc,181310365,needs_id,33.9988333333,-119.71508,native
lythrum_californicum_726.jpg,https://inaturalist-open-data.s3.amazonaws.com/photos/315969880/medium.jpg,cc-by-nc,181310365,needs_id,33.9988333333,-119.71508,native
lythrum_californicum_727.jpg,https://inaturalist-open-data.s3.amazonaws.com/photos/315969940/medium.jpg,cc-by-nc,181310365,needs_id,33.9988333333,-119.71508,native
lythrum_californicum_728.jpg,https://inaturalist-open-data.s3.amazonaws.com/photos/315387058/medium.jpg,cc-by-nc,181001793,research,37.88537,-121.95,native
lythrum_californicum_729.jpg,https://inaturalist-open-data.s3.amazonaws.com/photos/315390318/medium.jpg,cc-by-nc,181001793,research,37.88537,-121.95,native
lythrum_californicum_730.jpg,https://inaturalist-open-data.s3.amazonaws.com/photos/315390323/medium.jpg,cc-by-nc,181001793,research,37.88537,-121.95,native
lythrum_californicum_731.jpg,https://inaturalist-open-data.s3.amazonaws.com/photos/315390324/medium.jpg,cc-by-nc,181001793,research,37.88537,-121.95,native
lythrum_californicum_732.jpg,https://inaturalist-open-data.s3.amazonaws.com/photos/315390325/medium.jpg,cc-by-nc,181001793,research,37.88537,-121.95,native
lythrum_californicum_733.jpg,https://inaturalist-open-data.s3.amazonaws.com/photos/315115194/medium.jpg,cc-by-nc,180858571,research,37.88447,-121.9525616667,native
lythrum_californicum_734.jpg,https://inaturalist-open-data.s3.amazonaws.com/photos/315115220/medium.jpg,cc-by-nc,180858571,research,37.88447,-121.9525616667,native
lythrum_californicum_735.jpg,https://inaturalist-open-data.s3.amazonaws.com/photos/315115230/medium.jpg,cc-by-nc,180858571,research,37.88447,-121.9525616667,native
lythrum_californicum_736.jpg,https://inaturalist-open-data.s3.amazonaws.com/photos/315115246/medium.jpg,cc-by-nc,180858571,research,37.88447,-121.9525616667,native
lythrum_californicum_737.jpg,https://inaturalist-open-data.s3.amazonaws.com/photos/314568104/medium.jpg,cc-by,180573535,research,37.2434333333,-118.1941527778,native
lythrum_californicum_738.jpg,https://inaturalist-open-data.s3.amazonaws.com/photos/314568103/medium.jpg,cc-by,180573535,research,37.2434333333,-118.1941527778,native
lythrum_californicum_739.jpeg,https://inaturalist-open-data.s3.amazonaws.com/photos/314516224/medium.jpeg,cc-by-nc,180546829,needs_id,36.0093744307,-120.4063276034,native
lythrum_californicum_740.jpeg,https://inaturalist-open-data.s3.amazonaws.com/photos/314516260/medium.jpeg,cc-by-nc,180546829,needs_id,36.0093744307,-120.4063276034,native
lythrum_californicum_741.jpeg,https://inaturalist-open-data.s3.amazonaws.com/photos/314516191/medium.jpeg,cc-by-nc,180546829,needs_id,36.0093744307,-120.4063276034,native
lythrum_californicum_742.jpeg,https://inaturalist-open-data.s3.amazonaws.com/photos/314516289/medium.jpeg,cc-by-nc,180546829,needs_id,36.0093744307,-120.4063276034,native
lythrum_californicum_743.jpeg,https://inaturalist-open-data.s3.amazonaws.com/photos/314516321/medium.jpeg,cc-by-nc,180546829,needs_id,36.0093744307,-120.4063276034,native
lythrum_californicum_744.jpeg,https://inaturalist-open-data.s3.amazonaws.com/photos/314189042/medium.jpeg,cc-by-nc,180377115,research,32.078225,-116.491454,native
lythrum_californicum_745.jpeg,https://inaturalist-open-data.s3.amazonaws.com/photos/314189068/medium.jpeg,cc-by-nc,180377115,research,32.078225,-116.491454,native
lythrum_californicum_746.jpeg,https://inaturalist-open-data.s3.amazonaws.com/photos/314189094/medium.jpeg,cc-by-nc,180377115,research,32.078225,-116.491454,native
lythrum_californicum_747.jpeg,https://inaturalist-open-data.s3.amazonaws.com/photos/314189116/medium.jpeg,cc-by-nc,180377115,research,32.078225,-116.491454,native
lythrum_californicum_748.jpeg,https://inaturalist-open-data.s3.amazonaws.com/photos/314189151/medium.jpeg,cc-by-nc,180377115,research,32.078225,-116.491454,native
lythrum_californicum_749.jpeg,https://inaturalist-open-data.s3.amazonaws.com/photos/314189175/medium.jpeg,cc-by-nc,180377115,research,32.078225,-116.491454,native
lythrum_californicum_750.jpeg,https://inaturalist-open-data.s3.amazonaws.com/photos/314189208/medium.jpeg,cc-by-nc,180377115,research,32.078225,-116.491454,native
lythrum_californicum_751.jpeg,https://inaturalist-open-data.s3.amazonaws.com/photos/314189236/medium.jpeg,cc-by-nc,180377115,research,32.078225,-116.491454,native
lythrum_californicum_752.jpeg,https://inaturalist-open-data.s3.amazonaws.com/photos/314186413/medium.jpeg,cc-by-nc,180375705,research,32.071938,-116.4835109722,native
lythrum_californicum_753.jpeg,https://inaturalist-open-data.s3.amazonaws.com/photos/314186440/medium.jpeg,cc-by-nc,180375705,research,32.071938,-116.4835109722,native
lythrum_californicum_754.jpeg,https://inaturalist-open-data.s3.amazonaws.com/photos/314186465/medium.jpeg,cc-by-nc,180375705,research,32.071938,-116.4835109722,native
lythrum_californicum_755.jpg,https://inaturalist-open-data.s3.amazonaws.com/photos/313452415/medium.jpg,cc-by-nc,179992145,needs_id,38.0214721667,-121.8218166667,native
lythrum_californicum_756.jpeg,https://inaturalist-open-data.s3.amazonaws.com/photos/312665375/medium.jpeg,cc-by-nc,179579652,needs_id,35.30520073,-119.2491620779,native
lythrum_californicum_757.jpeg,https://inaturalist-open-data.s3.amazonaws.com/photos/312665474/medium.jpeg,cc-by-nc,179579652,needs_id,35.30520073,-119.2491620779,native
lythrum_californicum_758.jpg,https://inaturalist-open-data.s3.amazonaws.com/photos/312043532/medium.jpg,cc-by-nc,179251313,needs_id,31.7766645648,-109.3124849427,native
lythrum_californicum_759.jpg,https://inaturalist-open-data.s3.amazonaws.com/photos/312043551/medium.jpg,cc-by-nc,179251313,needs_id,31.7766645648,-109.3124849427,native
lythrum_californicum_760.jpg,https://inaturalist-open-data.s3.amazonaws.com/photos/312043574/medium.jpg,cc-by-nc,179251313,needs_id,31.7766645648,-109.3124849427,native
lythrum_californicum_761.jpeg,https://inaturalist-open-data.s3.amazonaws.com/photos/311958179/medium.jpeg,cc-by-nc,179206186,needs_id,38.68807373,-121.90372957,native
lythrum_californicum_762.jpeg,https://inaturalist-open-data.s3.amazonaws.com/photos/311958227/medium.jpeg,cc-by-nc,179206186,needs_id,38.68807373,-121.90372957,native
lythrum_californicum_763.jpeg,https://inaturalist-open-data.s3.amazonaws.com/photos/311417129/medium.jpeg,cc-by,178918285,research,38.51435049,-122.07118076,native
lythrum_californicum_764.jpeg,https://inaturalist-open-data.s3.amazonaws.com/photos/311417150/medium.jpeg,cc-by,178918285,research,38.51435049,-122.07118076,native
lythrum_californicum_765.jpeg,https://inaturalist-open-data.s3.amazonaws.com/photos/311417174/medium.jpeg,cc-by,178918285,research,38.51435049,-122.07118076,native
lythrum_californicum_766.jpeg,https://inaturalist-open-data.s3.amazonaws.com/photos/310876030/medium.jpeg,cc-by-nc,178634557,research,32.7462269722,-97.2757119722,native
lythrum_californicum_767.jpeg,https://inaturalist-open-data.s3.amazonaws.com/photos/310774086/medium.jpeg,cc-by-nc,178585253,research,32.9377816936,-108.6060276984,native
lythrum_californicum_768.jpeg,https://inaturalist-open-data.s3.amazonaws.com/photos/310774097/medium.jpeg,cc-by-nc,178585253,research,32.9377816936,-108.6060276984,native
lythrum_californicum_769.jpeg,https://inaturalist-open-data.s3.amazonaws.com/photos/310774101/medium.jpeg,cc-by-nc,178585253,research,32.9377816936,-108.6060276984,native
lythrum_californicum_770.jpg,https://inaturalist-open-data.s3.amazonaws.com/photos/310734090/medium.jpg,cc-by-nc,178560760,research,37.2436813459,-118.1942837085,native
lythrum_californicum_772.jpeg,https://inaturalist-open-data.s3.amazonaws.com/photos/308258026/medium.jpeg,cc-by-nc,177252482,research,38.6841583333,-121.8932527778,native
lythrum_californicum_773.jpeg,https://inaturalist-open-data.s3.amazonaws.com/photos/308258050/medium.jpeg,cc-by-nc,177252482,research,38.6841583333,-121.8932527778,native
lythrum_californicum_774.jpeg,https://inaturalist-open-data.s3.amazonaws.com/photos/307487601/medium.jpeg,cc-by-nc,176839213,research,32.8188401193,-108.5983121157,native
lythrum_californicum_775.jpeg,https://inaturalist-open-data.s3.amazonaws.com/photos/307488962/medium.jpeg,cc-by-nc,176839213,research,32.8188401193,-108.5983121157,native
lythrum_californicum_776.jpeg,https://inaturalist-open-data.s3.amazonaws.com/photos/307489822/medium.jpeg,cc-by-nc,176839213,research,32.8188401193,-108.5983121157,native
lythrum_californicum_777.jpeg,https://inaturalist-open-data.s3.amazonaws.com/photos/307490088/medium.jpeg,cc-by-nc,176839213,research,32.8188401193,-108.5983121157,native
lythrum_californicum_778.jpeg,https://inaturalist-open-data.s3.amazonaws.com/photos/307490957/medium.jpeg,cc-by-nc,176839213,research,32.8188401193,-108.5983121157,native
lythrum_californicum_779.jpeg,https://inaturalist-open-data.s3.amazonaws.com/photos/307491353/medium.jpeg,cc-by-nc,176839213,research,32.8188401193,-108.5983121157,native
lythrum_californicum_780.jpeg,https://inaturalist-open-data.s3.amazonaws.com/photos/307154826/medium.jpeg,cc-by-nc,176657637,needs_id,33.9883177,-116.655754,native
lythrum_californicum_781.jpg,https://inaturalist-open-data.s3.amazonaws.com/photos/306919704/medium.jpg,cc-by-nc,176531355,research,32.5835416667,-116.8425966667,native
lythrum_californicum_782.jpg,https://inaturalist-open-data.s3.amazonaws.com/photos/306919754/medium.jpg,cc-by-nc,176531355,research,32.5835416667,-116.8425966667,native
lythrum_californicum_783.jpg,https://inaturalist-open-data.s3.amazonaws.com/photos/306892606/medium.jpg,cc-by-nc,176517085,research,33.3772555087,-117.308934806,native
lythrum_californicum_784.jpg,https://inaturalist-open-data.s3.amazonaws.com/photos/306892700/medium.jpg,cc-by-nc,176517085,research,33.3772555087,-117.308934806,native
lythrum_californicum_785.jpg,https://inaturalist-open-data.s3.amazonaws.com/photos/306892742/medium.jpg,cc-by-nc,176517085,research,33.3772555087,-117.308934806,native
lythrum_californicum_786.jpg,https://inaturalist-open-data.s3.amazonaws.com/photos/306892798/medium.jpg,cc-by-nc,176517085,research,33.3772555087,-117.308934806,native
lythrum_californicum_787.jpeg,https://inaturalist-open-data.s3.amazonaws.com/photos/306486305/medium.jpeg,cc-by,176299217,needs_id,36.4235419,-116.327873,native
lythrum_californicum_788.jpeg,https://inaturalist-open-data.s3.amazonaws.com/photos/306424037/medium.jpeg,cc-by-nc,176264628,needs_id,38.8952115714,-99.3062709665,native
lythrum_californicum_789.jpeg,https://inaturalist-open-data.s3.amazonaws.com/photos/306424080/medium.jpeg,cc-by-nc,176264628,needs_id,38.8952115714,-99.3062709665,native
lythrum_californicum_790.jpeg,https://inaturalist-open-data.s3.amazonaws.com/photos/306423717/medium.jpeg,cc-by-nc,176264619,needs_id,38.8952115714,-99.3062709665,native
lythrum_californicum_791.jpeg,https://inaturalist-open-data.s3.amazonaws.com/photos/306423679/medium.jpeg,cc-by-nc,176264619,needs_id,38.8952115714,-99.3062709665,native
lythrum_californicum_792.jpeg,https://inaturalist-open-data.s3.amazonaws.com/photos/305688643/medium.jpeg,cc-by,175871139,research,34.437445225,-118.9415834838,native
lythrum_californicum_793.jpeg,https://inaturalist-open-data.s3.amazonaws.com/photos/305551780/medium.jpeg,cc-by-nc,175803818,research,35.9796181907,-116.2732310923,native
lythrum_californicum_794.jpg,https://inaturalist-open-data.s3.amazonaws.com/photos/305257628/medium.jpg,cc-by-nc,175623672,needs_id,37.6703734901,-122.0834982349,native
lythrum_californicum_795.jpg,https://inaturalist-open-data.s3.amazonaws.com/photos/304678478/medium.jpg,cc-by-nc,175322959,research,32.6107445733,-116.6992662967,native
lythrum_californicum_796.jpg,https://inaturalist-open-data.s3.amazonaws.com/photos/304682448/medium.jpg,cc-by-nc,175322959,research,32.6107445733,-116.6992662967,native
lythrum_californicum_797.jpg,https://inaturalist-open-data.s3.amazonaws.com/photos/304682603/medium.jpg,cc-by-nc,175322959,research,32.6107445733,-116.6992662967,native
lythrum_californicum_798.jpg,https://inaturalist-open-data.s3.amazonaws.com/photos/304808444/medium.jpg,cc-by-nc,175254722,research,29.3293818213,-100.7089792783,native
lythrum_californicum_799.jpg,https://inaturalist-open-data.s3.amazonaws.com/photos/304808467/medium.jpg,cc-by-nc,175254722,research,29.3293818213,-100.7089792783,native
lythrum_californicum_800.jpg,https://inaturalist-open-data.s3.amazonaws.com/photos/304808499/medium.jpg,cc-by-nc,175254722,research,29.3293818213,-100.7089792783,native
lythrum_californicum_801.jpeg,https://inaturalist-open-data.s3.amazonaws.com/photos/304171776/medium.jpeg,cc-by-nc,175044361,research,35.7262878418,-119.6086883545,native
lythrum_californicum_802.jpg,https://inaturalist-open-data.s3.amazonaws.com/photos/303386502/medium.jpg,cc-by-nc,174621726,research,33.8815333333,-111.9626466667,native
lythrum_californicum_803.jpg,https://inaturalist-open-data.s3.amazonaws.com/photos/303386603/medium.jpg,cc-by-nc,174621726,research,33.8815333333,-111.9626466667,native
lythrum_californicum_804.jpg,https://inaturalist-open-data.s3.amazonaws.com/photos/303386843/medium.jpg,cc-by-nc,174621726,research,33.8815333333,-111.9626466667,native
lythrum_californicum_805.jpeg,https://inaturalist-open-data.s3.amazonaws.com/photos/302972907/medium.jpeg,cc-by,174397765,research,31.3878611111,-110.9604527778,native
lythrum_californicum_806.jpeg,https://inaturalist-open-data.s3.amazonaws.com/photos/301701753/medium.jpeg,cc-by-nc,173712177,research,35.9798566667,-116.2733883333,native
lythrum_californicum_807.jpeg,https://inaturalist-open-data.s3.amazonaws.com/photos/301701820/medium.jpeg,cc-by-nc,173712177,research,35.9798566667,-116.2733883333,native
lythrum_californicum_808.jpeg,https://inaturalist-open-data.s3.amazonaws.com/photos/300582874/medium.jpeg,cc-by-nc,173105925,needs_id,38.4375138889,-96.5647444444,native
lythrum_californicum_809.jpeg,https://inaturalist-open-data.s3.amazonaws.com/photos/300582939/medium.jpeg,cc-by-nc,173105925,needs_id,38.4375138889,-96.5647444444,native
lythrum_californicum_810.jpg,https://inaturalist-open-data.s3.amazonaws.com/photos/300010560/medium.jpg,cc-by-nc,172794402,research,37.24363,-118.194205,native
lythrum_californicum_811.jpeg,https://inaturalist-open-data.s3.amazonaws.com/photos/299399422/medium.jpeg,cc-by-nc,172463150,research,37.4793888889,-118.4021166667,native
lythrum_californicum_812.jpeg,https://inaturalist-open-data.s3.amazonaws.com/photos/299399429/medium.jpeg,cc-by-nc,172463150,research,37.4793888889,-118.4021166667,native
lythrum_californicum_813.jpeg,https://inaturalist-open-data.s3.amazonaws.com/photos/299399439/medium.jpeg,cc-by-nc,172463150,research,37.4793888889,-118.4021166667,native
lythrum_californicum_814.jpeg,https://inaturalist-open-data.s3.amazonaws.com/photos/299202788/medium.jpeg,cc-by-nc,172359232,needs_id,27.9418326293,-97.5465348735,native
lythrum_californicum_815.jpg,https://inaturalist-open-data.s3.amazonaws.com/photos/298533618/medium.jpg,cc-by,172004448,research,32.1097548879,-104.4719134831,native
lythrum_californicum_816.jpg,https://inaturalist-open-data.s3.amazonaws.com/photos/298533675/medium.jpg,cc-by,172004448,research,32.1097548879,-104.4719134831,native
lythrum_californicum_817.jpg,https://inaturalist-open-data.s3.amazonaws.com/photos/298533763/medium.jpg,cc-by,172004448,research,32.1097548879,-104.4719134831,native
lythrum_californicum_818.jpg,https://inaturalist-open-data.s3.amazonaws.com/photos/298533840/medium.jpg,cc-by,172004448,research,32.1097548879,-104.4719134831,native
lythrum_californicum_819.jpeg,https://inaturalist-open-data.s3.amazonaws.com/photos/297915029/medium.jpeg,cc-by-nc,171667510,needs_id,30.4682855598,-97.6061883387,native
lythrum_californicum_820.jpeg,https://inaturalist-open-data.s3.amazonaws.com/photos/297915041/medium.jpeg,cc-by-nc,171667510,needs_id,30.4682855598,-97.6061883387,native
lythrum_californicum_821.jpeg,https://inaturalist-open-data.s3.amazonaws.com/photos/297915050/medium.jpeg,cc-by-nc,171667510,needs_id,30.4682855598,-97.6061883387,native
lythrum_californicum_822.jpg,https://inaturalist-open-data.s3.amazonaws.com/photos/297908987/medium.jpg,cc-by-nc,171664258,needs_id,30.1572020769,-97.759638153,native
lythrum_californicum_823.jpg,https://inaturalist-open-data.s3.amazonaws.com/photos/297428140/medium.jpg,cc-by-nc,171402879,needs_id,33.6290132591,-117.1309135051,native
lythrum_californicum_824.jpg,https://inaturalist-open-data.s3.amazonaws.com/photos/297428197/medium.jpg,cc-by-nc,171402879,needs_id,33.6290132591,-117.1309135051,native
lythrum_californicum_825.jpg,https://inaturalist-open-data.s3.amazonaws.com/photos/295449061/medium.jpg,cc-by-nc,170352905,research,34.3964783333,-118.8910616667,native
lythrum_californicum_826.jpg,https://inaturalist-open-data.s3.amazonaws.com/photos/295449089/medium.jpg,cc-by-nc,170352905,research,34.3964783333,-118.8910616667,native
lythrum_californicum_827.jpg,https://inaturalist-open-data.s3.amazonaws.com/photos/295958887/medium.jpg,cc-by-nc,170323212,research,38.687845,-121.8739866667,native
lythrum_californicum_828.jpg,https://inaturalist-open-data.s3.amazonaws.com/photos/295959133/medium.jpg,cc-by-nc,170323212,research,38.687845,-121.8739866667,native
lythrum_californicum_829.jpg,https://inaturalist-open-data.s3.amazonaws.com/photos/295959261/medium.jpg,cc-by-nc,170323212,research,38.687845,-121.8739866667,native
lythrum_californicum_830.jpg,https://inaturalist-open-data.s3.amazonaws.com/photos/298930914/medium.jpg,cc-by-nc,170323212,research,38.687845,-121.8739866667,native
lythrum_californicum_831.jpg,https://inaturalist-open-data.s3.amazonaws.com/photos/294542277/medium.jpg,cc-by,169873250,research,36.4937317401,-116.2193245408,native
lythrum_californicum_832.jpg,https://inaturalist-open-data.s3.amazonaws.com/photos/294544369/medium.jpg,cc-by,169873250,research,36.4937317401,-116.2193245408,native
lythrum_californicum_833.jpg,https://inaturalist-open-data.s3.amazonaws.com/photos/294544418/medium.jpg,cc-by,169873250,research,36.4937317401,-116.2193245408,native
lythrum_californicum_834.jpg,https://inaturalist-open-data.s3.amazonaws.com/photos/294477259/medium.jpg,cc-by-nc,169833317,research,33.4408133333,-97.4292366667,native
lythrum_californicum_835.jpg,https://inaturalist-open-data.s3.amazonaws.com/photos/294477285/medium.jpg,cc-by-nc,169833317,research,33.4408133333,-97.4292366667,native
lythrum_californicum_836.jpg,https://inaturalist-open-data.s3.amazonaws.com/photos/294477317/medium.jpg,cc-by-nc,169833317,research,33.4408133333,-97.4292366667,native
lythrum_californicum_837.jpg,https://inaturalist-open-data.s3.amazonaws.com/photos/294477346/medium.jpg,cc-by-nc,169833317,research,33.4408133333,-97.4292366667,native
lythrum_californicum_838.jpg,https://inaturalist-open-data.s3.amazonaws.com/photos/294477402/medium.jpg,cc-by-nc,169833317,research,33.4408133333,-97.4292366667,native
lythrum_californicum_839.jpg,https://inaturalist-open-data.s3.amazonaws.com/photos/294291515/medium.jpg,cc-by-nc,169731064,research,32.5862533333,-116.7803583333,native
lythrum_californicum_840.jpg,https://inaturalist-open-data.s3.amazonaws.com/photos/294291529/medium.jpg,cc-by-nc,169731064,research,32.5862533333,-116.7803583333,native
lythrum_californicum_841.jpg,https://inaturalist-open-data.s3.amazonaws.com/photos/294291539/medium.jpg,cc-by-nc,169731064,research,32.5862533333,-116.7803583333,native
lythrum_californicum_842.jpeg,https://inaturalist-open-data.s3.amazonaws.com/photos/294243757/medium.jpeg,cc-by-nc,169699671,research,32.5792944444,-116.8342027778,native
lythrum_californicum_843.jpeg,https://inaturalist-open-data.s3.amazonaws.com/photos/294243777/medium.jpeg,cc-by-nc,169699671,research,32.5792944444,-116.8342027778,native
lythrum_californicum_844.jpeg,https://inaturalist-open-data.s3.amazonaws.com/photos/294243801/medium.jpeg,cc-by-nc,169699671,research,32.5792944444,-116.8342027778,native
lythrum_californicum_845.jpeg,https://inaturalist-open-data.s3.amazonaws.com/photos/294243829/medium.jpeg,cc-by-nc,169699671,research,32.5792944444,-116.8342027778,native
lythrum_californicum_846.jpg,https://inaturalist-open-data.s3.amazonaws.com/photos/294148654/medium.jpg,cc-by-nc,169649869,research,33.424345,-97.4503866667,native
lythrum_californicum_847.jpg,https://inaturalist-open-data.s3.amazonaws.com/photos/294148695/medium.jpg,cc-by-nc,169649869,research,33.424345,-97.4503866667,native
lythrum_californicum_848.jpg,https://inaturalist-open-data.s3.amazonaws.com/photos/294148732/medium.jpg,cc-by-nc,169649869,research,33.424345,-97.4503866667,native
lythrum_californicum_849.jpg,https://inaturalist-open-data.s3.amazonaws.com/photos/294148776/medium.jpg,cc-by-nc,169649869,research,33.424345,-97.4503866667,native
lythrum_californicum_850.jpg,https://inaturalist-open-data.s3.amazonaws.com/photos/294148824/medium.jpg,cc-by-nc,169649869,research,33.424345,-97.4503866667,native
lythrum_californicum_851.jpg,https://inaturalist-open-data.s3.amazonaws.com/photos/294028952/medium.jpg,cc-by-sa,169585036,needs_id,29.6669169106,-98.1534573998,native
lythrum_californicum_852.jpg,https://inaturalist-open-data.s3.amazonaws.com/photos/294028972/medium.jpg,cc-by-sa,169585036,needs_id,29.6669169106,-98.1534573998,native
lythrum_californicum_853.jpg,https://inaturalist-open-data.s3.amazonaws.com/photos/294028993/medium.jpg,cc-by-sa,169585036,needs_id,29.6669169106,-98.1534573998,native
lythrum_californicum_854.jpeg,https://inaturalist-open-data.s3.amazonaws.com/photos/293850660/medium.jpeg,cc-by,169491549,research,29.79255587,-98.7500888,native
lythrum_californicum_855.jpeg,https://inaturalist-open-data.s3.amazonaws.com/photos/293850686/medium.jpeg,cc-by,169491549,research,29.79255587,-98.7500888,native
lythrum_californicum_856.jpeg,https://inaturalist-open-data.s3.amazonaws.com/photos/293850725/medium.jpeg,cc-by,169491549,research,29.79255587,-98.7500888,native
lythrum_californicum_857.jpeg,https://inaturalist-open-data.s3.amazonaws.com/photos/293142898/medium.jpeg,cc-by-nc,169102982,needs_id,30.0822638889,-97.8002916667,native
lythrum_californicum_858.jpeg,https://inaturalist-open-data.s3.amazonaws.com/photos/293142922/medium.jpeg,cc-by-nc,169102982,needs_id,30.0822638889,-97.8002916667,native
lythrum_californicum_859.jpeg,https://inaturalist-open-data.s3.amazonaws.com/photos/293142950/medium.jpeg,cc-by-nc,169102982,needs_id,30.0822638889,-97.8002916667,native
lythrum_californicum_860.jpeg,https://inaturalist-open-data.s3.amazonaws.com/photos/293142977/medium.jpeg,cc-by-nc,169102982,needs_id,30.0822638889,-97.8002916667,native
lythrum_californicum_861.jpeg,https://inaturalist-open-data.s3.amazonaws.com/photos/293143004/medium.jpeg,cc-by-nc,169102982,needs_id,30.0822638889,-97.8002916667,native
lythrum_californicum_862.jpeg,https://inaturalist-open-data.s3.amazonaws.com/photos/293143027/medium.jpeg,cc-by-nc,169102982,needs_id,30.0822638889,-97.8002916667,native
lythrum_californicum_863.jpeg,https://inaturalist-open-data.s3.amazonaws.com/photos/292701916/medium.jpeg,cc-by-nc,168864366,needs_id,39.2323684692,-96.7760925293,native
lythrum_californicum_864.jpg,https://inaturalist-open-data.s3.amazonaws.com/photos/292401668/medium.jpg,cc-by-nc,168701200,needs_id,34.780925,-112.0269471667,native
lythrum_californicum_865.jpg,https://inaturalist-open-data.s3.amazonaws.com/photos/292401702/medium.jpg,cc-by-nc,168701200,needs_id,34.780925,-112.0269471667,native
lythrum_californicum_866.jpg,https://inaturalist-open-data.s3.amazonaws.com/photos/292401738/medium.jpg,cc-by-nc,168701200,needs_id,34.780925,-112.0269471667,native
lythrum_californicum_867.jpg,https://inaturalist-open-data.s3.amazonaws.com/photos/292401767/medium.jpg,cc-by-nc,168701200,needs_id,34.780925,-112.0269471667,native
lythrum_californicum_868.jpg,https://inaturalist-open-data.s3.amazonaws.com/photos/292401823/medium.jpg,cc-by-nc,168701200,needs_id,34.780925,-112.0269471667,native
lythrum_californicum_869.jpg,https://inaturalist-open-data.s3.amazonaws.com/photos/292401895/medium.jpg,cc-by-nc,168701200,needs_id,34.780925,-112.0269471667,native
lythrum_californicum_870.jpeg,https://inaturalist-open-data.s3.amazonaws.com/photos/298445431/medium.jpeg,cc-by-nc,168649746,research,32.2695007324,-110.4491195679,native
lythrum_californicum_871.jpg,https://inaturalist-open-data.s3.amazonaws.com/photos/292188203/medium.jpg,cc-by-nc,168586690,research,31.4002966667,-116.1369166667,native
lythrum_californicum_872.jpg,https://inaturalist-open-data.s3.amazonaws.com/photos/292188223/medium.jpg,cc-by-nc,168586690,research,31.4002966667,-116.1369166667,native
lythrum_californicum_873.jpg,https://inaturalist-open-data.s3.amazonaws.com/photos/292188246/medium.jpg,cc-by-nc,168586690,research,31.4002966667,-116.1369166667,native
lythrum_californicum_874.jpg,https://inaturalist-open-data.s3.amazonaws.com/photos/294136165/medium.jpg,cc-by-nc,167896253,needs_id,29.6172033333,-98.19075,native
lythrum_californicum_875.jpg,https://inaturalist-open-data.s3.amazonaws.com/photos/290744173/medium.jpg,cc-by-nc,167806987,research,36.4723133333,-116.3162216667,native
lythrum_californicum_876.jpg,https://inaturalist-open-data.s3.amazonaws.com/photos/290744199/medium.jpg,cc-by-nc,167806987,research,36.4723133333,-116.3162216667,native
lythrum_californicum_877.jpg,https://inaturalist-open-data.s3.amazonaws.com/photos/290446336/medium.jpg,cc-by-nc,167647808,research,35.2600666667,-120.6607533333,native
lythrum_californicum_878.jpg,https://inaturalist-open-data.s3.amazonaws.com/photos/290446312/medium.jpg,cc-by-nc,167647808,research,35.2600666667,-120.6607533333,native
lythrum_californicum_879.jpg,https://inaturalist-open-data.s3.amazonaws.com/photos/290383770/medium.jpg,cc-by-nc,167616118,research,38.689381,-121.874794,native
lythrum_californicum_880.jpg,https://inaturalist-open-data.s3.amazonaws.com/photos/290383777/medium.jpg,cc-by-nc,167616118,research,38.689381,-121.874794,native
lythrum_californicum_881.jpg,https://inaturalist-open-data.s3.amazonaws.com/photos/290383783/medium.jpg,cc-by-nc,167616118,research,38.689381,-121.874794,native
lythrum_californicum_882.jpg,https://inaturalist-open-data.s3.amazonaws.com/photos/290383789/medium.jpg,cc-by-nc,167616118,research,38.689381,-121.874794,native
lythrum_californicum_883.jpeg,https://inaturalist-open-data.s3.amazonaws.com/photos/289813860/medium.jpeg,cc-by-nc,167305195,needs_id,30.4690489398,-97.6059769821,native
lythrum_californicum_884.jpeg,https://inaturalist-open-data.s3.amazonaws.com/photos/289813849/medium.jpeg,cc-by-nc,167305195,needs_id,30.4690489398,-97.6059769821,native
lythrum_californicum_885.jpeg,https://inaturalist-open-data.s3.amazonaws.com/photos/289813839/medium.jpeg,cc-by-nc,167305195,needs_id,30.4690489398,-97.6059769821,native
lythrum_californicum_886.jpg,https://inaturalist-open-data.s3.amazonaws.com/photos/289655005/medium.jpg,cc-by-nc,167221578,research,29.3152616667,-103.2284666667,native
lythrum_californicum_887.jpeg,https://inaturalist-open-data.s3.amazonaws.com/photos/289348408/medium.jpeg,cc-by-nc,167055732,research,37.25615,-118.3731861111,native
lythrum_californicum_888.jpeg,https://inaturalist-open-data.s3.amazonaws.com/photos/289348444/medium.jpeg,cc-by-nc,167055732,research,37.25615,-118.3731861111,native
lythrum_californicum_889.jpg,https://inaturalist-open-data.s3.amazonaws.com/photos/287352540/medium.jpg,cc-by-nc,165966511,needs_id,33.1334,-96.8389216667,native
lythrum_californicum_890.jpg,https://inaturalist-open-data.s3.amazonaws.com/photos/287351316/medium.jpg,cc-by-nc,165965838,needs_id,33.1332471667,-96.8395833333,native
lythrum_californicum_891.jpeg,https://inaturalist-open-data.s3.amazonaws.com/photos/287130267/medium.jpeg,cc-by,165846778,research,34.3677555556,-119.0014583333,native
lythrum_californicum_892.jpg,https://inaturalist-open-data.s3.amazonaws.com/photos/286942937/medium.jpg,cc-by-nc,165746458,research,33.95795,-116.646225,native
lythrum_californicum_893.jpg,https://inaturalist-open-data.s3.amazonaws.com/photos/286942956/medium.jpg,cc-by-nc,165746458,research,33.95795,-116.646225,native
lythrum_californicum_894.jpg,https://inaturalist-open-data.s3.amazonaws.com/photos/286943014/medium.jpg,cc-by-nc,165746458,research,33.95795,-116.646225,native
lythrum_californicum_895.jpg,https://inaturalist-open-data.s3.amazonaws.com/photos/286943218/medium.jpg,cc-by-nc,165746458,research,33.95795,-116.646225,native
lythrum_californicum_896.jpeg,https://inaturalist-open-data.s3.amazonaws.com/photos/285955351/medium.jpeg,cc-by-nc,165210354,research,33.9883177,-116.655754,native
lythrum_californicum_897.jpeg,https://inaturalist-open-data.s3.amazonaws.com/photos/285708355/medium.jpeg,cc-by-nc,165077503,needs_id,30.4696444475,-97.605994531,native
lythrum_californicum_898.jpg,https://inaturalist-open-data.s3.amazonaws.com/photos/285180792/medium.jpg,cc-by-nc,164794661,research,36.4722742169,-116.3162660149,native
lythrum_californicum_899.jpg,https://inaturalist-open-data.s3.amazonaws.com/photos/285180850/medium.jpg,cc-by-nc,164794661,research,36.4722742169,-116.3162660149,native
lythrum_californicum_900.jpeg,https://inaturalist-open-data.s3.amazonaws.com/photos/284712200/medium.jpeg,cc-by,164545326,needs_id,32.6287216667,-97.4246416667,native
lythrum_californicum_901.jpeg,https://inaturalist-open-data.s3.amazonaws.com/photos/284712233/medium.jpeg,cc-by,164545326,needs_id,32.6287216667,-97.4246416667,native
lythrum_californicum_902.jpeg,https://inaturalist-open-data.s3.amazonaws.com/photos/284314523/medium.jpeg,cc-by,164329739,needs_id,32.6607733333,-97.4595866667,native
lythrum_californicum_903.jpeg,https://inaturalist-open-data.s3.amazonaws.com/photos/284314530/medium.jpeg,cc-by,164329739,needs_id,32.6607733333,-97.4595866667,native
lythrum_californicum_904.jpeg,https://inaturalist-open-data.s3.amazonaws.com/photos/284314538/medium.jpeg,cc-by,164329739,needs_id,32.6607733333,-97.4595866667,native
lythrum_californicum_905.jpg,https://inaturalist-open-data.s3.amazonaws.com/photos/284180507/medium.jpg,cc-by-nc,164257826,needs_id,32.6603971795,-97.4613673613,native
lythrum_californicum_906.jpg,https://inaturalist-open-data.s3.amazonaws.com/photos/284180580/medium.jpg,cc-by-nc,164257826,needs_id,32.6603971795,-97.4613673613,native
lythrum_californicum_907.jpg,https://inaturalist-open-data.s3.amazonaws.com/photos/284092072/medium.jpg,cc-by-nc,164208070,research,36.4007216667,-116.2727366667,native
lythrum_californicum_908.jpg,https://inaturalist-open-data.s3.amazonaws.com/photos/284092106/medium.jpg,cc-by-nc,164208070,research,36.4007216667,-116.2727366667,native
lythrum_californicum_909.jpg,https://inaturalist-open-data.s3.amazonaws.com/photos/283814691/medium.jpg,cc-by-nc,164056807,research,32.74713,-97.2708883333,native
lythrum_californicum_910.jpg,https://inaturalist-open-data.s3.amazonaws.com/photos/283814633/medium.jpg,cc-by-nc,164056807,research,32.74713,-97.2708883333,native
lythrum_californicum_911.jpg,https://inaturalist-open-data.s3.amazonaws.com/photos/283814660/medium.jpg,cc-by-nc,164056807,research,32.74713,-97.2708883333,native
lythrum_californicum_912.jpeg,https://inaturalist-open-data.s3.amazonaws.com/photos/283525822/medium.jpeg,cc-by-nc,163896111,research,36.4006892,-116.2727773997,native
lythrum_californicum_913.jpeg,https://inaturalist-open-data.s3.amazonaws.com/photos/283525891/medium.jpeg,cc-by-nc,163896111,research,36.4006892,-116.2727773997,native
lythrum_californicum_914.jpeg,https://inaturalist-open-data.s3.amazonaws.com/photos/283364222/medium.jpeg,cc-by-nc,163806811,research,29.61969803,-98.19112583,native
lythrum_californicum_915.jpg,https://inaturalist-open-data.s3.amazonaws.com/photos/282279189/medium.jpg,cc-by,163218250,needs_id,36.4855916667,-118.5795133333,native
lythrum_californicum_916.jpg,https://inaturalist-open-data.s3.amazonaws.com/photos/281392182/medium.jpg,cc-by-nc,162705159,needs_id,30.5269858986,-97.6563763619,native
lythrum_californicum_917.jpeg,https://inaturalist-open-data.s3.amazonaws.com/photos/280717549/medium.jpeg,cc-by-nc,162354368,research,33.9883177,-116.655754,native
lythrum_californicum_918.jpeg,https://inaturalist-open-data.s3.amazonaws.com/photos/278722044/medium.jpeg,cc-by-nc,161259756,needs_id,29.8997178951,-100.9963995679,native
lythrum_californicum_919.jpeg,https://inaturalist-open-data.s3.amazonaws.com/photos/278183461/medium.jpeg,cc-by-nc,160960899,needs_id,25.5386055556,-99.984725,native
lythrum_californicum_920.jpg,https://inaturalist-open-data.s3.amazonaws.com/photos/277859391/medium.jpg,cc-by-nc,160815763,needs_id,30.5973003973,-97.7190319454,native
lythrum_californicum_921.jpg,https://inaturalist-open-data.s3.amazonaws.com/photos/277859396/medium.jpg,cc-by-nc,160815763,needs_id,30.5973003973,-97.7190319454,native
lythrum_californicum_922.jpg,https://inaturalist-open-data.s3.amazonaws.com/photos/277859415/medium.jpg,cc-by-nc,160815763,needs_id,30.5973003973,-97.7190319454,native
lythrum_californicum_923.jpg,https://inaturalist-open-data.s3.amazonaws.com/photos/277859433/medium.jpg,cc-by-nc,160815763,needs_id,30.5973003973,-97.7190319454,native
lythrum_californicum_924.jpg,https://inaturalist-open-data.s3.amazonaws.com/photos/277859447/medium.jpg,cc-by-nc,160815763,needs_id,30.5973003973,-97.7190319454,native
lythrum_californicum_925.jpg,https://inaturalist-open-data.s3.amazonaws.com/photos/277859475/medium.jpg,cc-by-nc,160815763,needs_id,30.5973003973,-97.7190319454,native
lythrum_californicum_926.jpeg,https://inaturalist-open-data.s3.amazonaws.com/photos/275965134/medium.jpeg,cc-by-nc,159717780,research,25.8633333333,-97.4175,native
lythrum_californicum_927.jpeg,https://inaturalist-open-data.s3.amazonaws.com/photos/275697582/medium.jpeg,cc-by-nc,159571811,research,26.1006605971,-97.29928798,native
lythrum_californicum_928.jpeg,https://inaturalist-open-data.s3.amazonaws.com/photos/275697029/medium.jpeg,cc-by-nc,159571782,research,26.1006605971,-97.29928798,native
lythrum_californicum_929.jpeg,https://inaturalist-open-data.s3.amazonaws.com/photos/275696766/medium.jpeg,cc-by-nc,159571773,research,26.1006605971,-97.29928798,native
lythrum_californicum_930.jpeg,https://inaturalist-open-data.s3.amazonaws.com/photos/275696786/medium.jpeg,cc-by-nc,159571773,research,26.1006605971,-97.29928798,native
lythrum_californicum_931.jpg,https://inaturalist-open-data.s3.amazonaws.com/photos/275209986/medium.jpg,cc-by,159293334,research,26.0199611667,-97.476455,native
lythrum_californicum_932.jpg,https://inaturalist-open-data.s3.amazonaws.com/photos/275210028/medium.jpg,cc-by,159293334,research,26.0199611667,-97.476455,native
lythrum_californicum_933.jpg,https://inaturalist-open-data.s3.amazonaws.com/photos/271541318/medium.jpg,cc-by,157009882,research,34.3543444444,-119.0189972222,native
lythrum_californicum_934.jpeg,https://inaturalist-open-data.s3.amazonaws.com/photos/269991142/medium.jpeg,cc-by,156159681,research,29.7095126088,-100.9152057693,native
lythrum_californicum_935.jpeg,https://inaturalist-open-data.s3.amazonaws.com/photos/269991352/medium.jpeg,cc-by,156159681,research,29.7095126088,-100.9152057693,native
lythrum_californicum_936.jpg,https://inaturalist-open-data.s3.amazonaws.com/photos/269731230/medium.jpg,cc-by-nc,156009856,needs_id,36.357095,-116.274155,native
lythrum_californicum_937.jpg,https://inaturalist-open-data.s3.amazonaws.com/photos/269731238/medium.jpg,cc-by-nc,156009856,needs_id,36.357095,-116.274155,native
lythrum_californicum_938.jpg,https://inaturalist-open-data.s3.amazonaws.com/photos/269731257/medium.jpg,cc-by-nc,156009856,needs_id,36.357095,-116.274155,native
lythrum_californicum_939.jpg,https://inaturalist-open-data.s3.amazonaws.com/photos/268643101/medium.jpg,cc-by-nc,155413220,research,29.4032737242,-98.5092219952,native
lythrum_californicum_940.jpg,https://inaturalist-open-data.s3.amazonaws.com/photos/268643117/medium.jpg,cc-by-nc,155413220,research,29.4032737242,-98.5092219952,native
lythrum_californicum_941.jpg,https://inaturalist-open-data.s3.amazonaws.com/photos/268643130/medium.jpg,cc-by-nc,155413220,research,29.4032737242,-98.5092219952,native
lythrum_californicum_942.jpeg,https://inaturalist-open-data.s3.amazonaws.com/photos/267384330/medium.jpeg,cc-by-nc,154729843,needs_id,28.40294837,-98.76210104,native
lythrum_californicum_943.jpeg,https://inaturalist-open-data.s3.amazonaws.com/photos/267365686/medium.jpeg,cc-by-nc,154719993,research,27.9246083333,-97.2022277778,native
lythrum_californicum_944.jpg,https://inaturalist-open-data.s3.amazonaws.com/photos/265984923/medium.jpg,cc-by-nc,153965568,research,33.7088514,-117.6364205,native
lythrum_californicum_945.jpeg,https://inaturalist-open-data.s3.amazonaws.com/photos/264666767/medium.jpeg,cc-by-nc,153252227,research,28.703768,-97.186654,native
lythrum_californicum_946.jpeg,https://inaturalist-open-data.s3.amazonaws.com/photos/264666796/medium.jpeg,cc-by-nc,153252227,research,28.703768,-97.186654,native
lythrum_californicum_947.jpeg,https://inaturalist-open-data.s3.amazonaws.com/photos/264666824/medium.jpeg,cc-by-nc,153252227,research,28.703768,-97.186654,native
lythrum_californicum_948.jpeg,https://inaturalist-open-data.s3.amazonaws.com/photos/264666857/medium.jpeg,cc-by-nc,153252227,research,28.703768,-97.186654,native
lythrum_californicum_949.jpeg,https://inaturalist-open-data.s3.amazonaws.com/photos/264666884/medium.jpeg,cc-by-nc,153252227,research,28.703768,-97.186654,native
lythrum_californicum_950.jpeg,https://inaturalist-open-data.s3.amazonaws.com/photos/264666912/medium.jpeg,cc-by-nc,153252227,research,28.703768,-97.186654,native
lythrum_californicum_951.jpeg,https://inaturalist-open-data.s3.amazonaws.com/photos/264316729/medium.jpeg,cc-by-nc,153064027,research,35.780685,-117.936075,native
lythrum_californicum_952.jpeg,https://inaturalist-open-data.s3.amazonaws.com/photos/264316933/medium.jpeg,cc-by-nc,153064027,research,35.780685,-117.936075,native
lythrum_californicum_953.jpg,https://inaturalist-open-data.s3.amazonaws.com/photos/256084213/medium.jpg,cc-by-nc,148681264,research,34.4634814868,-118.9164697702,native
lythrum_californicum_954.jpg,https://inaturalist-open-data.s3.amazonaws.com/photos/256084218/medium.jpg,cc-by-nc,148681264,research,34.4634814868,-118.9164697702,native
lythrum_californicum_955.jpg,https://inaturalist-open-data.s3.amazonaws.com/photos/256084224/medium.jpg,cc-by-nc,148681264,research,34.4634814868,-118.9164697702,native
lythrum_californicum_956.jpg,https://inaturalist-open-data.s3.amazonaws.com/photos/250472273/medium.jpg,cc-by-nc,145777822,research,37.2602430584,-118.3959768586,native
lythrum_californicum_957.jpeg,https://inaturalist-open-data.s3.amazonaws.com/photos/248592058/medium.jpeg,cc-by-nc,144551503,needs_id,30.5126342773,-98.8252716064,native
lythrum_californicum_958.jpg,https://inaturalist-open-data.s3.amazonaws.com/photos/246406259/medium.jpg,cc-by-nc,143655724,research,29.243855,-103.1291721667,native
lythrum_californicum_959.jpg,https://inaturalist-open-data.s3.amazonaws.com/photos/246406273/medium.jpg,cc-by-nc,143655724,research,29.243855,-103.1291721667,native
lythrum_californicum_960.jpg,https://inaturalist-open-data.s3.amazonaws.com/photos/246406283/medium.jpg,cc-by-nc,143655724,research,29.243855,-103.1291721667,native
lythrum_californicum_961.jpg,https://inaturalist-open-data.s3.amazonaws.com/photos/246326984/medium.jpg,cc-by-nc,143613882,needs_id,29.3140575322,-103.2301579024,native
lythrum_californicum_962.jpg,https://inaturalist-open-data.s3.amazonaws.com/photos/246326934/medium.jpg,cc-by-nc,143613882,needs_id,29.3140575322,-103.2301579024,native
lythrum_californicum_963.jpeg,https://inaturalist-open-data.s3.amazonaws.com/photos/246173954/medium.jpeg,cc-by-nc,143537736,research,33.2796619741,-116.4314971087,native
lythrum_californicum_965.jpeg,https://inaturalist-open-data.s3.amazonaws.com/photos/244092723/medium.jpeg,cc-by-nc,142386278,needs_id,34.03793,-106.936913,native
lythrum_californicum_966.jpeg,https://inaturalist-open-data.s3.amazonaws.com/photos/243096928/medium.jpeg,cc-by-nc,141848441,research,34.53475,-119.4038361111,native
lythrum_californicum_967.jpeg,https://inaturalist-open-data.s3.amazonaws.com/photos/243096947/medium.jpeg,cc-by-nc,141848441,research,34.53475,-119.4038361111,native
lythrum_californicum_968.jpeg,https://inaturalist-open-data.s3.amazonaws.com/photos/243096965/medium.jpeg,cc-by-nc,141848441,research,34.53475,-119.4038361111,native
lythrum_californicum_969.jpeg,https://inaturalist-open-data.s3.amazonaws.com/photos/243096982/medium.jpeg,cc-by-nc,141848441,research,34.53475,-119.4038361111,native
lythrum_californicum_970.jpeg,https://inaturalist-open-data.s3.amazonaws.com/photos/243097001/medium.jpeg,cc-by-nc,141848441,research,34.53475,-119.4038361111,native
lythrum_californicum_971.jpeg,https://inaturalist-open-data.s3.amazonaws.com/photos/242219005/medium.jpeg,cc-by-nc,141393437,research,34.4591024571,-118.9280533361,native
lythrum_californicum_972.jpeg,https://inaturalist-open-data.s3.amazonaws.com/photos/241260609/medium.jpeg,cc-by-nc,140899760,research,35.1108884575,-114.9904591034,native
lythrum_californicum_973.jpg,https://inaturalist-open-data.s3.amazonaws.com/photos/239228864/medium.jpg,cc-by-nc,139823806,research,36.4015374557,-116.2738714363,native
lythrum_californicum_974.jpg,https://inaturalist-open-data.s3.amazonaws.com/photos/239228837/medium.jpg,cc-by-nc,139823806,research,36.4015374557,-116.2738714363,native
lythrum_californicum_975.jpg,https://inaturalist-open-data.s3.amazonaws.com/photos/239207913/medium.jpg,cc-by-nc,139813225,research,36.4016125288,-116.2739073222,native
lythrum_californicum_976.jpg,https://inaturalist-open-data.s3.amazonaws.com/photos/236737483/medium.jpg,cc-by-nc,138498440,needs_id,33.047705479,-97.3776976113,native
lythrum_californicum_977.jpg,https://inaturalist-open-data.s3.amazonaws.com/photos/236737444/medium.jpg,cc-by-nc,138498440,needs_id,33.047705479,-97.3776976113,native
lythrum_californicum_978.jpeg,https://inaturalist-open-data.s3.amazonaws.com/photos/236427137/medium.jpeg,cc-by,138339045,research,34.50885,-119.57778,native
lythrum_californicum_982.jpg,https://inaturalist-open-data.s3.amazonaws.com/photos/230749016/medium.jpg,cc-by,135302648,research,37.33638,-118.0889316667,native
lythrum_californicum_983.jpg,https://inaturalist-open-data.s3.amazonaws.com/photos/230749088/medium.jpg,cc-by,135302648,research,37.33638,-118.0889316667,native
lythrum_californicum_984.jpg,https://inaturalist-open-data.s3.amazonaws.com/photos/230749167/medium.jpg,cc-by,135302648,research,37.33638,-118.0889316667,native
lythrum_californicum_985.jpg,https://inaturalist-open-data.s3.amazonaws.com/photos/230749255/medium.jpg,cc-by,135302648,research,37.33638,-118.0889316667,native
lythrum_californicum_986.jpg,https://inaturalist-open-data.s3.amazonaws.com/photos/230324812/medium.jpg,cc-by-nc,135068102,research,36.4015166667,-116.27388,native
lythrum_californicum_987.jpg,https://inaturalist-open-data.s3.amazonaws.com/photos/230324854/medium.jpg,cc-by-nc,135068102,research,36.4015166667,-116.27388,native
lythrum_californicum_988.jpg,https://inaturalist-open-data.s3.amazonaws.com/photos/230324955/medium.jpg,cc-by-nc,135068102,research,36.4015166667,-116.27388,native
lythrum_californicum_989.jpg,https://inaturalist-open-data.s3.amazonaws.com/photos/230325066/medium.jpg,cc-by-nc,135068102,research,36.4015166667,-116.27388,native
lythrum_californicum_990.jpeg,https://inaturalist-open-data.s3.amazonaws.com/photos/230107366/medium.jpeg,cc-by-nc,134948748,research,35.3435166667,-120.6808083333,native
lythrum_californicum_991.jpeg,https://inaturalist-open-data.s3.amazonaws.com/photos/230107384/medium.jpeg,cc-by-nc,134948748,research,35.3435166667,-120.6808083333,native
lythrum_californicum_992.jpeg,https://inaturalist-open-data.s3.amazonaws.com/photos/230107408/medium.jpeg,cc-by-nc,134948748,research,35.3435166667,-120.6808083333,native
lythrum_californicum_993.jpeg,https://inaturalist-open-data.s3.amazonaws.com/photos/229532080/medium.jpeg,cc-by-nc,134643441,needs_id,35.1383518879,-101.932719368,native
lythrum_californicum_994.jpeg,https://inaturalist-open-data.s3.amazonaws.com/photos/229516620/medium.jpeg,cc-by-nc,134636709,needs_id,35.1561943859,-101.9162734085,native
lythrum_californicum_995.jpeg,https://inaturalist-open-data.s3.amazonaws.com/photos/229505172/medium.jpeg,cc-by-nc,134629978,needs_id,35.236407269,-101.6618890862,native
lythrum_californicum_996.jpeg,https://inaturalist-open-data.s3.amazonaws.com/photos/229240464/medium.jpeg,cc-by-nc,134486371,needs_id,32.3397179722,-106.57983,native
lythrum_californicum_997.jpeg,https://inaturalist-open-data.s3.amazonaws.com/photos/229240516/medium.jpeg,cc-by-nc,134486371,needs_id,32.3397179722,-106.57983,native
lythrum_californicum_998.jpg,https://inaturalist-open-data.s3.amazonaws.com/photos/229233706/medium.jpg,cc-by-nc,134482794,research,32.3397992387,-106.5767734593,native
lythrum_californicum_999.jpg,https://inaturalist-open-data.s3.amazonaws.com/photos/229233738/medium.jpg,cc-by-nc,134482794,research,32.3397992387,-106.5767734593,native
lythrum_californicum_1000.jpg,https://inaturalist-open-data.s3.amazonaws.com/photos/229233987/medium.jpg,cc-by-nc,134482794,research,32.3397992387,-106.5767734593,native
lythrum_californicum_1001.jpg,https://inaturalist-open-data.s3.amazonaws.com/photos/229234030/medium.jpg,cc-by-nc,134482794,research,32.3397992387,-106.5767734593,native
lythrum_californicum_1002.jpg,https://inaturalist-open-data.s3.amazonaws.com/photos/229234071/medium.jpg,cc-by-nc,134482794,research,32.3397992387,-106.5767734593,native
lythrum_californicum_1003.jpeg,https://inaturalist-open-data.s3.amazonaws.com/photos/229147798/medium.jpeg,cc-by-nc,134435844,needs_id,36.4127758397,-116.3288221881,native
lythrum_californicum_1004.jpg,https://inaturalist-open-data.s3.amazonaws.com/photos/228736200/medium.jpg,cc-by-nc,134216207,research,34.1560058594,-118.9805450439,native
lythrum_californicum_1005.jpeg,https://inaturalist-open-data.s3.amazonaws.com/photos/229558287/medium.jpeg,cc-by-nc,134216207,research,34.1560058594,-118.9805450439,native
lythrum_californicum_1006.jpeg,https://inaturalist-open-data.s3.amazonaws.com/photos/228625546/medium.jpeg,cc-by,134153965,casual,36.2086015333,-96.0603654385,native
lythrum_californicum_1007.jpg,https://inaturalist-open-data.s3.amazonaws.com/photos/227344655/medium.jpg,cc-by-nc,133467911,research,37.0566583333,-121.0648721667,native
lythrum_californicum_1008.jpg,https://inaturalist-open-data.s3.amazonaws.com/photos/227344676/medium.jpg,cc-by-nc,133467911,research,37.0566583333,-121.0648721667,native
lythrum_californicum_1009.jpg,https://inaturalist-open-data.s3.amazonaws.com/photos/227344713/medium.jpg,cc-by-nc,133467911,research,37.0566583333,-121.0648721667,native
lythrum_californicum_1010.jpg,https://inaturalist-open-data.s3.amazonaws.com/photos/226612035/medium.jpg,cc-by-nc,133071371,research,38.5959633333,-122.600525,native
lythrum_californicum_1011.jpg,https://inaturalist-open-data.s3.amazonaws.com/photos/226612083/medium.jpg,cc-by-nc,133071371,research,38.5959633333,-122.600525,native
lythrum_californicum_1012.jpeg,https://inaturalist-open-data.s3.amazonaws.com/photos/226298499/medium.jpeg,cc-by-nc,132905345,research,35.8788854065,-117.907393894,native
lythrum_californicum_1013.jpeg,https://inaturalist-open-data.s3.amazonaws.com/photos/226298530/medium.jpeg,cc-by-nc,132905345,research,35.8788854065,-117.907393894,native
lythrum_californicum_1014.jpeg,https://inaturalist-open-data.s3.amazonaws.com/photos/226296754/medium.jpeg,cc-by-nc,132901842,research,34.538578,-111.6880883,native
lythrum_californicum_1015.jpeg,https://inaturalist-open-data.s3.amazonaws.com/photos/226296865/medium.jpeg,cc-by-nc,132901842,research,34.538578,-111.6880883,native
lythrum_californicum_1016.jpeg,https://inaturalist-open-data.s3.amazonaws.com/photos/226296925/medium.jpeg,cc-by-nc,132901842,research,34.538578,-111.6880883,native
lythrum_californicum_1017.jpeg,https://inaturalist-open-data.s3.amazonaws.com/photos/226296986/medium.jpeg,cc-by-nc,132901842,research,34.538578,-111.6880883,native
lythrum_californicum_1018.jpg,https://inaturalist-open-data.s3.amazonaws.com/photos/226160433/medium.jpg,cc-by-nc,132827731,needs_id,38.4364977363,-96.5641120133,native
lythrum_californicum_1019.jpg,https://inaturalist-open-data.s3.amazonaws.com/photos/226064377/medium.jpg,cc-by-nc,132778072,research,35.9713866667,-117.9652716667,native
lythrum_californicum_1020.jpg,https://inaturalist-open-data.s3.amazonaws.com/photos/226064392/medium.jpg,cc-by-nc,132778072,research,35.9713866667,-117.9652716667,native
lythrum_californicum_1021.jpg,https://inaturalist-open-data.s3.amazonaws.com/photos/226064420/medium.jpg,cc-by-nc,132778072,research,35.9713866667,-117.9652716667,native
lythrum_californicum_1022.jpeg,https://inaturalist-open-data.s3.amazonaws.com/photos/225018995/medium.jpeg,cc-by-nc,132163363,research,34.1682479977,-118.4747109828,native
lythrum_californicum_1023.jpg,https://inaturalist-open-data.s3.amazonaws.com/photos/224532284/medium.jpg,cc-by-nc,131900817,research,37.3308105997,-118.0903145997,native
lythrum_californicum_1024.jpg,https://inaturalist-open-data.s3.amazonaws.com/photos/224532282/medium.jpg,cc-by-nc,131900817,research,37.3308105997,-118.0903145997,native
lythrum_californicum_1025.jpg,https://inaturalist-open-data.s3.amazonaws.com/photos/223985906/medium.jpg,cc-by-nc,131605145,needs_id,38.436005,-96.5578083333,native
lythrum_californicum_1026.jpeg,https://inaturalist-open-data.s3.amazonaws.com/photos/223390569/medium.jpeg,cc-by-nc,131285110,needs_id,35.1422721271,-101.9525836937,native
lythrum_californicum_1027.jpeg,https://inaturalist-open-data.s3.amazonaws.com/photos/223386932/medium.jpeg,cc-by-nc,131282901,needs_id,35.1368824357,-101.9309850512,native
lythrum_californicum_1028.jpeg,https://inaturalist-open-data.s3.amazonaws.com/photos/223366484/medium.jpeg,cc-by,131243138,needs_id,36.7118835449,-114.71534729,native
lythrum_californicum_1029.jpg,https://inaturalist-open-data.s3.amazonaws.com/photos/223107636/medium.jpg,cc-by-nc,131131606,research,34.25175,-117.4592966667,native
lythrum_californicum_1030.jpg,https://inaturalist-open-data.s3.amazonaws.com/photos/223107656/medium.jpg,cc-by-nc,131131606,research,34.25175,-117.4592966667,native
lythrum_californicum_1031.jpg,https://inaturalist-open-data.s3.amazonaws.com/photos/223107680/medium.jpg,cc-by-nc,131131606,research,34.25175,-117.4592966667,native
lythrum_californicum_1032.jpg,https://inaturalist-open-data.s3.amazonaws.com/photos/223107700/medium.jpg,cc-by-nc,131131606,research,34.25175,-117.4592966667,native
lythrum_californicum_1033.jpg,https://inaturalist-open-data.s3.amazonaws.com/photos/224594003/medium.jpg,cc-by-nc,131071818,research,34.3932791334,-118.8884058875,native
lythrum_californicum_1034.jpg,https://inaturalist-open-data.s3.amazonaws.com/photos/224594037/medium.jpg,cc-by-nc,131071818,research,34.3932791334,-118.8884058875,native
lythrum_californicum_1035.jpg,https://inaturalist-open-data.s3.amazonaws.com/photos/224594073/medium.jpg,cc-by-nc,131071818,research,34.3932791334,-118.8884058875,native
lythrum_californicum_1038.jpg,https://inaturalist-open-data.s3.amazonaws.com/photos/222668988/medium.jpg,cc-by-nc,130893261,research,34.1553,-118.9822916667,native
lythrum_californicum_1039.jpg,https://inaturalist-open-data.s3.amazonaws.com/photos/222669113/medium.jpg,cc-by-nc,130893261,research,34.1553,-118.9822916667,native
lythrum_californicum_1040.jpg,https://inaturalist-open-data.s3.amazonaws.com/photos/222573586/medium.jpg,cc-by-nc,130843015,research,33.587805,-117.5179883333,native
lythrum_californicum_1044.jpg,https://inaturalist-open-data.s3.amazonaws.com/photos/221576052/medium.jpg,cc-by-nc,130303324,research,33.6935732793,-117.3517417723,native
lythrum_californicum_1045.jpg,https://inaturalist-open-data.s3.amazonaws.com/photos/221576028/medium.jpg,cc-by-nc,130303324,research,33.6935732793,-117.3517417723,native
lythrum_californicum_1046.jpg,https://inaturalist-open-data.s3.amazonaws.com/photos/221576076/medium.jpg,cc-by-nc,130303324,research,33.6935732793,-117.3517417723,native
lythrum_californicum_1047.jpg,https://inaturalist-open-data.s3.amazonaws.com/photos/221576093/medium.jpg,cc-by-nc,130303324,research,33.6935732793,-117.3517417723,native
lythrum_californicum_1048.jpg,https://inaturalist-open-data.s3.amazonaws.com/photos/221574595/medium.jpg,cc-by-nc,130303279,needs_id,32.7494312997,-105.912958,native
lythrum_californicum_1049.jpg,https://inaturalist-open-data.s3.amazonaws.com/photos/221574555/medium.jpg,cc-by-nc,130303279,needs_id,32.7494312997,-105.912958,native
lythrum_californicum_1050.jpg,https://inaturalist-open-data.s3.amazonaws.com/photos/221574651/medium.jpg,cc-by-nc,130303279,needs_id,32.7494312997,-105.912958,native
lythrum_californicum_1051.jpg,https://inaturalist-open-data.s3.amazonaws.com/photos/221094460/medium.jpg,cc-by-nc,130045487,research,35.25978,-120.6609033333,native
lythrum_californicum_1052.jpg,https://inaturalist-open-data.s3.amazonaws.com/photos/221094475/medium.jpg,cc-by-nc,130045487,research,35.25978,-120.6609033333,native
lythrum_californicum_1053.jpg,https://inaturalist-open-data.s3.amazonaws.com/photos/220789096/medium.jpg,cc-by-nc,129888169,research,31.4600361,-111.2342833333,native
lythrum_californicum_1054.jpeg,https://inaturalist-open-data.s3.amazonaws.com/photos/220744329/medium.jpeg,cc-by,129859855,research,37.4050111111,-118.3107222222,native
lythrum_californicum_1055.jpeg,https://inaturalist-open-data.s3.amazonaws.com/photos/220597544/medium.jpeg,cc-by,129778645,research,38.02408963,-121.83802683,native
lythrum_californicum_1056.jpeg,https://inaturalist-open-data.s3.amazonaws.com/photos/220596810/medium.jpeg,cc-by,129778287,research,38.02056729,-121.82218824,native
lythrum_californicum_1057.jpeg,https://inaturalist-open-data.s3.amazonaws.com/photos/220596830/medium.jpeg,cc-by,129778287,research,38.02056729,-121.82218824,native
lythrum_californicum_1058.jpg,https://inaturalist-open-data.s3.amazonaws.com/photos/220582511/medium.jpg,cc-by-nc,129770539,research,34.4684366667,-119.6230466667,native
lythrum_californicum_1059.jpg,https://inaturalist-open-data.s3.amazonaws.com/photos/220582485/medium.jpg,cc-by-nc,129770539,research,34.4684366667,-119.6230466667,native
lythrum_californicum_1060.jpg,https://inaturalist-open-data.s3.amazonaws.com/photos/220582522/medium.jpg,cc-by-nc,129770539,research,34.4684366667,-119.6230466667,native
lythrum_californicum_1061.jpg,https://inaturalist-open-data.s3.amazonaws.com/photos/220582554/medium.jpg,cc-by-nc,129770539,research,34.4684366667,-119.6230466667,native
lythrum_californicum_1063.jpg,https://inaturalist-open-data.s3.amazonaws.com/photos/220067878/medium.jpg,cc-by-nc,129493337,research,36.0675175688,-115.6815484477,native
lythrum_californicum_1064.jpg,https://inaturalist-open-data.s3.amazonaws.com/photos/220067895/medium.jpg,cc-by-nc,129493337,research,36.0675175688,-115.6815484477,native
lythrum_californicum_1065.jpeg,https://inaturalist-open-data.s3.amazonaws.com/photos/219330572/medium.jpeg,cc-by,129093065,needs_id,36.9252306394,-116.7613761945,native
lythrum_californicum_1066.jpeg,https://inaturalist-open-data.s3.amazonaws.com/photos/219330468/medium.jpeg,cc-by,129093065,needs_id,36.9252306394,-116.7613761945,native
lythrum_californicum_1067.jpeg,https://inaturalist-open-data.s3.amazonaws.com/photos/219326888/medium.jpeg,cc-by,129093043,needs_id,36.8712961747,-116.6870264807,native
lythrum_californicum_1068.jpeg,https://inaturalist-open-data.s3.amazonaws.com/photos/219326794/medium.jpeg,cc-by,129093043,needs_id,36.8712961747,-116.6870264807,native
lythrum_californicum_1069.jpeg,https://inaturalist-open-data.s3.amazonaws.com/photos/218651285/medium.jpeg,cc0,128711698,needs_id,38.4359499722,-96.55781,native
lythrum_californicum_1070.jpeg,https://inaturalist-open-data.s3.amazonaws.com/photos/218651368/medium.jpeg,cc0,128711698,needs_id,38.4359499722,-96.55781,native
lythrum_californicum_1071.jpg,https://inaturalist-open-data.s3.amazonaws.com/photos/218639729/medium.jpg,cc-by-nc,128704551,needs_id,35.1613321618,-101.9196147044,native
lythrum_californicum_1072.jpg,https://inaturalist-open-data.s3.amazonaws.com/photos/218639994/medium.jpg,cc-by-nc,128704551,needs_id,35.1613321618,-101.9196147044,native
lythrum_californicum_1073.jpeg,https://inaturalist-open-data.s3.amazonaws.com/photos/218593003/medium.jpeg,cc-by-nc,128683218,needs_id,35.2126238308,-100.8657822934,native
lythrum_californicum_1074.jpg,https://inaturalist-open-data.s3.amazonaws.com/photos/218100695/medium.jpg,cc-by-nc-sa,128403232,research,34.2728614535,-117.4652827045,native
lythrum_californicum_1075.jpg,https://inaturalist-open-data.s3.amazonaws.com/photos/218100929/medium.jpg,cc-by-nc-sa,128403232,research,34.2728614535,-117.4652827045,native
lythrum_californicum_1076.jpg,https://inaturalist-open-data.s3.amazonaws.com/photos/218088760/medium.jpg,cc-by-nc,128396502,research,34.634705,-118.6360633333,native
lythrum_californicum_1077.jpg,https://inaturalist-open-data.s3.amazonaws.com/photos/218088780/medium.jpg,cc-by-nc,128396502,research,34.634705,-118.6360633333,native
lythrum_californicum_1078.jpg,https://inaturalist-open-data.s3.amazonaws.com/photos/218088800/medium.jpg,cc-by-nc,128396502,research,34.634705,-118.6360633333,native
lythrum_californicum_1079.jpg,https://inaturalist-open-data.s3.amazonaws.com/photos/218080048/medium.jpg,cc-by-nc,128391867,needs_id,39.1458278333,-122.4787133333,native
lythrum_californicum_1080.jpg,https://inaturalist-open-data.s3.amazonaws.com/photos/218080069/medium.jpg,cc-by-nc,128391867,needs_id,39.1458278333,-122.4787133333,native
lythrum_californicum_1081.jpg,https://inaturalist-open-data.s3.amazonaws.com/photos/218080108/medium.jpg,cc-by-nc,128391867,needs_id,39.1458278333,-122.4787133333,native
lythrum_californicum_1082.jpeg,https://inaturalist-open-data.s3.amazonaws.com/photos/218030919/medium.jpeg,cc-by-nc,128366795,research,38.4368138889,-96.5642388889,native
lythrum_californicum_1083.jpeg,https://inaturalist-open-data.s3.amazonaws.com/photos/218030993/medium.jpeg,cc-by-nc,128366795,research,38.4368138889,-96.5642388889,native
lythrum_californicum_1084.jpg,https://inaturalist-open-data.s3.amazonaws.com/photos/217546596/medium.jpg,cc-by-nc,128093984,needs_id,36.45692,-116.0275583333,native
lythrum_californicum_1085.jpg,https://inaturalist-open-data.s3.amazonaws.com/photos/217546632/medium.jpg,cc-by-nc,128093984,needs_id,36.45692,-116.0275583333,native
lythrum_californicum_1086.jpg,https://inaturalist-open-data.s3.amazonaws.com/photos/217546690/medium.jpg,cc-by-nc,128093984,needs_id,36.45692,-116.0275583333,native
lythrum_californicum_1087.jpg,https://inaturalist-open-data.s3.amazonaws.com/photos/217546726/medium.jpg,cc-by-nc,128093984,needs_id,36.45692,-116.0275583333,native
lythrum_californicum_1088.jpg,https://inaturalist-open-data.s3.amazonaws.com/photos/217498117/medium.jpg,cc-by-nc,128067738,research,36.45767,-116.0282833333,native
lythrum_californicum_1089.jpg,https://inaturalist-open-data.s3.amazonaws.com/photos/217498170/medium.jpg,cc-by-nc,128067738,research,36.45767,-116.0282833333,native
lythrum_californicum_1090.jpeg,https://inaturalist-open-data.s3.amazonaws.com/photos/216073809/medium.jpeg,cc-by-nc,127283852,research,32.907175,-110.561475,native
lythrum_californicum_1091.jpeg,https://inaturalist-open-data.s3.amazonaws.com/photos/216073832/medium.jpeg,cc-by-nc,127283852,research,32.907175,-110.561475,native
lythrum_californicum_1092.jpeg,https://inaturalist-open-data.s3.amazonaws.com/photos/215736584/medium.jpeg,cc-by-nc,127099864,research,31.63246725,-116.4340133611,native
lythrum_californicum_1093.jpeg,https://inaturalist-open-data.s3.amazonaws.com/photos/215736615/medium.jpeg,cc-by-nc,127099864,research,31.63246725,-116.4340133611,native
lythrum_californicum_1094.jpeg,https://inaturalist-open-data.s3.amazonaws.com/photos/215736634/medium.jpeg,cc-by-nc,127099864,research,31.63246725,-116.4340133611,native
lythrum_californicum_1095.jpg,https://inaturalist-open-data.s3.amazonaws.com/photos/215652771/medium.jpg,cc-by-nc,127052889,research,35.7129583333,-117.92398,native
lythrum_californicum_1096.jpg,https://inaturalist-open-data.s3.amazonaws.com/photos/215652789/medium.jpg,cc-by-nc,127052889,research,35.7129583333,-117.92398,native
lythrum_californicum_1097.jpg,https://inaturalist-open-data.s3.amazonaws.com/photos/215652811/medium.jpg,cc-by-nc,127052889,research,35.7129583333,-117.92398,native
lythrum_californicum_1098.jpg,https://inaturalist-open-data.s3.amazonaws.com/photos/215287979/medium.jpg,cc-by-nc,126855639,research,34.0940055,-119.0028,native
lythrum_californicum_1099.jpg,https://inaturalist-open-data.s3.amazonaws.com/photos/215329774/medium.jpg,cc-by-nc,126855639,research,34.0940055,-119.0028,native
lythrum_californicum_1100.jpg,https://inaturalist-open-data.s3.amazonaws.com/photos/215316570/medium.jpg,cc-by-nc,126855639,research,34.0940055,-119.0028,native
lythrum_californicum_1101.jpg,https://inaturalist-open-data.s3.amazonaws.com/photos/215140579/medium.jpg,cc-by-nc,126771820,research,34.5449466667,-119.8032133333,native
lythrum_californicum_1102.jpg,https://inaturalist-open-data.s3.amazonaws.com/photos/215140602/medium.jpg,cc-by-nc,126771820,research,34.5449466667,-119.8032133333,native
lythrum_californicum_1103.jpg,https://inaturalist-open-data.s3.amazonaws.com/photos/215140618/medium.jpg,cc-by-nc,126771820,research,34.5449466667,-119.8032133333,native
lythrum_californicum_1104.jpg,https://inaturalist-open-data.s3.amazonaws.com/photos/215140628/medium.jpg,cc-by-nc,126771820,research,34.5449466667,-119.8032133333,native
lythrum_californicum_1105.jpg,https://inaturalist-open-data.s3.amazonaws.com/photos/214699763/medium.jpg,cc-by-nc,126532317,research,38.1576809055,-97.8384568636,native
lythrum_californicum_1106.jpg,https://inaturalist-open-data.s3.amazonaws.com/photos/214699819/medium.jpg,cc-by-nc,126532317,research,38.1576809055,-97.8384568636,native
lythrum_californicum_1107.jpeg,https://inaturalist-open-data.s3.amazonaws.com/photos/214680667/medium.jpeg,cc-by-nc,126522002,research,35.1606509602,-101.8089412618,native
lythrum_californicum_1108.jpeg,https://inaturalist-open-data.s3.amazonaws.com/photos/214680685/medium.jpeg,cc-by-nc,126522002,research,35.1606509602,-101.8089412618,native
lythrum_californicum_1109.jpeg,https://inaturalist-open-data.s3.amazonaws.com/photos/214637449/medium.jpeg,cc-by-nc,126497924,research,38.014928,-121.782325,native
lythrum_californicum_1110.jpeg,https://inaturalist-open-data.s3.amazonaws.com/photos/214637887/medium.jpeg,cc-by-nc,126497924,research,38.014928,-121.782325,native
lythrum_californicum_1111.jpeg,https://inaturalist-open-data.s3.amazonaws.com/photos/214637962/medium.jpeg,cc-by-nc,126497924,research,38.014928,-121.782325,native
lythrum_californicum_1112.jpeg,https://inaturalist-open-data.s3.amazonaws.com/photos/214235527/medium.jpeg,cc-by,126273964,research,38.014858,-121.78188,native
lythrum_californicum_1113.jpg,https://inaturalist-open-data.s3.amazonaws.com/photos/214156981/medium.jpg,cc-by-nc,126231129,research,38.4049162532,-97.7483569987,native
lythrum_californicum_1114.jpg,https://inaturalist-open-data.s3.amazonaws.com/photos/214168188/medium.jpg,cc-by-nc,126231129,research,38.4049162532,-97.7483569987,native
lythrum_californicum_1115.jpg,https://inaturalist-open-data.s3.amazonaws.com/photos/212615247/medium.jpg,cc-by-nc,125378238,research,33.7629222222,-116.5525166667,native
lythrum_californicum_1116.jpg,https://inaturalist-open-data.s3.amazonaws.com/photos/212615272/medium.jpg,cc-by-nc,125378238,research,33.7629222222,-116.5525166667,native
lythrum_californicum_1117.jpeg,https://inaturalist-open-data.s3.amazonaws.com/photos/212552053/medium.jpeg,cc-by-nc,125343016,needs_id,36.7110694444,-114.7146611111,native
lythrum_californicum_1118.jpeg,https://inaturalist-open-data.s3.amazonaws.com/photos/212552085/medium.jpeg,cc-by-nc,125343016,needs_id,36.7110694444,-114.7146611111,native
lythrum_californicum_1119.jpeg,https://inaturalist-open-data.s3.amazonaws.com/photos/212552106/medium.jpeg,cc-by-nc,125343016,needs_id,36.7110694444,-114.7146611111,native
lythrum_californicum_1120.jpeg,https://inaturalist-open-data.s3.amazonaws.com/photos/212552137/medium.jpeg,cc-by-nc,125343016,needs_id,36.7110694444,-114.7146611111,native
lythrum_californicum_1121.jpg,https://inaturalist-open-data.s3.amazonaws.com/photos/211806982/medium.jpg,cc-by-nc,124929881,research,33.98985,-116.660325,native
lythrum_californicum_1122.jpg,https://inaturalist-open-data.s3.amazonaws.com/photos/211807034/medium.jpg,cc-by-nc,124929881,research,33.98985,-116.660325,native
lythrum_californicum_1123.jpg,https://inaturalist-open-data.s3.amazonaws.com/photos/211807096/medium.jpg,cc-by-nc,124929881,research,33.98985,-116.660325,native
lythrum_californicum_1124.jpeg,https://inaturalist-open-data.s3.amazonaws.com/photos/210209445/medium.jpeg,cc-by-nc,124044538,research,32.122245,-110.503996,native
lythrum_californicum_1125.jpeg,https://inaturalist-open-data.s3.amazonaws.com/photos/210209466/medium.jpeg,cc-by-nc,124044538,research,32.122245,-110.503996,native
lythrum_californicum_1126.jpeg,https://inaturalist-open-data.s3.amazonaws.com/photos/210209496/medium.jpeg,cc-by-nc,124044538,research,32.122245,-110.503996,native
lythrum_californicum_1127.jpeg,https://inaturalist-open-data.s3.amazonaws.com/photos/210210172/medium.jpeg,cc-by-nc,124044538,research,32.122245,-110.503996,native
lythrum_californicum_1128.jpeg,https://inaturalist-open-data.s3.amazonaws.com/photos/210210194/medium.jpeg,cc-by-nc,124044538,research,32.122245,-110.503996,native
lythrum_californicum_1129.jpeg,https://inaturalist-open-data.s3.amazonaws.com/photos/210210223/medium.jpeg,cc-by-nc,124044538,research,32.122245,-110.503996,native
lythrum_californicum_1130.jpg,https://inaturalist-open-data.s3.amazonaws.com/photos/210067458/medium.jpg,cc-by-nc,123964882,research,33.6154533333,-117.7586366667,native
lythrum_californicum_1131.jpg,https://inaturalist-open-data.s3.amazonaws.com/photos/210067475/medium.jpg,cc-by-nc,123964882,research,33.6154533333,-117.7586366667,native
lythrum_californicum_1132.jpg,https://inaturalist-open-data.s3.amazonaws.com/photos/210067514/medium.jpg,cc-by-nc,123964882,research,33.6154533333,-117.7586366667,native
lythrum_californicum_1133.jpg,https://inaturalist-open-data.s3.amazonaws.com/photos/210067535/medium.jpg,cc-by-nc,123964882,research,33.6154533333,-117.7586366667,native
lythrum_californicum_1134.jpg,https://inaturalist-open-data.s3.amazonaws.com/photos/210067553/medium.jpg,cc-by-nc,123964882,research,33.6154533333,-117.7586366667,native
lythrum_californicum_1135.jpeg,https://inaturalist-open-data.s3.amazonaws.com/photos/209930755/medium.jpeg,cc-by,123890982,needs_id,36.4010883333,-116.2727316667,native
lythrum_californicum_1136.jpeg,https://inaturalist-open-data.s3.amazonaws.com/photos/209930798/medium.jpeg,cc-by,123890982,needs_id,36.4010883333,-116.2727316667,native
lythrum_californicum_1137.jpeg,https://inaturalist-open-data.s3.amazonaws.com/photos/209928289/medium.jpeg,cc-by,123889725,research,36.401575,-116.2738816667,native
lythrum_californicum_1138.jpeg,https://inaturalist-open-data.s3.amazonaws.com/photos/209928319/medium.jpeg,cc-by,123889725,research,36.401575,-116.2738816667,native
lythrum_californicum_1139.jpeg,https://inaturalist-open-data.s3.amazonaws.com/photos/209925917/medium.jpeg,cc-by,123888192,research,36.4014983333,-116.2744616667,native
lythrum_californicum_1140.jpeg,https://inaturalist-open-data.s3.amazonaws.com/photos/209925931/medium.jpeg,cc-by,123888192,research,36.4014983333,-116.2744616667,native
lythrum_californicum_1141.jpeg,https://inaturalist-open-data.s3.amazonaws.com/photos/209893036/medium.jpeg,cc-by-nc,123870336,research,34.1623579722,-117.888283,native
lythrum_californicum_1142.jpeg,https://inaturalist-open-data.s3.amazonaws.com/photos/209893059/medium.jpeg,cc-by-nc,123870336,research,34.1623579722,-117.888283,native
lythrum_californicum_1143.jpeg,https://inaturalist-open-data.s3.amazonaws.com/photos/209893078/medium.jpeg,cc-by-nc,123870336,research,34.1623579722,-117.888283,native
lythrum_californicum_1144.jpeg,https://inaturalist-open-data.s3.amazonaws.com/photos/209893108/medium.jpeg,cc-by-nc,123870336,research,34.1623579722,-117.888283,native
lythrum_californicum_1145.jpg,https://inaturalist-open-data.s3.amazonaws.com/photos/209878477/medium.jpg,cc-by-nc,123862195,research,38.6887351167,-121.8697382406,native
lythrum_californicum_1146.jpg,https://inaturalist-open-data.s3.amazonaws.com/photos/209820096/medium.jpg,cc-by-nc,123829001,needs_id,33.4687238292,-101.8937815707,native
lythrum_californicum_1147.jpeg,https://inaturalist-open-data.s3.amazonaws.com/photos/209345120/medium.jpeg,cc-by-nc,123569820,research,34.0023439175,-119.7110200301,native
lythrum_californicum_1148.jpg,https://inaturalist-open-data.s3.amazonaws.com/photos/208578296/medium.jpg,cc-by,123140853,needs_id,30.3313835129,-97.8388409932,native
lythrum_californicum_1149.jpg,https://inaturalist-open-data.s3.amazonaws.com/photos/208578254/medium.jpg,cc-by,123140853,needs_id,30.3313835129,-97.8388409932,native
lythrum_californicum_1150.jpg,https://inaturalist-open-data.s3.amazonaws.com/photos/208578334/medium.jpg,cc-by,123140853,needs_id,30.3313835129,-97.8388409932,native
lythrum_californicum_1151.jpg,https://inaturalist-open-data.s3.amazonaws.com/photos/208578373/medium.jpg,cc-by,123140853,needs_id,30.3313835129,-97.8388409932,native
lythrum_californicum_1152.jpeg,https://inaturalist-open-data.s3.amazonaws.com/photos/208387423/medium.jpeg,cc-by-nc,123035086,research,34.2925535498,-119.1275899485,native
lythrum_californicum_1153.jpeg,https://inaturalist-open-data.s3.amazonaws.com/photos/207798929/medium.jpeg,cc-by,122713777,needs_id,32.62917,-97.4268766667,native
lythrum_californicum_1154.jpeg,https://inaturalist-open-data.s3.amazonaws.com/photos/207798954/medium.jpeg,cc-by,122713777,needs_id,32.62917,-97.4268766667,native
lythrum_californicum_1155.jpeg,https://inaturalist-open-data.s3.amazonaws.com/photos/207798952/medium.jpeg,cc-by,122713777,needs_id,32.62917,-97.4268766667,native
lythrum_californicum_1156.jpg,https://inaturalist-open-data.s3.amazonaws.com/photos/207601632/medium.jpg,cc-by,122604699,research,28.5831038044,-99.8096211571,native
lythrum_californicum_1157.jpg,https://inaturalist-open-data.s3.amazonaws.com/photos/207601654/medium.jpg,cc-by,122604699,research,28.5831038044,-99.8096211571,native
lythrum_californicum_1158.jpg,https://inaturalist-open-data.s3.amazonaws.com/photos/207601688/medium.jpg,cc-by,122604699,research,28.5831038044,-99.8096211571,native
lythrum_californicum_1159.jpeg,https://inaturalist-open-data.s3.amazonaws.com/photos/207421304/medium.jpeg,cc-by-nc,122508312,needs_id,33.8817166667,-111.9619027778,native
lythrum_californicum_1160.jpg,https://inaturalist-open-data.s3.amazonaws.com/photos/207062223/medium.jpg,cc-by-nc,122305556,needs_id,33.9554243366,-96.6058829246,native
lythrum_californicum_1161.jpeg,https://inaturalist-open-data.s3.amazonaws.com/photos/206972892/medium.jpeg,cc-by,122254827,research,36.4013972222,-116.2724777778,native
lythrum_californicum_1162.jpeg,https://inaturalist-open-data.s3.amazonaws.com/photos/206972933/medium.jpeg,cc-by,122254827,research,36.4013972222,-116.2724777778,native
lythrum_californicum_1163.jpeg,https://inaturalist-open-data.s3.amazonaws.com/photos/206972963/medium.jpeg,cc-by,122254827,research,36.4013972222,-116.2724777778,native
lythrum_californicum_1164.jpeg,https://inaturalist-open-data.s3.amazonaws.com/photos/206972996/medium.jpeg,cc-by,122254827,research,36.4013972222,-116.2724777778,native
lythrum_californicum_1165.jpeg,https://inaturalist-open-data.s3.amazonaws.com/photos/206203138/medium.jpeg,cc-by-nc,121835983,research,33.1284361111,-116.8018333333,native
lythrum_californicum_1166.jpeg,https://inaturalist-open-data.s3.amazonaws.com/photos/206203187/medium.jpeg,cc-by-nc,121835983,research,33.1284361111,-116.8018333333,native
lythrum_californicum_1167.jpeg,https://inaturalist-open-data.s3.amazonaws.com/photos/206203240/medium.jpeg,cc-by-nc,121835983,research,33.1284361111,-116.8018333333,native
lythrum_californicum_1168.jpg,https://inaturalist-open-data.s3.amazonaws.com/photos/206061827/medium.jpg,cc-by-nc,121750564,needs_id,29.9976389217,-97.8538245265,native
lythrum_californicum_1169.jpg,https://inaturalist-open-data.s3.amazonaws.com/photos/206062039/medium.jpg,cc-by-nc,121750564,needs_id,29.9976389217,-97.8538245265,native
lythrum_californicum_1170.jpg,https://inaturalist-open-data.s3.amazonaws.com/photos/206062231/medium.jpg,cc-by-nc,121750564,needs_id,29.9976389217,-97.8538245265,native
lythrum_californicum_1171.jpg,https://inaturalist-open-data.s3.amazonaws.com/photos/206062400/medium.jpg,cc-by-nc,121750564,needs_id,29.9976389217,-97.8538245265,native
lythrum_californicum_1172.jpg,https://inaturalist-open-data.s3.amazonaws.com/photos/206062474/medium.jpg,cc-by-nc,121750564,needs_id,29.9976389217,-97.8538245265,native
lythrum_californicum_1173.jpg,https://inaturalist-open-data.s3.amazonaws.com/photos/206062604/medium.jpg,cc-by-nc,121750564,needs_id,29.9976389217,-97.8538245265,native
lythrum_californicum_1174.jpg,https://inaturalist-open-data.s3.amazonaws.com/photos/205766744/medium.jpg,cc-by-nc,121587214,needs_id,32.6118646413,-97.4038525381,native
lythrum_californicum_1175.jpg,https://inaturalist-open-data.s3.amazonaws.com/photos/205766796/medium.jpg,cc-by-nc,121587214,needs_id,32.6118646413,-97.4038525381,native
lythrum_californicum_1176.jpg,https://inaturalist-open-data.s3.amazonaws.com/photos/205781672/medium.jpg,cc-by-nc,121587214,needs_id,32.6118646413,-97.4038525381,native
lythrum_californicum_1177.jpg,https://inaturalist-open-data.s3.amazonaws.com/photos/205668243/medium.jpg,cc-by-nc,121534078,needs_id,38.95725,-122.34497,native
lythrum_californicum_1178.jpg,https://inaturalist-open-data.s3.amazonaws.com/photos/205668293/medium.jpg,cc-by-nc,121534078,needs_id,38.95725,-122.34497,native
lythrum_californicum_1179.jpg,https://inaturalist-open-data.s3.amazonaws.com/photos/204485442/medium.jpg,cc-by-nc,120873746,research,33.3713,-116.4245533333,native
lythrum_californicum_1180.jpg,https://inaturalist-open-data.s3.amazonaws.com/photos/204485485/medium.jpg,cc-by-nc,120873746,research,33.3713,-116.4245533333,native
lythrum_californicum_1181.jpg,https://inaturalist-open-data.s3.amazonaws.com/photos/204485542/medium.jpg,cc-by-nc,120873746,research,33.3713,-116.4245533333,native
lythrum_californicum_1182.jpg,https://inaturalist-open-data.s3.amazonaws.com/photos/204485642/medium.jpg,cc-by-nc,120873746,research,33.3713,-116.4245533333,native
lythrum_californicum_1183.jpeg,https://inaturalist-open-data.s3.amazonaws.com/photos/204300570/medium.jpeg,cc-by,120769453,research,34.50886,-119.57775,native
lythrum_californicum_1184.jpeg,https://inaturalist-open-data.s3.amazonaws.com/photos/204301689/medium.jpeg,cc-by,120769453,research,34.50886,-119.57775,native
lythrum_californicum_1185.jpeg,https://inaturalist-open-data.s3.amazonaws.com/photos/204301695/medium.jpeg,cc-by,120769453,research,34.50886,-119.57775,native
lythrum_californicum_1186.jpeg,https://inaturalist-open-data.s3.amazonaws.com/photos/204017015/medium.jpeg,cc-by-nc,120612148,needs_id,33.3733199722,-97.567774,native
lythrum_californicum_1187.jpeg,https://inaturalist-open-data.s3.amazonaws.com/photos/204017184/medium.jpeg,cc-by-nc,120612148,needs_id,33.3733199722,-97.567774,native
lythrum_californicum_1188.jpeg,https://inaturalist-open-data.s3.amazonaws.com/photos/204017232/medium.jpeg,cc-by-nc,120612148,needs_id,33.3733199722,-97.567774,native
lythrum_californicum_1189.jpeg,https://inaturalist-open-data.s3.amazonaws.com/photos/204017383/medium.jpeg,cc-by-nc,120612148,needs_id,33.3733199722,-97.567774,native
lythrum_californicum_1190.jpg,https://inaturalist-open-data.s3.amazonaws.com/photos/203734010/medium.jpg,cc-by,120455113,needs_id,36.7522179722,-96.363139,native
lythrum_californicum_1191.jpg,https://inaturalist-open-data.s3.amazonaws.com/photos/203726501/medium.jpg,cc-by-nc,120451288,research,35.8820216667,-117.925155,native
lythrum_californicum_1192.jpg,https://inaturalist-open-data.s3.amazonaws.com/photos/203726530/medium.jpg,cc-by-nc,120451288,research,35.8820216667,-117.925155,native
lythrum_californicum_1193.jpeg,https://inaturalist-open-data.s3.amazonaws.com/photos/203660440/medium.jpeg,cc-by-nc,120418037,needs_id,29.3330555556,-98.4269333333,native
lythrum_californicum_1194.jpeg,https://inaturalist-open-data.s3.amazonaws.com/photos/203660394/medium.jpeg,cc-by-nc,120418037,needs_id,29.3330555556,-98.4269333333,native
lythrum_californicum_1195.jpeg,https://inaturalist-open-data.s3.amazonaws.com/photos/203660482/medium.jpeg,cc-by-nc,120418037,needs_id,29.3330555556,-98.4269333333,native
lythrum_californicum_1196.jpeg,https://inaturalist-open-data.s3.amazonaws.com/photos/203660526/medium.jpeg,cc-by-nc,120418037,needs_id,29.3330555556,-98.4269333333,native
lythrum_californicum_1197.jpeg,https://inaturalist-open-data.s3.amazonaws.com/photos/203660568/medium.jpeg,cc-by-nc,120418037,needs_id,29.3330555556,-98.4269333333,native
lythrum_californicum_1198.jpeg,https://inaturalist-open-data.s3.amazonaws.com/photos/203660602/medium.jpeg,cc-by-nc,120418037,needs_id,29.3330555556,-98.4269333333,native
lythrum_californicum_1199.jpg,https://inaturalist-open-data.s3.amazonaws.com/photos/203384341/medium.jpg,cc-by-nc,120262408,research,33.881655,-111.9619533333,native
lythrum_californicum_1200.jpg,https://inaturalist-open-data.s3.amazonaws.com/photos/203384379/medium.jpg,cc-by-nc,120262408,research,33.881655,-111.9619533333,native
lythrum_californicum_1201.jpg,https://inaturalist-open-data.s3.amazonaws.com/photos/203384428/medium.jpg,cc-by-nc,120262408,research,33.881655,-111.9619533333,native
lythrum_californicum_1202.jpg,https://inaturalist-open-data.s3.amazonaws.com/photos/203384462/medium.jpg,cc-by-nc,120262408,research,33.881655,-111.9619533333,native
lythrum_californicum_1203.jpg,https://inaturalist-open-data.s3.amazonaws.com/photos/203384534/medium.jpg,cc-by-nc,120262408,research,33.881655,-111.9619533333,native
lythrum_californicum_1204.jpg,https://inaturalist-open-data.s3.amazonaws.com/photos/203291557/medium.jpg,cc-by-nc,120107190,research,35.9796696775,-116.2729040912,native
lythrum_californicum_1205.jpg,https://inaturalist-open-data.s3.amazonaws.com/photos/202962033/medium.jpg,cc-by-nc,120027310,research,35.3146280593,-120.6530241401,native
lythrum_californicum_1206.jpg,https://inaturalist-open-data.s3.amazonaws.com/photos/202180415/medium.jpg,cc-by-nc,119590105,research,29.6379044109,-98.1774853706,native
lythrum_californicum_1207.jpg,https://inaturalist-open-data.s3.amazonaws.com/photos/202180441/medium.jpg,cc-by-nc,119590105,research,29.6379044109,-98.1774853706,native
lythrum_californicum_1208.jpg,https://inaturalist-open-data.s3.amazonaws.com/photos/202180466/medium.jpg,cc-by-nc,119590105,research,29.6379044109,-98.1774853706,native
lythrum_californicum_1209.jpeg,https://inaturalist-open-data.s3.amazonaws.com/photos/202024926/medium.jpeg,cc-by,119506871,needs_id,32.6094683333,-97.5237316667,native
lythrum_californicum_1210.jpeg,https://inaturalist-open-data.s3.amazonaws.com/photos/202024950/medium.jpeg,cc-by,119506871,needs_id,32.6094683333,-97.5237316667,native
lythrum_californicum_1211.jpeg,https://inaturalist-open-data.s3.amazonaws.com/photos/202024949/medium.jpeg,cc-by,119506871,needs_id,32.6094683333,-97.5237316667,native
lythrum_californicum_1212.jpg,https://inaturalist-open-data.s3.amazonaws.com/photos/201943720/medium.jpg,cc-by-nc,119460976,research,33.1046445,-116.4519116667,native
lythrum_californicum_1213.jpg,https://inaturalist-open-data.s3.amazonaws.com/photos/201945324/medium.jpg,cc-by-nc,119460976,research,33.1046445,-116.4519116667,native
lythrum_californicum_1214.jpg,https://inaturalist-open-data.s3.amazonaws.com/photos/201945397/medium.jpg,cc-by-nc,119460976,research,33.1046445,-116.4519116667,native
lythrum_californicum_1215.jpg,https://inaturalist-open-data.s3.amazonaws.com/photos/201945475/medium.jpg,cc-by-nc,119460976,research,33.1046445,-116.4519116667,native
lythrum_californicum_1216.jpg,https://inaturalist-open-data.s3.amazonaws.com/photos/201945547/medium.jpg,cc-by-nc,119460976,research,33.1046445,-116.4519116667,native
lythrum_californicum_1217.jpg,https://inaturalist-open-data.s3.amazonaws.com/photos/201945679/medium.jpg,cc-by-nc,119460976,research,33.1046445,-116.4519116667,native
lythrum_californicum_1218.jpg,https://inaturalist-open-data.s3.amazonaws.com/photos/201945851/medium.jpg,cc-by-nc,119460976,research,33.1046445,-116.4519116667,native
lythrum_californicum_1219.jpg,https://inaturalist-open-data.s3.amazonaws.com/photos/201946027/medium.jpg,cc-by-nc,119460976,research,33.1046445,-116.4519116667,native
lythrum_californicum_1220.jpg,https://inaturalist-open-data.s3.amazonaws.com/photos/201270634/medium.jpg,cc-by-nc,119084516,needs_id,34.1186863091,-99.7540031188,native
lythrum_californicum_1221.jpeg,https://inaturalist-open-data.s3.amazonaws.com/photos/200855418/medium.jpeg,cc-by-nc,118853715,research,33.8816731565,-111.9619804891,native
lythrum_californicum_1222.jpeg,https://inaturalist-open-data.s3.amazonaws.com/photos/200855732/medium.jpeg,cc-by-nc,118853715,research,33.8816731565,-111.9619804891,native
lythrum_californicum_1223.jpeg,https://inaturalist-open-data.s3.amazonaws.com/photos/200651018/medium.jpeg,cc-by-nc,118737549,research,34.64889734,-118.52272964,native
lythrum_californicum_1224.jpeg,https://inaturalist-open-data.s3.amazonaws.com/photos/199744954/medium.jpeg,cc-by-nc,118241190,research,33.9580383333,-116.6463866667,native
lythrum_californicum_1225.jpeg,https://inaturalist-open-data.s3.amazonaws.com/photos/199486627/medium.jpeg,cc-by-nc-sa,118098601,research,33.3662733333,-116.419605,native
lythrum_californicum_1226.jpg,https://inaturalist-open-data.s3.amazonaws.com/photos/198380693/medium.jpg,cc-by-nc,117463826,research,29.6399033333,-98.176345,native
lythrum_californicum_1227.jpg,https://inaturalist-open-data.s3.amazonaws.com/photos/198380733/medium.jpg,cc-by-nc,117463826,research,29.6399033333,-98.176345,native
lythrum_californicum_1228.jpg,https://inaturalist-open-data.s3.amazonaws.com/photos/198380757/medium.jpg,cc-by-nc,117463826,research,29.6399033333,-98.176345,native
lythrum_californicum_1229.jpg,https://inaturalist-open-data.s3.amazonaws.com/photos/198243563/medium.jpg,cc-by-nc,117388785,research,33.9578595465,-116.6463713941,native
lythrum_californicum_1230.jpg,https://inaturalist-open-data.s3.amazonaws.com/photos/198152901/medium.jpg,cc-by-nc,117334836,needs_id,33.2977931716,-95.8548305228,native
lythrum_californicum_1231.jpg,https://inaturalist-open-data.s3.amazonaws.com/photos/197185447/medium.jpg,cc-by-nc,116794712,research,33.4256343032,-117.2034742032,native
lythrum_californicum_1232.jpg,https://inaturalist-open-data.s3.amazonaws.com/photos/197185459/medium.jpg,cc-by-nc,116794712,research,33.4256343032,-117.2034742032,native
lythrum_californicum_1233.jpg,https://inaturalist-open-data.s3.amazonaws.com/photos/197185473/medium.jpg,cc-by-nc,116794712,research,33.4256343032,-117.2034742032,native
lythrum_californicum_1234.jpg,https://inaturalist-open-data.s3.amazonaws.com/photos/197185480/medium.jpg,cc-by-nc,116794712,research,33.4256343032,-117.2034742032,native
lythrum_californicum_1235.jpg,https://inaturalist-open-data.s3.amazonaws.com/photos/197185386/medium.jpg,cc-by-nc,116794660,research,33.4256629693,-117.2034690903,native
lythrum_californicum_1236.jpg,https://inaturalist-open-data.s3.amazonaws.com/photos/197185369/medium.jpg,cc-by-nc,116794660,research,33.4256629693,-117.2034690903,native
lythrum_californicum_1237.jpg,https://inaturalist-open-data.s3.amazonaws.com/photos/197185377/medium.jpg,cc-by-nc,116794660,research,33.4256629693,-117.2034690903,native
lythrum_californicum_1238.jpg,https://inaturalist-open-data.s3.amazonaws.com/photos/197185394/medium.jpg,cc-by-nc,116794660,research,33.4256629693,-117.2034690903,native
lythrum_californicum_1239.jpg,https://inaturalist-open-data.s3.amazonaws.com/photos/196012825/medium.jpg,cc-by-nc,116143885,needs_id,28.1106798611,-97.416521,native
lythrum_californicum_1240.jpg,https://inaturalist-open-data.s3.amazonaws.com/photos/196012862/medium.jpg,cc-by-nc,116143885,needs_id,28.1106798611,-97.416521,native
lythrum_californicum_1241.jpeg,https://inaturalist-open-data.s3.amazonaws.com/photos/195194771/medium.jpeg,cc-by-nc,115653906,casual,26.1844444444,-97.6647222222,native
lythrum_californicum_1242.jpeg,https://inaturalist-open-data.s3.amazonaws.com/photos/194949422/medium.jpeg,cc-by-nc,115511710,research,26.0813805206,-97.4741846174,native
lythrum_californicum_1243.jpeg,https://inaturalist-open-data.s3.amazonaws.com/photos/194949434/medium.jpeg,cc-by-nc,115511710,research,26.0813805206,-97.4741846174,native
lythrum_californicum_1244.jpeg,https://inaturalist-open-data.s3.amazonaws.com/photos/194945788/medium.jpeg,cc-by-nc,115510062,research,26.1162171285,-97.4712181091,native
lythrum_californicum_1245.jpeg,https://inaturalist-open-data.s3.amazonaws.com/photos/194945948/medium.jpeg,cc-by-nc,115510062,research,26.1162171285,-97.4712181091,native
lythrum_californicum_1246.jpg,https://inaturalist-open-data.s3.amazonaws.com/photos/194761415/medium.jpg,cc-by-nc,115394690,needs_id,30.1161351233,-97.7258881402,native
lythrum_californicum_1247.jpg,https://inaturalist-open-data.s3.amazonaws.com/photos/194761473/medium.jpg,cc-by-nc,115394690,needs_id,30.1161351233,-97.7258881402,native
lythrum_californicum_1248.jpg,https://inaturalist-open-data.s3.amazonaws.com/photos/194761541/medium.jpg,cc-by-nc,115394690,needs_id,30.1161351233,-97.7258881402,native
lythrum_californicum_1249.jpeg,https://inaturalist-open-data.s3.amazonaws.com/photos/194571474/medium.jpeg,cc-by-nc,115274681,research,26.0194805347,-97.7779517762,native
lythrum_californicum_1250.jpeg,https://inaturalist-open-data.s3.amazonaws.com/photos/194171506/medium.jpeg,cc-by-nc,115035103,research,29.6141893643,-98.5938463187,native
lythrum_californicum_1251.jpeg,https://inaturalist-open-data.s3.amazonaws.com/photos/194171606/medium.jpeg,cc-by-nc,115035103,research,29.6141893643,-98.5938463187,native
lythrum_californicum_1252.jpeg,https://inaturalist-open-data.s3.amazonaws.com/photos/194171684/medium.jpeg,cc-by-nc,115035103,research,29.6141893643,-98.5938463187,native
lythrum_californicum_1253.jpeg,https://inaturalist-open-data.s3.amazonaws.com/photos/194117981/medium.jpeg,cc-by,114990240,research,29.6115857,-98.5928923,native
lythrum_californicum_1254.jpeg,https://inaturalist-open-data.s3.amazonaws.com/photos/194118073/medium.jpeg,cc-by,114990240,research,29.6115857,-98.5928923,native
lythrum_californicum_1255.jpeg,https://inaturalist-open-data.s3.amazonaws.com/photos/194118185/medium.jpeg,cc-by,114990240,research,29.6115857,-98.5928923,native
lythrum_californicum_1256.jpeg,https://inaturalist-open-data.s3.amazonaws.com/photos/194118319/medium.jpeg,cc-by,114990240,research,29.6115857,-98.5928923,native
lythrum_californicum_1257.jpg,https://inaturalist-open-data.s3.amazonaws.com/photos/193357802/medium.jpg,cc-by,114512534,needs_id,26.1616651,-97.7088332997,native
lythrum_californicum_1258.jpeg,https://inaturalist-open-data.s3.amazonaws.com/photos/193156453/medium.jpeg,cc-by-nc,114388401,research,26.100260064,-97.2996097664,native
lythrum_californicum_1259.jpeg,https://inaturalist-open-data.s3.amazonaws.com/photos/193156556/medium.jpeg,cc-by-nc,114388401,research,26.100260064,-97.2996097664,native
lythrum_californicum_1260.jpeg,https://inaturalist-open-data.s3.amazonaws.com/photos/193155802/medium.jpeg,cc-by-nc,114388382,research,26.100260064,-97.2996097664,native
lythrum_californicum_1261.jpg,https://inaturalist-open-data.s3.amazonaws.com/photos/192291451/medium.jpg,cc-by-nc,113840046,needs_id,32.82918,-96.7115866667,native
lythrum_californicum_1262.jpg,https://inaturalist-open-data.s3.amazonaws.com/photos/191858569/medium.jpg,cc-by-nc-sa,113623913,research,28.4058391622,-105.4322266576,native
lythrum_californicum_1263.jpg,https://inaturalist-open-data.s3.amazonaws.com/photos/191860603/medium.jpg,cc-by-nc-sa,113623913,research,28.4058391622,-105.4322266576,native
lythrum_californicum_1264.jpg,https://inaturalist-open-data.s3.amazonaws.com/photos/191861761/medium.jpg,cc-by-nc-sa,113623913,research,28.4058391622,-105.4322266576,native
lythrum_californicum_1265.jpg,https://inaturalist-open-data.s3.amazonaws.com/photos/191859768/medium.jpg,cc-by-nc-sa,113623913,research,28.4058391622,-105.4322266576,native
lythrum_californicum_1266.jpg,https://inaturalist-open-data.s3.amazonaws.com/photos/191862399/medium.jpg,cc-by-nc-sa,113623913,research,28.4058391622,-105.4322266576,native
lythrum_californicum_1267.jpg,https://inaturalist-open-data.s3.amazonaws.com/photos/191861600/medium.jpg,cc-by-nc-sa,113623913,research,28.4058391622,-105.4322266576,native
lythrum_californicum_1268.jpg,https://inaturalist-open-data.s3.amazonaws.com/photos/191711619/medium.jpg,cc-by-nc,113476428,needs_id,29.721525,-98.125725,native
lythrum_californicum_1269.jpg,https://inaturalist-open-data.s3.amazonaws.com/photos/191711408/medium.jpg,cc-by-nc,113476428,needs_id,29.721525,-98.125725,native
lythrum_californicum_1270.jpg,https://inaturalist-open-data.s3.amazonaws.com/photos/191711512/medium.jpg,cc-by-nc,113476428,needs_id,29.721525,-98.125725,native
lythrum_californicum_1271.jpg,https://inaturalist-open-data.s3.amazonaws.com/photos/191711736/medium.jpg,cc-by-nc,113476428,needs_id,29.721525,-98.125725,native
lythrum_californicum_1272.jpeg,https://inaturalist-open-data.s3.amazonaws.com/photos/191161026/medium.jpeg,cc-by-nc,113140889,needs_id,29.7537219576,-98.0847747624,native
lythrum_californicum_1273.jpeg,https://inaturalist-open-data.s3.amazonaws.com/photos/191161071/medium.jpeg,cc-by-nc,113140889,needs_id,29.7537219576,-98.0847747624,native
lythrum_californicum_1274.jpeg,https://inaturalist-open-data.s3.amazonaws.com/photos/191161108/medium.jpeg,cc-by-nc,113140889,needs_id,29.7537219576,-98.0847747624,native
lythrum_californicum_1275.jpeg,https://inaturalist-open-data.s3.amazonaws.com/photos/191161135/medium.jpeg,cc-by-nc,113140889,needs_id,29.7537219576,-98.0847747624,native
lythrum_californicum_1276.jpeg,https://inaturalist-open-data.s3.amazonaws.com/photos/191161177/medium.jpeg,cc-by-nc,113140889,needs_id,29.7537219576,-98.0847747624,native
lythrum_californicum_1277.jpeg,https://inaturalist-open-data.s3.amazonaws.com/photos/191161220/medium.jpeg,cc-by-nc,113140889,needs_id,29.7537219576,-98.0847747624,native
lythrum_californicum_1278.jpeg,https://inaturalist-open-data.s3.amazonaws.com/photos/191161264/medium.jpeg,cc-by-nc,113140889,needs_id,29.7537219576,-98.0847747624,native
lythrum_californicum_1279.jpg,https://inaturalist-open-data.s3.amazonaws.com/photos/189414102/medium.jpg,cc-by-nc,112149241,needs_id,30.1470302014,-97.7228780336,native
lythrum_californicum_1280.jpg,https://inaturalist-open-data.s3.amazonaws.com/photos/189414131/medium.jpg,cc-by-nc,112149241,needs_id,30.1470302014,-97.7228780336,native
lythrum_californicum_1281.jpg,https://inaturalist-open-data.s3.amazonaws.com/photos/188822513/medium.jpg,cc-by-nc-nd,111825110,needs_id,33.7830883333,-111.6783133333,native
lythrum_californicum_1282.jpg,https://inaturalist-open-data.s3.amazonaws.com/photos/188822479/medium.jpg,cc-by-nc-nd,111825110,needs_id,33.7830883333,-111.6783133333,native
lythrum_californicum_1283.jpeg,https://inaturalist-open-data.s3.amazonaws.com/photos/188608783/medium.jpeg,cc-by-nc,111708993,research,28.7055963213,-97.182855159,native
lythrum_californicum_1284.jpeg,https://inaturalist-open-data.s3.amazonaws.com/photos/188608820/medium.jpeg,cc-by-nc,111708993,research,28.7055963213,-97.182855159,native
lythrum_californicum_1285.jpeg,https://inaturalist-open-data.s3.amazonaws.com/photos/188608851/medium.jpeg,cc-by-nc,111708993,research,28.7055963213,-97.182855159,native
lythrum_californicum_1286.jpeg,https://inaturalist-open-data.s3.amazonaws.com/photos/188608887/medium.jpeg,cc-by-nc,111708993,research,28.7055963213,-97.182855159,native
lythrum_californicum_1287.jpeg,https://inaturalist-open-data.s3.amazonaws.com/photos/188608916/medium.jpeg,cc-by-nc,111708993,research,28.7055963213,-97.182855159,native
lythrum_californicum_1288.jpeg,https://inaturalist-open-data.s3.amazonaws.com/photos/188608941/medium.jpeg,cc-by-nc,111708993,research,28.7055963213,-97.182855159,native
lythrum_californicum_1291.jpeg,https://inaturalist-open-data.s3.amazonaws.com/photos/185861709/medium.jpeg,cc-by-nc,110200739,needs_id,26.0781466667,-97.2369333333,native
lythrum_californicum_1292.jpeg,https://inaturalist-open-data.s3.amazonaws.com/photos/185861732/medium.jpeg,cc-by-nc,110200739,needs_id,26.0781466667,-97.2369333333,native
lythrum_californicum_1293.jpeg,https://inaturalist-open-data.s3.amazonaws.com/photos/185861761/medium.jpeg,cc-by-nc,110200739,needs_id,26.0781466667,-97.2369333333,native
lythrum_californicum_1294.jpeg,https://inaturalist-open-data.s3.amazonaws.com/photos/185861781/medium.jpeg,cc-by-nc,110200739,needs_id,26.0781466667,-97.2369333333,native
lythrum_californicum_1295.jpeg,https://inaturalist-open-data.s3.amazonaws.com/photos/185861803/medium.jpeg,cc-by-nc,110200739,needs_id,26.0781466667,-97.2369333333,native
lythrum_californicum_1296.jpeg,https://inaturalist-open-data.s3.amazonaws.com/photos/185861833/medium.jpeg,cc-by-nc,110200739,needs_id,26.0781466667,-97.2369333333,native
lythrum_californicum_1297.jpeg,https://inaturalist-open-data.s3.amazonaws.com/photos/185861847/medium.jpeg,cc-by-nc,110200739,needs_id,26.0781466667,-97.2369333333,native
lythrum_californicum_1298.jpeg,https://inaturalist-open-data.s3.amazonaws.com/photos/185861866/medium.jpeg,cc-by-nc,110200739,needs_id,26.0781466667,-97.2369333333,native
lythrum_californicum_1299.jpeg,https://inaturalist-open-data.s3.amazonaws.com/photos/184375049/medium.jpeg,cc-by-nc,109399351,research,33.5881283333,-117.5174483333,native
lythrum_californicum_1300.jpg,https://inaturalist-open-data.s3.amazonaws.com/photos/181724270/medium.jpg,cc-by-nc,107985876,needs_id,27.53437,-99.4390416667,native
lythrum_californicum_1301.jpg,https://inaturalist-open-data.s3.amazonaws.com/photos/180725263/medium.jpg,cc-by-nc,107451817,research,35.7337725112,-119.5913121374,native
lythrum_californicum_1305.jpg,https://inaturalist-open-data.s3.amazonaws.com/photos/178467673/medium.jpg,cc-by,106256798,research,37.4052986366,-118.3042971093,native
lythrum_californicum_1306.jpg,https://inaturalist-open-data.s3.amazonaws.com/photos/178467826/medium.jpg,cc-by,106256798,research,37.4052986366,-118.3042971093,native
lythrum_californicum_1307.jpg,https://inaturalist-open-data.s3.amazonaws.com/photos/178467980/medium.jpg,cc-by,106256798,research,37.4052986366,-118.3042971093,native
lythrum_californicum_1308.jpg,https://inaturalist-open-data.s3.amazonaws.com/photos/178468111/medium.jpg,cc-by,106256798,research,37.4052986366,-118.3042971093,native
lythrum_californicum_1309.jpg,https://inaturalist-open-data.s3.amazonaws.com/photos/177864786/medium.jpg,cc-by-nc,105937160,research,33.958195,-116.6461716667,native
lythrum_californicum_1310.jpg,https://inaturalist-open-data.s3.amazonaws.com/photos/177864798/medium.jpg,cc-by-nc,105937160,research,33.958195,-116.6461716667,native
lythrum_californicum_1311.jpg,https://inaturalist-open-data.s3.amazonaws.com/photos/177864808/medium.jpg,cc-by-nc,105937160,research,33.958195,-116.6461716667,native
lythrum_californicum_1312.jpg,https://inaturalist-open-data.s3.amazonaws.com/photos/177864830/medium.jpg,cc-by-nc,105937160,research,33.958195,-116.6461716667,native
lythrum_californicum_1313.jpeg,https://inaturalist-open-data.s3.amazonaws.com/photos/176179332/medium.jpeg,cc-by-nc,105056554,research,29.27181207,-103.13548442,native
lythrum_californicum_1314.jpeg,https://inaturalist-open-data.s3.amazonaws.com/photos/176179345/medium.jpeg,cc-by-nc,105056554,research,29.27181207,-103.13548442,native
lythrum_californicum_1315.jpg,https://inaturalist-open-data.s3.amazonaws.com/photos/171792435/medium.jpg,cc-by-nc,102732593,needs_id,31.786125,-97.7036333333,native
lythrum_californicum_1316.jpg,https://inaturalist-open-data.s3.amazonaws.com/photos/171792427/medium.jpg,cc-by-nc,102732593,needs_id,31.786125,-97.7036333333,native
lythrum_californicum_1317.jpg,https://inaturalist-open-data.s3.amazonaws.com/photos/171221658/medium.jpg,cc0,102430947,research,32.74992,-105.911411,native
lythrum_californicum_1318.jpg,https://inaturalist-open-data.s3.amazonaws.com/photos/170478521/medium.jpg,cc-by-nc,102029091,needs_id,29.3871138467,-103.0854931477,native
lythrum_californicum_1319.jpg,https://inaturalist-open-data.s3.amazonaws.com/photos/170478564/medium.jpg,cc-by-nc,102029091,needs_id,29.3871138467,-103.0854931477,native
lythrum_californicum_1320.jpeg,https://inaturalist-open-data.s3.amazonaws.com/photos/170128000/medium.jpeg,cc-by-nc,101845961,research,34.03814,-106.9366583333,native
lythrum_californicum_1321.jpeg,https://inaturalist-open-data.s3.amazonaws.com/photos/170128056/medium.jpeg,cc-by-nc,101845961,research,34.03814,-106.9366583333,native
lythrum_californicum_1322.jpg,https://inaturalist-open-data.s3.amazonaws.com/photos/169966307/medium.jpg,cc-by,101750781,research,34.0379833333,-106.9368666667,native
lythrum_californicum_1323.jpg,https://inaturalist-open-data.s3.amazonaws.com/photos/169966311/medium.jpg,cc-by,101750781,research,34.0379833333,-106.9368666667,native
lythrum_californicum_1324.jpg,https://inaturalist-open-data.s3.amazonaws.com/photos/169966314/medium.jpg,cc-by,101750781,research,34.0379833333,-106.9368666667,native
lythrum_californicum_1325.jpg,https://inaturalist-open-data.s3.amazonaws.com/photos/169964004/medium.jpg,cc-by,101749655,research,34.0376861667,-106.93712,native
lythrum_californicum_1326.jpg,https://inaturalist-open-data.s3.amazonaws.com/photos/169964010/medium.jpg,cc-by,101749655,research,34.0376861667,-106.93712,native
lythrum_californicum_1327.jpg,https://inaturalist-open-data.s3.amazonaws.com/photos/169964018/medium.jpg,cc-by,101749655,research,34.0376861667,-106.93712,native
lythrum_californicum_1328.jpg,https://inaturalist-open-data.s3.amazonaws.com/photos/167976416/medium.jpg,cc-by-nc,100628065,research,29.884375,-100.993436,native
lythrum_californicum_1329.jpg,https://inaturalist-open-data.s3.amazonaws.com/photos/167976403/medium.jpg,cc-by-nc,100628063,research,29.884375,-100.993436,native
lythrum_californicum_1330.jpg,https://inaturalist-open-data.s3.amazonaws.com/photos/174712736/medium.jpg,cc-by-nc,99572460,needs_id,32.7352466667,-117.1485888333,native
lythrum_californicum_1331.jpg,https://inaturalist-open-data.s3.amazonaws.com/photos/165874559/medium.jpg,cc-by-nc,99498195,research,32.9713899722,-116.463109,native
lythrum_californicum_1332.jpeg,https://inaturalist-open-data.s3.amazonaws.com/photos/165874655/medium.jpeg,cc-by-nc,99498195,research,32.9713899722,-116.463109,native
lythrum_californicum_1333.jpeg,https://inaturalist-open-data.s3.amazonaws.com/photos/165874738/medium.jpeg,cc-by-nc,99498195,research,32.9713899722,-116.463109,native
lythrum_californicum_1334.jpg,https://inaturalist-open-data.s3.amazonaws.com/photos/165728728/medium.jpg,cc-by,99421991,research,34.3605888889,-119.0129861111,native
lythrum_californicum_1335.jpg,https://inaturalist-open-data.s3.amazonaws.com/photos/165728742/medium.jpg,cc-by,99421991,research,34.3605888889,-119.0129861111,native
lythrum_californicum_1336.jpg,https://inaturalist-open-data.s3.amazonaws.com/photos/165728756/medium.jpg,cc-by,99421991,research,34.3605888889,-119.0129861111,native
lythrum_californicum_1337.jpg,https://inaturalist-open-data.s3.amazonaws.com/photos/165728767/medium.jpg,cc-by,99421991,research,34.3605888889,-119.0129861111,native
lythrum_californicum_1338.jpeg,https://inaturalist-open-data.s3.amazonaws.com/photos/165446275/medium.jpeg,cc-by-nc,99269955,needs_id,35.1376384288,-101.932935319,native
lythrum_californicum_1339.jpeg,https://inaturalist-open-data.s3.amazonaws.com/photos/165446272/medium.jpeg,cc-by-nc,99269955,needs_id,35.1376384288,-101.932935319,native
lythrum_californicum_1340.jpg,https://inaturalist-open-data.s3.amazonaws.com/photos/165263204/medium.jpg,cc-by,99170514,research,34.3652833333,-118.9952861111,native
lythrum_californicum_1341.jpg,https://inaturalist-open-data.s3.amazonaws.com/photos/165263206/medium.jpg,cc-by,99170514,research,34.3652833333,-118.9952861111,native
lythrum_californicum_1342.jpeg,https://inaturalist-open-data.s3.amazonaws.com/photos/164976270/medium.jpeg,cc-by-nc,99018040,research,32.9501016667,-116.30497,native
lythrum_californicum_1343.jpg,https://inaturalist-open-data.s3.amazonaws.com/photos/164976535/medium.jpg,cc-by-nc,99018040,research,32.9501016667,-116.30497,native
lythrum_californicum_1344.jpeg,https://inaturalist-open-data.s3.amazonaws.com/photos/163098753/medium.jpeg,cc-by-nc,98010058,needs_id,36.2840666667,-113.6183916667,native
lythrum_californicum_1345.jpeg,https://inaturalist-open-data.s3.amazonaws.com/photos/163098767/medium.jpeg,cc-by-nc,98010058,needs_id,36.2840666667,-113.6183916667,native
lythrum_californicum_1346.jpeg,https://inaturalist-open-data.s3.amazonaws.com/photos/163098778/medium.jpeg,cc-by-nc,98010058,needs_id,36.2840666667,-113.6183916667,native
lythrum_californicum_1347.jpeg,https://inaturalist-open-data.s3.amazonaws.com/photos/163098802/medium.jpeg,cc-by-nc,98010058,needs_id,36.2840666667,-113.6183916667,native
lythrum_californicum_1348.jpeg,https://inaturalist-open-data.s3.amazonaws.com/photos/163098820/medium.jpeg,cc-by-nc,98010058,needs_id,36.2840666667,-113.6183916667,native
lythrum_californicum_1349.jpg,https://inaturalist-open-data.s3.amazonaws.com/photos/161461106/medium.jpg,cc-by,97123810,research,32.9500283333,-116.3051883333,native
lythrum_californicum_1350.jpg,https://inaturalist-open-data.s3.amazonaws.com/photos/161461114/medium.jpg,cc-by,97123810,research,32.9500283333,-116.3051883333,native
lythrum_californicum_1351.jpg,https://inaturalist-open-data.s3.amazonaws.com/photos/161461128/medium.jpg,cc-by,97123810,research,32.9500283333,-116.3051883333,native
lythrum_californicum_1352.jpeg,https://inaturalist-open-data.s3.amazonaws.com/photos/161413831/medium.jpeg,cc-by-nc,97100362,research,34.0014305556,-119.7143944444,native
lythrum_californicum_1353.jpeg,https://inaturalist-open-data.s3.amazonaws.com/photos/161413818/medium.jpeg,cc-by-nc,97100362,research,34.0014305556,-119.7143944444,native
lythrum_californicum_1354.jpeg,https://inaturalist-open-data.s3.amazonaws.com/photos/161413846/medium.jpeg,cc-by-nc,97100362,research,34.0014305556,-119.7143944444,native
lythrum_californicum_1355.jpg,https://inaturalist-open-data.s3.amazonaws.com/photos/160153734/medium.jpg,cc-by-nc,96404570,research,37.2673765556,-118.3759246667,native
lythrum_californicum_1356.jpg,https://inaturalist-open-data.s3.amazonaws.com/photos/160153724/medium.jpg,cc-by-nc,96404570,research,37.2673765556,-118.3759246667,native
lythrum_californicum_1357.jpg,https://inaturalist-open-data.s3.amazonaws.com/photos/159712058/medium.jpg,cc-by,96158391,research,37.40686667,-118.29686167,native
lythrum_californicum_1358.jpeg,https://inaturalist-open-data.s3.amazonaws.com/photos/159447941/medium.jpeg,cc-by,96007329,research,37.73184835,-121.71000863,native
lythrum_californicum_1359.jpeg,https://inaturalist-open-data.s3.amazonaws.com/photos/159447972/medium.jpeg,cc-by,96007329,research,37.73184835,-121.71000863,native
lythrum_californicum_1360.jpeg,https://inaturalist-open-data.s3.amazonaws.com/photos/159448005/medium.jpeg,cc-by,96007329,research,37.73184835,-121.71000863,native
lythrum_californicum_1361.jpeg,https://inaturalist-open-data.s3.amazonaws.com/photos/158681638/medium.jpeg,cc-by-nc,95573203,research,34.3625793457,-118.9971618652,native
lythrum_californicum_1362.jpeg,https://inaturalist-open-data.s3.amazonaws.com/photos/158212515/medium.jpeg,cc-by-nc,95314213,needs_id,35.1567868727,-101.9157540752,native
lythrum_californicum_1363.jpeg,https://inaturalist-open-data.s3.amazonaws.com/photos/158212554/medium.jpeg,cc-by-nc,95314213,needs_id,35.1567868727,-101.9157540752,native
lythrum_californicum_1364.jpg,https://inaturalist-open-data.s3.amazonaws.com/photos/157280149/medium.jpg,cc-by-nc,94787483,research,36.3656616667,-120.7546466667,native
lythrum_californicum_1365.jpeg,https://inaturalist-open-data.s3.amazonaws.com/photos/156819412/medium.jpeg,cc-by-nc,94530715,needs_id,36.3498889377,-101.1645259165,native
lythrum_californicum_1366.jpg,https://inaturalist-open-data.s3.amazonaws.com/photos/156503462/medium.jpg,cc-by-nc,94352711,research,36.0688487348,-115.4538984318,native
lythrum_californicum_1367.jpg,https://inaturalist-open-data.s3.amazonaws.com/photos/156503530/medium.jpg,cc-by-nc,94352711,research,36.0688487348,-115.4538984318,native
lythrum_californicum_1368.jpg,https://inaturalist-open-data.s3.amazonaws.com/photos/156503781/medium.jpg,cc-by-nc,94352711,research,36.0688487348,-115.4538984318,native
lythrum_californicum_1369.jpg,https://inaturalist-open-data.s3.amazonaws.com/photos/156503886/medium.jpg,cc-by-nc,94352711,research,36.0688487348,-115.4538984318,native
lythrum_californicum_1370.jpg,https://inaturalist-open-data.s3.amazonaws.com/photos/156503972/medium.jpg,cc-by-nc,94352711,research,36.0688487348,-115.4538984318,native
lythrum_californicum_1371.jpeg,https://inaturalist-open-data.s3.amazonaws.com/photos/156343461/medium.jpeg,cc-by-nc,94261315,research,35.7440309,-120.2799254,native
lythrum_californicum_1372.jpeg,https://inaturalist-open-data.s3.amazonaws.com/photos/154974819/medium.jpeg,cc-by-nc,93499639,research,33.9863960118,-116.6541396706,native
lythrum_californicum_1373.jpeg,https://inaturalist-open-data.s3.amazonaws.com/photos/154287727/medium.jpeg,cc-by-nc,93117949,needs_id,29.6519266667,-103.3757983333,native
lythrum_californicum_1374.jpeg,https://inaturalist-open-data.s3.amazonaws.com/photos/154287156/medium.jpeg,cc-by-nc,93117945,needs_id,29.6518633333,-103.37574,native
lythrum_californicum_1375.jpeg,https://inaturalist-open-data.s3.amazonaws.com/photos/154287153/medium.jpeg,cc-by-nc,93117945,needs_id,29.6518633333,-103.37574,native
lythrum_californicum_1377.jpg,https://inaturalist-open-data.s3.amazonaws.com/photos/153019598/medium.jpg,cc-by-nc,92417247,research,36.2967916667,-115.8718116667,native
lythrum_californicum_1378.jpg,https://inaturalist-open-data.s3.amazonaws.com/photos/153019618/medium.jpg,cc-by-nc,92417247,research,36.2967916667,-115.8718116667,native
lythrum_californicum_1379.jpg,https://inaturalist-open-data.s3.amazonaws.com/photos/153019658/medium.jpg,cc-by-nc,92417247,research,36.2967916667,-115.8718116667,native
lythrum_californicum_1380.jpg,https://inaturalist-open-data.s3.amazonaws.com/photos/153019690/medium.jpg,cc-by-nc,92417247,research,36.2967916667,-115.8718116667,native
lythrum_californicum_1381.jpeg,https://inaturalist-open-data.s3.amazonaws.com/photos/152549072/medium.jpeg,cc-by-nc,92160929,research,33.9848988416,-116.6527286198,native
lythrum_californicum_1382.jpeg,https://inaturalist-open-data.s3.amazonaws.com/photos/152549090/medium.jpeg,cc-by-nc,92160929,research,33.9848988416,-116.6527286198,native
lythrum_californicum_1383.jpg,https://inaturalist-open-data.s3.amazonaws.com/photos/151926644/medium.jpg,cc-by,91811362,research,35.7758033333,-117.912675,native
lythrum_californicum_1384.jpg,https://inaturalist-open-data.s3.amazonaws.com/photos/150514384/medium.jpg,cc-by,91029628,needs_id,36.2062216667,-96.0607,native
lythrum_californicum_1385.jpg,https://inaturalist-open-data.s3.amazonaws.com/photos/150514471/medium.jpg,cc-by,91029628,needs_id,36.2062216667,-96.0607,native
lythrum_californicum_1386.jpg,https://inaturalist-open-data.s3.amazonaws.com/photos/150514566/medium.jpg,cc-by,91029628,needs_id,36.2062216667,-96.0607,native
lythrum_californicum_1387.jpg,https://inaturalist-open-data.s3.amazonaws.com/photos/149285748/medium.jpg,cc-by,90334824,research,38.5609,-121.59609,native
lythrum_californicum_1388.jpg,https://inaturalist-open-data.s3.amazonaws.com/photos/149285766/medium.jpg,cc-by,90334824,research,38.5609,-121.59609,native
lythrum_californicum_1389.jpg,https://inaturalist-open-data.s3.amazonaws.com/photos/149285780/medium.jpg,cc-by,90334824,research,38.5609,-121.59609,native
lythrum_californicum_1390.jpg,https://inaturalist-open-data.s3.amazonaws.com/photos/149285794/medium.jpg,cc-by,90334824,research,38.5609,-121.59609,native
lythrum_californicum_1391.jpg,https://inaturalist-open-data.s3.amazonaws.com/photos/149285803/medium.jpg,cc-by,90334824,research,38.5609,-121.59609,native
lythrum_californicum_1392.jpeg,https://inaturalist-open-data.s3.amazonaws.com/photos/148820147/medium.jpeg,cc-by,90076100,research,33.9883177,-116.655754,native
lythrum_californicum_1393.jpeg,https://inaturalist-open-data.s3.amazonaws.com/photos/148820173/medium.jpeg,cc-by,90076100,research,33.9883177,-116.655754,native
lythrum_californicum_1394.jpg,https://inaturalist-open-data.s3.amazonaws.com/photos/151517955/medium.jpg,cc-by,90042428,needs_id,30.538202491,-97.630798767,native
lythrum_californicum_1395.jpg,https://inaturalist-open-data.s3.amazonaws.com/photos/151517988/medium.jpg,cc-by,90042428,needs_id,30.538202491,-97.630798767,native
lythrum_californicum_1396.jpeg,https://inaturalist-open-data.s3.amazonaws.com/photos/148130015/medium.jpeg,cc-by-nc-sa,89685677,research,35.2610561475,-120.6616914645,native
lythrum_californicum_1397.jpeg,https://inaturalist-open-data.s3.amazonaws.com/photos/148130064/medium.jpeg,cc-by-nc-sa,89685677,research,35.2610561475,-120.6616914645,native
lythrum_californicum_1398.jpeg,https://inaturalist-open-data.s3.amazonaws.com/photos/148130099/medium.jpeg,cc-by-nc-sa,89685677,research,35.2610561475,-120.6616914645,native
lythrum_californicum_1399.jpeg,https://inaturalist-open-data.s3.amazonaws.com/photos/148130128/medium.jpeg,cc-by-nc-sa,89685677,research,35.2610561475,-120.6616914645,native
lythrum_californicum_1400.jpeg,https://inaturalist-open-data.s3.amazonaws.com/photos/148130149/medium.jpeg,cc-by-nc-sa,89685677,research,35.2610561475,-120.6616914645,native
lythrum_californicum_1401.jpg,https://inaturalist-open-data.s3.amazonaws.com/photos/147965162/medium.jpg,cc-by-nc,89591297,research,38.0207555,-121.8222283333,native
lythrum_californicum_1402.jpg,https://inaturalist-open-data.s3.amazonaws.com/photos/147965202/medium.jpg,cc-by-nc,89591297,research,38.0207555,-121.8222283333,native
lythrum_californicum_1405.jpeg,https://inaturalist-open-data.s3.amazonaws.com/photos/147334637/medium.jpeg,cc-by-nc,89234959,needs_id,29.3449733333,-98.6203466667,native
lythrum_californicum_1406.jpeg,https://inaturalist-open-data.s3.amazonaws.com/photos/147334555/medium.jpeg,cc-by-nc,89234959,needs_id,29.3449733333,-98.6203466667,native
lythrum_californicum_1407.jpeg,https://inaturalist-open-data.s3.amazonaws.com/photos/147334576/medium.jpeg,cc-by-nc,89234959,needs_id,29.3449733333,-98.6203466667,native
lythrum_californicum_1408.jpeg,https://inaturalist-open-data.s3.amazonaws.com/photos/147334524/medium.jpeg,cc-by-nc,89234959,needs_id,29.3449733333,-98.6203466667,native
lythrum_californicum_1409.jpeg,https://inaturalist-open-data.s3.amazonaws.com/photos/147334614/medium.jpeg,cc-by-nc,89234959,needs_id,29.3449733333,-98.6203466667,native
lythrum_californicum_1410.jpg,https://inaturalist-open-data.s3.amazonaws.com/photos/146466552/medium.jpg,cc-by-nc,88746592,needs_id,36.4569283333,-116.0274055,native
lythrum_californicum_1411.jpg,https://inaturalist-open-data.s3.amazonaws.com/photos/146466577/medium.jpg,cc-by-nc,88746592,needs_id,36.4569283333,-116.0274055,native
lythrum_californicum_1412.jpg,https://inaturalist-open-data.s3.amazonaws.com/photos/146471529/medium.jpg,cc-by-nc,88746592,needs_id,36.4569283333,-116.0274055,native
lythrum_californicum_1414.jpeg,https://inaturalist-open-data.s3.amazonaws.com/photos/145397734/medium.jpeg,cc-by,88144065,research,34.4832860479,-119.3015583605,native
lythrum_californicum_1415.jpeg,https://inaturalist-open-data.s3.amazonaws.com/photos/145397758/medium.jpeg,cc-by,88144065,research,34.4832860479,-119.3015583605,native
lythrum_californicum_1416.jpeg,https://inaturalist-open-data.s3.amazonaws.com/photos/145397792/medium.jpeg,cc-by,88144065,research,34.4832860479,-119.3015583605,native
lythrum_californicum_1417.jpeg,https://inaturalist-open-data.s3.amazonaws.com/photos/145397845/medium.jpeg,cc-by,88144065,research,34.4832860479,-119.3015583605,native
lythrum_californicum_1418.jpeg,https://inaturalist-open-data.s3.amazonaws.com/photos/145397902/medium.jpeg,cc-by,88144065,research,34.4832860479,-119.3015583605,native
lythrum_californicum_1419.jpg,https://inaturalist-open-data.s3.amazonaws.com/photos/142372894/medium.jpg,cc-by-nc,86425723,needs_id,29.7215216667,-98.1258555,native
lythrum_californicum_1420.jpg,https://inaturalist-open-data.s3.amazonaws.com/photos/142373198/medium.jpg,cc-by-nc,86425723,needs_id,29.7215216667,-98.1258555,native
lythrum_californicum_1421.jpg,https://inaturalist-open-data.s3.amazonaws.com/photos/142373076/medium.jpg,cc-by-nc,86425723,needs_id,29.7215216667,-98.1258555,native
lythrum_californicum_1422.jpg,https://inaturalist-open-data.s3.amazonaws.com/photos/142373000/medium.jpg,cc-by-nc,86425723,needs_id,29.7215216667,-98.1258555,native
lythrum_californicum_1423.jpg,https://inaturalist-open-data.s3.amazonaws.com/photos/142373335/medium.jpg,cc-by-nc,86425723,needs_id,29.7215216667,-98.1258555,native
lythrum_californicum_1424.jpg,https://inaturalist-open-data.s3.amazonaws.com/photos/142373392/medium.jpg,cc-by-nc,86425723,needs_id,29.7215216667,-98.1258555,native
lythrum_californicum_1425.jpg,https://inaturalist-open-data.s3.amazonaws.com/photos/141985338/medium.jpg,cc-by-nc,86211807,research,31.8717158977,-98.8065801735,native
lythrum_californicum_1426.jpg,https://inaturalist-open-data.s3.amazonaws.com/photos/140508210/medium.jpg,cc0,85401784,research,34.6478833333,-118.5241383333,native
lythrum_californicum_1427.jpg,https://inaturalist-open-data.s3.amazonaws.com/photos/140508236/medium.jpg,cc0,85401784,research,34.6478833333,-118.5241383333,native
lythrum_californicum_1428.jpg,https://inaturalist-open-data.s3.amazonaws.com/photos/140305183/medium.jpg,cc-by-nc-nd,85289574,research,34.4606361304,-119.6238796531,native
lythrum_californicum_1429.jpg,https://inaturalist-open-data.s3.amazonaws.com/photos/140305155/medium.jpg,cc-by-nc-nd,85289574,research,34.4606361304,-119.6238796531,native
lythrum_californicum_1430.jpg,https://inaturalist-open-data.s3.amazonaws.com/photos/140305127/medium.jpg,cc-by-nc-nd,85289574,research,34.4606361304,-119.6238796531,native
lythrum_californicum_1431.jpg,https://inaturalist-open-data.s3.amazonaws.com/photos/140305217/medium.jpg,cc-by-nc-nd,85289574,research,34.4606361304,-119.6238796531,native
lythrum_californicum_1432.jpeg,https://inaturalist-open-data.s3.amazonaws.com/photos/140083702/medium.jpeg,cc-by-nc,85165902,needs_id,31.7853166667,-97.7882416667,native
lythrum_californicum_1433.jpeg,https://inaturalist-open-data.s3.amazonaws.com/photos/140083798/medium.jpeg,cc-by-nc,85165902,needs_id,31.7853166667,-97.7882416667,native
lythrum_californicum_1434.jpg,https://inaturalist-open-data.s3.amazonaws.com/photos/140004537/medium.jpg,cc-by-nc,85111464,research,34.3687166667,-118.9916083333,native
lythrum_californicum_1435.jpg,https://inaturalist-open-data.s3.amazonaws.com/photos/140004576/medium.jpg,cc-by-nc,85111464,research,34.3687166667,-118.9916083333,native
lythrum_californicum_1436.jpg,https://inaturalist-open-data.s3.amazonaws.com/photos/140004597/medium.jpg,cc-by-nc,85111464,research,34.3687166667,-118.9916083333,native
lythrum_californicum_1437.jpg,https://inaturalist-open-data.s3.amazonaws.com/photos/139455359/medium.jpg,cc-by-nc,84590004,research,33.4077471732,-117.226503403,native
lythrum_californicum_1438.jpg,https://inaturalist-open-data.s3.amazonaws.com/photos/138850099/medium.jpg,cc-by-nc,84477663,research,29.8838365167,-98.8150376,native
lythrum_californicum_1439.jpg,https://inaturalist-open-data.s3.amazonaws.com/photos/138850147/medium.jpg,cc-by-nc,84477663,research,29.8838365167,-98.8150376,native
lythrum_californicum_1440.jpg,https://inaturalist-open-data.s3.amazonaws.com/photos/138850208/medium.jpg,cc-by-nc,84477663,research,29.8838365167,-98.8150376,native
lythrum_californicum_1441.jpeg,https://inaturalist-open-data.s3.amazonaws.com/photos/138822049/medium.jpeg,cc-by-nc,84461227,research,36.4136277523,-116.2953329771,native
lythrum_californicum_1442.jpg,https://inaturalist-open-data.s3.amazonaws.com/photos/138481583/medium.jpg,cc-by-nc-sa,84266575,research,37.4029423679,-118.255583134,native
lythrum_californicum_1443.jpeg,https://inaturalist-open-data.s3.amazonaws.com/photos/138344421/medium.jpeg,cc-by-nc,84188513,research,32.1690880418,-104.2730631307,native
lythrum_californicum_1444.jpeg,https://inaturalist-open-data.s3.amazonaws.com/photos/138344453/medium.jpeg,cc-by-nc,84188513,research,32.1690880418,-104.2730631307,native
lythrum_californicum_1445.jpeg,https://inaturalist-open-data.s3.amazonaws.com/photos/138316052/medium.jpeg,cc-by-nc,84171512,needs_id,38.43667734,-96.56418319,native
lythrum_californicum_1446.jpeg,https://inaturalist-open-data.s3.amazonaws.com/photos/138316079/medium.jpeg,cc-by-nc,84171512,needs_id,38.43667734,-96.56418319,native
lythrum_californicum_1447.jpeg,https://inaturalist-open-data.s3.amazonaws.com/photos/138316099/medium.jpeg,cc-by-nc,84171512,needs_id,38.43667734,-96.56418319,native
lythrum_californicum_1448.jpeg,https://inaturalist-open-data.s3.amazonaws.com/photos/138242230/medium.jpeg,cc-by-nc,84130871,needs_id,30.9601834196,-97.1693864575,native
lythrum_californicum_1449.jpeg,https://inaturalist-open-data.s3.amazonaws.com/photos/138242299/medium.jpeg,cc-by-nc,84130871,needs_id,30.9601834196,-97.1693864575,native
lythrum_californicum_1450.jpeg,https://inaturalist-open-data.s3.amazonaws.com/photos/138242357/medium.jpeg,cc-by-nc,84130871,needs_id,30.9601834196,-97.1693864575,native
lythrum_californicum_1451.jpeg,https://inaturalist-open-data.s3.amazonaws.com/photos/138242449/medium.jpeg,cc-by-nc,84130871,needs_id,30.9601834196,-97.1693864575,native
lythrum_californicum_1452.jpeg,https://inaturalist-open-data.s3.amazonaws.com/photos/138242608/medium.jpeg,cc-by-nc,84130871,needs_id,30.9601834196,-97.1693864575,native
lythrum_californicum_1454.jpg,https://inaturalist-open-data.s3.amazonaws.com/photos/137242106/medium.jpg,cc-by-nc,83556412,needs_id,30.1891478868,-97.6133317891,native
lythrum_californicum_1455.jpeg,https://inaturalist-open-data.s3.amazonaws.com/photos/137184400/medium.jpeg,cc-by-nc,83523528,needs_id,29.9537246539,-97.7937336266,native
lythrum_californicum_1456.jpeg,https://inaturalist-open-data.s3.amazonaws.com/photos/137181344/medium.jpeg,cc-by-nc,83521721,needs_id,34.88253182,-102.13488774,native
lythrum_californicum_1457.jpeg,https://inaturalist-open-data.s3.amazonaws.com/photos/137181383/medium.jpeg,cc-by-nc,83521721,needs_id,34.88253182,-102.13488774,native
lythrum_californicum_1458.jpg,https://inaturalist-open-data.s3.amazonaws.com/photos/136664768/medium.jpg,cc-by-nc,83222948,research,37.8744166667,-121.9185716667,native
lythrum_californicum_1459.jpg,https://inaturalist-open-data.s3.amazonaws.com/photos/136664780/medium.jpg,cc-by-nc,83222948,research,37.8744166667,-121.9185716667,native
lythrum_californicum_1460.jpg,https://inaturalist-open-data.s3.amazonaws.com/photos/136664793/medium.jpg,cc-by-nc,83222948,research,37.8744166667,-121.9185716667,native
lythrum_californicum_1461.jpg,https://inaturalist-open-data.s3.amazonaws.com/photos/136664802/medium.jpg,cc-by-nc,83222948,research,37.8744166667,-121.9185716667,native
lythrum_californicum_1462.jpg,https://inaturalist-open-data.s3.amazonaws.com/photos/136664812/medium.jpg,cc-by-nc,83222948,research,37.8744166667,-121.9185716667,native
lythrum_californicum_1463.jpg,https://inaturalist-open-data.s3.amazonaws.com/photos/136235282/medium.jpg,cc-by-nc,82975573,research,33.250323,-97.148949,native
lythrum_californicum_1464.jpg,https://inaturalist-open-data.s3.amazonaws.com/photos/136235355/medium.jpg,cc-by-nc,82975573,research,33.250323,-97.148949,native
lythrum_californicum_1465.jpg,https://inaturalist-open-data.s3.amazonaws.com/photos/136235409/medium.jpg,cc-by-nc,82975573,research,33.250323,-97.148949,native
lythrum_californicum_1466.jpg,https://inaturalist-open-data.s3.amazonaws.com/photos/136178180/medium.jpg,cc-by-nc,82943989,research,39.1386416667,-122.3436783333,native
lythrum_californicum_1467.jpg,https://inaturalist-open-data.s3.amazonaws.com/photos/136178156/medium.jpg,cc-by-nc,82943989,research,39.1386416667,-122.3436783333,native
lythrum_californicum_1468.jpg,https://inaturalist-open-data.s3.amazonaws.com/photos/136178214/medium.jpg,cc-by-nc,82943989,research,39.1386416667,-122.3436783333,native
lythrum_californicum_1469.jpg,https://inaturalist-open-data.s3.amazonaws.com/photos/136178243/medium.jpg,cc-by-nc,82943989,research,39.1386416667,-122.3436783333,native
lythrum_californicum_1470.jpg,https://inaturalist-open-data.s3.amazonaws.com/photos/135838043/medium.jpg,cc-by-nc-nd,82748748,research,31.54467,-97.251145,native
lythrum_californicum_1471.jpg,https://inaturalist-open-data.s3.amazonaws.com/photos/135838098/medium.jpg,cc-by-nc-nd,82748748,research,31.54467,-97.251145,native
lythrum_californicum_1472.jpg,https://inaturalist-open-data.s3.amazonaws.com/photos/135838144/medium.jpg,cc-by-nc-nd,82748748,research,31.54467,-97.251145,native
lythrum_californicum_1473.jpg,https://inaturalist-open-data.s3.amazonaws.com/photos/135838176/medium.jpg,cc-by-nc-nd,82748748,research,31.54467,-97.251145,native
lythrum_californicum_1474.jpg,https://inaturalist-open-data.s3.amazonaws.com/photos/135838217/medium.jpg,cc-by-nc-nd,82748748,research,31.54467,-97.251145,native
lythrum_californicum_1475.jpg,https://inaturalist-open-data.s3.amazonaws.com/photos/135838250/medium.jpg,cc-by-nc-nd,82748748,research,31.54467,-97.251145,native
lythrum_californicum_1476.jpg,https://inaturalist-open-data.s3.amazonaws.com/photos/135838292/medium.jpg,cc-by-nc-nd,82748748,research,31.54467,-97.251145,native
lythrum_californicum_1477.jpg,https://inaturalist-open-data.s3.amazonaws.com/photos/134972741/medium.jpg,cc-by-nc,82246303,research,36.473255,-116.3177116667,native
lythrum_californicum_1478.jpg,https://inaturalist-open-data.s3.amazonaws.com/photos/134972755/medium.jpg,cc-by-nc,82246303,research,36.473255,-116.3177116667,native
lythrum_californicum_1479.jpg,https://inaturalist-open-data.s3.amazonaws.com/photos/134909627/medium.jpg,cc-by-nc,82209326,needs_id,29.8841195625,-100.9939097193,native
lythrum_californicum_1480.jpg,https://inaturalist-open-data.s3.amazonaws.com/photos/134712058/medium.jpg,cc-by-nc,82097100,research,32.9069273485,-110.561591696,native
lythrum_californicum_1481.jpg,https://inaturalist-open-data.s3.amazonaws.com/photos/134658016/medium.jpg,cc-by-nc,82071715,needs_id,29.27184,-103.1354316667,native
lythrum_californicum_1482.jpeg,https://inaturalist-open-data.s3.amazonaws.com/photos/133712598/medium.jpeg,cc-by-nc,81517995,research,34.0487981064,-116.5691815189,native
lythrum_californicum_1483.jpg,https://inaturalist-open-data.s3.amazonaws.com/photos/133491870/medium.jpg,cc-by-nc,81388858,research,33.3712783333,-116.42447,native
lythrum_californicum_1484.jpg,https://inaturalist-open-data.s3.amazonaws.com/photos/133491904/medium.jpg,cc-by-nc,81388858,research,33.3712783333,-116.42447,native
lythrum_californicum_1485.jpg,https://inaturalist-open-data.s3.amazonaws.com/photos/133491922/medium.jpg,cc-by-nc,81388858,research,33.3712783333,-116.42447,native
lythrum_californicum_1486.jpg,https://inaturalist-open-data.s3.amazonaws.com/photos/133491948/medium.jpg,cc-by-nc,81388858,research,33.3712783333,-116.42447,native
lythrum_californicum_1487.jpg,https://inaturalist-open-data.s3.amazonaws.com/photos/132787005/medium.jpg,cc-by-nc,80987166,needs_id,30.2183354231,-95.5030343935,native
lythrum_californicum_1488.jpg,https://inaturalist-open-data.s3.amazonaws.com/photos/132787030/medium.jpg,cc-by-nc,80987166,needs_id,30.2183354231,-95.5030343935,native
lythrum_californicum_1489.jpg,https://inaturalist-open-data.s3.amazonaws.com/photos/132787056/medium.jpg,cc-by-nc,80987166,needs_id,30.2183354231,-95.5030343935,native
lythrum_californicum_1490.jpeg,https://inaturalist-open-data.s3.amazonaws.com/photos/132744161/medium.jpeg,cc-by-nc,80963589,research,33.5890444444,-117.5170888889,native
lythrum_californicum_1491.jpeg,https://inaturalist-open-data.s3.amazonaws.com/photos/132744184/medium.jpeg,cc-by-nc,80963589,research,33.5890444444,-117.5170888889,native
lythrum_californicum_1492.jpeg,https://inaturalist-open-data.s3.amazonaws.com/photos/132744195/medium.jpeg,cc-by-nc,80963589,research,33.5890444444,-117.5170888889,native
lythrum_californicum_1493.jpeg,https://inaturalist-open-data.s3.amazonaws.com/photos/132744225/medium.jpeg,cc-by-nc,80963589,research,33.5890444444,-117.5170888889,native
lythrum_californicum_1494.jpeg,https://inaturalist-open-data.s3.amazonaws.com/photos/132744209/medium.jpeg,cc-by-nc,80963589,research,33.5890444444,-117.5170888889,native
lythrum_californicum_1495.jpeg,https://inaturalist-open-data.s3.amazonaws.com/photos/132744234/medium.jpeg,cc-by-nc,80963589,research,33.5890444444,-117.5170888889,native
lythrum_californicum_1496.jpg,https://inaturalist-open-data.s3.amazonaws.com/photos/132683020/medium.jpg,cc-by-nc,80927638,research,34.648145,-113.2803883333,native
lythrum_californicum_1497.jpg,https://inaturalist-open-data.s3.amazonaws.com/photos/131792685/medium.jpg,cc-by-nc,80412374,research,32.7496203328,-105.9119715241,native
lythrum_californicum_1498.jpg,https://inaturalist-open-data.s3.amazonaws.com/photos/131792694/medium.jpg,cc-by-nc,80412374,research,32.7496203328,-105.9119715241,native
lythrum_californicum_1499.jpg,https://inaturalist-open-data.s3.amazonaws.com/photos/131602866/medium.jpg,cc-by-nc,80281609,needs_id,29.4513145944,-94.9519975562,native
lythrum_californicum_1500.jpg,https://inaturalist-open-data.s3.amazonaws.com/photos/131602911/medium.jpg,cc-by-nc,80281609,needs_id,29.4513145944,-94.9519975562,native
lythrum_californicum_1501.jpg,https://inaturalist-open-data.s3.amazonaws.com/photos/130840468/medium.jpg,cc-by,79864707,research,38.561075,-121.59591,native
lythrum_californicum_1502.jpg,https://inaturalist-open-data.s3.amazonaws.com/photos/130840545/medium.jpg,cc-by,79864707,research,38.561075,-121.59591,native
lythrum_californicum_1503.jpg,https://inaturalist-open-data.s3.amazonaws.com/photos/130586742/medium.jpg,cc-by-nc,79713988,research,35.7610383333,-119.58158,native
lythrum_californicum_1504.jpg,https://inaturalist-open-data.s3.amazonaws.com/photos/130191456/medium.jpg,cc-by,79484417,needs_id,26.1598149722,-97.7211159722,native
lythrum_californicum_1505.jpg,https://inaturalist-open-data.s3.amazonaws.com/photos/130191488/medium.jpg,cc-by,79484417,needs_id,26.1598149722,-97.7211159722,native
lythrum_californicum_1506.jpg,https://inaturalist-open-data.s3.amazonaws.com/photos/130191580/medium.jpg,cc-by,79484417,needs_id,26.1598149722,-97.7211159722,native
lythrum_californicum_1507.jpg,https://inaturalist-open-data.s3.amazonaws.com/photos/130187450/medium.jpg,cc-by-nc,79482238,needs_id,33.7608106443,-116.5495347977,native
lythrum_californicum_1508.jpg,https://inaturalist-open-data.s3.amazonaws.com/photos/129140272/medium.jpg,cc-by-nc,78880435,casual,32.7603690345,-97.4132405985,native
lythrum_californicum_1509.jpeg,https://inaturalist-open-data.s3.amazonaws.com/photos/128768660/medium.jpeg,cc-by-nc,78665656,research,35.2664944444,-120.68235,native
lythrum_californicum_1510.jpeg,https://inaturalist-open-data.s3.amazonaws.com/photos/128768671/medium.jpeg,cc-by-nc,78665656,research,35.2664944444,-120.68235,native
lythrum_californicum_1511.jpeg,https://inaturalist-open-data.s3.amazonaws.com/photos/128271375/medium.jpeg,cc-by-nc,78384929,needs_id,27.9527181648,-97.200504618,native
lythrum_californicum_1512.jpeg,https://inaturalist-open-data.s3.amazonaws.com/photos/128271357/medium.jpeg,cc-by-nc,78384929,needs_id,27.9527181648,-97.200504618,native
lythrum_californicum_1514.jpeg,https://inaturalist-open-data.s3.amazonaws.com/photos/126712857/medium.jpeg,cc-by-nc,77503660,research,26.3760469581,-97.4397403211,native
lythrum_californicum_1515.jpeg,https://inaturalist-open-data.s3.amazonaws.com/photos/126712878/medium.jpeg,cc-by-nc,77503660,research,26.3760469581,-97.4397403211,native
lythrum_californicum_1516.jpeg,https://inaturalist-open-data.s3.amazonaws.com/photos/126709352/medium.jpeg,cc-by-nc,77503486,needs_id,26.3660817556,-97.5614848328,native
lythrum_californicum_1520.jpg,https://inaturalist-open-data.s3.amazonaws.com/photos/126140447/medium.jpg,cc-by-nc,77137117,research,32.7094656788,-116.8233072852,native
lythrum_californicum_1521.jpg,https://inaturalist-open-data.s3.amazonaws.com/photos/126140505/medium.jpg,cc-by-nc,77137117,research,32.7094656788,-116.8233072852,native
lythrum_californicum_1522.jpg,https://inaturalist-open-data.s3.amazonaws.com/photos/126140623/medium.jpg,cc-by-nc,77137117,research,32.7094656788,-116.8233072852,native
lythrum_californicum_1523.jpg,https://inaturalist-open-data.s3.amazonaws.com/photos/125581930/medium.jpg,cc-by-nc,76784173,research,36.4006809878,-116.2727445951,native
lythrum_californicum_1524.jpg,https://inaturalist-open-data.s3.amazonaws.com/photos/125582125/medium.jpg,cc-by-nc,76784173,research,36.4006809878,-116.2727445951,native
lythrum_californicum_1525.jpg,https://inaturalist-open-data.s3.amazonaws.com/photos/125581881/medium.jpg,cc-by-nc,76784173,research,36.4006809878,-116.2727445951,native
lythrum_californicum_1526.jpg,https://inaturalist-open-data.s3.amazonaws.com/photos/125582046/medium.jpg,cc-by-nc,76784173,research,36.4006809878,-116.2727445951,native
lythrum_californicum_1527.jpg,https://inaturalist-open-data.s3.amazonaws.com/photos/125581973/medium.jpg,cc-by-nc,76784173,research,36.4006809878,-116.2727445951,native
lythrum_californicum_1528.jpg,https://inaturalist-open-data.s3.amazonaws.com/photos/125582084/medium.jpg,cc-by-nc,76784173,research,36.4006809878,-116.2727445951,native
lythrum_californicum_1529.jpg,https://inaturalist-open-data.s3.amazonaws.com/photos/125582164/medium.jpg,cc-by-nc,76784173,research,36.4006809878,-116.2727445951,native
lythrum_californicum_1530.jpg,https://inaturalist-open-data.s3.amazonaws.com/photos/125582209/medium.jpg,cc-by-nc,76784173,research,36.4006809878,-116.2727445951,native
lythrum_californicum_1531.jpg,https://inaturalist-open-data.s3.amazonaws.com/photos/125582251/medium.jpg,cc-by-nc,76784173,research,36.4006809878,-116.2727445951,native
lythrum_californicum_1532.jpg,https://inaturalist-open-data.s3.amazonaws.com/photos/125582315/medium.jpg,cc-by-nc,76784173,research,36.4006809878,-116.2727445951,native
lythrum_californicum_1533.jpeg,https://inaturalist-open-data.s3.amazonaws.com/photos/124704823/medium.jpeg,cc-by-nc,76234272,needs_id,26.1750243905,-98.2299534947,native
lythrum_californicum_1534.jpeg,https://inaturalist-open-data.s3.amazonaws.com/photos/124704861/medium.jpeg,cc-by-nc,76234272,needs_id,26.1750243905,-98.2299534947,native
lythrum_californicum_1535.jpeg,https://inaturalist-open-data.s3.amazonaws.com/photos/123287707/medium.jpeg,cc-by,75370103,research,29.3019267545,-103.8463908645,native
lythrum_californicum_1536.jpeg,https://inaturalist-open-data.s3.amazonaws.com/photos/123287485/medium.jpeg,cc-by,75370103,research,29.3019267545,-103.8463908645,native
lythrum_californicum_1537.jpeg,https://inaturalist-open-data.s3.amazonaws.com/photos/123287722/medium.jpeg,cc-by,75370103,research,29.3019267545,-103.8463908645,native
lythrum_californicum_1538.jpg,https://inaturalist-open-data.s3.amazonaws.com/photos/122809306/medium.jpg,cc-by-nc,75093908,needs_id,30.18162,-97.8731533333,native
lythrum_californicum_1539.jpg,https://inaturalist-open-data.s3.amazonaws.com/photos/122809320/medium.jpg,cc-by-nc,75093908,needs_id,30.18162,-97.8731533333,native
lythrum_californicum_1540.jpg,https://inaturalist-open-data.s3.amazonaws.com/photos/122809342/medium.jpg,cc-by-nc,75093908,needs_id,30.18162,-97.8731533333,native
lythrum_californicum_1541.jpg,https://inaturalist-open-data.s3.amazonaws.com/photos/129181690/medium.jpg,cc-by-nc,74675681,research,34.00731945,-119.746825,native
lythrum_californicum_1542.jpg,https://inaturalist-open-data.s3.amazonaws.com/photos/129181724/medium.jpg,cc-by-nc,74675681,research,34.00731945,-119.746825,native
lythrum_californicum_1543.jpg,https://inaturalist-open-data.s3.amazonaws.com/photos/129181767/medium.jpg,cc-by-nc,74675681,research,34.00731945,-119.746825,native
lythrum_californicum_1544.jpg,https://inaturalist-open-data.s3.amazonaws.com/photos/129181814/medium.jpg,cc-by-nc,74675681,research,34.00731945,-119.746825,native
lythrum_californicum_1545.jpg,https://inaturalist-open-data.s3.amazonaws.com/photos/120894357/medium.jpg,cc-by-nc,74002108,research,35.0717305,-114.7182916667,native
lythrum_californicum_1546.jpg,https://inaturalist-open-data.s3.amazonaws.com/photos/120894372/medium.jpg,cc-by-nc,74002108,research,35.0717305,-114.7182916667,native
lythrum_californicum_1547.jpg,https://inaturalist-open-data.s3.amazonaws.com/photos/120894384/medium.jpg,cc-by-nc,74002108,research,35.0717305,-114.7182916667,native
lythrum_californicum_1548.jpeg,https://inaturalist-open-data.s3.amazonaws.com/photos/118809612/medium.jpeg,cc-by-nc,72828128,needs_id,26.2668523,-97.5626845,native
lythrum_californicum_1549.jpeg,https://inaturalist-open-data.s3.amazonaws.com/photos/118809594/medium.jpeg,cc-by-nc,72828128,needs_id,26.2668523,-97.5626845,native
lythrum_californicum_1550.png,https://inaturalist-open-data.s3.amazonaws.com/photos/117898969/medium.png,cc-by-nc,72325315,needs_id,39.3758577093,-115.7448733283,native
lythrum_californicum_1551.jpg,https://inaturalist-open-data.s3.amazonaws.com/photos/113552456/medium.jpg,cc-by-nc-sa,69910929,research,38.1908698375,-121.9965897575,native
lythrum_californicum_1552.jpg,https://inaturalist-open-data.s3.amazonaws.com/photos/109940655/medium.jpg,cc-by-nc,67963612,research,35.2619343167,-120.6535838202,native
lythrum_californicum_1553.jpg,https://inaturalist-open-data.s3.amazonaws.com/photos/109983744/medium.jpg,cc-by-nc,67963612,research,35.2619343167,-120.6535838202,native
lythrum_californicum_1554.jpg,https://inaturalist-open-data.s3.amazonaws.com/photos/109983754/medium.jpg,cc-by-nc,67963612,research,35.2619343167,-120.6535838202,native
lythrum_californicum_1555.jpg,https://inaturalist-open-data.s3.amazonaws.com/photos/109983766/medium.jpg,cc-by-nc,67963612,research,35.2619343167,-120.6535838202,native
lythrum_californicum_1556.jpg,https://inaturalist-open-data.s3.amazonaws.com/photos/109811578/medium.jpg,cc-by-nc,67895076,research,36.8322222222,-117.7377777778,native
lythrum_californicum_1557.jpeg,https://inaturalist-open-data.s3.amazonaws.com/photos/106072482/medium.jpeg,cc-by-nc,65858719,research,34.0925024167,-119.0432396667,native
lythrum_californicum_1558.jpeg,https://inaturalist-open-data.s3.amazonaws.com/photos/106072489/medium.jpeg,cc-by-nc,65858719,research,34.0925024167,-119.0432396667,native
lythrum_californicum_1559.jpeg,https://inaturalist-open-data.s3.amazonaws.com/photos/106072501/medium.jpeg,cc-by-nc,65858719,research,34.0925024167,-119.0432396667,native
lythrum_californicum_1560.jpeg,https://inaturalist-open-data.s3.amazonaws.com/photos/103336478/medium.jpeg,cc-by-nc,64291285,research,36.5053891,-117.0794078,native
lythrum_californicum_1561.jpg,https://inaturalist-open-data.s3.amazonaws.com/photos/102985790/medium.jpg,cc-by,64093684,research,37.41636,-118.00144,native
lythrum_californicum_1562.jpg,https://inaturalist-open-data.s3.amazonaws.com/photos/102985776/medium.jpg,cc-by,64093684,research,37.41636,-118.00144,native
lythrum_californicum_1563.jpg,https://inaturalist-open-data.s3.amazonaws.com/photos/102985778/medium.jpg,cc-by,64093684,research,37.41636,-118.00144,native
lythrum_californicum_1564.jpg,https://inaturalist-open-data.s3.amazonaws.com/photos/102665026/medium.jpg,cc-by-nc,63916686,casual,29.7340586712,-95.3991560973,native
lythrum_californicum_1565.jpg,https://inaturalist-open-data.s3.amazonaws.com/photos/102665036/medium.jpg,cc-by-nc,63916686,casual,29.7340586712,-95.3991560973,native
lythrum_californicum_1566.jpg,https://inaturalist-open-data.s3.amazonaws.com/photos/101971883/medium.jpg,cc-by-nc,63530357,research,33.59832,-116.3058783333,native
lythrum_californicum_1567.jpg,https://inaturalist-open-data.s3.amazonaws.com/photos/101971874/medium.jpg,cc-by-nc,63530357,research,33.59832,-116.3058783333,native
lythrum_californicum_1568.jpg,https://inaturalist-open-data.s3.amazonaws.com/photos/101971894/medium.jpg,cc-by-nc,63530357,research,33.59832,-116.3058783333,native
lythrum_californicum_1574.jpg,https://inaturalist-open-data.s3.amazonaws.com/photos/101345607/medium.jpg,cc-by-nc,63174253,research,33.1039825267,-116.4531206088,native
lythrum_californicum_1577.jpg,https://inaturalist-open-data.s3.amazonaws.com/photos/100939759/medium.jpg,cc-by-nc,62945095,research,29.2715254941,-103.1356878466,native
lythrum_californicum_1578.jpg,https://inaturalist-open-data.s3.amazonaws.com/photos/100939530/medium.jpg,cc-by-nc,62945095,research,29.2715254941,-103.1356878466,native
lythrum_californicum_1579.jpg,https://inaturalist-open-data.s3.amazonaws.com/photos/99589557/medium.jpg,cc-by-nc,62177017,research,38.3539783309,-121.650165519,native
lythrum_californicum_1580.jpg,https://inaturalist-open-data.s3.amazonaws.com/photos/99589582/medium.jpg,cc-by-nc,62177017,research,38.3539783309,-121.650165519,native
lythrum_californicum_1581.jpg,https://inaturalist-open-data.s3.amazonaws.com/photos/99589602/medium.jpg,cc-by-nc,62177017,research,38.3539783309,-121.650165519,native
lythrum_californicum_1582.jpg,https://inaturalist-open-data.s3.amazonaws.com/photos/99589620/medium.jpg,cc-by-nc,62177017,research,38.3539783309,-121.650165519,native
lythrum_californicum_1583.jpg,https://inaturalist-open-data.s3.amazonaws.com/photos/98044226/medium.jpg,cc-by-nc,61279614,research,36.18098,-115.50402,native
lythrum_californicum_1584.jpg,https://inaturalist-open-data.s3.amazonaws.com/photos/98044222/medium.jpg,cc-by-nc,61279614,research,36.18098,-115.50402,native
lythrum_californicum_1585.jpg,https://inaturalist-open-data.s3.amazonaws.com/photos/98044233/medium.jpg,cc-by-nc,61279614,research,36.18098,-115.50402,native
lythrum_californicum_1586.jpg,https://inaturalist-open-data.s3.amazonaws.com/photos/96568990/medium.jpg,cc-by-nc,60393499,research,34.2805054308,-117.4385529559,native
lythrum_californicum_1587.jpg,https://inaturalist-open-data.s3.amazonaws.com/photos/96569002/medium.jpg,cc-by-nc,60393499,research,34.2805054308,-117.4385529559,native
lythrum_californicum_1588.jpeg,https://inaturalist-open-data.s3.amazonaws.com/photos/95979523/medium.jpeg,cc-by-nc,60042999,research,38.1990183333,-122.0268266667,native
lythrum_californicum_1589.jpeg,https://inaturalist-open-data.s3.amazonaws.com/photos/95979550/medium.jpeg,cc-by-nc,60042999,research,38.1990183333,-122.0268266667,native
lythrum_californicum_1590.jpeg,https://inaturalist-open-data.s3.amazonaws.com/photos/95979563/medium.jpeg,cc-by-nc,60042999,research,38.1990183333,-122.0268266667,native
lythrum_californicum_1591.jpeg,https://inaturalist-open-data.s3.amazonaws.com/photos/95979578/medium.jpeg,cc-by-nc,60042999,research,38.1990183333,-122.0268266667,native
lythrum_californicum_1592.jpeg,https://inaturalist-open-data.s3.amazonaws.com/photos/95979589/medium.jpeg,cc-by-nc,60042999,research,38.1990183333,-122.0268266667,native
lythrum_californicum_1593.jpeg,https://inaturalist-open-data.s3.amazonaws.com/photos/95478435/medium.jpeg,cc-by-nc,59510829,research,34.4916841016,-119.3142932375,native
lythrum_californicum_1594.jpeg,https://inaturalist-open-data.s3.amazonaws.com/photos/95478442/medium.jpeg,cc-by-nc,59510829,research,34.4916841016,-119.3142932375,native
lythrum_californicum_1595.jpg,https://inaturalist-open-data.s3.amazonaws.com/photos/95092246/medium.jpg,cc-by-nc,59510829,research,34.4916841016,-119.3142932375,native
lythrum_californicum_1596.jpg,https://inaturalist-open-data.s3.amazonaws.com/photos/93478102/medium.jpg,cc0,58545766,research,33.68273,-117.73008667,native
lythrum_californicum_1597.jpg,https://inaturalist-open-data.s3.amazonaws.com/photos/92619890/medium.jpg,cc-by-nc,58034254,research,33.4307893852,-117.1965933827,native
lythrum_californicum_1598.jpg,https://inaturalist-open-data.s3.amazonaws.com/photos/92385809/medium.jpg,cc-by-nc,57895311,research,33.6616055556,-116.5163111111,native
lythrum_californicum_1599.jpg,https://inaturalist-open-data.s3.amazonaws.com/photos/92385814/medium.jpg,cc-by-nc,57895311,research,33.6616055556,-116.5163111111,native
lythrum_californicum_1600.jpeg,https://inaturalist-open-data.s3.amazonaws.com/photos/90983442/medium.jpeg,cc-by-nc,57060635,research,33.5876916667,-117.5183472222,native
lythrum_californicum_1601.jpeg,https://inaturalist-open-data.s3.amazonaws.com/photos/90948641/medium.jpeg,cc-by-nc,57039303,research,33.7344200311,-116.3559255676,native
lythrum_californicum_1602.jpg,https://inaturalist-open-data.s3.amazonaws.com/photos/89853490/medium.jpg,cc-by-nc,56385178,research,33.3960923955,-117.2622520169,native
lythrum_californicum_1603.jpg,https://inaturalist-open-data.s3.amazonaws.com/photos/89853516/medium.jpg,cc-by-nc,56385178,research,33.3960923955,-117.2622520169,native
lythrum_californicum_1604.jpg,https://inaturalist-open-data.s3.amazonaws.com/photos/89853504/medium.jpg,cc-by-nc,56385178,research,33.3960923955,-117.2622520169,native
lythrum_californicum_1605.jpg,https://inaturalist-open-data.s3.amazonaws.com/photos/89853526/medium.jpg,cc-by-nc,56385178,research,33.3960923955,-117.2622520169,native
lythrum_californicum_1606.jpg,https://inaturalist-open-data.s3.amazonaws.com/photos/89853535/medium.jpg,cc-by-nc,56385178,research,33.3960923955,-117.2622520169,native
lythrum_californicum_1607.jpeg,https://inaturalist-open-data.s3.amazonaws.com/photos/89761604/medium.jpeg,cc-by-nc,56330996,research,33.7341327852,-116.3554040092,native
lythrum_californicum_1608.jpeg,https://inaturalist-open-data.s3.amazonaws.com/photos/89435947/medium.jpeg,cc-by,56149460,research,36.7138055556,-114.7065416667,native
lythrum_californicum_1609.jpeg,https://inaturalist-open-data.s3.amazonaws.com/photos/89438256/medium.jpeg,cc-by,56149460,research,36.7138055556,-114.7065416667,native
lythrum_californicum_1610.jpg,https://inaturalist-open-data.s3.amazonaws.com/photos/88621455/medium.jpg,cc-by-nc,55623077,research,33.6279021609,-117.3076803618,native
lythrum_californicum_1611.jpg,https://inaturalist-open-data.s3.amazonaws.com/photos/88621437/medium.jpg,cc-by-nc,55623077,research,33.6279021609,-117.3076803618,native
lythrum_californicum_1612.jpg,https://inaturalist-open-data.s3.amazonaws.com/photos/88621492/medium.jpg,cc-by-nc,55623077,research,33.6279021609,-117.3076803618,native
lythrum_californicum_1613.jpg,https://inaturalist-open-data.s3.amazonaws.com/photos/88412336/medium.jpg,cc-by-nc,55506185,research,33.8882429424,-111.4811173921,native
lythrum_californicum_1614.jpg,https://inaturalist-open-data.s3.amazonaws.com/photos/87850409/medium.jpg,cc-by-nc,55183106,research,30.97540333,-115.74345333,native
lythrum_californicum_1615.jpg,https://inaturalist-open-data.s3.amazonaws.com/photos/87850449/medium.jpg,cc-by-nc,55183106,research,30.97540333,-115.74345333,native
lythrum_californicum_1616.jpg,https://inaturalist-open-data.s3.amazonaws.com/photos/87850351/medium.jpg,cc-by-nc,55183106,research,30.97540333,-115.74345333,native
lythrum_californicum_1617.jpeg,https://inaturalist-open-data.s3.amazonaws.com/photos/87331531/medium.jpeg,cc-by-nc,54869984,research,34.0062166667,-119.7474055556,native
lythrum_californicum_1618.jpeg,https://inaturalist-open-data.s3.amazonaws.com/photos/86902383/medium.jpeg,cc-by,54609495,research,34.3677257778,-119.0016628056,native
lythrum_californicum_1619.jpeg,https://inaturalist-open-data.s3.amazonaws.com/photos/86902387/medium.jpeg,cc-by,54609495,research,34.3677257778,-119.0016628056,native
lythrum_californicum_1620.jpg,https://inaturalist-open-data.s3.amazonaws.com/photos/86787109/medium.jpg,cc-by-nc,54539681,needs_id,29.5638434693,-95.1189921973,native
lythrum_californicum_1621.jpg,https://inaturalist-open-data.s3.amazonaws.com/photos/86787170/medium.jpg,cc-by-nc,54539681,needs_id,29.5638434693,-95.1189921973,native
lythrum_californicum_1622.jpeg,https://inaturalist-open-data.s3.amazonaws.com/photos/86779854/medium.jpeg,cc-by-nc,54535151,needs_id,37.8008818611,-97.8659510278,native
lythrum_californicum_1623.jpeg,https://inaturalist-open-data.s3.amazonaws.com/photos/86779881/medium.jpeg,cc-by-nc,54535151,needs_id,37.8008818611,-97.8659510278,native
lythrum_californicum_1624.jpeg,https://inaturalist-open-data.s3.amazonaws.com/photos/86779902/medium.jpeg,cc-by-nc,54535151,needs_id,37.8008818611,-97.8659510278,native
lythrum_californicum_1625.jpeg,https://inaturalist-open-data.s3.amazonaws.com/photos/86779931/medium.jpeg,cc-by-nc,54535151,needs_id,37.8008818611,-97.8659510278,native
lythrum_californicum_1626.jpeg,https://inaturalist-open-data.s3.amazonaws.com/photos/86493666/medium.jpeg,cc0,54359248,research,34.152349,-118.9826479722,native
lythrum_californicum_1627.jpeg,https://inaturalist-open-data.s3.amazonaws.com/photos/86493687/medium.jpeg,cc0,54359248,research,34.152349,-118.9826479722,native
lythrum_californicum_1628.jpeg,https://inaturalist-open-data.s3.amazonaws.com/photos/86487793/medium.jpeg,cc-by-nc-sa,54355920,research,32.1472083333,-116.6588133333,native
lythrum_californicum_1629.jpeg,https://inaturalist-open-data.s3.amazonaws.com/photos/86487807/medium.jpeg,cc-by-nc-sa,54355920,research,32.1472083333,-116.6588133333,native
lythrum_californicum_1630.jpg,https://inaturalist-open-data.s3.amazonaws.com/photos/86436099/medium.jpg,cc-by-nc,54325809,research,38.5600811944,-121.658433,native
lythrum_californicum_1631.jpeg,https://inaturalist-open-data.s3.amazonaws.com/photos/86436126/medium.jpeg,cc-by-nc,54325809,research,38.5600811944,-121.658433,native
lythrum_californicum_1632.jpeg,https://inaturalist-open-data.s3.amazonaws.com/photos/86436154/medium.jpeg,cc-by-nc,54325809,research,38.5600811944,-121.658433,native
lythrum_californicum_1633.jpg,https://inaturalist-open-data.s3.amazonaws.com/photos/86341667/medium.jpg,cc-by-nc,54266772,research,34.57262,-119.75386167,native
lythrum_californicum_1634.jpeg,https://inaturalist-open-data.s3.amazonaws.com/photos/86212773/medium.jpeg,cc-by-nc,54189761,research,34.366424566,-118.9988533035,native
lythrum_californicum_1635.jpeg,https://inaturalist-open-data.s3.amazonaws.com/photos/86209920/medium.jpeg,cc-by-nc,54187744,research,34.3902699819,-118.8927249983,native
lythrum_californicum_1636.jpeg,https://inaturalist-open-data.s3.amazonaws.com/photos/86094570/medium.jpeg,cc-by-nc,54119085,research,33.5757766578,-101.3926593055,native
lythrum_californicum_1637.jpeg,https://inaturalist-open-data.s3.amazonaws.com/photos/86094581/medium.jpeg,cc-by-nc,54119085,research,33.5757766578,-101.3926593055,native
lythrum_californicum_1638.jpeg,https://inaturalist-open-data.s3.amazonaws.com/photos/86094593/medium.jpeg,cc-by-nc,54119085,research,33.5757766578,-101.3926593055,native
lythrum_californicum_1639.jpeg,https://inaturalist-open-data.s3.amazonaws.com/photos/86094608/medium.jpeg,cc-by-nc,54119085,research,33.5757766578,-101.3926593055,native
lythrum_californicum_1640.jpeg,https://inaturalist-open-data.s3.amazonaws.com/photos/85943219/medium.jpeg,cc-by-nc,54024431,research,30.383443,-97.73517,native
lythrum_californicum_1641.jpeg,https://inaturalist-open-data.s3.amazonaws.com/photos/85943209/medium.jpeg,cc-by-nc,54024431,research,30.383443,-97.73517,native
lythrum_californicum_1642.jpeg,https://inaturalist-open-data.s3.amazonaws.com/photos/85943202/medium.jpeg,cc-by-nc,54024431,research,30.383443,-97.73517,native
lythrum_californicum_1643.jpeg,https://inaturalist-open-data.s3.amazonaws.com/photos/85943225/medium.jpeg,cc-by-nc,54024431,research,30.383443,-97.73517,native
lythrum_californicum_1644.jpeg,https://inaturalist-open-data.s3.amazonaws.com/photos/85943233/medium.jpeg,cc-by-nc,54024431,research,30.383443,-97.73517,native
lythrum_californicum_1645.jpeg,https://inaturalist-open-data.s3.amazonaws.com/photos/85942508/medium.jpeg,cc-by-nc,54023955,needs_id,35.1400016004,-101.9529052531,native
lythrum_californicum_1646.jpeg,https://inaturalist-open-data.s3.amazonaws.com/photos/85940976/medium.jpeg,cc-by-nc,54023124,needs_id,35.142165192,-101.9526361503,native
lythrum_californicum_1647.jpeg,https://inaturalist-open-data.s3.amazonaws.com/photos/85167086/medium.jpeg,cc-by-nc,53546175,needs_id,35.1368001806,-101.9347992582,native
lythrum_californicum_1648.jpeg,https://inaturalist-open-data.s3.amazonaws.com/photos/85170635/medium.jpeg,cc-by-nc,53546175,needs_id,35.1368001806,-101.9347992582,native
lythrum_californicum_1649.jpg,https://inaturalist-open-data.s3.amazonaws.com/photos/85071965/medium.jpg,cc-by-nc,53500575,needs_id,28.1578097222,-97.00488975,native
lythrum_californicum_1650.jpg,https://inaturalist-open-data.s3.amazonaws.com/photos/85071991/medium.jpg,cc-by-nc,53500575,needs_id,28.1578097222,-97.00488975,native
lythrum_californicum_1651.jpg,https://inaturalist-open-data.s3.amazonaws.com/photos/85072004/medium.jpg,cc-by-nc,53500575,needs_id,28.1578097222,-97.00488975,native
lythrum_californicum_1652.jpg,https://inaturalist-open-data.s3.amazonaws.com/photos/85072023/medium.jpg,cc-by-nc,53500575,needs_id,28.1578097222,-97.00488975,native
lythrum_californicum_1653.jpg,https://inaturalist-open-data.s3.amazonaws.com/photos/87219946/medium.jpg,cc-by-nc,53359958,needs_id,33.04298883,-98.30805333,native
lythrum_californicum_1654.jpg,https://inaturalist-open-data.s3.amazonaws.com/photos/84781820/medium.jpg,cc-by-nc,53310361,research,38.1736518981,-122.1861261461,native
lythrum_californicum_1655.jpg,https://inaturalist-open-data.s3.amazonaws.com/photos/84014629/medium.jpg,cc-by-nc,52838441,research,33.619316954,-116.4261505376,native
lythrum_californicum_1656.jpg,https://inaturalist-open-data.s3.amazonaws.com/photos/84014971/medium.jpg,cc-by-nc,52838441,research,33.619316954,-116.4261505376,native
lythrum_californicum_1657.jpeg,https://inaturalist-open-data.s3.amazonaws.com/photos/83892148/medium.jpeg,cc-by-nc,52762121,needs_id,35.156020687,-101.9146503517,native
lythrum_californicum_1658.jpeg,https://inaturalist-open-data.s3.amazonaws.com/photos/83893571/medium.jpeg,cc-by-nc,52762121,needs_id,35.156020687,-101.9146503517,native
lythrum_californicum_1659.jpg,https://inaturalist-open-data.s3.amazonaws.com/photos/83366716/medium.jpg,cc-by-nc-nd,52442494,needs_id,28.1136131,-97.4169464,native
lythrum_californicum_1660.jpeg,https://inaturalist-open-data.s3.amazonaws.com/photos/82904204/medium.jpeg,cc-by-nc,52162868,research,33.7340989477,-116.3553621016,native
lythrum_californicum_1661.jpg,https://inaturalist-open-data.s3.amazonaws.com/photos/82395825/medium.jpg,cc-by-nc,51846955,needs_id,28.4533584301,-96.4084433978,native
lythrum_californicum_1662.jpg,https://inaturalist-open-data.s3.amazonaws.com/photos/82395755/medium.jpg,cc-by-nc,51846955,needs_id,28.4533584301,-96.4084433978,native
lythrum_californicum_1663.jpg,https://inaturalist-open-data.s3.amazonaws.com/photos/82395785/medium.jpg,cc-by-nc,51846955,needs_id,28.4533584301,-96.4084433978,native
lythrum_californicum_1664.jpg,https://inaturalist-open-data.s3.amazonaws.com/photos/82395717/medium.jpg,cc-by-nc,51846955,needs_id,28.4533584301,-96.4084433978,native
lythrum_californicum_1665.jpg,https://inaturalist-open-data.s3.amazonaws.com/photos/81556250/medium.jpg,cc-by-nc,51337425,research,34.45503333,-118.9246,native
lythrum_californicum_1666.jpg,https://inaturalist-open-data.s3.amazonaws.com/photos/81556242/medium.jpg,cc-by-nc,51337425,research,34.45503333,-118.9246,native
lythrum_californicum_1667.jpg,https://inaturalist-open-data.s3.amazonaws.com/photos/81556261/medium.jpg,cc-by-nc,51337425,research,34.45503333,-118.9246,native
lythrum_californicum_1668.jpg,https://inaturalist-open-data.s3.amazonaws.com/photos/81519024/medium.jpg,cc-by,51314966,needs_id,32.7523069553,-97.4919929385,native
lythrum_californicum_1669.jpg,https://inaturalist-open-data.s3.amazonaws.com/photos/81518968/medium.jpg,cc-by,51314966,needs_id,32.7523069553,-97.4919929385,native
lythrum_californicum_1670.jpg,https://inaturalist-open-data.s3.amazonaws.com/photos/81519006/medium.jpg,cc-by,51314966,needs_id,32.7523069553,-97.4919929385,native
lythrum_californicum_1671.jpeg,https://inaturalist-open-data.s3.amazonaws.com/photos/81433995/medium.jpeg,cc-by-nc,51264158,research,33.734471281,-116.3556963576,native
lythrum_californicum_1672.jpg,https://inaturalist-open-data.s3.amazonaws.com/photos/81261595/medium.jpg,cc-by-nc,51156279,needs_id,34.35249667,-111.280455,native
lythrum_californicum_1673.jpg,https://inaturalist-open-data.s3.amazonaws.com/photos/81261559/medium.jpg,cc-by-nc,51156279,needs_id,34.35249667,-111.280455,native
lythrum_californicum_1674.jpeg,https://inaturalist-open-data.s3.amazonaws.com/photos/81183563/medium.jpeg,cc-by-nc,51107464,research,34.0512807,-116.5720492,native
lythrum_californicum_1675.jpg,https://inaturalist-open-data.s3.amazonaws.com/photos/80879586/medium.jpg,cc-by,50920594,needs_id,32.6248867164,-97.4274650625,native
lythrum_californicum_1676.jpg,https://inaturalist-open-data.s3.amazonaws.com/photos/80879622/medium.jpg,cc-by,50920594,needs_id,32.6248867164,-97.4274650625,native
lythrum_californicum_1677.jpg,https://inaturalist-open-data.s3.amazonaws.com/photos/80879557/medium.jpg,cc-by,50920594,needs_id,32.6248867164,-97.4274650625,native
lythrum_californicum_1678.jpeg,https://inaturalist-open-data.s3.amazonaws.com/photos/80869667/medium.jpeg,cc-by-nc,50914295,research,34.541479,-119.801883,native
lythrum_californicum_1679.jpg,https://inaturalist-open-data.s3.amazonaws.com/photos/79967786/medium.jpg,cc-by-nc,50361273,research,31.5148499444,-110.328590792,native
lythrum_californicum_1680.jpeg,https://inaturalist-open-data.s3.amazonaws.com/photos/79957992/medium.jpeg,cc-by-nc,50354894,needs_id,34.2246,-112.0952766667,native
lythrum_californicum_1681.jpeg,https://inaturalist-open-data.s3.amazonaws.com/photos/79958016/medium.jpeg,cc-by-nc,50354894,needs_id,34.2246,-112.0952766667,native
lythrum_californicum_1682.jpg,https://inaturalist-open-data.s3.amazonaws.com/photos/79868859/medium.jpg,cc-by-nc,50297421,research,34.5346500306,-119.4038668649,native
lythrum_californicum_1683.jpg,https://inaturalist-open-data.s3.amazonaws.com/photos/79865706/medium.jpg,cc-by-nc,50297421,research,34.5346500306,-119.4038668649,native
lythrum_californicum_1684.jpg,https://inaturalist-open-data.s3.amazonaws.com/photos/79865731/medium.jpg,cc-by-nc,50297421,research,34.5346500306,-119.4038668649,native
lythrum_californicum_1685.jpg,https://inaturalist-open-data.s3.amazonaws.com/photos/79856299/medium.jpg,cc-by-nc,50290852,research,34.53492,-119.40386167,native
lythrum_californicum_1686.jpg,https://inaturalist-open-data.s3.amazonaws.com/photos/79856368/medium.jpg,cc-by-nc,50290852,research,34.53492,-119.40386167,native
lythrum_californicum_1687.jpg,https://inaturalist-open-data.s3.amazonaws.com/photos/79856702/medium.jpg,cc-by-nc,50290852,research,34.53492,-119.40386167,native
lythrum_californicum_1688.jpeg,https://inaturalist-open-data.s3.amazonaws.com/photos/79699119/medium.jpeg,cc-by-nc,50189915,needs_id,33.263750111,-97.063203156,native
lythrum_californicum_1689.jpeg,https://inaturalist-open-data.s3.amazonaws.com/photos/79083910/medium.jpeg,cc-by-nc,49811297,research,34.5890872222,-118.9968613889,native
lythrum_californicum_1690.jpeg,https://inaturalist-open-data.s3.amazonaws.com/photos/79083918/medium.jpeg,cc-by-nc,49811297,research,34.5890872222,-118.9968613889,native
lythrum_californicum_1691.jpeg,https://inaturalist-open-data.s3.amazonaws.com/photos/78863993/medium.jpeg,cc-by-nc,49678745,research,31.7114171431,-110.8117843896,native
lythrum_californicum_1692.jpeg,https://inaturalist-open-data.s3.amazonaws.com/photos/78864042/medium.jpeg,cc-by-nc,49678745,research,31.7114171431,-110.8117843896,native
lythrum_californicum_1693.jpeg,https://inaturalist-open-data.s3.amazonaws.com/photos/78864045/medium.jpeg,cc-by-nc,49678745,research,31.7114171431,-110.8117843896,native
lythrum_californicum_1694.jpeg,https://inaturalist-open-data.s3.amazonaws.com/photos/78418665/medium.jpeg,cc-by-nc,49398555,research,35.2180149132,-120.7438743142,native
lythrum_californicum_1695.jpeg,https://inaturalist-open-data.s3.amazonaws.com/photos/78418687/medium.jpeg,cc-by-nc,49398555,research,35.2180149132,-120.7438743142,native
lythrum_californicum_1696.jpeg,https://inaturalist-open-data.s3.amazonaws.com/photos/78418710/medium.jpeg,cc-by-nc,49398555,research,35.2180149132,-120.7438743142,native
lythrum_californicum_1697.jpeg,https://inaturalist-open-data.s3.amazonaws.com/photos/78418725/medium.jpeg,cc-by-nc,49398555,research,35.2180149132,-120.7438743142,native
lythrum_californicum_1698.jpeg,https://inaturalist-open-data.s3.amazonaws.com/photos/78220760/medium.jpeg,cc-by-nc,49278870,research,33.5876055556,-117.5185138889,native
lythrum_californicum_1699.jpeg,https://inaturalist-open-data.s3.amazonaws.com/photos/78220707/medium.jpeg,cc-by-nc,49278857,research,33.5878666667,-117.5178111111,native
lythrum_californicum_1700.jpeg,https://inaturalist-open-data.s3.amazonaws.com/photos/78220681/medium.jpeg,cc-by-nc,49278857,research,33.5878666667,-117.5178111111,native
lythrum_californicum_1701.jpeg,https://inaturalist-open-data.s3.amazonaws.com/photos/78220727/medium.jpeg,cc-by-nc,49278857,research,33.5878666667,-117.5178111111,native
lythrum_californicum_1702.jpg,https://inaturalist-open-data.s3.amazonaws.com/photos/77908211/medium.jpg,cc-by-nc,49082802,needs_id,33.7856776458,-116.5362989374,native
lythrum_californicum_1703.jpeg,https://inaturalist-open-data.s3.amazonaws.com/photos/77900142/medium.jpeg,cc-by-nc,49080292,research,38.6877797595,-121.8742762032,native
lythrum_californicum_1704.jpeg,https://inaturalist-open-data.s3.amazonaws.com/photos/77900145/medium.jpeg,cc-by-nc,49080292,research,38.6877797595,-121.8742762032,native
lythrum_californicum_1705.jpeg,https://inaturalist-open-data.s3.amazonaws.com/photos/77900152/medium.jpeg,cc-by-nc,49080292,research,38.6877797595,-121.8742762032,native
lythrum_californicum_1706.jpg,https://inaturalist-open-data.s3.amazonaws.com/photos/77822620/medium.jpg,cc-by-nc,49028517,needs_id,29.9365522867,-97.7256687688,native
lythrum_californicum_1707.jpeg,https://inaturalist-open-data.s3.amazonaws.com/photos/77761058/medium.jpeg,cc-by-nc,48991282,research,34.0948472222,-118.8866416667,native
lythrum_californicum_1708.jpeg,https://inaturalist-open-data.s3.amazonaws.com/photos/76831884/medium.jpeg,cc-by-nc,48421059,research,34.2547348684,-114.2024339363,native
lythrum_californicum_1709.jpeg,https://inaturalist-open-data.s3.amazonaws.com/photos/76831897/medium.jpeg,cc-by-nc,48421059,research,34.2547348684,-114.2024339363,native
lythrum_californicum_1710.jpeg,https://inaturalist-open-data.s3.amazonaws.com/photos/76831341/medium.jpeg,cc-by-nc,48420825,research,34.2546520094,-114.2019749433,native
lythrum_californicum_1711.jpeg,https://inaturalist-open-data.s3.amazonaws.com/photos/76831356/medium.jpeg,cc-by-nc,48420825,research,34.2546520094,-114.2019749433,native
lythrum_californicum_1712.jpg,https://inaturalist-open-data.s3.amazonaws.com/photos/76822323/medium.jpg,cc-by-nc,48415375,research,34.7177506484,-113.2494756767,native
lythrum_californicum_1713.jpg,https://inaturalist-open-data.s3.amazonaws.com/photos/76822354/medium.jpg,cc-by-nc,48415375,research,34.7177506484,-113.2494756767,native
lythrum_californicum_1714.jpg,https://inaturalist-open-data.s3.amazonaws.com/photos/80204965/medium.jpg,cc-by-nc,47903982,needs_id,35.7376686601,-119.5798802626,native
lythrum_californicum_1715.jpeg,https://inaturalist-open-data.s3.amazonaws.com/photos/74747754/medium.jpeg,cc-by-nc,47133615,needs_id,32.6617901955,-97.4619345245,native
lythrum_californicum_1716.jpeg,https://inaturalist-open-data.s3.amazonaws.com/photos/74750652/medium.jpeg,cc-by-nc,47133615,needs_id,32.6617901955,-97.4619345245,native
lythrum_californicum_1717.jpeg,https://inaturalist-open-data.s3.amazonaws.com/photos/74576779/medium.jpeg,cc-by-nc,47028203,needs_id,28.1495216451,-99.0590821525,native
lythrum_californicum_1718.jpeg,https://inaturalist-open-data.s3.amazonaws.com/photos/74576816/medium.jpeg,cc-by-nc,47028203,needs_id,28.1495216451,-99.0590821525,native
lythrum_californicum_1719.jpg,https://inaturalist-open-data.s3.amazonaws.com/photos/74234298/medium.jpg,cc-by-nc,46807190,needs_id,27.9812,-97.37999667,native
lythrum_californicum_1720.jpg,https://inaturalist-open-data.s3.amazonaws.com/photos/73673040/medium.jpg,cc-by-nc,46449628,needs_id,34.0061964941,-119.7476859338,native
lythrum_californicum_1721.jpg,https://inaturalist-open-data.s3.amazonaws.com/photos/73673060/medium.jpg,cc-by-nc,46449628,needs_id,34.0061964941,-119.7476859338,native
lythrum_californicum_1722.jpeg,https://inaturalist-open-data.s3.amazonaws.com/photos/73051085/medium.jpeg,cc0,46056999,needs_id,33.6436805556,-116.4086777778,native
lythrum_californicum_1723.jpeg,https://inaturalist-open-data.s3.amazonaws.com/photos/73051088/medium.jpeg,cc0,46056999,needs_id,33.6436805556,-116.4086777778,native
lythrum_californicum_1724.jpeg,https://inaturalist-open-data.s3.amazonaws.com/photos/73035623/medium.jpeg,cc-by-nc,46048264,needs_id,35.3187739506,-120.6481258562,native
lythrum_californicum_1725.jpeg,https://inaturalist-open-data.s3.amazonaws.com/photos/73035638/medium.jpeg,cc-by-nc,46048264,needs_id,35.3187739506,-120.6481258562,native
lythrum_californicum_1726.jpg,https://inaturalist-open-data.s3.amazonaws.com/photos/72168705/medium.jpg,cc-by-nc,45511531,research,29.5525095813,-98.5291451211,native
lythrum_californicum_1727.jpg,https://inaturalist-open-data.s3.amazonaws.com/photos/72168669/medium.jpg,cc-by-nc,45511531,research,29.5525095813,-98.5291451211,native
lythrum_californicum_1731.jpg,https://inaturalist-open-data.s3.amazonaws.com/photos/59885549/medium.jpg,cc-by-nc,37737661,research,33.8545697969,-112.3112767995,native
lythrum_californicum_1732.jpg,https://inaturalist-open-data.s3.amazonaws.com/photos/59885556/medium.jpg,cc-by-nc,37737661,research,33.8545697969,-112.3112767995,native
lythrum_californicum_1733.jpg,https://inaturalist-open-data.s3.amazonaws.com/photos/59885565/medium.jpg,cc-by-nc,37737661,research,33.8545697969,-112.3112767995,native
lythrum_californicum_1734.jpg,https://inaturalist-open-data.s3.amazonaws.com/photos/59885581/medium.jpg,cc-by-nc,37737661,research,33.8545697969,-112.3112767995,native
lythrum_californicum_1735.jpg,https://inaturalist-open-data.s3.amazonaws.com/photos/59029150/medium.jpg,cc-by-nc,37255349,research,33.8281610263,-109.8554083675,native
lythrum_californicum_1736.jpg,https://inaturalist-open-data.s3.amazonaws.com/photos/59029171/medium.jpg,cc-by-nc,37255349,research,33.8281610263,-109.8554083675,native
lythrum_californicum_1737.jpg,https://inaturalist-open-data.s3.amazonaws.com/photos/59029157/medium.jpg,cc-by-nc,37255349,research,33.8281610263,-109.8554083675,native
lythrum_californicum_1738.jpg,https://inaturalist-open-data.s3.amazonaws.com/photos/59029167/medium.jpg,cc-by-nc,37255349,research,33.8281610263,-109.8554083675,native
lythrum_californicum_1739.jpeg,https://inaturalist-open-data.s3.amazonaws.com/photos/58170102/medium.jpeg,cc-by-nc,36766245,research,38.4322168,-96.5582163,native
lythrum_californicum_1740.jpg,https://inaturalist-open-data.s3.amazonaws.com/photos/55989189/medium.jpg,cc-by-nc,35504491,research,33.3705555556,-116.4233333333,native
lythrum_californicum_1741.jpg,https://inaturalist-open-data.s3.amazonaws.com/photos/55989220/medium.jpg,cc-by-nc,35504491,research,33.3705555556,-116.4233333333,native
lythrum_californicum_1742.jpg,https://inaturalist-open-data.s3.amazonaws.com/photos/55989285/medium.jpg,cc-by-nc,35504491,research,33.3705555556,-116.4233333333,native
lythrum_californicum_1743.jpg,https://inaturalist-open-data.s3.amazonaws.com/photos/55989326/medium.jpg,cc-by-nc,35504491,research,33.3705555556,-116.4233333333,native
lythrum_californicum_1744.jpeg,https://inaturalist-open-data.s3.amazonaws.com/photos/55989328/medium.jpeg,cc-by-nc,35504491,research,33.3705555556,-116.4233333333,native
lythrum_californicum_1745.jpeg,https://inaturalist-open-data.s3.amazonaws.com/photos/55985739/medium.jpeg,cc-by-nc,35503023,research,33.374345,-116.4296433333,native
lythrum_californicum_1746.jpg,https://inaturalist-open-data.s3.amazonaws.com/photos/55985836/medium.jpg,cc-by-nc,35503023,research,33.374345,-116.4296433333,native
lythrum_californicum_1747.jpeg,https://inaturalist-open-data.s3.amazonaws.com/photos/55985925/medium.jpeg,cc-by-nc,35503023,research,33.374345,-116.4296433333,native
lythrum_californicum_1748.jpeg,https://inaturalist-open-data.s3.amazonaws.com/photos/55985919/medium.jpeg,cc-by-nc,35503023,research,33.374345,-116.4296433333,native
lythrum_californicum_1749.jpg,https://inaturalist-open-data.s3.amazonaws.com/photos/55659000/medium.jpg,cc-by-nc,35305541,research,33.3655582003,-116.4163935618,native
lythrum_californicum_1750.jpg,https://inaturalist-open-data.s3.amazonaws.com/photos/55659013/medium.jpg,cc-by-nc,35305541,research,33.3655582003,-116.4163935618,native
lythrum_californicum_1751.jpg,https://inaturalist-open-data.s3.amazonaws.com/photos/54798881/medium.jpg,cc-by-nc,34791508,research,33.7381361111,-116.5362472222,native
lythrum_californicum_1752.jpg,https://inaturalist-open-data.s3.amazonaws.com/photos/54342176/medium.jpg,cc-by,34522372,needs_id,26.1632241111,-97.7026948889,native
lythrum_californicum_1753.jpeg,https://inaturalist-open-data.s3.amazonaws.com/photos/54077928/medium.jpeg,cc-by,34372337,research,36.4465416667,-116.8423305556,native
lythrum_californicum_1754.jpeg,https://inaturalist-open-data.s3.amazonaws.com/photos/53242307/medium.jpeg,cc-by-nc,33869444,research,33.3714116667,-116.4245183333,native
lythrum_californicum_1755.jpeg,https://inaturalist-open-data.s3.amazonaws.com/photos/53242225/medium.jpeg,cc-by-nc,33869444,research,33.3714116667,-116.4245183333,native
lythrum_californicum_1756.jpg,https://inaturalist-open-data.s3.amazonaws.com/photos/53242279/medium.jpg,cc-by-nc,33869444,research,33.3714116667,-116.4245183333,native
lythrum_californicum_1757.jpg,https://inaturalist-open-data.s3.amazonaws.com/photos/53242185/medium.jpg,cc-by-nc,33869444,research,33.3714116667,-116.4245183333,native
lythrum_californicum_1758.jpeg,https://inaturalist-open-data.s3.amazonaws.com/photos/53129491/medium.jpeg,cc-by-nc,33803643,research,33.103215,-116.45331,native
lythrum_californicum_1759.jpeg,https://inaturalist-open-data.s3.amazonaws.com/photos/53129547/medium.jpeg,cc-by-nc,33803643,research,33.103215,-116.45331,native
lythrum_californicum_1760.jpg,https://inaturalist-open-data.s3.amazonaws.com/photos/53129535/medium.jpg,cc-by-nc,33803643,research,33.103215,-116.45331,native
lythrum_californicum_1761.jpeg,https://inaturalist-open-data.s3.amazonaws.com/photos/52991322/medium.jpeg,cc-by-nc,33721830,research,33.28616,-116.4383416667,native
lythrum_californicum_1762.jpeg,https://inaturalist-open-data.s3.amazonaws.com/photos/52991343/medium.jpeg,cc-by-nc,33721830,research,33.28616,-116.4383416667,native
lythrum_californicum_1763.jpg,https://inaturalist-open-data.s3.amazonaws.com/photos/52883411/medium.jpg,cc-by,33656104,research,34.0940055,-119.00273055,native
lythrum_californicum_1764.jpg,https://inaturalist-open-data.s3.amazonaws.com/photos/52883441/medium.jpg,cc-by,33656104,research,34.0940055,-119.00273055,native
lythrum_californicum_1765.jpg,https://inaturalist-open-data.s3.amazonaws.com/photos/52883523/medium.jpg,cc-by,33656104,research,34.0940055,-119.00273055,native
lythrum_californicum_1766.jpg,https://inaturalist-open-data.s3.amazonaws.com/photos/52744949/medium.jpg,cc-by-nc,33575803,research,34.27983,-117.47818,native
lythrum_californicum_1767.jpg,https://inaturalist-open-data.s3.amazonaws.com/photos/52744973/medium.jpg,cc-by-nc,33575803,research,34.27983,-117.47818,native
lythrum_californicum_1768.jpg,https://inaturalist-open-data.s3.amazonaws.com/photos/52744966/medium.jpg,cc-by-nc,33575803,research,34.27983,-117.47818,native
lythrum_californicum_1769.jpg,https://inaturalist-open-data.s3.amazonaws.com/photos/52641202/medium.jpg,cc-by-nc,33513374,research,36.162952,-115.7255,native
lythrum_californicum_1770.jpg,https://inaturalist-open-data.s3.amazonaws.com/photos/52641212/medium.jpg,cc-by-nc,33513374,research,36.162952,-115.7255,native
lythrum_californicum_1771.jpg,https://inaturalist-open-data.s3.amazonaws.com/photos/52641196/medium.jpg,cc-by-nc,33513374,research,36.162952,-115.7255,native
lythrum_californicum_1772.jpg,https://inaturalist-open-data.s3.amazonaws.com/photos/52373393/medium.jpg,cc-by-nc,33348813,research,34.1833752477,-118.7704441546,native
lythrum_californicum_1773.jpg,https://inaturalist-open-data.s3.amazonaws.com/photos/52373517/medium.jpg,cc-by-nc,33348813,research,34.1833752477,-118.7704441546,native
lythrum_californicum_1774.jpeg,https://inaturalist-open-data.s3.amazonaws.com/photos/51348257/medium.jpeg,cc-by-nc,32726687,research,34.000771,-116.612518,native
lythrum_californicum_1775.jpeg,https://inaturalist-open-data.s3.amazonaws.com/photos/51348284/medium.jpeg,cc-by-nc,32726687,research,34.000771,-116.612518,native
lythrum_californicum_1776.jpeg,https://inaturalist-open-data.s3.amazonaws.com/photos/51170401/medium.jpeg,cc-by-nc,32616640,research,33.6545222222,-116.4979333333,native
lythrum_californicum_1777.jpeg,https://inaturalist-open-data.s3.amazonaws.com/photos/51170420/medium.jpeg,cc-by-nc,32616640,research,33.6545222222,-116.4979333333,native
lythrum_californicum_1778.jpeg,https://inaturalist-open-data.s3.amazonaws.com/photos/50971385/medium.jpeg,cc-by-nc,32495349,research,33.9556694031,-111.7912216187,native
lythrum_californicum_1779.jpg,https://inaturalist-open-data.s3.amazonaws.com/photos/50357240/medium.jpg,cc-by-nc,32126390,research,33.7303223611,-116.5367271111,native
lythrum_californicum_1780.jpeg,https://inaturalist-open-data.s3.amazonaws.com/photos/49784491/medium.jpeg,cc0,31785327,research,34.0940170288,-119.0028381348,native
lythrum_californicum_1781.jpeg,https://inaturalist-open-data.s3.amazonaws.com/photos/49784495/medium.jpeg,cc0,31785327,research,34.0940170288,-119.0028381348,native
lythrum_californicum_1782.jpeg,https://inaturalist-open-data.s3.amazonaws.com/photos/49749035/medium.jpeg,cc-by-nc,31763513,research,34.36609722,-119.00024052,native
lythrum_californicum_1783.jpeg,https://inaturalist-open-data.s3.amazonaws.com/photos/49749053/medium.jpeg,cc-by-nc,31763513,research,34.36609722,-119.00024052,native
lythrum_californicum_1784.jpeg,https://inaturalist-open-data.s3.amazonaws.com/photos/49749064/medium.jpeg,cc-by-nc,31763513,research,34.36609722,-119.00024052,native
lythrum_californicum_1785.jpg,https://inaturalist-open-data.s3.amazonaws.com/photos/49393465/medium.jpg,cc-by-nc-sa,31555236,research,34.005191,-111.7286746,native
lythrum_californicum_1786.jpg,https://inaturalist-open-data.s3.amazonaws.com/photos/49393481/medium.jpg,cc-by-nc-sa,31555236,research,34.005191,-111.7286746,native
lythrum_californicum_1787.jpeg,https://inaturalist-open-data.s3.amazonaws.com/photos/49078910/medium.jpeg,cc-by-nc,31362455,research,34.000771,-116.612518,native
lythrum_californicum_1788.jpeg,https://inaturalist-open-data.s3.amazonaws.com/photos/48479771/medium.jpeg,cc-by-nc,31004923,needs_id,32.6615716667,-97.4599916667,native
lythrum_californicum_1789.jpeg,https://inaturalist-open-data.s3.amazonaws.com/photos/48480042/medium.jpeg,cc-by-nc,31004923,needs_id,32.6615716667,-97.4599916667,native
lythrum_californicum_1790.jpeg,https://inaturalist-open-data.s3.amazonaws.com/photos/47888529/medium.jpeg,cc-by-nc,30645840,research,34.000771,-116.612518,native
lythrum_californicum_1791.jpg,https://inaturalist-open-data.s3.amazonaws.com/photos/47773033/medium.jpg,cc-by-nc,30574793,research,38.7500616667,-121.6355216667,native
lythrum_californicum_1792.jpg,https://inaturalist-open-data.s3.amazonaws.com/photos/47773053/medium.jpg,cc-by-nc,30574793,research,38.7500616667,-121.6355216667,native
lythrum_californicum_1793.jpeg,https://inaturalist-open-data.s3.amazonaws.com/photos/47686397/medium.jpeg,cc-by-nc,30519803,research,34.1907783333,-112.1667766667,native
lythrum_californicum_1794.jpeg,https://inaturalist-open-data.s3.amazonaws.com/photos/47686401/medium.jpeg,cc-by-nc,30519803,research,34.1907783333,-112.1667766667,native
lythrum_californicum_1795.jpg,https://inaturalist-open-data.s3.amazonaws.com/photos/47602617/medium.jpg,cc-by,30466964,research,34.3612416667,-119.01815,native
lythrum_californicum_1796.jpg,https://inaturalist-open-data.s3.amazonaws.com/photos/47602627/medium.jpg,cc-by,30466964,research,34.3612416667,-119.01815,native
lythrum_californicum_1797.jpg,https://inaturalist-open-data.s3.amazonaws.com/photos/47602608/medium.jpg,cc-by,30466964,research,34.3612416667,-119.01815,native
lythrum_californicum_1798.jpg,https://inaturalist-open-data.s3.amazonaws.com/photos/47241378/medium.jpg,cc-by-nc,30243792,research,36.4014866667,-116.27388,native
lythrum_californicum_1799.jpg,https://inaturalist-open-data.s3.amazonaws.com/photos/47241451/medium.jpg,cc-by-nc,30243792,research,36.4014866667,-116.27388,native
lythrum_californicum_1800.jpg,https://inaturalist-open-data.s3.amazonaws.com/photos/46809705/medium.jpg,cc-by-nc,29975258,research,33.8817593269,-111.9618421701,native
lythrum_californicum_1801.jpg,https://inaturalist-open-data.s3.amazonaws.com/photos/46809717/medium.jpg,cc-by-nc,29975258,research,33.8817593269,-111.9618421701,native
lythrum_californicum_1802.jpeg,https://inaturalist-open-data.s3.amazonaws.com/photos/46688992/medium.jpeg,cc-by-nc,29899296,research,33.7419433594,-116.3883361816,native
lythrum_californicum_1803.jpeg,https://inaturalist-open-data.s3.amazonaws.com/photos/46688999/medium.jpeg,cc-by-nc,29899296,research,33.7419433594,-116.3883361816,native
lythrum_californicum_1804.jpeg,https://inaturalist-open-data.s3.amazonaws.com/photos/46689011/medium.jpeg,cc-by-nc,29899296,research,33.7419433594,-116.3883361816,native
lythrum_californicum_1805.jpeg,https://inaturalist-open-data.s3.amazonaws.com/photos/46689017/medium.jpeg,cc-by-nc,29899296,research,33.7419433594,-116.3883361816,native
lythrum_californicum_1806.jpeg,https://inaturalist-open-data.s3.amazonaws.com/photos/46566083/medium.jpeg,cc-by-nc,29824442,research,38.0097794567,-121.7280005067,native
lythrum_californicum_1807.jpeg,https://inaturalist-open-data.s3.amazonaws.com/photos/46566775/medium.jpeg,cc-by-nc,29824442,research,38.0097794567,-121.7280005067,native
lythrum_californicum_1808.jpeg,https://inaturalist-open-data.s3.amazonaws.com/photos/46423923/medium.jpeg,cc-by-nc,29736469,research,34.000771,-116.612518,native
lythrum_californicum_1809.jpeg,https://inaturalist-open-data.s3.amazonaws.com/photos/46423954/medium.jpeg,cc-by-nc,29736469,research,34.000771,-116.612518,native
lythrum_californicum_1810.jpg,https://inaturalist-open-data.s3.amazonaws.com/photos/46151976/medium.jpg,cc-by-nc,29567586,research,33.7525639722,-116.5472146389,native
lythrum_californicum_1811.jpg,https://inaturalist-open-data.s3.amazonaws.com/photos/45842693/medium.jpg,cc-by-nc,29374927,research,33.7314081111,-116.5351962222,native
lythrum_californicum_1812.jpg,https://inaturalist-open-data.s3.amazonaws.com/photos/45842681/medium.jpg,cc-by-nc,29374927,research,33.7314081111,-116.5351962222,native
lythrum_californicum_1813.jpg,https://inaturalist-open-data.s3.amazonaws.com/photos/45567939/medium.jpg,cc0,29204936,needs_id,38.432547818,-96.560035497,native
lythrum_californicum_1814.jpg,https://inaturalist-open-data.s3.amazonaws.com/photos/45567968/medium.jpg,cc0,29204936,needs_id,38.432547818,-96.560035497,native
lythrum_californicum_1815.jpg,https://inaturalist-open-data.s3.amazonaws.com/photos/45567656/medium.jpg,cc0,29204700,needs_id,38.4317088314,-96.5576825292,native
lythrum_californicum_1816.jpg,https://inaturalist-open-data.s3.amazonaws.com/photos/45567578/medium.jpg,cc0,29204700,needs_id,38.4317088314,-96.5576825292,native
lythrum_californicum_1817.jpg,https://inaturalist-open-data.s3.amazonaws.com/photos/45567617/medium.jpg,cc0,29204700,needs_id,38.4317088314,-96.5576825292,native
lythrum_californicum_1818.jpg,https://inaturalist-open-data.s3.amazonaws.com/photos/45242385/medium.jpg,cc-by-nc,29002870,research,33.7332953889,-116.5359469444,native
lythrum_californicum_1819.jpg,https://inaturalist-open-data.s3.amazonaws.com/photos/45242401/medium.jpg,cc-by-nc,29002870,research,33.7332953889,-116.5359469444,native
lythrum_californicum_1820.jpg,https://inaturalist-open-data.s3.amazonaws.com/photos/45197219/medium.jpg,cc-by-nc,28975751,research,33.7314962222,-116.5346704722,native
lythrum_californicum_1821.jpg,https://inaturalist-open-data.s3.amazonaws.com/photos/45197227/medium.jpg,cc-by-nc,28975751,research,33.7314962222,-116.5346704722,native
lythrum_californicum_1822.jpg,https://inaturalist-open-data.s3.amazonaws.com/photos/44845544/medium.jpg,cc-by-nc,28755918,research,34.3526033333,-111.280455,native
lythrum_californicum_1823.jpg,https://inaturalist-open-data.s3.amazonaws.com/photos/44845575/medium.jpg,cc-by-nc,28755918,research,34.3526033333,-111.280455,native
lythrum_californicum_1824.jpg,https://inaturalist-open-data.s3.amazonaws.com/photos/44589440/medium.jpg,cc-by-nc,28596614,research,36.401418387,-116.2740111631,native
lythrum_californicum_1825.jpg,https://inaturalist-open-data.s3.amazonaws.com/photos/44589416/medium.jpg,cc-by-nc,28596614,research,36.401418387,-116.2740111631,native
lythrum_californicum_1826.jpg,https://inaturalist-open-data.s3.amazonaws.com/photos/44589427/medium.jpg,cc-by-nc,28596614,research,36.401418387,-116.2740111631,native
lythrum_californicum_1827.jpg,https://inaturalist-open-data.s3.amazonaws.com/photos/44589401/medium.jpg,cc-by-nc,28596614,research,36.401418387,-116.2740111631,native
lythrum_californicum_1828.jpeg,https://inaturalist-open-data.s3.amazonaws.com/photos/44458780/medium.jpeg,cc-by-nc,28516502,research,34.000771,-116.612518,native
lythrum_californicum_1829.jpeg,https://inaturalist-open-data.s3.amazonaws.com/photos/44458786/medium.jpeg,cc-by-nc,28516502,research,34.000771,-116.612518,native
lythrum_californicum_1830.jpg,https://inaturalist-open-data.s3.amazonaws.com/photos/44390494/medium.jpg,cc-by-nc,28474851,research,36.4006941486,-116.2727697195,native
lythrum_californicum_1831.jpg,https://inaturalist-open-data.s3.amazonaws.com/photos/44385685/medium.jpg,cc-by-nc,28471938,research,36.4014788624,-116.2738912181,native
lythrum_californicum_1832.jpg,https://inaturalist-open-data.s3.amazonaws.com/photos/44385668/medium.jpg,cc-by-nc,28471938,research,36.4014788624,-116.2738912181,native
lythrum_californicum_1833.jpg,https://inaturalist-open-data.s3.amazonaws.com/photos/44385653/medium.jpg,cc-by-nc,28471938,research,36.4014788624,-116.2738912181,native
lythrum_californicum_1834.jpg,https://inaturalist-open-data.s3.amazonaws.com/photos/44385657/medium.jpg,cc-by-nc,28471938,research,36.4014788624,-116.2738912181,native
lythrum_californicum_1835.jpg,https://inaturalist-open-data.s3.amazonaws.com/photos/44385676/medium.jpg,cc-by-nc,28471938,research,36.4014788624,-116.2738912181,native
lythrum_californicum_1836.jpeg,https://inaturalist-open-data.s3.amazonaws.com/photos/44283938/medium.jpeg,cc-by-nc,28411876,research,30.004242644,-99.0949555558,native
lythrum_californicum_1837.jpeg,https://inaturalist-open-data.s3.amazonaws.com/photos/44284389/medium.jpeg,cc-by-nc,28411876,research,30.004242644,-99.0949555558,native
lythrum_californicum_1838.jpg,https://inaturalist-open-data.s3.amazonaws.com/photos/44197624/medium.jpg,cc-by-nc,28355794,research,33.7364264722,-116.5386690833,native
lythrum_californicum_1839.jpg,https://inaturalist-open-data.s3.amazonaws.com/photos/44197616/medium.jpg,cc-by-nc,28355794,research,33.7364264722,-116.5386690833,native
lythrum_californicum_1840.jpg,https://inaturalist-open-data.s3.amazonaws.com/photos/44197637/medium.jpg,cc-by-nc,28355794,research,33.7364264722,-116.5386690833,native
lythrum_californicum_1841.jpg,https://inaturalist-open-data.s3.amazonaws.com/photos/44125796/medium.jpg,cc-by-nc,28311787,research,33.8815528171,-111.9587304138,native
lythrum_californicum_1842.jpg,https://inaturalist-open-data.s3.amazonaws.com/photos/44125806/medium.jpg,cc-by-nc,28311787,research,33.8815528171,-111.9587304138,native
lythrum_californicum_1843.jpg,https://inaturalist-open-data.s3.amazonaws.com/photos/43950678/medium.jpg,cc-by-nc,28205158,research,34.1618390993,-117.8880734985,native
lythrum_californicum_1844.jpg,https://inaturalist-open-data.s3.amazonaws.com/photos/43950645/medium.jpg,cc-by-nc,28205158,research,34.1618390993,-117.8880734985,native
lythrum_californicum_1849.jpg,https://inaturalist-open-data.s3.amazonaws.com/photos/43662339/medium.jpg,cc-by-nc,28027165,research,33.7379378889,-116.540103,native
lythrum_californicum_1850.jpg,https://inaturalist-open-data.s3.amazonaws.com/photos/43662327/medium.jpg,cc-by-nc,28027165,research,33.7379378889,-116.540103,native
lythrum_californicum_1851.jpg,https://inaturalist-open-data.s3.amazonaws.com/photos/43662290/medium.jpg,cc-by-nc,28027164,research,33.7377366389,-116.5401981389,native
lythrum_californicum_1852.jpg,https://inaturalist-open-data.s3.amazonaws.com/photos/43662272/medium.jpg,cc-by-nc,28027164,research,33.7377366389,-116.5401981389,native
lythrum_californicum_1853.jpg,https://inaturalist-open-data.s3.amazonaws.com/photos/43265758/medium.jpg,cc-by-nc,27784407,research,33.7633893889,-116.5553314722,native
lythrum_californicum_1854.jpg,https://inaturalist-open-data.s3.amazonaws.com/photos/43265704/medium.jpg,cc-by-nc,27784407,research,33.7633893889,-116.5553314722,native
lythrum_californicum_1855.jpg,https://inaturalist-open-data.s3.amazonaws.com/photos/43265716/medium.jpg,cc-by-nc,27784407,research,33.7633893889,-116.5553314722,native
lythrum_californicum_1856.jpg,https://inaturalist-open-data.s3.amazonaws.com/photos/43265737/medium.jpg,cc-by-nc,27784407,research,33.7633893889,-116.5553314722,native
lythrum_californicum_1857.jpg,https://inaturalist-open-data.s3.amazonaws.com/photos/43240732/medium.jpg,cc-by-nc,27769396,research,34.0073166667,-119.7468333333,native
lythrum_californicum_1858.jpg,https://inaturalist-open-data.s3.amazonaws.com/photos/43240745/medium.jpg,cc-by-nc,27769396,research,34.0073166667,-119.7468333333,native
lythrum_californicum_1859.jpg,https://inaturalist-open-data.s3.amazonaws.com/photos/43240714/medium.jpg,cc-by-nc,27769396,research,34.0073166667,-119.7468333333,native
lythrum_californicum_1860.jpg,https://inaturalist-open-data.s3.amazonaws.com/photos/43240693/medium.jpg,cc-by-nc,27769396,research,34.0073166667,-119.7468333333,native
lythrum_californicum_1861.jpg,https://inaturalist-open-data.s3.amazonaws.com/photos/42762959/medium.jpg,cc-by-nc,27481157,research,36.4014866667,-116.2745583333,native
lythrum_californicum_1862.jpg,https://inaturalist-open-data.s3.amazonaws.com/photos/42762946/medium.jpg,cc-by-nc,27481157,research,36.4014866667,-116.2745583333,native
lythrum_californicum_1863.jpg,https://inaturalist-open-data.s3.amazonaws.com/photos/42763043/medium.jpg,cc-by-nc,27481157,research,36.4014866667,-116.2745583333,native
lythrum_californicum_1864.jpg,https://inaturalist-open-data.s3.amazonaws.com/photos/42762972/medium.jpg,cc-by-nc,27481157,research,36.4014866667,-116.2745583333,native
lythrum_californicum_1865.jpg,https://inaturalist-open-data.s3.amazonaws.com/photos/42762989/medium.jpg,cc-by-nc,27481157,research,36.4014866667,-116.2745583333,native
lythrum_californicum_1866.jpg,https://inaturalist-open-data.s3.amazonaws.com/photos/42763010/medium.jpg,cc-by-nc,27481157,research,36.4014866667,-116.2745583333,native
lythrum_californicum_1867.jpg,https://inaturalist-open-data.s3.amazonaws.com/photos/42558300/medium.jpg,cc-by-nc,27358284,research,33.7452297222,-116.5524160556,native
lythrum_californicum_1868.jpg,https://inaturalist-open-data.s3.amazonaws.com/photos/42558258/medium.jpg,cc-by-nc,27358284,research,33.7452297222,-116.5524160556,native
lythrum_californicum_1869.jpg,https://inaturalist-open-data.s3.amazonaws.com/photos/42558280/medium.jpg,cc-by-nc,27358284,research,33.7452297222,-116.5524160556,native
lythrum_californicum_1870.jpeg,https://inaturalist-open-data.s3.amazonaws.com/photos/42539148/medium.jpeg,cc-by-nc,27347155,research,27.6667861938,-97.3994445801,native
lythrum_californicum_1871.jpeg,https://inaturalist-open-data.s3.amazonaws.com/photos/42539174/medium.jpeg,cc-by-nc,27347155,research,27.6667861938,-97.3994445801,native
lythrum_californicum_1872.jpeg,https://inaturalist-open-data.s3.amazonaws.com/photos/42539199/medium.jpeg,cc-by-nc,27347155,research,27.6667861938,-97.3994445801,native
lythrum_californicum_1873.jpeg,https://inaturalist-open-data.s3.amazonaws.com/photos/42541311/medium.jpeg,cc-by-nc,27347155,research,27.6667861938,-97.3994445801,native
lythrum_californicum_1874.jpg,https://inaturalist-open-data.s3.amazonaws.com/photos/42042444/medium.jpg,cc-by-nc,27030296,research,36.4014935727,-116.2745898497,native
lythrum_californicum_1875.jpg,https://inaturalist-open-data.s3.amazonaws.com/photos/42234938/medium.jpg,cc-by-nc,27030296,research,36.4014935727,-116.2745898497,native
lythrum_californicum_1876.jpg,https://inaturalist-open-data.s3.amazonaws.com/photos/42234982/medium.jpg,cc-by-nc,27030296,research,36.4014935727,-116.2745898497,native
lythrum_californicum_1877.jpg,https://inaturalist-open-data.s3.amazonaws.com/photos/42235022/medium.jpg,cc-by-nc,27030296,research,36.4014935727,-116.2745898497,native
lythrum_californicum_1878.jpeg,https://inaturalist-open-data.s3.amazonaws.com/photos/41703532/medium.jpeg,cc-by-nc,26843218,research,30.5860838205,-97.9953022539,native
lythrum_californicum_1879.jpeg,https://inaturalist-open-data.s3.amazonaws.com/photos/41684953/medium.jpeg,cc0,26830454,needs_id,32.6819164,-97.2995262,native
lythrum_californicum_1880.jpeg,https://inaturalist-open-data.s3.amazonaws.com/photos/41684970/medium.jpeg,cc0,26830454,needs_id,32.6819164,-97.2995262,native
lythrum_californicum_1881.jpeg,https://inaturalist-open-data.s3.amazonaws.com/photos/41684980/medium.jpeg,cc0,26830454,needs_id,32.6819164,-97.2995262,native
lythrum_californicum_1882.jpeg,https://inaturalist-open-data.s3.amazonaws.com/photos/41684989/medium.jpeg,cc0,26830454,needs_id,32.6819164,-97.2995262,native
lythrum_californicum_1883.jpeg,https://inaturalist-open-data.s3.amazonaws.com/photos/41479445/medium.jpeg,cc-by-nc,26704310,research,33.7222445,-116.3744556,native
lythrum_californicum_1884.jpeg,https://inaturalist-open-data.s3.amazonaws.com/photos/41479459/medium.jpeg,cc-by-nc,26704310,research,33.7222445,-116.3744556,native
lythrum_californicum_1885.jpeg,https://inaturalist-open-data.s3.amazonaws.com/photos/41283206/medium.jpeg,cc0,26580416,research,35.2663574219,-120.6821136475,native
lythrum_californicum_1886.jpeg,https://inaturalist-open-data.s3.amazonaws.com/photos/41373881/medium.jpeg,cc0,26580416,research,35.2663574219,-120.6821136475,native
lythrum_californicum_1887.jpeg,https://inaturalist-open-data.s3.amazonaws.com/photos/41283271/medium.jpeg,cc0,26580416,research,35.2663574219,-120.6821136475,native
lythrum_californicum_1888.jpeg,https://inaturalist-open-data.s3.amazonaws.com/photos/41283285/medium.jpeg,cc0,26580416,research,35.2663574219,-120.6821136475,native
lythrum_californicum_1889.jpeg,https://inaturalist-open-data.s3.amazonaws.com/photos/41283320/medium.jpeg,cc0,26580416,research,35.2663574219,-120.6821136475,native
lythrum_californicum_1890.jpeg,https://inaturalist-open-data.s3.amazonaws.com/photos/41283332/medium.jpeg,cc0,26580416,research,35.2663574219,-120.6821136475,native
lythrum_californicum_1891.jpeg,https://inaturalist-open-data.s3.amazonaws.com/photos/41283356/medium.jpeg,cc0,26580416,research,35.2663574219,-120.6821136475,native
lythrum_californicum_1892.jpeg,https://inaturalist-open-data.s3.amazonaws.com/photos/41283367/medium.jpeg,cc0,26580416,research,35.2663574219,-120.6821136475,native
lythrum_californicum_1893.jpeg,https://inaturalist-open-data.s3.amazonaws.com/photos/41283422/medium.jpeg,cc0,26580416,research,35.2663574219,-120.6821136475,native
lythrum_californicum_1894.jpeg,https://inaturalist-open-data.s3.amazonaws.com/photos/41283435/medium.jpeg,cc0,26580416,research,35.2663574219,-120.6821136475,native
lythrum_californicum_1895.jpeg,https://inaturalist-open-data.s3.amazonaws.com/photos/41373900/medium.jpeg,cc0,26580416,research,35.2663574219,-120.6821136475,native
lythrum_californicum_1896.jpeg,https://inaturalist-open-data.s3.amazonaws.com/photos/41373916/medium.jpeg,cc0,26580416,research,35.2663574219,-120.6821136475,native
lythrum_californicum_1898.jpg,https://inaturalist-open-data.s3.amazonaws.com/photos/40710163/medium.jpg,cc-by-nc,26228534,needs_id,30.3108166667,-97.5934638889,native
lythrum_californicum_1899.jpg,https://inaturalist-open-data.s3.amazonaws.com/photos/40710156/medium.jpg,cc-by-nc,26228534,needs_id,30.3108166667,-97.5934638889,native
lythrum_californicum_1900.jpg,https://inaturalist-open-data.s3.amazonaws.com/photos/40169241/medium.jpg,cc-by-nc,25900312,research,34.1736762442,-114.2752340864,native
lythrum_californicum_1901.jpg,https://inaturalist-open-data.s3.amazonaws.com/photos/40169224/medium.jpg,cc-by-nc,25900312,research,34.1736762442,-114.2752340864,native
lythrum_californicum_1902.jpg,https://inaturalist-open-data.s3.amazonaws.com/photos/39210285/medium.jpg,cc-by-nc,25324456,research,29.884585,-100.9941166667,native
lythrum_californicum_1903.jpg,https://inaturalist-open-data.s3.amazonaws.com/photos/38785004/medium.jpg,cc-by,25063198,research,27.889,-97.6621033333,native
lythrum_californicum_1904.jpg,https://inaturalist-open-data.s3.amazonaws.com/photos/38785019/medium.jpg,cc-by,25063198,research,27.889,-97.6621033333,native
lythrum_californicum_1905.jpg,https://inaturalist-open-data.s3.amazonaws.com/photos/38784981/medium.jpg,cc-by,25063198,research,27.889,-97.6621033333,native
lythrum_californicum_1906.jpg,https://inaturalist-open-data.s3.amazonaws.com/photos/36755013/medium.jpg,cc-by-nc,23755736,research,26.176545499,-97.6853656769,native
lythrum_californicum_1907.jpg,https://inaturalist-open-data.s3.amazonaws.com/photos/34746372/medium.jpg,cc-by-nc,22433290,research,26.1854785532,-97.6628700587,native
lythrum_californicum_1908.jpeg,https://inaturalist-open-data.s3.amazonaws.com/photos/34591773/medium.jpeg,cc-by-nc,22334603,research,29.3448734824,-98.4444556721,native
lythrum_californicum_1909.jpeg,https://inaturalist-open-data.s3.amazonaws.com/photos/34469425/medium.jpeg,cc-by-nc,22259548,research,28.868221283,-100.4264221191,native
lythrum_californicum_1910.jpeg,https://inaturalist-open-data.s3.amazonaws.com/photos/34469519/medium.jpeg,cc-by-nc,22259548,research,28.868221283,-100.4264221191,native
lythrum_californicum_1911.jpeg,https://inaturalist-open-data.s3.amazonaws.com/photos/34469625/medium.jpeg,cc-by-nc,22259548,research,28.868221283,-100.4264221191,native
lythrum_californicum_1912.jpeg,https://inaturalist-open-data.s3.amazonaws.com/photos/34469800/medium.jpeg,cc-by-nc,22259548,research,28.868221283,-100.4264221191,native
lythrum_californicum_1913.jpg,https://inaturalist-open-data.s3.amazonaws.com/photos/28318610/medium.jpg,cc-by-nc,18513980,research,32.8961428558,-109.4806776166,native
lythrum_californicum_1914.jpg,https://inaturalist-open-data.s3.amazonaws.com/photos/28318609/medium.jpg,cc-by-nc,18513980,research,32.8961428558,-109.4806776166,native
lythrum_californicum_1915.jpg,https://inaturalist-open-data.s3.amazonaws.com/photos/28318613/medium.jpg,cc-by-nc,18513980,research,32.8961428558,-109.4806776166,native
lythrum_californicum_1916.jpg,https://inaturalist-open-data.s3.amazonaws.com/photos/28318608/medium.jpg,cc-by-nc,18513980,research,32.8961428558,-109.4806776166,native
lythrum_californicum_1917.jpg,https://inaturalist-open-data.s3.amazonaws.com/photos/28159581/medium.jpg,cc-by,18421058,research,34.232783,-119.25673,native
lythrum_californicum_1918.jpg,https://inaturalist-open-data.s3.amazonaws.com/photos/28159597/medium.jpg,cc-by,18421058,research,34.232783,-119.25673,native
lythrum_californicum_1919.jpg,https://inaturalist-open-data.s3.amazonaws.com/photos/28159604/medium.jpg,cc-by,18421058,research,34.232783,-119.25673,native
lythrum_californicum_1920.jpeg,https://inaturalist-open-data.s3.amazonaws.com/photos/26890288/medium.jpeg,cc-by-nc-nd,17650324,research,35.7335850197,-119.5978552258,native
lythrum_californicum_1921.jpg,https://inaturalist-open-data.s3.amazonaws.com/photos/26635383/medium.jpg,cc-by-nc,17506105,research,32.9500131402,-116.3049127256,native
lythrum_californicum_1922.jpg,https://inaturalist-open-data.s3.amazonaws.com/photos/26635293/medium.jpg,cc-by-nc,17506105,research,32.9500131402,-116.3049127256,native
lythrum_californicum_1923.jpg,https://inaturalist-open-data.s3.amazonaws.com/photos/26635252/medium.jpg,cc-by-nc,17506105,research,32.9500131402,-116.3049127256,native
lythrum_californicum_1924.jpg,https://inaturalist-open-data.s3.amazonaws.com/photos/26635336/medium.jpg,cc-by-nc,17506105,research,32.9500131402,-116.3049127256,native
lythrum_californicum_1925.jpeg,https://inaturalist-open-data.s3.amazonaws.com/photos/26599765/medium.jpeg,cc-by-nc,17487685,research,31.4556399703,-111.2339684992,native
lythrum_californicum_1926.jpg,https://inaturalist-open-data.s3.amazonaws.com/photos/25186205/medium.jpg,cc-by-nc,16696593,needs_id,32.2164799922,-99.6822217128,native
lythrum_californicum_1927.jpg,https://inaturalist-open-data.s3.amazonaws.com/photos/25186213/medium.jpg,cc-by-nc,16696593,needs_id,32.2164799922,-99.6822217128,native
lythrum_californicum_1928.jpg,https://inaturalist-open-data.s3.amazonaws.com/photos/25157984/medium.jpg,cc-by-nc,16680545,research,37.4385722222,-118.4054944444,native
lythrum_californicum_1929.jpeg,https://inaturalist-open-data.s3.amazonaws.com/photos/25036758/medium.jpeg,cc-by-nc,16614453,research,29.8994983149,-100.9976242431,native
lythrum_californicum_1930.jpeg,https://inaturalist-open-data.s3.amazonaws.com/photos/24681984/medium.jpeg,cc-by,16407863,research,29.8979549408,-100.9969787598,native
lythrum_californicum_1931.jpeg,https://inaturalist-open-data.s3.amazonaws.com/photos/24681987/medium.jpeg,cc-by,16407863,research,29.8979549408,-100.9969787598,native
lythrum_californicum_1932.jpeg,https://inaturalist-open-data.s3.amazonaws.com/photos/24681994/medium.jpeg,cc-by,16407863,research,29.8979549408,-100.9969787598,native
lythrum_californicum_1933.jpeg,https://inaturalist-open-data.s3.amazonaws.com/photos/24682000/medium.jpeg,cc-by,16407863,research,29.8979549408,-100.9969787598,native
lythrum_californicum_1934.jpeg,https://inaturalist-open-data.s3.amazonaws.com/photos/24368978/medium.jpeg,cc-by,16235703,research,29.8843326569,-100.993522644,native
lythrum_californicum_1935.jpeg,https://inaturalist-open-data.s3.amazonaws.com/photos/24368989/medium.jpeg,cc-by,16235703,research,29.8843326569,-100.993522644,native
lythrum_californicum_1936.jpeg,https://inaturalist-open-data.s3.amazonaws.com/photos/24371357/medium.jpeg,cc-by,16235703,research,29.8843326569,-100.993522644,native
lythrum_californicum_1937.jpg,https://inaturalist-open-data.s3.amazonaws.com/photos/24217459/medium.jpg,cc-by-nc-nd,16155088,research,37.243356295,-118.1942021662,native
lythrum_californicum_1938.jpg,https://inaturalist-open-data.s3.amazonaws.com/photos/24217473/medium.jpg,cc-by-nc-nd,16155088,research,37.243356295,-118.1942021662,native
lythrum_californicum_1939.jpg,https://inaturalist-open-data.s3.amazonaws.com/photos/24247568/medium.jpg,cc-by-nc,16149505,research,34.4590633333,-119.2915333333,native
lythrum_californicum_1940.jpg,https://inaturalist-open-data.s3.amazonaws.com/photos/24247558/medium.jpg,cc-by-nc,16149505,research,34.4590633333,-119.2915333333,native
lythrum_californicum_1941.jpg,https://inaturalist-open-data.s3.amazonaws.com/photos/23558720/medium.jpg,cc-by-nc,15769285,research,33.3958457225,-117.2795522005,native
lythrum_californicum_1942.jpg,https://inaturalist-open-data.s3.amazonaws.com/photos/23558706/medium.jpg,cc-by-nc,15769285,research,33.3958457225,-117.2795522005,native
lythrum_californicum_1943.jpg,https://inaturalist-open-data.s3.amazonaws.com/photos/23558727/medium.jpg,cc-by-nc,15769285,research,33.3958457225,-117.2795522005,native
lythrum_californicum_1944.jpg,https://inaturalist-open-data.s3.amazonaws.com/photos/23558710/medium.jpg,cc-by-nc,15769285,research,33.3958457225,-117.2795522005,native
lythrum_californicum_1945.jpg,https://inaturalist-open-data.s3.amazonaws.com/photos/23570765/medium.jpg,cc-by-nc,15768301,needs_id,34.0067739047,-119.7471275934,native
lythrum_californicum_1946.jpg,https://inaturalist-open-data.s3.amazonaws.com/photos/23556921/medium.jpg,cc-by-nc,15768301,needs_id,34.0067739047,-119.7471275934,native
lythrum_californicum_1947.jpg,https://inaturalist-open-data.s3.amazonaws.com/photos/23157070/medium.jpg,cc-by-nc,15439257,research,38.1925616667,-122.0291583333,native
lythrum_californicum_1948.jpg,https://inaturalist-open-data.s3.amazonaws.com/photos/23157060/medium.jpg,cc-by-nc,15439257,research,38.1925616667,-122.0291583333,native
lythrum_californicum_1949.jpg,https://inaturalist-open-data.s3.amazonaws.com/photos/23073911/medium.jpg,cc-by-nc,15394563,research,34.1501330691,-118.757843309,native
lythrum_californicum_1950.jpg,https://inaturalist-open-data.s3.amazonaws.com/photos/23073997/medium.jpg,cc-by-nc,15394563,research,34.1501330691,-118.757843309,native
lythrum_californicum_1951.jpg,https://inaturalist-open-data.s3.amazonaws.com/photos/23074057/medium.jpg,cc-by-nc,15394563,research,34.1501330691,-118.757843309,native
lythrum_californicum_1952.jpg,https://inaturalist-open-data.s3.amazonaws.com/photos/23045013/medium.jpg,cc-by-nc,15378164,research,34.3398116667,-117.1765833333,native
lythrum_californicum_1953.jpg,https://inaturalist-open-data.s3.amazonaws.com/photos/23045020/medium.jpg,cc-by-nc,15378164,research,34.3398116667,-117.1765833333,native
lythrum_californicum_1954.jpeg,https://inaturalist-open-data.s3.amazonaws.com/photos/22851654/medium.jpeg,cc-by-nc-sa,15270041,needs_id,33.2668457031,-117.3707962036,native
lythrum_californicum_1955.jpeg,https://inaturalist-open-data.s3.amazonaws.com/photos/22851666/medium.jpeg,cc-by-nc-sa,15270041,needs_id,33.2668457031,-117.3707962036,native
lythrum_californicum_1956.jpeg,https://inaturalist-open-data.s3.amazonaws.com/photos/22851860/medium.jpeg,cc-by-nc-sa,15270041,needs_id,33.2668457031,-117.3707962036,native
lythrum_californicum_1957.jpeg,https://inaturalist-open-data.s3.amazonaws.com/photos/22712466/medium.jpeg,cc-by-nc,15185818,research,33.9670633333,-111.86473,native
lythrum_californicum_1958.jpeg,https://inaturalist-open-data.s3.amazonaws.com/photos/22715625/medium.jpeg,cc-by-nc,15185818,research,33.9670633333,-111.86473,native
lythrum_californicum_1959.jpeg,https://inaturalist-open-data.s3.amazonaws.com/photos/22640334/medium.jpeg,cc-by,15146235,research,38.1869468689,-97.8715744019,native
lythrum_californicum_1960.jpg,https://inaturalist-open-data.s3.amazonaws.com/photos/22600392/medium.jpg,cc-by-nc-nd,15124289,research,34.0473992833,-116.5671715355,native
lythrum_californicum_1961.jpg,https://inaturalist-open-data.s3.amazonaws.com/photos/22354197/medium.jpg,cc-by-nc,14985580,research,34.2345866667,-119.2562783333,native
lythrum_californicum_1962.jpg,https://inaturalist-open-data.s3.amazonaws.com/photos/22354191/medium.jpg,cc-by-nc,14985580,research,34.2345866667,-119.2562783333,native
lythrum_californicum_1963.jpeg,https://inaturalist-open-data.s3.amazonaws.com/photos/22168001/medium.jpeg,cc-by-nc,14849863,research,34.364916255,-119.007782042,native
lythrum_californicum_1964.jpeg,https://inaturalist-open-data.s3.amazonaws.com/photos/22168015/medium.jpeg,cc-by-nc,14849863,research,34.364916255,-119.007782042,native
lythrum_californicum_1965.jpeg,https://inaturalist-open-data.s3.amazonaws.com/photos/21511595/medium.jpeg,cc-by-nc,14452328,research,34.2259110833,-112.0960472222,native
lythrum_californicum_1966.jpeg,https://inaturalist-open-data.s3.amazonaws.com/photos/21511644/medium.jpeg,cc-by-nc,14452328,research,34.2259110833,-112.0960472222,native
lythrum_californicum_1967.jpeg,https://inaturalist-open-data.s3.amazonaws.com/photos/21511646/medium.jpeg,cc-by-nc,14452328,research,34.2259110833,-112.0960472222,native
lythrum_californicum_1968.jpeg,https://inaturalist-open-data.s3.amazonaws.com/photos/21363629/medium.jpeg,cc-by-nc-nd,14370860,needs_id,36.2359397796,-121.4910103753,native
lythrum_californicum_1969.jpeg,https://inaturalist-open-data.s3.amazonaws.com/photos/21363642/medium.jpeg,cc-by-nc-nd,14370860,needs_id,36.2359397796,-121.4910103753,native
lythrum_californicum_1970.jpeg,https://inaturalist-open-data.s3.amazonaws.com/photos/21363654/medium.jpeg,cc-by-nc-nd,14370860,needs_id,36.2359397796,-121.4910103753,native
lythrum_californicum_1971.jpg,https://inaturalist-open-data.s3.amazonaws.com/photos/20870463/medium.jpg,cc-by-nc,14094697,research,34.9152678154,-102.1137933262,native
lythrum_californicum_1972.jpg,https://inaturalist-open-data.s3.amazonaws.com/photos/20870466/medium.jpg,cc-by-nc,14094697,research,34.9152678154,-102.1137933262,native
lythrum_californicum_1973.jpg,https://inaturalist-open-data.s3.amazonaws.com/photos/20870478/medium.jpg,cc-by-nc,14094697,research,34.9152678154,-102.1137933262,native
lythrum_californicum_1974.jpg,https://inaturalist-open-data.s3.amazonaws.com/photos/20870472/medium.jpg,cc-by-nc,14094697,research,34.9152678154,-102.1137933262,native
lythrum_californicum_1975.jpg,https://inaturalist-open-data.s3.amazonaws.com/photos/20870475/medium.jpg,cc-by-nc,14094697,research,34.9152678154,-102.1137933262,native
lythrum_californicum_1976.jpg,https://inaturalist-open-data.s3.amazonaws.com/photos/20870490/medium.jpg,cc-by-nc,14094697,research,34.9152678154,-102.1137933262,native
lythrum_californicum_1977.jpg,https://inaturalist-open-data.s3.amazonaws.com/photos/20512446/medium.jpg,cc-by-nc,13890228,research,25.2787380217,-100.1215362547,native
lythrum_californicum_1978.jpg,https://inaturalist-open-data.s3.amazonaws.com/photos/20512504/medium.jpg,cc-by-nc,13890228,research,25.2787380217,-100.1215362547,native
lythrum_californicum_1979.jpg,https://inaturalist-open-data.s3.amazonaws.com/photos/20512531/medium.jpg,cc-by-nc,13890228,research,25.2787380217,-100.1215362547,native
lythrum_californicum_1980.jpg,https://inaturalist-open-data.s3.amazonaws.com/photos/20280427/medium.jpg,cc-by-nc,13757273,research,38.0097916667,-121.7275466667,native
lythrum_californicum_1981.jpeg,https://inaturalist-open-data.s3.amazonaws.com/photos/20067328/medium.jpeg,cc-by-nc,13633383,research,36.2648086548,-121.3970947266,native
lythrum_californicum_1982.jpeg,https://inaturalist-open-data.s3.amazonaws.com/photos/20067356/medium.jpeg,cc-by-nc,13633383,research,36.2648086548,-121.3970947266,native
lythrum_californicum_1983.jpeg,https://inaturalist-open-data.s3.amazonaws.com/photos/20067372/medium.jpeg,cc-by-nc,13633383,research,36.2648086548,-121.3970947266,native
lythrum_californicum_1984.jpg,https://inaturalist-open-data.s3.amazonaws.com/photos/19918009/medium.jpg,cc-by-nc,13549657,research,32.9533916667,-116.3108033333,native
lythrum_californicum_1985.jpg,https://inaturalist-open-data.s3.amazonaws.com/photos/19918014/medium.jpg,cc-by-nc,13549657,research,32.9533916667,-116.3108033333,native
lythrum_californicum_1986.jpg,https://inaturalist-open-data.s3.amazonaws.com/photos/19788799/medium.jpg,cc-by-nc,13476972,research,33.5816059769,-101.8108221344,native
lythrum_californicum_1987.jpg,https://inaturalist-open-data.s3.amazonaws.com/photos/19788765/medium.jpg,cc-by-nc,13476972,research,33.5816059769,-101.8108221344,native
lythrum_californicum_1988.jpg,https://inaturalist-open-data.s3.amazonaws.com/photos/19788766/medium.jpg,cc-by-nc,13476972,research,33.5816059769,-101.8108221344,native
lythrum_californicum_1989.jpg,https://inaturalist-open-data.s3.amazonaws.com/photos/19788767/medium.jpg,cc-by-nc,13476972,research,33.5816059769,-101.8108221344,native
lythrum_californicum_1990.jpg,https://inaturalist-open-data.s3.amazonaws.com/photos/19788764/medium.jpg,cc-by-nc,13476972,research,33.5816059769,-101.8108221344,native
lythrum_californicum_1991.jpg,https://inaturalist-open-data.s3.amazonaws.com/photos/19658212/medium.jpg,cc-by-nc,13401992,research,38.4367082175,-96.5641297215,native
lythrum_californicum_1992.jpg,https://inaturalist-open-data.s3.amazonaws.com/photos/19410521/medium.jpg,cc-by-nc,13262414,research,31.00756945,-97.5986866667,native
lythrum_californicum_1993.jpg,https://inaturalist-open-data.s3.amazonaws.com/photos/19411037/medium.jpg,cc-by-nc,13262414,research,31.00756945,-97.5986866667,native
lythrum_californicum_1994.jpg,https://inaturalist-open-data.s3.amazonaws.com/photos/19411055/medium.jpg,cc-by-nc,13262414,research,31.00756945,-97.5986866667,native
lythrum_californicum_1995.jpeg,https://inaturalist-open-data.s3.amazonaws.com/photos/19139829/medium.jpeg,cc-by,13128207,research,27.0317787872,-99.7411603821,native
lythrum_californicum_1996.jpeg,https://inaturalist-open-data.s3.amazonaws.com/photos/19139342/medium.jpeg,cc-by,13128157,research,27.0198039065,-99.7479914424,native
lythrum_californicum_1997.jpg,https://inaturalist-open-data.s3.amazonaws.com/photos/18954304/medium.jpg,cc-by-nc,13025515,research,36.4786646236,-116.3269277943,native
lythrum_californicum_1998.jpg,https://inaturalist-open-data.s3.amazonaws.com/photos/19204463/medium.jpg,cc-by-nc,13025515,research,36.4786646236,-116.3269277943,native
lythrum_californicum_1999.jpg,https://inaturalist-open-data.s3.amazonaws.com/photos/19204493/medium.jpg,cc-by-nc,13025515,research,36.4786646236,-116.3269277943,native
lythrum_californicum_2000.jpg,https://inaturalist-open-data.s3.amazonaws.com/photos/19204574/medium.jpg,cc-by-nc,13025515,research,36.4786646236,-116.3269277943,native
lythrum_californicum_2001.jpg,https://inaturalist-open-data.s3.amazonaws.com/photos/19222709/medium.jpg,cc-by-nc,13025515,research,36.4786646236,-116.3269277943,native
lythrum_californicum_2002.jpeg,https://inaturalist-open-data.s3.amazonaws.com/photos/18703277/medium.jpeg,cc-by-nc,12882684,research,35.1559328734,-101.9158626905,native
lythrum_californicum_2003.jpeg,https://inaturalist-open-data.s3.amazonaws.com/photos/18703345/medium.jpeg,cc-by-nc,12882684,research,35.1559328734,-101.9158626905,native
lythrum_californicum_2004.jpg,https://inaturalist-open-data.s3.amazonaws.com/photos/18587675/medium.jpg,cc-by-nc,12816495,research,35.2667583333,-120.6823883333,native
lythrum_californicum_2005.jpg,https://inaturalist-open-data.s3.amazonaws.com/photos/18587690/medium.jpg,cc-by-nc,12816495,research,35.2667583333,-120.6823883333,native
lythrum_californicum_2006.jpg,https://inaturalist-open-data.s3.amazonaws.com/photos/18587662/medium.jpg,cc-by-nc,12816495,research,35.2667583333,-120.6823883333,native
lythrum_californicum_2007.jpg,https://inaturalist-open-data.s3.amazonaws.com/photos/18519121/medium.jpg,cc-by-nc,12774518,research,33.0411695,-117.1328055,native
lythrum_californicum_2008.jpg,https://inaturalist-open-data.s3.amazonaws.com/photos/18513674/medium.jpg,cc-by-nc,12774518,research,33.0411695,-117.1328055,native
lythrum_californicum_2009.jpg,https://inaturalist-open-data.s3.amazonaws.com/photos/18213435/medium.jpg,cc-by,12599402,research,37.40508,-118.30718,native
lythrum_californicum_2010.jpg,https://inaturalist-open-data.s3.amazonaws.com/photos/18213431/medium.jpg,cc-by,12599402,research,37.40508,-118.30718,native
lythrum_californicum_2011.jpg,https://inaturalist-open-data.s3.amazonaws.com/photos/18213423/medium.jpg,cc-by,12599402,research,37.40508,-118.30718,native
lythrum_californicum_2012.jpeg,https://inaturalist-open-data.s3.amazonaws.com/photos/18024539/medium.jpeg,cc0,12487772,research,32.6810945028,-97.3049403581,native
lythrum_californicum_2013.jpeg,https://inaturalist-open-data.s3.amazonaws.com/photos/18024550/medium.jpeg,cc0,12487772,research,32.6810945028,-97.3049403581,native
lythrum_californicum_2014.jpeg,https://inaturalist-open-data.s3.amazonaws.com/photos/18024560/medium.jpeg,cc0,12487772,research,32.6810945028,-97.3049403581,native
lythrum_californicum_2015.jpeg,https://inaturalist-open-data.s3.amazonaws.com/photos/17317070/medium.jpeg,cc-by-nc,12076395,research,30.8592938529,-97.9041802883,native
lythrum_californicum_2016.jpeg,https://inaturalist-open-data.s3.amazonaws.com/photos/17317077/medium.jpeg,cc-by-nc,12076395,research,30.8592938529,-97.9041802883,native
lythrum_californicum_2017.jpeg,https://inaturalist-open-data.s3.amazonaws.com/photos/15493835/medium.jpeg,cc-by-nc-nd,10997172,research,25.668953724,-100.295112133,native
lythrum_californicum_2018.jpeg,https://inaturalist-open-data.s3.amazonaws.com/photos/15493812/medium.jpeg,cc-by-nc-nd,10997172,research,25.668953724,-100.295112133,native
lythrum_californicum_2019.jpeg,https://inaturalist-open-data.s3.amazonaws.com/photos/15493821/medium.jpeg,cc-by-nc-nd,10997172,research,25.668953724,-100.295112133,native
lythrum_californicum_2020.jpeg,https://inaturalist-open-data.s3.amazonaws.com/photos/15493796/medium.jpeg,cc-by-nc-nd,10997172,research,25.668953724,-100.295112133,native
lythrum_californicum_2021.jpeg,https://inaturalist-open-data.s3.amazonaws.com/photos/14494056/medium.jpeg,cc-by-nc,10431941,research,27.9452925179,-97.2043436766,native
lythrum_californicum_2022.jpeg,https://inaturalist-open-data.s3.amazonaws.com/photos/14494058/medium.jpeg,cc-by-nc,10431941,research,27.9452925179,-97.2043436766,native
lythrum_californicum_2023.jpeg,https://inaturalist-open-data.s3.amazonaws.com/photos/14494062/medium.jpeg,cc-by-nc,10431941,research,27.9452925179,-97.2043436766,native
lythrum_californicum_2024.jpeg,https://inaturalist-open-data.s3.amazonaws.com/photos/14270050/medium.jpeg,cc-by-nc,10302519,research,29.048714191,-103.1111130123,native
lythrum_californicum_2025.jpg,https://inaturalist-open-data.s3.amazonaws.com/photos/13913456/medium.jpg,cc-by,10097455,research,37.405138,-118.30677,native
lythrum_californicum_2026.jpeg,https://inaturalist-open-data.s3.amazonaws.com/photos/13017451/medium.jpeg,cc-by-nc,9542614,research,33.36501,-116.4085783333,native
lythrum_californicum_2027.jpg,https://inaturalist-open-data.s3.amazonaws.com/photos/11321932/medium.jpg,cc-by-nc-nd,8489088,research,35.3125178023,-119.3100199756,native
lythrum_californicum_2028.jpg,https://inaturalist-open-data.s3.amazonaws.com/photos/11321937/medium.jpg,cc-by-nc-nd,8489088,research,35.3125178023,-119.3100199756,native
lythrum_californicum_2029.jpg,https://inaturalist-open-data.s3.amazonaws.com/photos/11321936/medium.jpg,cc-by-nc-nd,8489088,research,35.3125178023,-119.3100199756,native
lythrum_californicum_2030.jpg,https://inaturalist-open-data.s3.amazonaws.com/photos/11161472/medium.jpg,cc-by,8391020,research,33.226778009,-116.4626822715,native
lythrum_californicum_2031.jpg,https://inaturalist-open-data.s3.amazonaws.com/photos/11161468/medium.jpg,cc-by,8391020,research,33.226778009,-116.4626822715,native
lythrum_californicum_2032.jpg,https://inaturalist-open-data.s3.amazonaws.com/photos/11161473/medium.jpg,cc-by,8391020,research,33.226778009,-116.4626822715,native
lythrum_californicum_2033.jpg,https://inaturalist-open-data.s3.amazonaws.com/photos/11161477/medium.jpg,cc-by,8391020,research,33.226778009,-116.4626822715,native
lythrum_californicum_2034.jpg,https://inaturalist-open-data.s3.amazonaws.com/photos/11028679/medium.jpg,cc-by-nc,8307444,research,32.3391666667,-106.5811111111,native
lythrum_californicum_2035.jpg,https://inaturalist-open-data.s3.amazonaws.com/photos/11028680/medium.jpg,cc-by-nc,8307444,research,32.3391666667,-106.5811111111,native
lythrum_californicum_2036.jpg,https://inaturalist-open-data.s3.amazonaws.com/photos/11028683/medium.jpg,cc-by-nc,8307444,research,32.3391666667,-106.5811111111,native
lythrum_californicum_2037.jpg,https://inaturalist-open-data.s3.amazonaws.com/photos/11028688/medium.jpg,cc-by-nc,8307444,research,32.3391666667,-106.5811111111,native
lythrum_californicum_2038.jpg,https://inaturalist-open-data.s3.amazonaws.com/photos/10801514/medium.jpg,cc-by-nc,8157659,research,32.9881837741,-97.4703812599,native
lythrum_californicum_2039.jpg,https://inaturalist-open-data.s3.amazonaws.com/photos/10801519/medium.jpg,cc-by-nc,8157659,research,32.9881837741,-97.4703812599,native
lythrum_californicum_2040.jpg,https://inaturalist-open-data.s3.amazonaws.com/photos/10666376/medium.jpg,cc-by,8051328,research,38.435371,-96.563183,native
lythrum_californicum_2041.jpg,https://inaturalist-open-data.s3.amazonaws.com/photos/10666377/medium.jpg,cc-by,8051328,research,38.435371,-96.563183,native
lythrum_californicum_2042.jpg,https://inaturalist-open-data.s3.amazonaws.com/photos/10666379/medium.jpg,cc-by,8051328,research,38.435371,-96.563183,native
lythrum_californicum_2043.jpg,https://inaturalist-open-data.s3.amazonaws.com/photos/10666380/medium.jpg,cc-by,8051328,research,38.435371,-96.563183,native
lythrum_californicum_2044.jpeg,https://inaturalist-open-data.s3.amazonaws.com/photos/10528975/medium.jpeg,cc-by-nc,7967320,research,32.90106201,-98.16835532,native
lythrum_californicum_2045.jpeg,https://inaturalist-open-data.s3.amazonaws.com/photos/10528990/medium.jpeg,cc-by-nc,7967320,research,32.90106201,-98.16835532,native
lythrum_californicum_2046.jpeg,https://inaturalist-open-data.s3.amazonaws.com/photos/10529042/medium.jpeg,cc-by-nc,7967320,research,32.90106201,-98.16835532,native
lythrum_californicum_2047.jpeg,https://inaturalist-open-data.s3.amazonaws.com/photos/10531925/medium.jpeg,cc-by-nc,7967320,research,32.90106201,-98.16835532,native
lythrum_californicum_2048.jpeg,https://inaturalist-open-data.s3.amazonaws.com/photos/10531940/medium.jpeg,cc-by-nc,7967320,research,32.90106201,-98.16835532,native
lythrum_californicum_2049.jpeg,https://inaturalist-open-data.s3.amazonaws.com/photos/10531912/medium.jpeg,cc-by-nc,7967320,research,32.90106201,-98.16835532,native
lythrum_californicum_2050.jpeg,https://inaturalist-open-data.s3.amazonaws.com/photos/10529164/medium.jpeg,cc-by-nc,7967320,research,32.90106201,-98.16835532,native
lythrum_californicum_2051.jpeg,https://inaturalist-open-data.s3.amazonaws.com/photos/10529180/medium.jpeg,cc-by-nc,7967320,research,32.90106201,-98.16835532,native
lythrum_californicum_2052.jpg,https://inaturalist-open-data.s3.amazonaws.com/photos/10343477/medium.jpg,cc-by-nc,7853854,research,33.9664066667,-111.8852766667,native
lythrum_californicum_2053.jpg,https://inaturalist-open-data.s3.amazonaws.com/photos/10343521/medium.jpg,cc-by-nc,7853854,research,33.9664066667,-111.8852766667,native
lythrum_californicum_2054.jpeg,https://inaturalist-open-data.s3.amazonaws.com/photos/10239384/medium.jpeg,cc-by-nc,7789538,research,26.255241,-97.381611,native
lythrum_californicum_2055.jpeg,https://inaturalist-open-data.s3.amazonaws.com/photos/10239389/medium.jpeg,cc-by-nc,7789538,research,26.255241,-97.381611,native
lythrum_californicum_2056.jpg,https://inaturalist-open-data.s3.amazonaws.com/photos/10195480/medium.jpg,cc-by-nc,7752983,research,32.906045951,-109.485181477,native
lythrum_californicum_2057.jpg,https://inaturalist-open-data.s3.amazonaws.com/photos/10180102/medium.jpg,cc-by-nc,7752983,research,32.906045951,-109.485181477,native
lythrum_californicum_2058.jpg,https://inaturalist-open-data.s3.amazonaws.com/photos/10087750/medium.jpg,cc-by-nc-sa,7696422,research,36.4032024133,-120.9404504325,native
lythrum_californicum_2059.jpg,https://inaturalist-open-data.s3.amazonaws.com/photos/10087753/medium.jpg,cc-by-nc-sa,7696422,research,36.4032024133,-120.9404504325,native
lythrum_californicum_2060.jpg,https://inaturalist-open-data.s3.amazonaws.com/photos/9826531/medium.jpg,cc-by-nc,7533476,research,33.328664,-97.573442,native
lythrum_californicum_2061.jpg,https://inaturalist-open-data.s3.amazonaws.com/photos/9826532/medium.jpg,cc-by-nc,7533476,research,33.328664,-97.573442,native
lythrum_californicum_2062.jpg,https://inaturalist-open-data.s3.amazonaws.com/photos/9826533/medium.jpg,cc-by-nc,7533476,research,33.328664,-97.573442,native
lythrum_californicum_2063.jpg,https://inaturalist-open-data.s3.amazonaws.com/photos/9590011/medium.jpg,cc-by-nc,7388519,research,33.9664033333,-111.88505,native
lythrum_californicum_2064.jpg,https://inaturalist-open-data.s3.amazonaws.com/photos/9590126/medium.jpg,cc-by-nc,7388519,research,33.9664033333,-111.88505,native
lythrum_californicum_2065.jpeg,https://inaturalist-open-data.s3.amazonaws.com/photos/9493801/medium.jpeg,cc-by-nc,7328683,research,30.4472001626,-97.706407606,native
lythrum_californicum_2066.jpeg,https://inaturalist-open-data.s3.amazonaws.com/photos/9494399/medium.jpeg,cc-by-nc,7328683,research,30.4472001626,-97.706407606,native
lythrum_californicum_2067.jpeg,https://inaturalist-open-data.s3.amazonaws.com/photos/9494403/medium.jpeg,cc-by-nc,7328683,research,30.4472001626,-97.706407606,native
lythrum_californicum_2068.jpg,https://inaturalist-open-data.s3.amazonaws.com/photos/9289548/medium.jpg,cc-by-nc-nd,7201934,research,35.9612924047,-118.4767785856,native
lythrum_californicum_2069.jpg,https://inaturalist-open-data.s3.amazonaws.com/photos/9289546/medium.jpg,cc-by-nc-nd,7201934,research,35.9612924047,-118.4767785856,native
lythrum_californicum_2070.jpg,https://inaturalist-open-data.s3.amazonaws.com/photos/9289543/medium.jpg,cc-by-nc-nd,7201934,research,35.9612924047,-118.4767785856,native
lythrum_californicum_2071.jpeg,https://inaturalist-open-data.s3.amazonaws.com/photos/9138048/medium.jpeg,cc-by-nc,7107407,research,32.6127232927,-96.9906177552,native
lythrum_californicum_2072.jpeg,https://inaturalist-open-data.s3.amazonaws.com/photos/9138268/medium.jpeg,cc-by-nc,7107407,research,32.6127232927,-96.9906177552,native
lythrum_californicum_2073.jpeg,https://inaturalist-open-data.s3.amazonaws.com/photos/9138271/medium.jpeg,cc-by-nc,7107407,research,32.6127232927,-96.9906177552,native
lythrum_californicum_2074.jpeg,https://inaturalist-open-data.s3.amazonaws.com/photos/9050678/medium.jpeg,cc-by-nc,7051809,research,32.6677483333,-97.4359566667,native
lythrum_californicum_2075.jpeg,https://inaturalist-open-data.s3.amazonaws.com/photos/9050684/medium.jpeg,cc-by-nc,7051809,research,32.6677483333,-97.4359566667,native
lythrum_californicum_2076.jpg,https://inaturalist-open-data.s3.amazonaws.com/photos/8766993/medium.jpg,cc-by-nc,6875581,research,32.6120442778,-96.9911673056,native
lythrum_californicum_2077.jpg,https://inaturalist-open-data.s3.amazonaws.com/photos/8728933/medium.jpg,cc-by,6851467,research,27.0686224872,-99.7222995758,native
lythrum_californicum_2078.jpg,https://inaturalist-open-data.s3.amazonaws.com/photos/8632599/medium.jpg,cc-by-nc,6787901,research,38.0097527833,-121.7277416667,native
lythrum_californicum_2079.jpg,https://inaturalist-open-data.s3.amazonaws.com/photos/8621433/medium.jpg,cc-by-nc,6780926,research,38.0098027833,-121.727975,native
lythrum_californicum_2080.jpg,https://inaturalist-open-data.s3.amazonaws.com/photos/8611611/medium.jpg,cc-by-nc-nd,6774468,research,35.9612086695,-118.4768733849,native
lythrum_californicum_2081.jpg,https://inaturalist-open-data.s3.amazonaws.com/photos/8611613/medium.jpg,cc-by-nc-nd,6774468,research,35.9612086695,-118.4768733849,native
lythrum_californicum_2082.jpg,https://inaturalist-open-data.s3.amazonaws.com/photos/8611609/medium.jpg,cc-by-nc-nd,6774468,research,35.9612086695,-118.4768733849,native
lythrum_californicum_2083.jpeg,https://inaturalist-open-data.s3.amazonaws.com/photos/8575522/medium.jpeg,cc-by-nc,6750708,research,33.615965,-117.7580733333,native
lythrum_californicum_2084.jpeg,https://inaturalist-open-data.s3.amazonaws.com/photos/8575529/medium.jpeg,cc-by-nc,6750708,research,33.615965,-117.7580733333,native
lythrum_californicum_2085.jpeg,https://inaturalist-open-data.s3.amazonaws.com/photos/8575531/medium.jpeg,cc-by-nc,6750708,research,33.615965,-117.7580733333,native
lythrum_californicum_2086.jpg,https://inaturalist-open-data.s3.amazonaws.com/photos/8477239/medium.jpg,cc-by-nc,6686300,research,38.2397364353,-95.5664101042,native
lythrum_californicum_2087.jpg,https://inaturalist-open-data.s3.amazonaws.com/photos/8477235/medium.jpg,cc-by-nc,6686300,research,38.2397364353,-95.5664101042,native
lythrum_californicum_2088.jpeg,https://inaturalist-open-data.s3.amazonaws.com/photos/8437597/medium.jpeg,cc-by-nc,6659798,research,29.3760495944,-98.4828166595,native
lythrum_californicum_2089.jpeg,https://inaturalist-open-data.s3.amazonaws.com/photos/8437627/medium.jpeg,cc-by-nc,6659798,research,29.3760495944,-98.4828166595,native
lythrum_californicum_2090.jpeg,https://inaturalist-open-data.s3.amazonaws.com/photos/8398927/medium.jpeg,cc-by-nc,6612805,research,36.4014890875,-116.2741976395,native
lythrum_californicum_2091.jpeg,https://inaturalist-open-data.s3.amazonaws.com/photos/8398992/medium.jpeg,cc-by-nc,6612805,research,36.4014890875,-116.2741976395,native
lythrum_californicum_2092.jpeg,https://inaturalist-open-data.s3.amazonaws.com/photos/8399009/medium.jpeg,cc-by-nc,6612805,research,36.4014890875,-116.2741976395,native
lythrum_californicum_2093.jpeg,https://inaturalist-open-data.s3.amazonaws.com/photos/8323105/medium.jpeg,cc-by-nc,6562462,research,33.9648090391,-111.8662796769,native
lythrum_californicum_2094.jpeg,https://inaturalist-open-data.s3.amazonaws.com/photos/8323220/medium.jpeg,cc-by-nc,6562462,research,33.9648090391,-111.8662796769,native
lythrum_californicum_2095.jpeg,https://inaturalist-open-data.s3.amazonaws.com/photos/8290275/medium.jpeg,cc-by-nc,6541351,research,36.4608759756,-116.3292503357,native
lythrum_californicum_2096.jpeg,https://inaturalist-open-data.s3.amazonaws.com/photos/8290276/medium.jpeg,cc-by-nc,6541351,research,36.4608759756,-116.3292503357,native
lythrum_californicum_2097.jpeg,https://inaturalist-open-data.s3.amazonaws.com/photos/8290279/medium.jpeg,cc-by-nc,6541351,research,36.4608759756,-116.3292503357,native
lythrum_californicum_2098.jpg,https://inaturalist-open-data.s3.amazonaws.com/photos/8290280/medium.jpg,cc-by-nc,6541351,research,36.4608759756,-116.3292503357,native
lythrum_californicum_2099.jpg,https://inaturalist-open-data.s3.amazonaws.com/photos/8123333/medium.jpg,cc-by-nc,6432416,research,35.26617,-120.6818916667,native
lythrum_californicum_2100.jpg,https://inaturalist-open-data.s3.amazonaws.com/photos/8123324/medium.jpg,cc-by-nc,6432416,research,35.26617,-120.6818916667,native
lythrum_californicum_2101.jpg,https://inaturalist-open-data.s3.amazonaws.com/photos/8123343/medium.jpg,cc-by-nc,6432416,research,35.26617,-120.6818916667,native
lythrum_californicum_2102.jpg,https://inaturalist-open-data.s3.amazonaws.com/photos/8114221/medium.jpg,cc-by,6426407,research,35.26617,-120.682075,native
lythrum_californicum_2103.jpg,https://inaturalist-open-data.s3.amazonaws.com/photos/8114227/medium.jpg,cc-by,6426407,research,35.26617,-120.682075,native
lythrum_californicum_2104.jpeg,https://inaturalist-open-data.s3.amazonaws.com/photos/7927194/medium.jpeg,cc-by-nc,6296907,research,35.2156520143,-100.8610349735,native
lythrum_californicum_2105.jpeg,https://inaturalist-open-data.s3.amazonaws.com/photos/7927226/medium.jpeg,cc-by-nc,6296907,research,35.2156520143,-100.8610349735,native
lythrum_californicum_2106.jpg,https://inaturalist-open-data.s3.amazonaws.com/photos/7905535/medium.jpg,cc-by-nc,6281329,research,30.5087043392,-115.7122504805,native
lythrum_californicum_2107.jpg,https://inaturalist-open-data.s3.amazonaws.com/photos/7905530/medium.jpg,cc-by-nc,6281329,research,30.5087043392,-115.7122504805,native
lythrum_californicum_2108.jpg,https://inaturalist-open-data.s3.amazonaws.com/photos/7905526/medium.jpg,cc-by-nc,6281329,research,30.5087043392,-115.7122504805,native
lythrum_californicum_2109.jpeg,https://inaturalist-open-data.s3.amazonaws.com/photos/5996608/medium.jpeg,cc-by-nc,4922350,research,34.0478730057,-116.5681815146,native
lythrum_californicum_2110.jpg,https://inaturalist-open-data.s3.amazonaws.com/photos/4971792/medium.jpg,cc-by-nc,4174822,research,29.2716069,-103.1361488,native
lythrum_californicum_2111.jpg,https://inaturalist-open-data.s3.amazonaws.com/photos/4971793/medium.jpg,cc-by-nc,4174822,research,29.2716069,-103.1361488,native
lythrum_californicum_2112.jpg,https://inaturalist-open-data.s3.amazonaws.com/photos/4971794/medium.jpg,cc-by-nc,4174822,research,29.2716069,-103.1361488,native
lythrum_californicum_2113.jpg,https://inaturalist-open-data.s3.amazonaws.com/photos/4522357/medium.jpg,cc-by-nc,3859608,research,37.9166333333,-96.5129,native
lythrum_californicum_2114.jpg,https://inaturalist-open-data.s3.amazonaws.com/photos/4522354/medium.jpg,cc-by-nc,3859608,research,37.9166333333,-96.5129,native
lythrum_californicum_2115.jpg,https://inaturalist-open-data.s3.amazonaws.com/photos/4412838/medium.jpg,cc-by-nc,3782754,research,37.8950216667,-96.30883,native
lythrum_californicum_2116.jpg,https://inaturalist-open-data.s3.amazonaws.com/photos/4412833/medium.jpg,cc-by-nc,3782754,research,37.8950216667,-96.30883,native
lythrum_californicum_2117.jpg,https://inaturalist-open-data.s3.amazonaws.com/photos/4412835/medium.jpg,cc-by-nc,3782754,research,37.8950216667,-96.30883,native
lythrum_californicum_2118.jpeg,https://inaturalist-open-data.s3.amazonaws.com/photos/4339897/medium.jpeg,cc-by-nc,3734749,research,38.012022,-121.728729,native
lythrum_californicum_2119.jpg,https://inaturalist-open-data.s3.amazonaws.com/photos/4170109/medium.jpg,cc-by-nc,3610592,research,37.559625,-96.5097416667,native
lythrum_californicum_2120.jpg,https://inaturalist-open-data.s3.amazonaws.com/photos/4170106/medium.jpg,cc-by-nc,3610592,research,37.559625,-96.5097416667,native
lythrum_californicum_2121.jpg,https://inaturalist-open-data.s3.amazonaws.com/photos/4170108/medium.jpg,cc-by-nc,3610592,research,37.559625,-96.5097416667,native
lythrum_californicum_2122.jpeg,https://inaturalist-open-data.s3.amazonaws.com/photos/3994489/medium.jpeg,cc-by,3444875,research,38.00992551,-121.72838743,native
lythrum_californicum_2123.jpg,https://inaturalist-open-data.s3.amazonaws.com/photos/3925194/medium.jpg,cc-by-nc,3393584,research,29.0363217717,-103.0419705909,native
lythrum_californicum_2124.jpg,https://inaturalist-open-data.s3.amazonaws.com/photos/3869698/medium.jpg,cc-by,3350868,research,30.166555,-97.630858,native
lythrum_californicum_2125.jpg,https://inaturalist-open-data.s3.amazonaws.com/photos/3869699/medium.jpg,cc-by,3350868,research,30.166555,-97.630858,native
lythrum_californicum_2126.JPG,https://inaturalist-open-data.s3.amazonaws.com/photos/3869669/medium.JPG,cc-by-nc,3350845,research,32.7464016667,-97.275545,native
lythrum_californicum_2127.JPG,https://inaturalist-open-data.s3.amazonaws.com/photos/3869676/medium.JPG,cc-by-nc,3350845,research,32.7464016667,-97.275545,native
lythrum_californicum_2128.jpg,https://inaturalist-open-data.s3.amazonaws.com/photos/3768159/medium.jpg,cc-by-nc,3258184,research,34.2267591739,-112.0971570165,native
lythrum_californicum_2129.jpg,https://inaturalist-open-data.s3.amazonaws.com/photos/3763911/medium.jpg,cc-by-nc,3253664,research,34.2282910087,-112.0988015459,native
lythrum_californicum_2130.jpg,https://inaturalist-open-data.s3.amazonaws.com/photos/2553378/medium.jpg,cc-by-nc,2260379,research,34.772658,-112.025885,native
lythrum_californicum_2131.jpg,https://inaturalist-open-data.s3.amazonaws.com/photos/2514046/medium.jpg,cc-by,2099465,research,35.733495,-119.5893033333,native
lythrum_californicum_2132.jpg,https://inaturalist-open-data.s3.amazonaws.com/photos/2514048/medium.jpg,cc-by,2099465,research,35.733495,-119.5893033333,native
lythrum_californicum_2133.jpg,https://inaturalist-open-data.s3.amazonaws.com/photos/2514047/medium.jpg,cc-by,2099465,research,35.733495,-119.5893033333,native
lythrum_californicum_2134.jpg,https://inaturalist-open-data.s3.amazonaws.com/photos/2514049/medium.jpg,cc-by,2099465,research,35.733495,-119.5893033333,native
lythrum_californicum_2135.JPG,https://inaturalist-open-data.s3.amazonaws.com/photos/2351985/medium.JPG,cc-by-nc,1923793,research,38.009812,-121.727975,native
lythrum_californicum_2136.jpg,https://inaturalist-open-data.s3.amazonaws.com/photos/2295353/medium.jpg,cc-by-nc,1883278,research,37.8857466667,-96.8130333333,native
lythrum_californicum_2137.jpg,https://inaturalist-open-data.s3.amazonaws.com/photos/2295354/medium.jpg,cc-by-nc,1883278,research,37.8857466667,-96.8130333333,native
lythrum_californicum_2138.jpg,https://inaturalist-open-data.s3.amazonaws.com/photos/2295352/medium.jpg,cc-by-nc,1883278,research,37.8857466667,-96.8130333333,native
lythrum_californicum_2139.jpg,https://inaturalist-open-data.s3.amazonaws.com/photos/2295355/medium.jpg,cc-by-nc,1883278,research,37.8857466667,-96.8130333333,native
lythrum_californicum_2140.jpg,https://inaturalist-open-data.s3.amazonaws.com/photos/2183002/medium.jpg,cc-by-nc,1802058,research,37.5603833333,-96.4875416667,native
lythrum_californicum_2141.jpg,https://inaturalist-open-data.s3.amazonaws.com/photos/2183005/medium.jpg,cc-by-nc,1802058,research,37.5603833333,-96.4875416667,native
lythrum_californicum_2142.jpg,https://inaturalist-open-data.s3.amazonaws.com/photos/2183003/medium.jpg,cc-by-nc,1802058,research,37.5603833333,-96.4875416667,native
lythrum_californicum_2143.jpg,https://inaturalist-open-data.s3.amazonaws.com/photos/2183004/medium.jpg,cc-by-nc,1802058,research,37.5603833333,-96.4875416667,native
lythrum_californicum_2144.jpg,https://inaturalist-open-data.s3.amazonaws.com/photos/2170727/medium.jpg,cc-by-nc,1791844,research,34.006119,-119.747637,native
lythrum_californicum_2145.jpg,https://inaturalist-open-data.s3.amazonaws.com/photos/2170730/medium.jpg,cc-by-nc,1791844,research,34.006119,-119.747637,native
lythrum_californicum_2146.jpg,https://inaturalist-open-data.s3.amazonaws.com/photos/2170643/medium.jpg,cc-by,1791780,research,34.00614669,-119.74750704,native
lythrum_californicum_2147.JPG,https://inaturalist-open-data.s3.amazonaws.com/photos/1051073/medium.JPG,cc-by-nc,831425,research,38.009819,-121.727585,native
lythrum_californicum_2148.JPG,https://inaturalist-open-data.s3.amazonaws.com/photos/1051076/medium.JPG,cc-by-nc,831425,research,38.009819,-121.727585,native
lythrum_californicum_2149.JPG,https://inaturalist-open-data.s3.amazonaws.com/photos/1051079/medium.JPG,cc-by-nc,831425,research,38.009819,-121.727585,native
