antecedents,confidence,lift,support
frozenset({'trait_sessile_base_narrowly_attenuate_present'}),0.9824561403508771,17.237593984962405,0.05699496932158539
"frozenset({'trait_leaves_opposite_present', 'trait_petals_white_to_pink_present'})",0.9776179056754596,27.489208633093526,0.03556369769403007
"frozenset({'trait_sessile_base_narrowly_attenuate_present', 'trait_stamens_5_8_present', 'trait_inflorescence_spikelike_present', 'trait_petals_white_to_pink_present'})",0.9776179056754596,27.489208633093526,0.03556369769403007
"frozenset({'trait_inflorescence_spikelike_present', 'trait_floral_tube_campanulate_present', 'trait_leaves_opposite_present', 'trait_petals_white_to_pink_present'})",0.9776179056754596,27.489208633093526,0.03556369769403007
"frozenset({'trait_sessile_base_narrowly_attenuate_present', 'trait_petals_white_to_pink_present'})",0.9776179056754596,27.489208633093526,0.03556369769403007
"frozenset({'trait_sessile_base_narrowly_attenuate_present', 'trait_stamens_5_8_present', 'trait_petals_white_to_pink_present'})",0.9776179056754596,27.489208633093526,0.03556369769403007
"frozenset({'trait_sessile_base_narrowly_attenuate_present', 'trait_floral_tube_campanulate_present', 'trait_petals_white_to_pink_present'})",0.9776179056754596,27.489208633093526,0.03556369769403007
"frozenset({'trait_sessile_base_narrowly_attenuate_present', 'trait_inflorescence_spikelike_present', 'trait_petals_white_to_pink_present'})",0.9776179056754596,27.489208633093526,0.03556369769403007
"frozenset({'trait_sessile_base_narrowly_attenuate_present', 'trait_leaves_opposite_present', 'trait_petals_white_to_pink_present'})",0.9776179056754596,26.771022101237932,0.03556369769403007
"frozenset({'trait_inflorescence_spikelike_present', 'trait_floral_tube_campanulate_present', 'trait_leaves_opposite_present'})",0.9776179056754596,27.489208633093526,0.03556369769403007
"frozenset({'trait_prostrate_and_spreading_present', 'trait_leaves_opposite_present', 'trait_petals_white_to_pink_present', 'trait_floral_tube_campanulate_present', 'trait_inflorescence_spikelike_present'})",0.9756317689530686,27.433361326677904,0.03143447032481317
frozenset({'trait_prostrate_present'}),0.9781420765027321,1.8718602041654122,0.010410305620983454
"frozenset({'trait_floral_tube_campanulate_present', 'trait_inflorescence_spikelike_present', 'trait_petals_white_to_pink_present'})",0.9786324786324786,24.493589743589745,0.03995463665707057
"frozenset({'trait_base_obtuse_to_truncate_present', 'trait_floral_tube_obconic_present', 'trait_stamens_12_present', 'trait_solitary_in_leaf_axils_present', 'trait_petals_purple_present', 'trait_leaves_alternate_present'})",0.9720071471113757,20.481834425253126,0.047457035680013956
"frozenset({'trait_sessile_base_narrowly_attenuate_present', 'trait_floral_tube_campanulate_present', 'trait_leaves_opposite_present', 'trait_stamens_5_8_present'})",0.9776179056754596,26.771022101237932,0.03556369769403007
frozenset({'trait_prostrate_and_spreading_present'}),0.9824079164376031,16.957024492039807,0.05196429090697607
"frozenset({'trait_prostrate_and_spreading_present', 'trait_leaves_opposite_present'})",0.982122905027933,17.23174723520693,0.05112099799354445
"frozenset({'trait_sessile_base_narrowly_attenuate_present', 'trait_prostrate_and_spreading_present'})",0.982122905027933,16.981097402211798,0.05112099799354445
"frozenset({'trait_sessile_base_narrowly_attenuate_present', 'trait_floral_tube_campanulate_present', 'trait_inflorescence_spikelike_present'})",0.9776179056754596,27.489208633093526,0.03556369769403007
"frozenset({'trait_sessile_base_narrowly_attenuate_present', 'trait_inflorescence_spikelike_present', 'trait_floral_tube_campanulate_present', 'trait_leaves_opposite_present'})",0.9776179056754596,26.771022101237932,0.03556369769403007
"frozenset({'trait_floral_tube_campanulate_present', 'trait_inflorescence_spikelike_present', 'trait_stamens_5_8_present'})",0.9786324786324786,24.493589743589745,0.03995463665707057
"frozenset({'trait_sessile_base_narrowly_attenuate_present', 'trait_leaves_opposite_present', 'trait_floral_tube_campanulate_present', 'trait_inflorescence_spikelike_present', 'trait_stamens_5_8_present'})",0.9776179056754596,26.771022101237932,0.03556369769403007
"frozenset({'trait_inflorescence_spikelike_present', 'trait_leaves_opposite_present', 'trait_petals_white_to_pink_present'})",0.9776179056754596,27.489208633093526,0.03556369769403007
"frozenset({'trait_stamens_5_8_present', 'trait_leaves_opposite_present', 'trait_petals_white_to_pink_present'})",0.9776179056754596,27.489208633093526,0.03556369769403007
"frozenset({'trait_sessile_base_narrowly_attenuate_present', 'trait_floral_tube_campanulate_present', 'trait_leaves_opposite_present', 'trait_petals_white_to_pink_present'})",0.9776179056754596,26.771022101237932,0.03556369769403007
"frozenset({'trait_base_obtuse_to_truncate_present', 'trait_stamens_12_present', 'trait_petals_purple_present'})",0.9720071471113757,20.481834425253126,0.047457035680013956
"frozenset({'trait_base_obtuse_to_truncate_present', 'trait_inflorescence_raceme_present', 'trait_petals_purple_present'})",0.9720071471113757,20.481834425253126,0.047457035680013956
"frozenset({'trait_base_obtuse_to_truncate_present', 'trait_stamens_12_present', 'trait_solitary_in_leaf_axils_present'})",0.9720071471113757,20.481834425253126,0.047457035680013956
"frozenset({'trait_base_obtuse_to_truncate_present', 'trait_floral_tube_obconic_present', 'trait_stamens_12_present'})",0.9720071471113757,20.481834425253126,0.047457035680013956
"frozenset({'trait_subsessile_present', 'trait_solitary_in_leaf_axils_present'})",0.9720071471113757,20.481834425253126,0.047457035680013956
"frozenset({'trait_base_obtuse_to_truncate_present', 'trait_floral_tube_obconic_present', 'trait_petals_purple_present'})",0.9720071471113757,20.481834425253126,0.047457035680013956
"frozenset({'trait_base_obtuse_to_truncate_present', 'trait_stamens_12_present', 'trait_red_dotted_present'})",0.9720071471113757,20.481834425253126,0.047457035680013956
"frozenset({'trait_base_obtuse_to_truncate_present', 'trait_red_dotted_present', 'trait_petals_purple_present'})",0.9720071471113757,20.481834425253126,0.047457035680013956
frozenset({'trait_subsessile_present'}),0.9728033472803348,11.990585774058578,0.08113059408531798
"frozenset({'trait_subsessile_present', 'trait_base_obtuse_to_truncate_present', 'trait_inflorescence_raceme_present'})",0.9720071471113757,20.481834425253126,0.047457035680013956
"frozenset({'trait_subsessile_present', 'trait_inflorescence_raceme_present', 'trait_leaves_alternate_present'})",0.9720071471113757,20.481834425253126,0.047457035680013956
"frozenset({'trait_subsessile_present', 'trait_stamens_12_present'})",0.9720071471113757,20.481834425253126,0.047457035680013956
"frozenset({'trait_base_obtuse_to_truncate_present', 'trait_inflorescence_raceme_present', 'trait_leaves_alternate_present'})",0.9720071471113757,20.481834425253126,0.047457035680013956
"frozenset({'trait_subsessile_present', 'trait_base_obtuse_to_truncate_present', 'trait_solitary_in_leaf_axils_present'})",0.9720071471113757,20.481834425253126,0.047457035680013956
"frozenset({'trait_prostrate_and_spreading_present', 'trait_leaves_opposite_present', 'trait_floral_tube_campanulate_present', 'trait_inflorescence_spikelike_present', 'trait_stamens_5_8_present'})",0.9756317689530686,27.433361326677904,0.03143447032481317
"frozenset({'trait_prostrate_and_spreading_present', 'trait_leaves_opposite_present', 'trait_petals_white_to_pink_present', 'trait_floral_tube_campanulate_present', 'trait_stamens_5_8_present'})",0.9756317689530686,27.433361326677904,0.03143447032481317
"frozenset({'trait_stamens_5_8_present', 'trait_inflorescence_spikelike_present', 'trait_leaves_opposite_present', 'trait_petals_white_to_pink_present'})",0.9776179056754596,27.489208633093526,0.03556369769403007
"frozenset({'trait_stamens_5_8_present', 'trait_floral_tube_campanulate_present', 'trait_leaves_opposite_present', 'trait_petals_white_to_pink_present'})",0.9776179056754596,27.489208633093526,0.03556369769403007
"frozenset({'trait_base_obtuse_to_truncate_present', 'trait_stamens_12_present', 'trait_solitary_in_leaf_axils_present', 'trait_leaves_alternate_present'})",0.9720071471113757,20.481834425253126,0.047457035680013956
"frozenset({'trait_stamens_5_8_present', 'trait_floral_tube_campanulate_present', 'trait_inflorescence_spikelike_present', 'trait_petals_white_to_pink_present'})",0.9786324786324786,15.28350013082156,0.03995463665707057
"frozenset({'trait_sessile_base_narrowly_attenuate_present', 'trait_leaves_opposite_present', 'trait_petals_white_to_pink_present', 'trait_inflorescence_spikelike_present', 'trait_stamens_5_8_present'})",0.9776179056754596,26.771022101237932,0.03556369769403007
"frozenset({'trait_floral_tube_campanulate_present', 'trait_leaves_opposite_present', 'trait_petals_white_to_pink_present'})",0.9776179056754596,27.489208633093526,0.03556369769403007
"frozenset({'trait_sessile_base_narrowly_attenuate_present', 'trait_floral_tube_campanulate_present', 'trait_leaves_opposite_present'})",0.9776179056754596,26.771022101237932,0.03556369769403007
"frozenset({'trait_sessile_base_narrowly_attenuate_present', 'trait_leaves_opposite_present', 'trait_petals_white_to_pink_present', 'trait_floral_tube_campanulate_present', 'trait_inflorescence_spikelike_present', 'trait_stamens_5_8_present'})",0.9776179056754596,16.62889453406497,0.03556369769403007
"frozenset({'trait_sessile_base_narrowly_attenuate_present', 'trait_prostrate_and_spreading_present', 'trait_leaves_opposite_present'})",0.982122905027933,15.114906930789688,0.05112099799354445
"frozenset({'trait_floral_tube_campanulate_present', 'trait_stamens_5_8_present'})",0.9786324786324786,24.493589743589745,0.03995463665707057
"frozenset({'trait_prostrate_and_spreading_present', 'trait_inflorescence_spikelike_present', 'trait_stamens_5_8_present'})",0.9762532981530343,26.73365378184619,0.032277763238244786
"frozenset({'trait_sessile_base_narrowly_attenuate_present', 'trait_inflorescence_spikelike_present'})",0.9776179056754596,27.489208633093526,0.03556369769403007
"frozenset({'trait_prostrate_and_spreading_present', 'trait_floral_tube_campanulate_present', 'trait_inflorescence_spikelike_present'})",0.9762532981530343,26.73365378184619,0.032277763238244786
"frozenset({'trait_inflorescence_spikelike_present', 'trait_stamens_5_8_present'})",0.9786324786324786,24.493589743589745,0.03995463665707057
"frozenset({'trait_prostrate_and_spreading_present', 'trait_stamens_5_8_present'})",0.9762532981530343,26.73365378184619,0.032277763238244786
"frozenset({'trait_prostrate_and_spreading_present', 'trait_leaves_opposite_present', 'trait_stamens_5_8_present'})",0.9756317689530686,27.433361326677904,0.03143447032481317
frozenset({'trait_floral_tube_campanulate_present'}),0.9786628733997155,24.458748221906117,0.04001279478903138
"frozenset({'trait_sessile_base_narrowly_attenuate_present', 'trait_prostrate_and_spreading_present', 'trait_petals_white_to_pink_present'})",0.9756317689530686,27.433361326677904,0.03143447032481317
"frozenset({'trait_sessile_base_narrowly_attenuate_present', 'trait_prostrate_and_spreading_present', 'trait_floral_tube_campanulate_present'})",0.9756317689530686,27.433361326677904,0.03143447032481317
"frozenset({'trait_sessile_base_narrowly_attenuate_present', 'trait_prostrate_and_spreading_present', 'trait_stamens_5_8_present'})",0.9756317689530686,27.433361326677904,0.03143447032481317
"frozenset({'trait_base_obtuse_to_truncate_present', 'trait_floral_tube_obconic_present', 'trait_solitary_in_leaf_axils_present', 'trait_petals_purple_present', 'trait_leaves_alternate_present'})",0.9720071471113757,20.481834425253126,0.047457035680013956
"frozenset({'trait_inflorescence_spikelike_present', 'trait_floral_tube_campanulate_present', 'trait_leaves_opposite_present', 'trait_stamens_5_8_present'})",0.9776179056754596,27.489208633093526,0.03556369769403007
"frozenset({'trait_sessile_base_narrowly_attenuate_present', 'trait_prostrate_and_spreading_present', 'trait_inflorescence_spikelike_present', 'trait_petals_white_to_pink_present'})",0.9756317689530686,27.433361326677904,0.03143447032481317
"frozenset({'trait_sessile_base_narrowly_attenuate_present', 'trait_prostrate_and_spreading_present', 'trait_floral_tube_campanulate_present', 'trait_inflorescence_spikelike_present'})",0.9756317689530686,27.433361326677904,0.03143447032481317
"frozenset({'trait_prostrate_and_spreading_present', 'trait_floral_tube_campanulate_present', 'trait_leaves_opposite_present', 'trait_petals_white_to_pink_present'})",0.9756317689530686,27.433361326677904,0.03143447032481317
"frozenset({'trait_sessile_base_narrowly_attenuate_present', 'trait_stamens_5_8_present'})",0.9776179056754596,27.489208633093526,0.03556369769403007
"frozenset({'trait_prostrate_and_spreading_present', 'trait_inflorescence_spikelike_present', 'trait_leaves_opposite_present', 'trait_petals_white_to_pink_present'})",0.9756317689530686,27.433361326677904,0.03143447032481317
"frozenset({'trait_sessile_base_narrowly_attenuate_present', 'trait_prostrate_and_spreading_present', 'trait_inflorescence_spikelike_present'})",0.9756317689530686,27.433361326677904,0.03143447032481317
"frozenset({'trait_prostrate_and_spreading_present', 'trait_inflorescence_spikelike_present', 'trait_floral_tube_campanulate_present', 'trait_leaves_opposite_present'})",0.9756317689530686,27.433361326677904,0.03143447032481317
"frozenset({'trait_sessile_base_narrowly_attenuate_present', 'trait_prostrate_and_spreading_present', 'trait_inflorescence_spikelike_present', 'trait_stamens_5_8_present'})",0.9756317689530686,27.433361326677904,0.03143447032481317
"frozenset({'trait_prostrate_and_spreading_present', 'trait_inflorescence_spikelike_present', 'trait_leaves_opposite_present', 'trait_stamens_5_8_present'})",0.9756317689530686,27.433361326677904,0.03143447032481317
"frozenset({'trait_prostrate_and_spreading_present', 'trait_floral_tube_campanulate_present'})",0.9762532981530343,26.73365378184619,0.032277763238244786
"frozenset({'trait_prostrate_and_spreading_present', 'trait_inflorescence_spikelike_present'})",0.9762532981530343,26.73365378184619,0.032277763238244786
"frozenset({'trait_prostrate_and_spreading_present', 'trait_floral_tube_campanulate_present', 'trait_stamens_5_8_present'})",0.9762532981530343,26.73365378184619,0.032277763238244786
"frozenset({'trait_prostrate_and_spreading_present', 'trait_inflorescence_spikelike_present', 'trait_leaves_opposite_present'})",0.9756317689530686,27.433361326677904,0.03143447032481317
"frozenset({'trait_base_obtuse_to_truncate_present', 'trait_stamens_12_present', 'trait_inflorescence_raceme_present', 'trait_solitary_in_leaf_axils_present', 'trait_petals_purple_present', 'trait_leaves_alternate_present'})",0.9720071471113757,20.481834425253126,0.047457035680013956
"frozenset({'trait_prostrate_and_spreading_present', 'trait_floral_tube_campanulate_present', 'trait_leaves_opposite_present', 'trait_stamens_5_8_present'})",0.9756317689530686,27.433361326677904,0.03143447032481317
"frozenset({'trait_base_obtuse_to_truncate_present', 'trait_floral_tube_obconic_present', 'trait_inflorescence_raceme_present', 'trait_solitary_in_leaf_axils_present', 'trait_petals_purple_present', 'trait_leaves_alternate_present'})",0.9720071471113757,20.481834425253126,0.047457035680013956
"frozenset({'trait_floral_tube_campanulate_present', 'trait_inflorescence_spikelike_present'})",0.9786324786324786,24.493589743589745,0.03995463665707057
"frozenset({'trait_sessile_base_narrowly_attenuate_present', 'trait_floral_tube_campanulate_present', 'trait_inflorescence_spikelike_present', 'trait_stamens_5_8_present'})",0.9776179056754596,27.489208633093526,0.03556369769403007
"frozenset({'trait_floral_tube_campanulate_present', 'trait_leaves_opposite_present'})",0.9776179056754596,27.489208633093526,0.03556369769403007
"frozenset({'trait_sessile_base_narrowly_attenuate_present', 'trait_floral_tube_campanulate_present', 'trait_stamens_5_8_present'})",0.9776179056754596,27.489208633093526,0.03556369769403007
"frozenset({'trait_base_attenuate_present', 'trait_becoming_alternate_distally_present'})",0.8487633310642161,3.715400861821206,0.21754049259937772
frozenset({'trait_petals_white_to_pink_present'}),0.9786324786324786,24.493589743589745,0.03995463665707057
"frozenset({'trait_floral_tube_campanulate_present', 'trait_leaves_opposite_present', 'trait_stamens_5_8_present'})",0.9776179056754596,27.489208633093526,0.03556369769403007
"frozenset({'trait_base_obtuse_to_truncate_present', 'trait_stamens_12_present', 'trait_inflorescence_raceme_present'})",0.9720071471113757,20.481834425253126,0.047457035680013956
"frozenset({'trait_floral_tube_campanulate_present', 'trait_petals_white_to_pink_present'})",0.9786324786324786,24.493589743589745,0.03995463665707057
frozenset({'trait_becoming_alternate_distally_present'}),0.848821396192203,3.711190298741173,0.21780220419320132
"frozenset({'trait_stamens_5_8_present', 'trait_petals_white_to_pink_present'})",0.9786324786324786,24.493589743589745,0.03995463665707057
"frozenset({'trait_inflorescence_spikelike_present', 'trait_petals_white_to_pink_present'})",0.9786324786324786,24.493589743589745,0.03995463665707057
"frozenset({'trait_prostrate_and_spreading_present', 'trait_floral_tube_campanulate_present', 'trait_inflorescence_spikelike_present', 'trait_stamens_5_8_present'})",0.9762532981530343,26.73365378184619,0.032277763238244786
"frozenset({'trait_stamens_5_8_present', 'trait_floral_tube_campanulate_present', 'trait_petals_white_to_pink_present'})",0.9786324786324786,24.493589743589745,0.03995463665707057
"frozenset({'trait_sessile_base_narrowly_attenuate_present', 'trait_floral_tube_campanulate_present'})",0.9776179056754596,27.489208633093526,0.03556369769403007
"frozenset({'trait_sessile_base_narrowly_attenuate_present', 'trait_inflorescence_spikelike_present', 'trait_leaves_opposite_present', 'trait_stamens_5_8_present'})",0.9776179056754596,26.771022101237932,0.03556369769403007
"frozenset({'trait_sessile_base_narrowly_attenuate_present', 'trait_inflorescence_spikelike_present', 'trait_leaves_opposite_present', 'trait_petals_white_to_pink_present'})",0.9776179056754596,26.771022101237932,0.03556369769403007
"frozenset({'trait_sessile_base_narrowly_attenuate_present', 'trait_inflorescence_spikelike_present', 'trait_stamens_5_8_present'})",0.9776179056754596,27.489208633093526,0.03556369769403007
"frozenset({'trait_sessile_base_narrowly_attenuate_present', 'trait_stamens_5_8_present', 'trait_leaves_opposite_present', 'trait_petals_white_to_pink_present'})",0.9776179056754596,26.771022101237932,0.03556369769403007
"frozenset({'trait_stamens_5_8_present', 'trait_inflorescence_spikelike_present', 'trait_petals_white_to_pink_present'})",0.9786324786324786,24.493589743589745,0.03995463665707057
"frozenset({'trait_prostrate_and_spreading_present', 'trait_leaves_opposite_present', 'trait_petals_white_to_pink_present', 'trait_stamens_5_8_present'})",0.9756317689530686,27.433361326677904,0.03143447032481317
"frozenset({'trait_red_dotted_present', 'trait_petals_purple_present', 'trait_leaves_alternate_present'})",0.9720071471113757,20.481834425253126,0.047457035680013956
"frozenset({'trait_subsessile_present', 'trait_stamens_12_present', 'trait_red_dotted_present'})",0.9720071471113757,20.481834425253126,0.047457035680013956
"frozenset({'trait_subsessile_present', 'trait_inflorescence_raceme_present'})",0.9720071471113757,20.481834425253126,0.047457035680013956
"frozenset({'trait_inflorescence_raceme_present', 'trait_leaves_alternate_present'})",0.9720071471113757,20.481834425253126,0.047457035680013956
"frozenset({'trait_subsessile_present', 'trait_floral_tube_obconic_present'})",0.9720071471113757,20.481834425253126,0.047457035680013956
"frozenset({'trait_subsessile_present', 'trait_red_dotted_present'})",0.9720071471113757,20.481834425253126,0.047457035680013956
"frozenset({'trait_base_obtuse_to_truncate_present', 'trait_inflorescence_raceme_present'})",0.9720071471113757,20.481834425253126,0.047457035680013956
"frozenset({'trait_subsessile_present', 'trait_stamens_12_present', 'trait_base_obtuse_to_truncate_present'})",0.9720071471113757,20.481834425253126,0.047457035680013956
"frozenset({'trait_subsessile_present', 'trait_stamens_12_present', 'trait_leaves_alternate_present'})",0.9720071471113757,20.481834425253126,0.047457035680013956
"frozenset({'trait_base_obtuse_to_truncate_present', 'trait_stamens_12_present', 'trait_leaves_alternate_present'})",0.9720071471113757,20.481834425253126,0.047457035680013956
"frozenset({'trait_subsessile_present', 'trait_stamens_12_present', 'trait_inflorescence_raceme_present'})",0.9720071471113757,20.481834425253126,0.047457035680013956
"frozenset({'trait_inflorescence_raceme_present', 'trait_stamens_12_present', 'trait_leaves_alternate_present'})",0.9720071471113757,20.481834425253126,0.047457035680013956
"frozenset({'trait_stamens_12_present', 'trait_petals_purple_present', 'trait_leaves_alternate_present'})",0.9720071471113757,20.481834425253126,0.047457035680013956
"frozenset({'trait_stamens_12_present', 'trait_red_dotted_present', 'trait_leaves_alternate_present'})",0.9720071471113757,20.481834425253126,0.047457035680013956
"frozenset({'trait_prostrate_and_spreading_present', 'trait_sessile_base_narrowly_attenuate_present', 'trait_leaves_opposite_present', 'trait_inflorescence_spikelike_present', 'trait_stamens_5_8_present'})",0.9756317689530686,24.418486828622328,0.03143447032481317
"frozenset({'trait_subsessile_present', 'trait_stamens_12_present', 'trait_solitary_in_leaf_axils_present', 'trait_leaves_alternate_present'})",0.9720071471113757,20.481834425253126,0.047457035680013956
"frozenset({'trait_sessile_base_narrowly_attenuate_present', 'trait_prostrate_and_spreading_present', 'trait_floral_tube_campanulate_present', 'trait_petals_white_to_pink_present'})",0.9756317689530686,27.433361326677904,0.03143447032481317
"frozenset({'trait_subsessile_present', 'trait_stamens_12_present', 'trait_base_obtuse_to_truncate_present', 'trait_solitary_in_leaf_axils_present'})",0.9720071471113757,20.481834425253126,0.047457035680013956
"frozenset({'trait_prostrate_and_spreading_present', 'trait_sessile_base_narrowly_attenuate_present', 'trait_leaves_opposite_present', 'trait_petals_white_to_pink_present', 'trait_floral_tube_campanulate_present', 'trait_stamens_5_8_present'})",0.9756317689530686,21.248258962968382,0.03143447032481317
"frozenset({'trait_base_obtuse_to_truncate_present', 'trait_stamens_12_present'})",0.9720071471113757,20.481834425253126,0.047457035680013956
"frozenset({'trait_stamens_12_present', 'trait_leaves_alternate_present'})",0.9720071471113757,20.481834425253126,0.047457035680013956
"frozenset({'trait_petals_purple_present', 'trait_becoming_alternate_distally_present', 'trait_sessile_present'})",0.8495374410891953,5.723891665677181,0.14152781412661025
"frozenset({'trait_base_obtuse_to_truncate_present', 'trait_subsessile_present'})",0.9725213516524321,12.769773486817677,0.07615807380266945
"frozenset({'trait_base_obtuse_to_truncate_present', 'trait_inflorescence_raceme_present', 'trait_petals_purple_present', 'trait_red_dotted_present', 'trait_sprawling_or_ascending_present'})",0.971868720696584,20.47891754658997,0.04219372473756143
"frozenset({'trait_base_obtuse_to_truncate_present', 'trait_petals_purple_present', 'trait_leaves_alternate_present', 'trait_sprawling_or_ascending_present'})",0.971868720696584,20.47891754658997,0.04219372473756143
"frozenset({'trait_base_obtuse_to_truncate_present', 'trait_floral_tube_obconic_present', 'trait_stamens_12_present', 'trait_solitary_in_leaf_axils_present', 'trait_sprawling_or_ascending_present'})",0.971868720696584,20.47891754658997,0.04219372473756143
"frozenset({'trait_base_obtuse_to_truncate_present', 'trait_floral_tube_obconic_present', 'trait_solitary_in_leaf_axils_present', 'trait_petals_purple_present', 'trait_sprawling_or_ascending_present'})",0.971868720696584,20.47891754658997,0.04219372473756143
"frozenset({'trait_base_obtuse_to_truncate_present', 'trait_stamens_12_present', 'trait_solitary_in_leaf_axils_present', 'trait_red_dotted_present', 'trait_sprawling_or_ascending_present'})",0.971868720696584,20.47891754658997,0.04219372473756143
"frozenset({'trait_base_obtuse_to_truncate_present', 'trait_solitary_in_leaf_axils_present', 'trait_petals_purple_present', 'trait_red_dotted_present', 'trait_sprawling_or_ascending_present'})",0.971868720696584,20.47891754658997,0.04219372473756143
"frozenset({'trait_base_obtuse_to_truncate_present', 'trait_floral_tube_obconic_present', 'trait_stamens_12_present', 'trait_red_dotted_present', 'trait_sprawling_or_ascending_present'})",0.971868720696584,20.47891754658997,0.04219372473756143
"frozenset({'trait_base_obtuse_to_truncate_present', 'trait_floral_tube_obconic_present', 'trait_petals_purple_present', 'trait_red_dotted_present', 'trait_sprawling_or_ascending_present'})",0.971868720696584,20.47891754658997,0.04219372473756143
"frozenset({'trait_prostrate_and_spreading_present', 'trait_sessile_base_narrowly_attenuate_present', 'trait_leaves_opposite_present', 'trait_floral_tube_campanulate_present', 'trait_inflorescence_spikelike_present'})",0.9756317689530686,24.418486828622328,0.03143447032481317
"frozenset({'trait_base_obtuse_to_truncate_present', 'trait_inflorescence_raceme_present', 'trait_solitary_in_leaf_axils_present', 'trait_leaves_alternate_present', 'trait_sprawling_or_ascending_present'})",0.971868720696584,20.47891754658997,0.04219372473756143
"frozenset({'trait_base_obtuse_to_truncate_present', 'trait_floral_tube_obconic_present', 'trait_inflorescence_raceme_present', 'trait_leaves_alternate_present', 'trait_sprawling_or_ascending_present'})",0.971868720696584,20.47891754658997,0.04219372473756143
"frozenset({'trait_base_obtuse_to_truncate_present', 'trait_solitary_in_leaf_axils_present', 'trait_petals_purple_present', 'trait_red_dotted_present', 'trait_leaves_alternate_present'})",0.9720071471113757,20.481834425253126,0.047457035680013956
"frozenset({'trait_base_obtuse_to_truncate_present', 'trait_inflorescence_raceme_present', 'trait_red_dotted_present', 'trait_leaves_alternate_present', 'trait_sprawling_or_ascending_present'})",0.971868720696584,20.47891754658997,0.04219372473756143
"frozenset({'trait_base_obtuse_to_truncate_present', 'trait_stamens_12_present', 'trait_inflorescence_raceme_present', 'trait_petals_purple_present', 'trait_red_dotted_present', 'trait_leaves_alternate_present'})",0.9720071471113757,20.481834425253126,0.047457035680013956
"frozenset({'trait_base_obtuse_to_truncate_present', 'trait_stamens_12_present', 'trait_inflorescence_raceme_present', 'trait_solitary_in_leaf_axils_present', 'trait_red_dotted_present', 'trait_leaves_alternate_present'})",0.9720071471113757,20.481834425253126,0.047457035680013956
"frozenset({'trait_prostrate_and_spreading_present', 'trait_leaves_opposite_present', 'trait_petals_white_to_pink_present', 'trait_inflorescence_spikelike_present', 'trait_stamens_5_8_present'})",0.9756317689530686,27.433361326677904,0.03143447032481317
"frozenset({'trait_subsessile_present', 'trait_leaves_alternate_present'})",0.9725213516524321,12.769773486817677,0.07615807380266945
"frozenset({'trait_base_obtuse_to_truncate_present', 'trait_subsessile_present', 'trait_leaves_alternate_present'})",0.9725213516524321,12.598510808033868,0.07615807380266945
"frozenset({'trait_base_obtuse_to_truncate_present', 'trait_petals_purple_present', 'trait_sprawling_or_ascending_present'})",0.971868720696584,20.47891754658997,0.04219372473756143
"frozenset({'trait_sessile_base_narrowly_attenuate_present', 'trait_prostrate_and_spreading_present', 'trait_inflorescence_spikelike_present', 'trait_leaves_opposite_present'})",0.9756317689530686,24.418486828622328,0.03143447032481317
"frozenset({'trait_subsessile_present', 'trait_sprawling_or_ascending_present'})",0.9727272727272728,12.772477350827868,0.06845212131786327
"frozenset({'trait_base_obtuse_to_truncate_present', 'trait_inflorescence_raceme_present', 'trait_solitary_in_leaf_axils_present', 'trait_petals_purple_present', 'trait_leaves_alternate_present'})",0.9720071471113757,20.481834425253126,0.047457035680013956
"frozenset({'trait_base_obtuse_to_truncate_present', 'trait_floral_tube_obconic_present', 'trait_inflorescence_raceme_present'})",0.9720071471113757,20.481834425253126,0.047457035680013956
"frozenset({'trait_subsessile_present', 'trait_solitary_in_leaf_axils_present', 'trait_red_dotted_present', 'trait_leaves_alternate_present', 'trait_sprawling_or_ascending_present'})",0.971868720696584,20.47891754658997,0.04219372473756143
"frozenset({'trait_subsessile_present', 'trait_base_obtuse_to_truncate_present', 'trait_solitary_in_leaf_axils_present', 'trait_red_dotted_present', 'trait_sprawling_or_ascending_present'})",0.971868720696584,20.47891754658997,0.04219372473756143
"frozenset({'trait_subsessile_present', 'trait_floral_tube_obconic_present', 'trait_solitary_in_leaf_axils_present', 'trait_leaves_alternate_present', 'trait_sprawling_or_ascending_present'})",0.971868720696584,20.47891754658997,0.04219372473756143
"frozenset({'trait_subsessile_present', 'trait_floral_tube_obconic_present', 'trait_base_obtuse_to_truncate_present', 'trait_solitary_in_leaf_axils_present', 'trait_sprawling_or_ascending_present'})",0.971868720696584,20.47891754658997,0.04219372473756143
"frozenset({'trait_subsessile_present', 'trait_floral_tube_obconic_present', 'trait_leaves_alternate_present'})",0.9720071471113757,20.481834425253126,0.047457035680013956
"frozenset({'trait_base_obtuse_to_truncate_present', 'trait_red_dotted_present', 'trait_inflorescence_raceme_present'})",0.9720071471113757,20.481834425253126,0.047457035680013956
"frozenset({'trait_subsessile_present', 'trait_inflorescence_raceme_present', 'trait_red_dotted_present', 'trait_leaves_alternate_present', 'trait_sprawling_or_ascending_present'})",0.971868720696584,20.47891754658997,0.04219372473756143
"frozenset({'trait_subsessile_present', 'trait_stamens_12_present', 'trait_base_obtuse_to_truncate_present', 'trait_inflorescence_raceme_present'})",0.9720071471113757,20.481834425253126,0.047457035680013956
"frozenset({'trait_subsessile_present', 'trait_base_obtuse_to_truncate_present', 'trait_inflorescence_raceme_present', 'trait_red_dotted_present', 'trait_sprawling_or_ascending_present'})",0.971868720696584,20.47891754658997,0.04219372473756143
"frozenset({'trait_subsessile_present', 'trait_stamens_12_present', 'trait_inflorescence_raceme_present', 'trait_leaves_alternate_present'})",0.9720071471113757,20.481834425253126,0.047457035680013956
"frozenset({'trait_base_obtuse_to_truncate_present', 'trait_stamens_12_present', 'trait_inflorescence_raceme_present', 'trait_leaves_alternate_present'})",0.9720071471113757,20.481834425253126,0.047457035680013956
"frozenset({'trait_subsessile_present', 'trait_floral_tube_obconic_present', 'trait_inflorescence_raceme_present', 'trait_leaves_alternate_present', 'trait_sprawling_or_ascending_present'})",0.971868720696584,20.47891754658997,0.04219372473756143
"frozenset({'trait_subsessile_present', 'trait_floral_tube_obconic_present', 'trait_base_obtuse_to_truncate_present', 'trait_inflorescence_raceme_present', 'trait_sprawling_or_ascending_present'})",0.971868720696584,20.47891754658997,0.04219372473756143
"frozenset({'trait_base_obtuse_to_truncate_present', 'trait_stamens_12_present', 'trait_petals_purple_present', 'trait_leaves_alternate_present'})",0.9720071471113757,20.481834425253126,0.047457035680013956
"frozenset({'trait_subsessile_present', 'trait_inflorescence_raceme_present', 'trait_solitary_in_leaf_axils_present', 'trait_leaves_alternate_present', 'trait_sprawling_or_ascending_present'})",0.971868720696584,20.47891754658997,0.04219372473756143
"frozenset({'trait_subsessile_present', 'trait_base_obtuse_to_truncate_present', 'trait_inflorescence_raceme_present', 'trait_solitary_in_leaf_axils_present', 'trait_sprawling_or_ascending_present'})",0.971868720696584,20.47891754658997,0.04219372473756143
"frozenset({'trait_base_obtuse_to_truncate_present', 'trait_inflorescence_raceme_present', 'trait_leaves_alternate_present', 'trait_petals_purple_present'})",0.9720071471113757,20.481834425253126,0.047457035680013956
"frozenset({'trait_subsessile_present', 'trait_base_obtuse_to_truncate_present', 'trait_red_dotted_present'})",0.9720071471113757,20.481834425253126,0.047457035680013956
"frozenset({'trait_subsessile_present', 'trait_floral_tube_obconic_present', 'trait_base_obtuse_to_truncate_present'})",0.9720071471113757,20.481834425253126,0.047457035680013956
"frozenset({'trait_subsessile_present', 'trait_solitary_in_leaf_axils_present', 'trait_leaves_alternate_present'})",0.9720071471113757,20.481834425253126,0.047457035680013956
"frozenset({'trait_subsessile_present', 'trait_floral_tube_obconic_present', 'trait_stamens_12_present'})",0.9720071471113757,20.481834425253126,0.047457035680013956
"frozenset({'trait_floral_tube_obconic_present', 'trait_stamens_12_present', 'trait_leaves_alternate_present'})",0.9720071471113757,20.481834425253126,0.047457035680013956
"frozenset({'trait_floral_tube_obconic_present', 'trait_petals_purple_present', 'trait_leaves_alternate_present'})",0.9720071471113757,20.481834425253126,0.047457035680013956
"frozenset({'trait_base_obtuse_to_truncate_present', 'trait_solitary_in_leaf_axils_present', 'trait_inflorescence_raceme_present'})",0.9720071471113757,20.481834425253126,0.047457035680013956
"frozenset({'trait_sessile_base_narrowly_attenuate_present', 'trait_prostrate_and_spreading_present', 'trait_leaves_opposite_present', 'trait_petals_white_to_pink_present'})",0.9756317689530686,24.418486828622328,0.03143447032481317
"frozenset({'trait_subsessile_present', 'trait_floral_tube_obconic_present', 'trait_red_dotted_present'})",0.9720071471113757,20.481834425253126,0.047457035680013956
"frozenset({'trait_subsessile_present', 'trait_base_obtuse_to_truncate_present', 'trait_sprawling_or_ascending_present'})",0.9727272727272728,12.439984448426248,0.06845212131786327
"frozenset({'trait_base_obtuse_to_truncate_present', 'trait_stamens_12_present', 'trait_solitary_in_leaf_axils_present', 'trait_petals_purple_present', 'trait_leaves_alternate_present'})",0.9720071471113757,20.481834425253126,0.047457035680013956
"frozenset({'trait_prostrate_and_spreading_present', 'trait_sessile_base_narrowly_attenuate_present', 'trait_leaves_opposite_present', 'trait_floral_tube_campanulate_present', 'trait_stamens_5_8_present'})",0.9756317689530686,24.418486828622328,0.03143447032481317
"frozenset({'trait_prostrate_and_spreading_present', 'trait_sessile_base_narrowly_attenuate_present', 'trait_leaves_opposite_present', 'trait_petals_white_to_pink_present', 'trait_floral_tube_campanulate_present'})",0.9756317689530686,24.418486828622328,0.03143447032481317
"frozenset({'trait_prostrate_and_spreading_present', 'trait_sessile_base_narrowly_attenuate_present', 'trait_leaves_opposite_present', 'trait_petals_white_to_pink_present', 'trait_inflorescence_spikelike_present'})",0.9756317689530686,24.418486828622328,0.03143447032481317
"frozenset({'trait_sessile_base_narrowly_attenuate_present', 'trait_prostrate_and_spreading_present', 'trait_leaves_opposite_present', 'trait_stamens_5_8_present'})",0.9756317689530686,24.418486828622328,0.03143447032481317
"frozenset({'trait_prostrate_and_spreading_present', 'trait_sessile_base_narrowly_attenuate_present', 'trait_leaves_opposite_present', 'trait_petals_white_to_pink_present', 'trait_stamens_5_8_present'})",0.9756317689530686,24.418486828622328,0.03143447032481317
"frozenset({'trait_prostrate_and_spreading_present', 'trait_sessile_base_narrowly_attenuate_present', 'trait_leaves_opposite_present', 'trait_petals_white_to_pink_present', 'trait_inflorescence_spikelike_present', 'trait_stamens_5_8_present'})",0.9756317689530686,24.382994841952815,0.03143447032481317
"frozenset({'trait_subsessile_present', 'trait_leaves_alternate_present', 'trait_sprawling_or_ascending_present'})",0.9727272727272728,12.772477350827868,0.06845212131786327
"frozenset({'trait_sessile_base_narrowly_attenuate_present', 'trait_prostrate_and_spreading_present', 'trait_floral_tube_campanulate_present', 'trait_leaves_opposite_present'})",0.9756317689530686,24.418486828622328,0.03143447032481317
"frozenset({'trait_prostrate_and_spreading_present', 'trait_sessile_base_narrowly_attenuate_present', 'trait_petals_white_to_pink_present', 'trait_floral_tube_campanulate_present', 'trait_stamens_5_8_present'})",0.9756317689530686,23.6607904813308,0.03143447032481317
"frozenset({'trait_prostrate_and_spreading_present', 'trait_leaves_opposite_present', 'trait_petals_white_to_pink_present', 'trait_floral_tube_campanulate_present', 'trait_inflorescence_spikelike_present', 'trait_stamens_5_8_present'})",0.9756317689530686,17.11785760333014,0.03143447032481317
"frozenset({'trait_prostrate_and_spreading_present', 'trait_sessile_base_narrowly_attenuate_present', 'trait_petals_white_to_pink_present', 'trait_floral_tube_campanulate_present', 'trait_inflorescence_spikelike_present'})",0.9756317689530686,14.055718853174309,0.03143447032481317
"frozenset({'trait_prostrate_and_spreading_present', 'trait_sessile_base_narrowly_attenuate_present', 'trait_leaves_opposite_present', 'trait_petals_white_to_pink_present', 'trait_floral_tube_campanulate_present', 'trait_inflorescence_spikelike_present'})",0.9756317689530686,12.636911827693813,0.03143447032481317
"frozenset({'trait_inflorescence_raceme_present', 'trait_petals_purple_present', 'trait_leaves_alternate_present'})",0.9720071471113757,20.481834425253126,0.047457035680013956
"frozenset({'trait_subsessile_present', 'trait_stamens_12_present', 'trait_solitary_in_leaf_axils_present'})",0.9720071471113757,20.481834425253126,0.047457035680013956
"frozenset({'trait_stamens_12_present', 'trait_solitary_in_leaf_axils_present', 'trait_leaves_alternate_present'})",0.9720071471113757,20.481834425253126,0.047457035680013956
"frozenset({'trait_subsessile_present', 'trait_red_dotted_present', 'trait_leaves_alternate_present'})",0.9720071471113757,20.481834425253126,0.047457035680013956
"frozenset({'trait_subsessile_present', 'trait_solitary_in_leaf_axils_present', 'trait_inflorescence_raceme_present'})",0.9720071471113757,20.481834425253126,0.047457035680013956
"frozenset({'trait_inflorescence_raceme_present', 'trait_solitary_in_leaf_axils_present', 'trait_leaves_alternate_present'})",0.9720071471113757,20.481834425253126,0.047457035680013956
"frozenset({'trait_subsessile_present', 'trait_floral_tube_obconic_present', 'trait_inflorescence_raceme_present'})",0.9720071471113757,20.481834425253126,0.047457035680013956
"frozenset({'trait_inflorescence_raceme_present', 'trait_floral_tube_obconic_present', 'trait_leaves_alternate_present'})",0.9720071471113757,20.481834425253126,0.047457035680013956
"frozenset({'trait_subsessile_present', 'trait_red_dotted_present', 'trait_inflorescence_raceme_present'})",0.9720071471113757,20.481834425253126,0.047457035680013956
"frozenset({'trait_inflorescence_raceme_present', 'trait_red_dotted_present', 'trait_leaves_alternate_present'})",0.9720071471113757,20.481834425253126,0.047457035680013956
"frozenset({'trait_subsessile_present', 'trait_floral_tube_obconic_present', 'trait_base_obtuse_to_truncate_present', 'trait_red_dotted_present', 'trait_sprawling_or_ascending_present'})",0.971868720696584,20.47891754658997,0.04219372473756143
"frozenset({'trait_subsessile_present', 'trait_floral_tube_obconic_present', 'trait_red_dotted_present', 'trait_leaves_alternate_present', 'trait_sprawling_or_ascending_present'})",0.971868720696584,20.47891754658997,0.04219372473756143
"frozenset({'trait_subsessile_present', 'trait_floral_tube_obconic_present', 'trait_solitary_in_leaf_axils_present'})",0.9720071471113757,20.481834425253126,0.047457035680013956
"frozenset({'trait_subsessile_present', 'trait_solitary_in_leaf_axils_present', 'trait_red_dotted_present'})",0.9720071471113757,20.481834425253126,0.047457035680013956
"frozenset({'trait_subsessile_present', 'trait_base_obtuse_to_truncate_present', 'trait_leaves_alternate_present', 'trait_sprawling_or_ascending_present'})",0.9727272727272728,1.8614979511306726,0.06845212131786327
"frozenset({'trait_sessile_base_narrowly_attenuate_present', 'trait_prostrate_and_spreading_present', 'trait_floral_tube_campanulate_present', 'trait_stamens_5_8_present'})",0.9756317689530686,27.433361326677904,0.03143447032481317
"frozenset({'trait_prostrate_and_spreading_present', 'trait_sessile_base_narrowly_attenuate_present', 'trait_floral_tube_campanulate_present', 'trait_inflorescence_spikelike_present', 'trait_stamens_5_8_present'})",0.9756317689530686,27.433361326677904,0.03143447032481317
"frozenset({'trait_prostrate_and_spreading_present', 'trait_leaves_opposite_present', 'trait_petals_white_to_pink_present'})",0.9756317689530686,27.433361326677904,0.03143447032481317
"frozenset({'trait_inflorescence_raceme_present', 'trait_solitary_in_leaf_axils_present', 'trait_petals_purple_present', 'trait_leaves_alternate_present'})",0.9720071471113757,20.481834425253126,0.047457035680013956
"frozenset({'trait_subsessile_present', 'trait_floral_tube_obconic_present', 'trait_stamens_12_present', 'trait_inflorescence_raceme_present'})",0.9720071471113757,20.481834425253126,0.047457035680013956
"frozenset({'trait_subsessile_present', 'trait_base_obtuse_to_truncate_present', 'trait_inflorescence_raceme_present', 'trait_solitary_in_leaf_axils_present'})",0.9720071471113757,20.481834425253126,0.047457035680013956
"frozenset({'trait_subsessile_present', 'trait_stamens_12_present', 'trait_red_dotted_present', 'trait_inflorescence_raceme_present'})",0.9720071471113757,20.481834425253126,0.047457035680013956
"frozenset({'trait_base_obtuse_to_truncate_present', 'trait_stamens_12_present', 'trait_red_dotted_present', 'trait_petals_purple_present'})",0.9720071471113757,20.481834425253126,0.047457035680013956
"frozenset({'trait_base_obtuse_to_truncate_present', 'trait_floral_tube_obconic_present', 'trait_stamens_12_present', 'trait_inflorescence_raceme_present', 'trait_petals_purple_present', 'trait_leaves_alternate_present', 'trait_sprawling_or_ascending_present'})",0.971868720696584,20.47891754658997,0.04219372473756143
"frozenset({'trait_base_obtuse_to_truncate_present', 'trait_floral_tube_obconic_present', 'trait_solitary_in_leaf_axils_present', 'trait_stamens_12_present'})",0.9720071471113757,20.481834425253126,0.047457035680013956
"frozenset({'trait_prostrate_and_spreading_present', 'trait_sessile_base_narrowly_attenuate_present', 'trait_petals_white_to_pink_present', 'trait_floral_tube_campanulate_present', 'trait_inflorescence_spikelike_present', 'trait_stamens_5_8_present'})",0.9756317689530686,2.6955090304914497,0.03143447032481317
"frozenset({'trait_base_obtuse_to_truncate_present', 'trait_floral_tube_obconic_present', 'trait_solitary_in_leaf_axils_present', 'trait_petals_purple_present'})",0.9720071471113757,20.481834425253126,0.047457035680013956
"frozenset({'trait_stamens_12_present', 'trait_solitary_in_leaf_axils_present', 'trait_petals_purple_present', 'trait_leaves_alternate_present'})",0.9720071471113757,20.481834425253126,0.047457035680013956
"frozenset({'trait_prostrate_and_spreading_present', 'trait_sessile_base_narrowly_attenuate_present', 'trait_leaves_opposite_present', 'trait_floral_tube_campanulate_present', 'trait_inflorescence_spikelike_present', 'trait_stamens_5_8_present'})",0.9756317689530686,24.418486828622328,0.03143447032481317
"frozenset({'trait_floral_tube_obconic_present', 'trait_stamens_12_present', 'trait_leaves_alternate_present', 'trait_petals_purple_present'})",0.9720071471113757,20.481834425253126,0.047457035680013956
"frozenset({'trait_inflorescence_raceme_present', 'trait_floral_tube_obconic_present', 'trait_stamens_12_present', 'trait_leaves_alternate_present'})",0.9720071471113757,20.481834425253126,0.047457035680013956
"frozenset({'trait_inflorescence_raceme_present', 'trait_solitary_in_leaf_axils_present', 'trait_red_dotted_present', 'trait_leaves_alternate_present'})",0.9720071471113757,20.481834425253126,0.047457035680013956
"frozenset({'trait_subsessile_present', 'trait_floral_tube_obconic_present', 'trait_red_dotted_present', 'trait_inflorescence_raceme_present'})",0.9720071471113757,20.481834425253126,0.047457035680013956
"frozenset({'trait_inflorescence_raceme_present', 'trait_floral_tube_obconic_present', 'trait_red_dotted_present', 'trait_leaves_alternate_present'})",0.9720071471113757,20.481834425253126,0.047457035680013956
"frozenset({'trait_subsessile_present', 'trait_floral_tube_obconic_present', 'trait_solitary_in_leaf_axils_present', 'trait_red_dotted_present'})",0.9720071471113757,20.481834425253126,0.047457035680013956
"frozenset({'trait_base_obtuse_to_truncate_present', 'trait_floral_tube_obconic_present', 'trait_solitary_in_leaf_axils_present', 'trait_inflorescence_raceme_present'})",0.9720071471113757,20.481834425253126,0.047457035680013956
"frozenset({'trait_inflorescence_raceme_present', 'trait_stamens_12_present', 'trait_petals_purple_present', 'trait_leaves_alternate_present'})",0.9720071471113757,20.481834425253126,0.047457035680013956
"frozenset({'trait_base_obtuse_to_truncate_present', 'trait_solitary_in_leaf_axils_present', 'trait_inflorescence_raceme_present', 'trait_red_dotted_present'})",0.9720071471113757,20.481834425253126,0.047457035680013956
"frozenset({'trait_inflorescence_raceme_present', 'trait_floral_tube_obconic_present', 'trait_petals_purple_present', 'trait_leaves_alternate_present'})",0.9720071471113757,20.481834425253126,0.047457035680013956
"frozenset({'trait_inflorescence_raceme_present', 'trait_stamens_12_present', 'trait_solitary_in_leaf_axils_present', 'trait_leaves_alternate_present'})",0.9720071471113757,20.481834425253126,0.047457035680013956
"frozenset({'trait_base_obtuse_to_truncate_present', 'trait_red_dotted_present', 'trait_petals_purple_present', 'trait_leaves_alternate_present'})",0.9720071471113757,20.481834425253126,0.047457035680013956
"frozenset({'trait_base_obtuse_to_truncate_present', 'trait_stamens_12_present', 'trait_red_dotted_present', 'trait_leaves_alternate_present'})",0.9720071471113757,20.481834425253126,0.047457035680013956
"frozenset({'trait_floral_tube_obconic_present', 'trait_solitary_in_leaf_axils_present', 'trait_stamens_12_present', 'trait_leaves_alternate_present'})",0.9720071471113757,20.481834425253126,0.047457035680013956
"frozenset({'trait_floral_tube_obconic_present', 'trait_solitary_in_leaf_axils_present', 'trait_petals_purple_present', 'trait_leaves_alternate_present'})",0.9720071471113757,20.481834425253126,0.047457035680013956
"frozenset({'trait_subsessile_present', 'trait_stamens_12_present', 'trait_solitary_in_leaf_axils_present', 'trait_red_dotted_present'})",0.9720071471113757,20.481834425253126,0.047457035680013956
"frozenset({'trait_base_obtuse_to_truncate_present', 'trait_solitary_in_leaf_axils_present', 'trait_petals_purple_present'})",0.9720071471113757,20.481834425253126,0.047457035680013956
"frozenset({'trait_stamens_12_present', 'trait_solitary_in_leaf_axils_present', 'trait_red_dotted_present', 'trait_leaves_alternate_present'})",0.9720071471113757,20.481834425253126,0.047457035680013956
"frozenset({'trait_subsessile_present', 'trait_floral_tube_obconic_present', 'trait_red_dotted_present', 'trait_stamens_12_present'})",0.9720071471113757,20.481834425253126,0.047457035680013956
"frozenset({'trait_inflorescence_raceme_present', 'trait_stamens_12_present', 'trait_red_dotted_present', 'trait_leaves_alternate_present'})",0.9720071471113757,20.481834425253126,0.047457035680013956
"frozenset({'trait_floral_tube_obconic_present', 'trait_red_dotted_present', 'trait_stamens_12_present', 'trait_leaves_alternate_present'})",0.9720071471113757,20.481834425253126,0.047457035680013956
"frozenset({'trait_floral_tube_obconic_present', 'trait_red_dotted_present', 'trait_petals_purple_present', 'trait_leaves_alternate_present'})",0.9720071471113757,20.481834425253126,0.047457035680013956
"frozenset({'trait_base_obtuse_to_truncate_present', 'trait_stamens_12_present', 'trait_solitary_in_leaf_axils_present', 'trait_inflorescence_raceme_present'})",0.9720071471113757,20.481834425253126,0.047457035680013956
"frozenset({'trait_base_obtuse_to_truncate_present', 'trait_stamens_12_present', 'trait_solitary_in_leaf_axils_present', 'trait_petals_purple_present'})",0.9720071471113757,20.481834425253126,0.047457035680013956
"frozenset({'trait_base_obtuse_to_truncate_present', 'trait_solitary_in_leaf_axils_present', 'trait_inflorescence_raceme_present', 'trait_petals_purple_present'})",0.9720071471113757,20.481834425253126,0.047457035680013956
"frozenset({'trait_solitary_in_leaf_axils_present', 'trait_petals_purple_present', 'trait_leaves_alternate_present'})",0.9720071471113757,20.481834425253126,0.047457035680013956
"frozenset({'trait_base_obtuse_to_truncate_present', 'trait_stamens_12_present', 'trait_red_dotted_present', 'trait_inflorescence_raceme_present'})",0.9720071471113757,20.481834425253126,0.047457035680013956
"frozenset({'trait_stamens_12_present', 'trait_red_dotted_present', 'trait_petals_purple_present', 'trait_leaves_alternate_present'})",0.9720071471113757,20.481834425253126,0.047457035680013956
"frozenset({'trait_base_obtuse_to_truncate_present', 'trait_red_dotted_present', 'trait_inflorescence_raceme_present', 'trait_petals_purple_present'})",0.9720071471113757,20.481834425253126,0.047457035680013956
"frozenset({'trait_subsessile_present', 'trait_stamens_12_present', 'trait_solitary_in_leaf_axils_present', 'trait_inflorescence_raceme_present'})",0.9720071471113757,20.481834425253126,0.047457035680013956
"frozenset({'trait_petals_purple_present', 'trait_becoming_alternate_distally_present'})",0.8495374410891953,5.723891665677181,0.14152781412661025
"frozenset({'trait_subsessile_present', 'trait_floral_tube_obconic_present', 'trait_stamens_12_present', 'trait_leaves_alternate_present'})",0.9720071471113757,20.481834425253126,0.047457035680013956
"frozenset({'trait_subsessile_present', 'trait_stamens_12_present', 'trait_base_obtuse_to_truncate_present', 'trait_red_dotted_present'})",0.9720071471113757,20.481834425253126,0.047457035680013956
"frozenset({'trait_subsessile_present', 'trait_stamens_12_present', 'trait_red_dotted_present', 'trait_leaves_alternate_present'})",0.9720071471113757,20.481834425253126,0.047457035680013956
"frozenset({'trait_prostrate_and_spreading_present', 'trait_sessile_base_narrowly_attenuate_present', 'trait_leaves_opposite_present', 'trait_petals_white_to_pink_present', 'trait_floral_tube_campanulate_present', 'trait_inflorescence_spikelike_present', 'trait_stamens_5_8_present'})",0.9756317689530686,1.8670562550098542,0.03143447032481317
"frozenset({'trait_base_obtuse_to_truncate_present', 'trait_floral_tube_obconic_present', 'trait_red_dotted_present', 'trait_inflorescence_raceme_present'})",0.9720071471113757,20.481834425253126,0.047457035680013956
"frozenset({'trait_subsessile_present', 'trait_base_obtuse_to_truncate_present', 'trait_stamens_12_present', 'trait_inflorescence_raceme_present', 'trait_solitary_in_leaf_axils_present'})",0.9720071471113757,20.481834425253126,0.047457035680013956
"frozenset({'trait_subsessile_present', 'trait_stamens_12_present', 'trait_inflorescence_raceme_present', 'trait_solitary_in_leaf_axils_present', 'trait_leaves_alternate_present'})",0.9720071471113757,20.481834425253126,0.047457035680013956
"frozenset({'trait_base_obtuse_to_truncate_present', 'trait_red_dotted_present', 'trait_inflorescence_raceme_present', 'trait_leaves_alternate_present'})",0.9720071471113757,20.481834425253126,0.047457035680013956
"frozenset({'trait_base_obtuse_to_truncate_present', 'trait_petals_purple_present'})",0.9720071471113757,20.481834425253126,0.047457035680013956
"frozenset({'trait_subsessile_present', 'trait_floral_tube_obconic_present', 'trait_base_obtuse_to_truncate_present', 'trait_solitary_in_leaf_axils_present'})",0.9720071471113757,20.481834425253126,0.047457035680013956
"frozenset({'trait_petals_purple_present', 'trait_leaves_alternate_present'})",0.9720071471113757,20.481834425253126,0.047457035680013956
"frozenset({'trait_subsessile_present', 'trait_floral_tube_obconic_present', 'trait_solitary_in_leaf_axils_present', 'trait_leaves_alternate_present'})",0.9720071471113757,20.481834425253126,0.047457035680013956
"frozenset({'trait_subsessile_present', 'trait_base_obtuse_to_truncate_present', 'trait_red_dotted_present', 'trait_solitary_in_leaf_axils_present'})",0.9720071471113757,20.481834425253126,0.047457035680013956
"frozenset({'trait_subsessile_present', 'trait_solitary_in_leaf_axils_present', 'trait_red_dotted_present', 'trait_leaves_alternate_present'})",0.9720071471113757,20.481834425253126,0.047457035680013956
"frozenset({'trait_subsessile_present', 'trait_floral_tube_obconic_present', 'trait_base_obtuse_to_truncate_present', 'trait_red_dotted_present'})",0.9720071471113757,20.481834425253126,0.047457035680013956
"frozenset({'trait_base_obtuse_to_truncate_present', 'trait_floral_tube_obconic_present', 'trait_stamens_12_present', 'trait_petals_purple_present'})",0.9720071471113757,20.481834425253126,0.047457035680013956
"frozenset({'trait_subsessile_present', 'trait_red_dotted_present', 'trait_inflorescence_raceme_present', 'trait_leaves_alternate_present'})",0.9720071471113757,20.481834425253126,0.047457035680013956
"frozenset({'trait_base_obtuse_to_truncate_present', 'trait_floral_tube_obconic_present', 'trait_solitary_in_leaf_axils_present', 'trait_red_dotted_present', 'trait_leaves_alternate_present', 'trait_sprawling_or_ascending_present'})",0.971868720696584,20.47891754658997,0.04219372473756143
"frozenset({'trait_floral_tube_cylindrical_present', 'trait_leaves_opposite_present', 'trait_inflorescence_raceme_present', 'trait_petals_purple_present', 'trait_base_attenuate_present'})",0.8495374410891953,6.002618257985687,0.14152781412661025
"frozenset({'trait_floral_tube_cylindrical_present', 'trait_sessile_present', 'trait_inflorescence_raceme_present', 'trait_becoming_alternate_distally_present', 'trait_base_attenuate_present'})",0.8495374410891953,6.002618257985687,0.14152781412661025
"frozenset({'trait_sessile_present', 'trait_inflorescence_raceme_present', 'trait_stamens_6_present', 'trait_becoming_alternate_distally_present', 'trait_base_attenuate_present'})",0.8495374410891953,6.002618257985687,0.14152781412661025
"frozenset({'trait_base_attenuate_present', 'trait_floral_tube_cylindrical_present', 'trait_petals_purple_present', 'trait_sessile_present'})",0.8495374410891953,5.998504057671784,0.14152781412661025
"frozenset({'trait_floral_tube_cylindrical_present', 'trait_leaves_opposite_present', 'trait_sessile_present', 'trait_petals_purple_present', 'trait_base_attenuate_present'})",0.8495374410891953,5.998504057671784,0.14152781412661025
"frozenset({'trait_floral_tube_cylindrical_present', 'trait_sessile_present', 'trait_inflorescence_raceme_present', 'trait_petals_purple_present', 'trait_base_attenuate_present'})",0.8495374410891953,5.998504057671784,0.14152781412661025
"frozenset({'trait_floral_tube_cylindrical_present', 'trait_sessile_present', 'trait_stamens_6_present', 'trait_petals_purple_present', 'trait_base_attenuate_present'})",0.8495374410891953,5.998504057671784,0.14152781412661025
"frozenset({'trait_floral_tube_cylindrical_present', 'trait_leaves_opposite_present', 'trait_sessile_present', 'trait_inflorescence_raceme_present', 'trait_petals_purple_present', 'trait_base_attenuate_present'})",0.8495374410891953,5.998504057671784,0.14152781412661025
"frozenset({'trait_floral_tube_cylindrical_present', 'trait_leaves_opposite_present', 'trait_sessile_present', 'trait_stamens_6_present', 'trait_petals_purple_present', 'trait_base_attenuate_present'})",0.8495374410891953,5.998504057671784,0.14152781412661025
"frozenset({'trait_base_obtuse_to_truncate_present', 'trait_floral_tube_obconic_present', 'trait_inflorescence_raceme_present', 'trait_solitary_in_leaf_axils_present', 'trait_petals_purple_present', 'trait_leaves_alternate_present', 'trait_sprawling_or_ascending_present'})",0.971868720696584,20.47891754658997,0.04219372473756143
"frozenset({'trait_subsessile_present', 'trait_floral_tube_obconic_present', 'trait_solitary_in_leaf_axils_present', 'trait_stamens_12_present'})",0.9720071471113757,20.481834425253126,0.047457035680013956
"frozenset({'trait_subsessile_present', 'trait_base_obtuse_to_truncate_present', 'trait_inflorescence_raceme_present', 'trait_red_dotted_present'})",0.9720071471113757,20.481834425253126,0.047457035680013956
"frozenset({'trait_subsessile_present', 'trait_floral_tube_obconic_present', 'trait_red_dotted_present', 'trait_leaves_alternate_present'})",0.9720071471113757,20.481834425253126,0.047457035680013956
"frozenset({'trait_base_obtuse_to_truncate_present', 'trait_stamens_12_present', 'trait_inflorescence_raceme_present', 'trait_solitary_in_leaf_axils_present', 'trait_leaves_alternate_present'})",0.9720071471113757,20.481834425253126,0.047457035680013956
"frozenset({'trait_base_obtuse_to_truncate_present', 'trait_floral_tube_obconic_present', 'trait_petals_purple_present', 'trait_leaves_alternate_present'})",0.9720071471113757,20.481834425253126,0.047457035680013956
"frozenset({'trait_base_obtuse_to_truncate_present', 'trait_floral_tube_obconic_present', 'trait_stamens_12_present', 'trait_leaves_alternate_present'})",0.9720071471113757,20.481834425253126,0.047457035680013956
"frozenset({'trait_base_obtuse_to_truncate_present', 'trait_stamens_12_present', 'trait_inflorescence_raceme_present', 'trait_petals_purple_present', 'trait_leaves_alternate_present'})",0.9720071471113757,20.481834425253126,0.047457035680013956
"frozenset({'trait_subsessile_present', 'trait_floral_tube_obconic_present', 'trait_base_obtuse_to_truncate_present', 'trait_stamens_12_present', 'trait_inflorescence_raceme_present'})",0.9720071471113757,20.481834425253126,0.047457035680013956
"frozenset({'trait_subsessile_present', 'trait_solitary_in_leaf_axils_present', 'trait_inflorescence_raceme_present', 'trait_red_dotted_present'})",0.9720071471113757,20.481834425253126,0.047457035680013956
"frozenset({'trait_inflorescence_raceme_present', 'trait_floral_tube_obconic_present', 'trait_solitary_in_leaf_axils_present', 'trait_leaves_alternate_present'})",0.9720071471113757,20.481834425253126,0.047457035680013956
"frozenset({'trait_subsessile_present', 'trait_floral_tube_obconic_present', 'trait_solitary_in_leaf_axils_present', 'trait_inflorescence_raceme_present'})",0.9720071471113757,20.481834425253126,0.047457035680013956
"frozenset({'trait_subsessile_present', 'trait_floral_tube_obconic_present', 'trait_base_obtuse_to_truncate_present', 'trait_inflorescence_raceme_present'})",0.9720071471113757,20.481834425253126,0.047457035680013956
"frozenset({'trait_base_obtuse_to_truncate_present', 'trait_floral_tube_obconic_present', 'trait_inflorescence_raceme_present', 'trait_leaves_alternate_present'})",0.9720071471113757,20.481834425253126,0.047457035680013956
"frozenset({'trait_base_obtuse_to_truncate_present', 'trait_stamens_12_present', 'trait_solitary_in_leaf_axils_present', 'trait_red_dotted_present'})",0.9720071471113757,20.481834425253126,0.047457035680013956
"frozenset({'trait_base_obtuse_to_truncate_present', 'trait_solitary_in_leaf_axils_present', 'trait_petals_purple_present', 'trait_red_dotted_present'})",0.9720071471113757,20.481834425253126,0.047457035680013956
"frozenset({'trait_base_obtuse_to_truncate_present', 'trait_petals_purple_present', 'trait_leaves_alternate_present'})",0.9720071471113757,20.481834425253126,0.047457035680013956
"frozenset({'trait_base_obtuse_to_truncate_present', 'trait_floral_tube_obconic_present', 'trait_stamens_12_present', 'trait_inflorescence_raceme_present'})",0.9720071471113757,20.481834425253126,0.047457035680013956
"frozenset({'trait_base_obtuse_to_truncate_present', 'trait_floral_tube_obconic_present', 'trait_red_dotted_present', 'trait_stamens_12_present'})",0.9720071471113757,20.481834425253126,0.047457035680013956
"frozenset({'trait_base_obtuse_to_truncate_present', 'trait_floral_tube_obconic_present', 'trait_red_dotted_present', 'trait_petals_purple_present'})",0.9720071471113757,20.481834425253126,0.047457035680013956
"frozenset({'trait_base_obtuse_to_truncate_present', 'trait_stamens_12_present', 'trait_inflorescence_raceme_present', 'trait_petals_purple_present'})",0.9720071471113757,20.481834425253126,0.047457035680013956
"frozenset({'trait_subsessile_present', 'trait_solitary_in_leaf_axils_present', 'trait_inflorescence_raceme_present', 'trait_leaves_alternate_present'})",0.9720071471113757,20.481834425253126,0.047457035680013956
"frozenset({'trait_base_obtuse_to_truncate_present', 'trait_solitary_in_leaf_axils_present', 'trait_inflorescence_raceme_present', 'trait_leaves_alternate_present'})",0.9720071471113757,20.481834425253126,0.047457035680013956
"frozenset({'trait_subsessile_present', 'trait_floral_tube_obconic_present', 'trait_inflorescence_raceme_present', 'trait_leaves_alternate_present'})",0.9720071471113757,20.481834425253126,0.047457035680013956
"frozenset({'trait_base_obtuse_to_truncate_present', 'trait_floral_tube_obconic_present', 'trait_inflorescence_raceme_present', 'trait_petals_purple_present'})",0.9720071471113757,20.481834425253126,0.047457035680013956
"frozenset({'trait_inflorescence_raceme_present', 'trait_red_dotted_present', 'trait_petals_purple_present', 'trait_leaves_alternate_present'})",0.9720071471113757,20.481834425253126,0.047457035680013956
"frozenset({'trait_red_dotted_present', 'trait_solitary_in_leaf_axils_present', 'trait_petals_purple_present', 'trait_leaves_alternate_present'})",0.9720071471113757,20.481834425253126,0.047457035680013956
"frozenset({'trait_subsessile_present', 'trait_floral_tube_obconic_present', 'trait_stamens_12_present', 'trait_inflorescence_raceme_present', 'trait_leaves_alternate_present'})",0.9720071471113757,20.481834425253126,0.047457035680013956
"frozenset({'trait_subsessile_present', 'trait_floral_tube_obconic_present', 'trait_stamens_12_present', 'trait_inflorescence_raceme_present', 'trait_solitary_in_leaf_axils_present'})",0.9720071471113757,20.481834425253126,0.047457035680013956
"frozenset({'trait_floral_tube_obconic_present', 'trait_stamens_12_present', 'trait_inflorescence_raceme_present', 'trait_solitary_in_leaf_axils_present', 'trait_leaves_alternate_present'})",0.9720071471113757,20.481834425253126,0.047457035680013956
"frozenset({'trait_floral_tube_obconic_present', 'trait_stamens_12_present', 'trait_inflorescence_raceme_present', 'trait_petals_purple_present', 'trait_leaves_alternate_present'})",0.9720071471113757,20.481834425253126,0.047457035680013956
"frozenset({'trait_floral_tube_obconic_present', 'trait_stamens_12_present', 'trait_solitary_in_leaf_axils_present', 'trait_petals_purple_present', 'trait_leaves_alternate_present'})",0.9720071471113757,20.481834425253126,0.047457035680013956
"frozenset({'trait_floral_tube_obconic_present', 'trait_inflorescence_raceme_present', 'trait_solitary_in_leaf_axils_present', 'trait_petals_purple_present', 'trait_leaves_alternate_present'})",0.9720071471113757,20.481834425253126,0.047457035680013956
"frozenset({'trait_stamens_12_present', 'trait_inflorescence_raceme_present', 'trait_solitary_in_leaf_axils_present', 'trait_petals_purple_present', 'trait_leaves_alternate_present'})",0.9720071471113757,20.481834425253126,0.047457035680013956
"frozenset({'trait_subsessile_present', 'trait_stamens_12_present', 'trait_inflorescence_raceme_present', 'trait_solitary_in_leaf_axils_present', 'trait_red_dotted_present'})",0.9720071471113757,20.481834425253126,0.047457035680013956
"frozenset({'trait_stamens_12_present', 'trait_inflorescence_raceme_present', 'trait_solitary_in_leaf_axils_present', 'trait_red_dotted_present', 'trait_leaves_alternate_present'})",0.9720071471113757,20.481834425253126,0.047457035680013956
"frozenset({'trait_stamens_12_present', 'trait_inflorescence_raceme_present', 'trait_petals_purple_present', 'trait_red_dotted_present', 'trait_leaves_alternate_present'})",0.9720071471113757,20.481834425253126,0.047457035680013956
"frozenset({'trait_base_obtuse_to_truncate_present', 'trait_floral_tube_obconic_present', 'trait_petals_purple_present', 'trait_red_dotted_present', 'trait_leaves_alternate_present'})",0.9720071471113757,20.481834425253126,0.047457035680013956
"frozenset({'trait_stamens_12_present', 'trait_solitary_in_leaf_axils_present', 'trait_petals_purple_present', 'trait_red_dotted_present', 'trait_leaves_alternate_present'})",0.9720071471113757,20.481834425253126,0.047457035680013956
"frozenset({'trait_subsessile_present', 'trait_floral_tube_obconic_present', 'trait_stamens_12_present', 'trait_inflorescence_raceme_present', 'trait_red_dotted_present'})",0.9720071471113757,20.481834425253126,0.047457035680013956
"frozenset({'trait_subsessile_present', 'trait_floral_tube_obconic_present', 'trait_stamens_12_present', 'trait_red_dotted_present', 'trait_leaves_alternate_present'})",0.9720071471113757,20.481834425253126,0.047457035680013956
"frozenset({'trait_base_attenuate_present', 'trait_petals_purple_present'})",0.8495374410891953,6.002618257985687,0.14152781412661025
"frozenset({'trait_base_obtuse_to_truncate_present', 'trait_stamens_12_present', 'trait_petals_purple_present', 'trait_red_dotted_present', 'trait_leaves_alternate_present'})",0.9720071471113757,20.481834425253126,0.047457035680013956
"frozenset({'trait_base_obtuse_to_truncate_present', 'trait_floral_tube_obconic_present', 'trait_stamens_12_present', 'trait_inflorescence_raceme_present', 'trait_leaves_alternate_present'})",0.9720071471113757,20.481834425253126,0.047457035680013956
"frozenset({'trait_base_obtuse_to_truncate_present', 'trait_floral_tube_obconic_present', 'trait_stamens_12_present', 'trait_petals_purple_present', 'trait_leaves_alternate_present'})",0.9720071471113757,20.481834425253126,0.047457035680013956
"frozenset({'trait_base_obtuse_to_truncate_present', 'trait_floral_tube_obconic_present', 'trait_inflorescence_raceme_present', 'trait_petals_purple_present', 'trait_leaves_alternate_present'})",0.9720071471113757,20.481834425253126,0.047457035680013956
"frozenset({'trait_subsessile_present', 'trait_base_obtuse_to_truncate_present', 'trait_stamens_12_present', 'trait_inflorescence_raceme_present', 'trait_red_dotted_present'})",0.9720071471113757,20.481834425253126,0.047457035680013956
"frozenset({'trait_subsessile_present', 'trait_stamens_12_present', 'trait_inflorescence_raceme_present', 'trait_red_dotted_present', 'trait_leaves_alternate_present'})",0.9720071471113757,20.481834425253126,0.047457035680013956
"frozenset({'trait_inflorescence_raceme_present', 'trait_solitary_in_leaf_axils_present', 'trait_petals_purple_present', 'trait_red_dotted_present', 'trait_leaves_alternate_present'})",0.9720071471113757,20.481834425253126,0.047457035680013956
"frozenset({'trait_base_obtuse_to_truncate_present', 'trait_floral_tube_obconic_present', 'trait_stamens_12_present', 'trait_red_dotted_present', 'trait_leaves_alternate_present'})",0.9720071471113757,20.481834425253126,0.047457035680013956
"frozenset({'trait_floral_tube_obconic_present', 'trait_stamens_12_present', 'trait_petals_purple_present', 'trait_red_dotted_present', 'trait_leaves_alternate_present'})",0.9720071471113757,20.481834425253126,0.047457035680013956
"frozenset({'trait_base_obtuse_to_truncate_present', 'trait_solitary_in_leaf_axils_present', 'trait_petals_purple_present', 'trait_leaves_alternate_present'})",0.9720071471113757,20.481834425253126,0.047457035680013956
"frozenset({'trait_prostrate_and_spreading_present', 'trait_sessile_base_narrowly_attenuate_present', 'trait_petals_white_to_pink_present', 'trait_inflorescence_spikelike_present', 'trait_stamens_5_8_present'})",0.9756317689530686,27.433361326677904,0.03143447032481317
"frozenset({'trait_subsessile_present', 'trait_floral_tube_obconic_present', 'trait_inflorescence_raceme_present', 'trait_solitary_in_leaf_axils_present', 'trait_sprawling_or_ascending_present'})",0.971868720696584,20.47891754658997,0.04219372473756143
"frozenset({'trait_sessile_base_narrowly_attenuate_present', 'trait_leaves_opposite_present'})",0.9824561403508771,16.957856869369845,0.05699496932158539
"frozenset({'trait_prostrate_and_spreading_present', 'trait_floral_tube_campanulate_present', 'trait_leaves_opposite_present'})",0.9756317689530686,27.433361326677904,0.03143447032481317
"frozenset({'trait_prostrate_and_spreading_present', 'trait_floral_tube_campanulate_present', 'trait_inflorescence_spikelike_present', 'trait_petals_white_to_pink_present'})",0.9762532981530343,26.73365378184619,0.032277763238244786
"frozenset({'trait_prostrate_and_spreading_present', 'trait_petals_white_to_pink_present', 'trait_floral_tube_campanulate_present', 'trait_inflorescence_spikelike_present', 'trait_stamens_5_8_present'})",0.9762532981530343,16.681254375100966,0.032277763238244786
"frozenset({'trait_sessile_base_narrowly_attenuate_present', 'trait_stamens_5_8_present', 'trait_floral_tube_campanulate_present', 'trait_petals_white_to_pink_present'})",0.9776179056754596,27.489208633093526,0.03556369769403007
"frozenset({'trait_sessile_base_narrowly_attenuate_present', 'trait_leaves_opposite_present', 'trait_petals_white_to_pink_present', 'trait_floral_tube_campanulate_present', 'trait_stamens_5_8_present'})",0.9776179056754596,26.771022101237932,0.03556369769403007
"frozenset({'trait_sessile_base_narrowly_attenuate_present', 'trait_inflorescence_spikelike_present', 'trait_leaves_opposite_present'})",0.9776179056754596,26.771022101237932,0.03556369769403007
"frozenset({'trait_sessile_base_narrowly_attenuate_present', 'trait_floral_tube_campanulate_present', 'trait_inflorescence_spikelike_present', 'trait_petals_white_to_pink_present'})",0.9776179056754596,27.489208633093526,0.03556369769403007
"frozenset({'trait_leaves_opposite_present', 'trait_petals_white_to_pink_present', 'trait_floral_tube_campanulate_present', 'trait_inflorescence_spikelike_present', 'trait_stamens_5_8_present'})",0.9776179056754596,17.15270518279254,0.03556369769403007
"frozenset({'trait_sessile_base_narrowly_attenuate_present', 'trait_leaves_opposite_present', 'trait_petals_white_to_pink_present', 'trait_floral_tube_campanulate_present', 'trait_inflorescence_spikelike_present'})",0.9776179056754596,26.771022101237932,0.03556369769403007
"frozenset({'trait_base_obtuse_to_truncate_present', 'trait_stamens_12_present', 'trait_inflorescence_raceme_present', 'trait_red_dotted_present', 'trait_leaves_alternate_present'})",0.9720071471113757,20.481834425253126,0.047457035680013956
"frozenset({'trait_sessile_base_narrowly_attenuate_present', 'trait_petals_white_to_pink_present', 'trait_floral_tube_campanulate_present', 'trait_inflorescence_spikelike_present', 'trait_stamens_5_8_present'})",0.9776179056754596,16.903205080986407,0.03556369769403007
"frozenset({'trait_prostrate_and_spreading_present', 'trait_petals_white_to_pink_present'})",0.9762532981530343,26.73365378184619,0.032277763238244786
"frozenset({'trait_inflorescence_spikelike_present', 'trait_leaves_opposite_present', 'trait_stamens_5_8_present'})",0.9776179056754596,27.489208633093526,0.03556369769403007
"frozenset({'trait_prostrate_and_spreading_present', 'trait_floral_tube_campanulate_present', 'trait_petals_white_to_pink_present'})",0.9762532981530343,26.73365378184619,0.032277763238244786
"frozenset({'trait_prostrate_and_spreading_present', 'trait_inflorescence_spikelike_present', 'trait_petals_white_to_pink_present'})",0.9762532981530343,26.73365378184619,0.032277763238244786
"frozenset({'trait_prostrate_and_spreading_present', 'trait_stamens_5_8_present', 'trait_petals_white_to_pink_present'})",0.9762532981530343,26.73365378184619,0.032277763238244786
"frozenset({'trait_prostrate_and_spreading_present', 'trait_inflorescence_spikelike_present', 'trait_petals_white_to_pink_present', 'trait_stamens_5_8_present'})",0.9762532981530343,26.73365378184619,0.032277763238244786
"frozenset({'trait_prostrate_and_spreading_present', 'trait_floral_tube_campanulate_present', 'trait_stamens_5_8_present', 'trait_petals_white_to_pink_present'})",0.9762532981530343,26.73365378184619,0.032277763238244786
"frozenset({'trait_sessile_base_narrowly_attenuate_present', 'trait_leaves_opposite_present', 'trait_stamens_5_8_present'})",0.9776179056754596,26.771022101237932,0.03556369769403007
"frozenset({'trait_sessile_base_narrowly_attenuate_present', 'trait_prostrate_and_spreading_present', 'trait_stamens_5_8_present', 'trait_petals_white_to_pink_present'})",0.9756317689530686,27.433361326677904,0.03143447032481317
"frozenset({'trait_base_obtuse_to_truncate_present', 'trait_inflorescence_raceme_present', 'trait_petals_purple_present', 'trait_red_dotted_present', 'trait_leaves_alternate_present'})",0.9720071471113757,20.481834425253126,0.047457035680013956
"frozenset({'trait_subsessile_present', 'trait_floral_tube_obconic_present', 'trait_base_obtuse_to_truncate_present', 'trait_stamens_12_present', 'trait_solitary_in_leaf_axils_present'})",0.9720071471113757,20.481834425253126,0.047457035680013956
"frozenset({'trait_floral_tube_obconic_present', 'trait_solitary_in_leaf_axils_present', 'trait_petals_purple_present', 'trait_red_dotted_present', 'trait_leaves_alternate_present'})",0.9720071471113757,20.481834425253126,0.047457035680013956
"frozenset({'trait_base_obtuse_to_truncate_present', 'trait_floral_tube_obconic_present', 'trait_stamens_12_present', 'trait_inflorescence_raceme_present', 'trait_solitary_in_leaf_axils_present'})",0.9720071471113757,20.481834425253126,0.047457035680013956
"frozenset({'trait_base_obtuse_to_truncate_present', 'trait_floral_tube_obconic_present', 'trait_stamens_12_present', 'trait_inflorescence_raceme_present', 'trait_petals_purple_present'})",0.9720071471113757,20.481834425253126,0.047457035680013956
"frozenset({'trait_base_obtuse_to_truncate_present', 'trait_floral_tube_obconic_present', 'trait_stamens_12_present', 'trait_solitary_in_leaf_axils_present', 'trait_petals_purple_present'})",0.9720071471113757,20.481834425253126,0.047457035680013956
"frozenset({'trait_base_obtuse_to_truncate_present', 'trait_floral_tube_obconic_present', 'trait_inflorescence_raceme_present', 'trait_solitary_in_leaf_axils_present', 'trait_petals_purple_present'})",0.9720071471113757,20.481834425253126,0.047457035680013956
"frozenset({'trait_base_obtuse_to_truncate_present', 'trait_stamens_12_present', 'trait_inflorescence_raceme_present', 'trait_solitary_in_leaf_axils_present', 'trait_petals_purple_present'})",0.9720071471113757,20.481834425253126,0.047457035680013956
"frozenset({'trait_base_obtuse_to_truncate_present', 'trait_stamens_12_present', 'trait_inflorescence_raceme_present', 'trait_solitary_in_leaf_axils_present', 'trait_red_dotted_present'})",0.9720071471113757,20.481834425253126,0.047457035680013956
"frozenset({'trait_base_obtuse_to_truncate_present', 'trait_stamens_12_present', 'trait_inflorescence_raceme_present', 'trait_petals_purple_present', 'trait_red_dotted_present'})",0.9720071471113757,20.481834425253126,0.047457035680013956
"frozenset({'trait_base_obtuse_to_truncate_present', 'trait_inflorescence_raceme_present', 'trait_solitary_in_leaf_axils_present', 'trait_petals_purple_present', 'trait_red_dotted_present'})",0.9720071471113757,20.481834425253126,0.047457035680013956
"frozenset({'trait_floral_tube_obconic_present', 'trait_stamens_12_present', 'trait_solitary_in_leaf_axils_present', 'trait_red_dotted_present', 'trait_leaves_alternate_present'})",0.9720071471113757,20.481834425253126,0.047457035680013956
"frozenset({'trait_base_obtuse_to_truncate_present', 'trait_inflorescence_raceme_present', 'trait_solitary_in_leaf_axils_present', 'trait_red_dotted_present', 'trait_leaves_alternate_present'})",0.9720071471113757,20.481834425253126,0.047457035680013956
"frozenset({'trait_base_obtuse_to_truncate_present', 'trait_floral_tube_obconic_present', 'trait_stamens_12_present', 'trait_petals_purple_present', 'trait_red_dotted_present'})",0.9720071471113757,20.481834425253126,0.047457035680013956
"frozenset({'trait_base_obtuse_to_truncate_present', 'trait_floral_tube_obconic_present', 'trait_inflorescence_raceme_present', 'trait_petals_purple_present', 'trait_red_dotted_present'})",0.9720071471113757,20.481834425253126,0.047457035680013956
"frozenset({'trait_base_obtuse_to_truncate_present', 'trait_floral_tube_obconic_present', 'trait_stamens_12_present', 'trait_solitary_in_leaf_axils_present', 'trait_red_dotted_present'})",0.9720071471113757,20.481834425253126,0.047457035680013956
"frozenset({'trait_base_obtuse_to_truncate_present', 'trait_floral_tube_obconic_present', 'trait_solitary_in_leaf_axils_present', 'trait_petals_purple_present', 'trait_red_dotted_present'})",0.9720071471113757,20.481834425253126,0.047457035680013956
"frozenset({'trait_subsessile_present', 'trait_floral_tube_obconic_present', 'trait_base_obtuse_to_truncate_present', 'trait_inflorescence_raceme_present', 'trait_solitary_in_leaf_axils_present'})",0.9720071471113757,20.481834425253126,0.047457035680013956
"frozenset({'trait_subsessile_present', 'trait_floral_tube_obconic_present', 'trait_inflorescence_raceme_present', 'trait_solitary_in_leaf_axils_present', 'trait_leaves_alternate_present'})",0.9720071471113757,20.481834425253126,0.047457035680013956
"frozenset({'trait_base_obtuse_to_truncate_present', 'trait_floral_tube_obconic_present', 'trait_inflorescence_raceme_present', 'trait_solitary_in_leaf_axils_present', 'trait_leaves_alternate_present'})",0.9720071471113757,20.481834425253126,0.047457035680013956
"frozenset({'trait_subsessile_present', 'trait_base_obtuse_to_truncate_present', 'trait_inflorescence_raceme_present', 'trait_solitary_in_leaf_axils_present', 'trait_red_dotted_present'})",0.9720071471113757,20.481834425253126,0.047457035680013956
"frozenset({'trait_subsessile_present', 'trait_inflorescence_raceme_present', 'trait_solitary_in_leaf_axils_present', 'trait_red_dotted_present', 'trait_leaves_alternate_present'})",0.9720071471113757,20.481834425253126,0.047457035680013956
"frozenset({'trait_base_obtuse_to_truncate_present', 'trait_floral_tube_obconic_present', 'trait_stamens_12_present', 'trait_inflorescence_raceme_present', 'trait_red_dotted_present'})",0.9720071471113757,20.481834425253126,0.047457035680013956
"frozenset({'trait_base_obtuse_to_truncate_present', 'trait_stamens_12_present', 'trait_solitary_in_leaf_axils_present', 'trait_petals_purple_present', 'trait_red_dotted_present'})",0.9720071471113757,20.481834425253126,0.047457035680013956
"frozenset({'trait_subsessile_present', 'trait_floral_tube_obconic_present', 'trait_base_obtuse_to_truncate_present', 'trait_inflorescence_raceme_present', 'trait_red_dotted_present'})",0.9720071471113757,20.481834425253126,0.047457035680013956
"frozenset({'trait_subsessile_present', 'trait_floral_tube_obconic_present', 'trait_inflorescence_raceme_present', 'trait_red_dotted_present', 'trait_leaves_alternate_present'})",0.9720071471113757,20.481834425253126,0.047457035680013956
"frozenset({'trait_subsessile_present', 'trait_floral_tube_obconic_present', 'trait_stamens_12_present', 'trait_solitary_in_leaf_axils_present', 'trait_leaves_alternate_present'})",0.9720071471113757,20.481834425253126,0.047457035680013956
"frozenset({'trait_base_obtuse_to_truncate_present', 'trait_floral_tube_obconic_present', 'trait_stamens_12_present', 'trait_solitary_in_leaf_axils_present', 'trait_leaves_alternate_present'})",0.9720071471113757,20.481834425253126,0.047457035680013956
"frozenset({'trait_subsessile_present', 'trait_base_obtuse_to_truncate_present', 'trait_stamens_12_present', 'trait_solitary_in_leaf_axils_present', 'trait_red_dotted_present'})",0.9720071471113757,20.481834425253126,0.047457035680013956
"frozenset({'trait_subsessile_present', 'trait_stamens_12_present', 'trait_solitary_in_leaf_axils_present', 'trait_red_dotted_present', 'trait_leaves_alternate_present'})",0.9720071471113757,20.481834425253126,0.047457035680013956
"frozenset({'trait_base_obtuse_to_truncate_present', 'trait_stamens_12_present', 'trait_solitary_in_leaf_axils_present', 'trait_red_dotted_present', 'trait_leaves_alternate_present'})",0.9720071471113757,20.481834425253126,0.047457035680013956
"frozenset({'trait_floral_tube_obconic_present', 'trait_stamens_12_present', 'trait_inflorescence_raceme_present', 'trait_red_dotted_present', 'trait_leaves_alternate_present'})",0.9720071471113757,20.481834425253126,0.047457035680013956
"frozenset({'trait_floral_tube_obconic_present', 'trait_inflorescence_raceme_present', 'trait_petals_purple_present', 'trait_red_dotted_present', 'trait_leaves_alternate_present'})",0.9720071471113757,20.481834425253126,0.047457035680013956
"frozenset({'trait_subsessile_present', 'trait_floral_tube_obconic_present', 'trait_base_obtuse_to_truncate_present', 'trait_stamens_12_present'})",0.9720071471113757,20.481834425253126,0.047457035680013956
"frozenset({'trait_subsessile_present', 'trait_floral_tube_obconic_present', 'trait_stamens_12_present', 'trait_solitary_in_leaf_axils_present', 'trait_red_dotted_present'})",0.9720071471113757,20.481834425253126,0.047457035680013956
"frozenset({'trait_subsessile_present', 'trait_floral_tube_obconic_present', 'trait_base_obtuse_to_truncate_present', 'trait_solitary_in_leaf_axils_present', 'trait_red_dotted_present'})",0.9720071471113757,20.481834425253126,0.047457035680013956
"frozenset({'trait_subsessile_present', 'trait_floral_tube_obconic_present', 'trait_solitary_in_leaf_axils_present', 'trait_red_dotted_present', 'trait_leaves_alternate_present'})",0.9720071471113757,20.481834425253126,0.047457035680013956
"frozenset({'trait_subsessile_present', 'trait_floral_tube_obconic_present', 'trait_inflorescence_raceme_present', 'trait_solitary_in_leaf_axils_present', 'trait_red_dotted_present'})",0.9720071471113757,20.481834425253126,0.047457035680013956
"frozenset({'trait_floral_tube_obconic_present', 'trait_inflorescence_raceme_present', 'trait_solitary_in_leaf_axils_present', 'trait_red_dotted_present', 'trait_leaves_alternate_present'})",0.9720071471113757,20.481834425253126,0.047457035680013956
"frozenset({'trait_base_obtuse_to_truncate_present', 'trait_floral_tube_obconic_present', 'trait_inflorescence_raceme_present', 'trait_solitary_in_leaf_axils_present', 'trait_red_dotted_present'})",0.9720071471113757,20.481834425253126,0.047457035680013956
"frozenset({'trait_subsessile_present', 'trait_floral_tube_obconic_present', 'trait_base_obtuse_to_truncate_present', 'trait_stamens_12_present', 'trait_inflorescence_raceme_present', 'trait_solitary_in_leaf_axils_present'})",0.9720071471113757,20.481834425253126,0.047457035680013956
"frozenset({'trait_subsessile_present', 'trait_floral_tube_obconic_present', 'trait_stamens_12_present', 'trait_inflorescence_raceme_present', 'trait_solitary_in_leaf_axils_present', 'trait_leaves_alternate_present'})",0.9720071471113757,20.481834425253126,0.047457035680013956
"frozenset({'trait_base_obtuse_to_truncate_present', 'trait_floral_tube_obconic_present', 'trait_stamens_12_present', 'trait_inflorescence_raceme_present', 'trait_solitary_in_leaf_axils_present', 'trait_leaves_alternate_present'})",0.9720071471113757,20.481834425253126,0.047457035680013956
"frozenset({'trait_base_obtuse_to_truncate_present', 'trait_floral_tube_obconic_present', 'trait_stamens_12_present', 'trait_inflorescence_raceme_present', 'trait_petals_purple_present', 'trait_leaves_alternate_present'})",0.9720071471113757,20.481834425253126,0.047457035680013956
"frozenset({'trait_subsessile_present', 'trait_base_obtuse_to_truncate_present', 'trait_stamens_12_present', 'trait_inflorescence_raceme_present', 'trait_solitary_in_leaf_axils_present', 'trait_red_dotted_present'})",0.9720071471113757,20.481834425253126,0.047457035680013956
"frozenset({'trait_subsessile_present', 'trait_stamens_12_present', 'trait_inflorescence_raceme_present', 'trait_solitary_in_leaf_axils_present', 'trait_red_dotted_present', 'trait_leaves_alternate_present'})",0.9720071471113757,20.481834425253126,0.047457035680013956
"frozenset({'trait_base_obtuse_to_truncate_present', 'trait_floral_tube_obconic_present', 'trait_inflorescence_raceme_present', 'trait_red_dotted_present', 'trait_leaves_alternate_present'})",0.9720071471113757,20.481834425253126,0.047457035680013956
"frozenset({'trait_subsessile_present', 'trait_floral_tube_obconic_present', 'trait_base_obtuse_to_truncate_present', 'trait_stamens_12_present', 'trait_red_dotted_present'})",0.9720071471113757,20.481834425253126,0.047457035680013956
"frozenset({'trait_floral_tube_obconic_present', 'trait_inflorescence_raceme_present', 'trait_solitary_in_leaf_axils_present', 'trait_leaves_alternate_present', 'trait_sprawling_or_ascending_present'})",0.971868720696584,20.47891754658997,0.04219372473756143
"frozenset({'trait_subsessile_present', 'trait_petals_purple_present'})",0.9720071471113757,20.481834425253126,0.047457035680013956
"frozenset({'trait_base_obtuse_to_truncate_present', 'trait_stamens_12_present', 'trait_petals_purple_present', 'trait_sprawling_or_ascending_present'})",0.971868720696584,20.47891754658997,0.04219372473756143
"frozenset({'trait_subsessile_present', 'trait_stamens_12_present', 'trait_inflorescence_raceme_present', 'trait_solitary_in_leaf_axils_present', 'trait_petals_purple_present', 'trait_leaves_alternate_present'})",0.9720071471113757,20.481834425253126,0.047457035680013956
"frozenset({'trait_subsessile_present', 'trait_floral_tube_obconic_present', 'trait_inflorescence_raceme_present', 'trait_solitary_in_leaf_axils_present', 'trait_petals_purple_present', 'trait_leaves_alternate_present'})",0.9720071471113757,20.481834425253126,0.047457035680013956
"frozenset({'trait_subsessile_present', 'trait_floral_tube_obconic_present', 'trait_stamens_12_present', 'trait_solitary_in_leaf_axils_present', 'trait_petals_purple_present', 'trait_leaves_alternate_present'})",0.9720071471113757,20.481834425253126,0.047457035680013956
"frozenset({'trait_subsessile_present', 'trait_floral_tube_obconic_present', 'trait_stamens_12_present', 'trait_inflorescence_raceme_present', 'trait_petals_purple_present', 'trait_leaves_alternate_present'})",0.9720071471113757,20.481834425253126,0.047457035680013956
"frozenset({'trait_subsessile_present', 'trait_base_obtuse_to_truncate_present', 'trait_stamens_12_present', 'trait_inflorescence_raceme_present', 'trait_solitary_in_leaf_axils_present', 'trait_petals_purple_present'})",0.9720071471113757,20.481834425253126,0.047457035680013956
"frozenset({'trait_subsessile_present', 'trait_base_obtuse_to_truncate_present', 'trait_stamens_12_present', 'trait_inflorescence_raceme_present', 'trait_solitary_in_leaf_axils_present', 'trait_petals_purple_present', 'trait_red_dotted_present'})",0.9720071471113757,20.481834425253126,0.047457035680013956
"frozenset({'trait_subsessile_present', 'trait_floral_tube_obconic_present', 'trait_base_obtuse_to_truncate_present', 'trait_stamens_12_present', 'trait_inflorescence_raceme_present', 'trait_petals_purple_present'})",0.9720071471113757,20.481834425253126,0.047457035680013956
"frozenset({'trait_subsessile_present', 'trait_floral_tube_obconic_present', 'trait_stamens_12_present', 'trait_inflorescence_raceme_present', 'trait_solitary_in_leaf_axils_present', 'trait_petals_purple_present', 'trait_leaves_alternate_present'})",0.9720071471113757,20.481834425253126,0.047457035680013956
"frozenset({'trait_subsessile_present', 'trait_floral_tube_obconic_present', 'trait_stamens_12_present', 'trait_inflorescence_raceme_present', 'trait_solitary_in_leaf_axils_present', 'trait_red_dotted_present', 'trait_leaves_alternate_present'})",0.9720071471113757,20.481834425253126,0.047457035680013956
"frozenset({'trait_subsessile_present', 'trait_floral_tube_obconic_present', 'trait_stamens_12_present', 'trait_inflorescence_raceme_present', 'trait_petals_purple_present', 'trait_red_dotted_present', 'trait_leaves_alternate_present'})",0.9720071471113757,20.481834425253126,0.047457035680013956
"frozenset({'trait_subsessile_present', 'trait_floral_tube_obconic_present', 'trait_stamens_12_present', 'trait_solitary_in_leaf_axils_present', 'trait_petals_purple_present', 'trait_red_dotted_present', 'trait_leaves_alternate_present'})",0.9720071471113757,20.481834425253126,0.047457035680013956
"frozenset({'trait_subsessile_present', 'trait_floral_tube_obconic_present', 'trait_inflorescence_raceme_present', 'trait_solitary_in_leaf_axils_present', 'trait_petals_purple_present', 'trait_red_dotted_present', 'trait_leaves_alternate_present'})",0.9720071471113757,20.481834425253126,0.047457035680013956
"frozenset({'trait_base_obtuse_to_truncate_present', 'trait_floral_tube_obconic_present', 'trait_stamens_12_present', 'trait_inflorescence_raceme_present', 'trait_petals_purple_present', 'trait_red_dotted_present'})",0.9720071471113757,20.481834425253126,0.047457035680013956
"frozenset({'trait_subsessile_present', 'trait_stamens_12_present', 'trait_inflorescence_raceme_present', 'trait_solitary_in_leaf_axils_present', 'trait_petals_purple_present', 'trait_red_dotted_present', 'trait_leaves_alternate_present'})",0.9720071471113757,20.481834425253126,0.047457035680013956
"frozenset({'trait_base_obtuse_to_truncate_present', 'trait_floral_tube_obconic_present', 'trait_stamens_12_present', 'trait_inflorescence_raceme_present', 'trait_solitary_in_leaf_axils_present', 'trait_petals_purple_present', 'trait_leaves_alternate_present'})",0.9720071471113757,20.481834425253126,0.047457035680013956
"frozenset({'trait_floral_tube_obconic_present', 'trait_stamens_12_present', 'trait_solitary_in_leaf_axils_present', 'trait_petals_purple_present', 'trait_red_dotted_present', 'trait_leaves_alternate_present'})",0.9720071471113757,20.481834425253126,0.047457035680013956
"frozenset({'trait_base_obtuse_to_truncate_present', 'trait_floral_tube_obconic_present', 'trait_stamens_12_present', 'trait_solitary_in_leaf_axils_present', 'trait_petals_purple_present', 'trait_red_dotted_present', 'trait_leaves_alternate_present'})",0.9720071471113757,20.481834425253126,0.047457035680013956
"frozenset({'trait_subsessile_present', 'trait_solitary_in_leaf_axils_present', 'trait_petals_purple_present', 'trait_red_dotted_present', 'trait_leaves_alternate_present'})",0.9720071471113757,20.481834425253126,0.047457035680013956
"frozenset({'trait_floral_tube_obconic_present', 'trait_stamens_12_present', 'trait_inflorescence_raceme_present', 'trait_petals_purple_present', 'trait_red_dotted_present', 'trait_leaves_alternate_present'})",0.9720071471113757,20.481834425253126,0.047457035680013956
"frozenset({'trait_subsessile_present', 'trait_base_obtuse_to_truncate_present', 'trait_solitary_in_leaf_axils_present', 'trait_petals_purple_present', 'trait_red_dotted_present'})",0.9720071471113757,20.481834425253126,0.047457035680013956
"frozenset({'trait_floral_tube_obconic_present', 'trait_stamens_12_present', 'trait_inflorescence_raceme_present', 'trait_solitary_in_leaf_axils_present', 'trait_petals_purple_present', 'trait_leaves_alternate_present'})",0.9720071471113757,20.481834425253126,0.047457035680013956
"frozenset({'trait_base_obtuse_to_truncate_present', 'trait_stamens_12_present', 'trait_solitary_in_leaf_axils_present', 'trait_petals_purple_present', 'trait_red_dotted_present', 'trait_leaves_alternate_present'})",0.9720071471113757,20.481834425253126,0.047457035680013956
"frozenset({'trait_subsessile_present', 'trait_floral_tube_obconic_present', 'trait_solitary_in_leaf_axils_present', 'trait_petals_purple_present', 'trait_leaves_alternate_present'})",0.9720071471113757,20.481834425253126,0.047457035680013956
"frozenset({'trait_base_obtuse_to_truncate_present', 'trait_inflorescence_raceme_present', 'trait_solitary_in_leaf_axils_present', 'trait_petals_purple_present', 'trait_red_dotted_present', 'trait_leaves_alternate_present'})",0.9720071471113757,20.481834425253126,0.047457035680013956
"frozenset({'trait_base_obtuse_to_truncate_present', 'trait_red_dotted_present', 'trait_petals_purple_present', 'trait_sprawling_or_ascending_present'})",0.971868720696584,20.47891754658997,0.04219372473756143
"frozenset({'trait_base_obtuse_to_truncate_present', 'trait_stamens_12_present', 'trait_inflorescence_raceme_present', 'trait_leaves_alternate_present', 'trait_sprawling_or_ascending_present'})",0.971868720696584,20.47891754658997,0.04219372473756143
"frozenset({'trait_base_obtuse_to_truncate_present', 'trait_stamens_12_present', 'trait_petals_purple_present', 'trait_leaves_alternate_present', 'trait_sprawling_or_ascending_present'})",0.971868720696584,20.47891754658997,0.04219372473756143
"frozenset({'trait_subsessile_present', 'trait_floral_tube_obconic_present', 'trait_base_obtuse_to_truncate_present', 'trait_stamens_12_present', 'trait_petals_purple_present', 'trait_red_dotted_present'})",0.9720071471113757,20.481834425253126,0.047457035680013956
"frozenset({'trait_base_obtuse_to_truncate_present', 'trait_inflorescence_raceme_present', 'trait_petals_purple_present', 'trait_leaves_alternate_present', 'trait_sprawling_or_ascending_present'})",0.971868720696584,20.47891754658997,0.04219372473756143
"frozenset({'trait_subsessile_present', 'trait_base_obtuse_to_truncate_present', 'trait_inflorescence_raceme_present', 'trait_sprawling_or_ascending_present'})",0.971868720696584,20.47891754658997,0.04219372473756143
"frozenset({'trait_subsessile_present', 'trait_inflorescence_raceme_present', 'trait_leaves_alternate_present', 'trait_sprawling_or_ascending_present'})",0.971868720696584,20.47891754658997,0.04219372473756143
"frozenset({'trait_base_obtuse_to_truncate_present', 'trait_inflorescence_raceme_present', 'trait_petals_purple_present', 'trait_sprawling_or_ascending_present'})",0.971868720696584,20.47891754658997,0.04219372473756143
"frozenset({'trait_stamens_12_present', 'trait_leaves_alternate_present', 'trait_sprawling_or_ascending_present'})",0.971868720696584,20.47891754658997,0.04219372473756143
"frozenset({'trait_base_obtuse_to_truncate_present', 'trait_stamens_12_present', 'trait_inflorescence_raceme_present', 'trait_sprawling_or_ascending_present'})",0.971868720696584,20.47891754658997,0.04219372473756143
"frozenset({'trait_base_obtuse_to_truncate_present', 'trait_inflorescence_raceme_present', 'trait_leaves_alternate_present', 'trait_sprawling_or_ascending_present'})",0.971868720696584,20.47891754658997,0.04219372473756143
"frozenset({'trait_subsessile_present', 'trait_base_obtuse_to_truncate_present', 'trait_solitary_in_leaf_axils_present', 'trait_sprawling_or_ascending_present'})",0.971868720696584,20.47891754658997,0.04219372473756143
"frozenset({'trait_subsessile_present', 'trait_solitary_in_leaf_axils_present', 'trait_leaves_alternate_present', 'trait_sprawling_or_ascending_present'})",0.971868720696584,20.47891754658997,0.04219372473756143
"frozenset({'trait_subsessile_present', 'trait_floral_tube_obconic_present', 'trait_base_obtuse_to_truncate_present', 'trait_sprawling_or_ascending_present'})",0.971868720696584,20.47891754658997,0.04219372473756143
"frozenset({'trait_subsessile_present', 'trait_base_obtuse_to_truncate_present', 'trait_inflorescence_raceme_present', 'trait_solitary_in_leaf_axils_present', 'trait_petals_purple_present', 'trait_red_dotted_present', 'trait_leaves_alternate_present'})",0.9720071471113757,20.039879805153262,0.047457035680013956
"frozenset({'trait_base_obtuse_to_truncate_present', 'trait_floral_tube_obconic_present', 'trait_solitary_in_leaf_axils_present', 'trait_petals_purple_present', 'trait_red_dotted_present', 'trait_leaves_alternate_present', 'trait_sprawling_or_ascending_present'})",0.971868720696584,20.47891754658997,0.04219372473756143
"frozenset({'trait_floral_tube_obconic_present', 'trait_inflorescence_raceme_present', 'trait_solitary_in_leaf_axils_present', 'trait_petals_purple_present', 'trait_red_dotted_present', 'trait_leaves_alternate_present'})",0.9720071471113757,20.481834425253126,0.047457035680013956
"frozenset({'trait_subsessile_present', 'trait_floral_tube_obconic_present', 'trait_base_obtuse_to_truncate_present', 'trait_stamens_12_present', 'trait_inflorescence_raceme_present', 'trait_red_dotted_present'})",0.9720071471113757,20.481834425253126,0.047457035680013956
"frozenset({'trait_stamens_12_present', 'trait_inflorescence_raceme_present', 'trait_solitary_in_leaf_axils_present', 'trait_petals_purple_present', 'trait_red_dotted_present', 'trait_leaves_alternate_present'})",0.9720071471113757,20.481834425253126,0.047457035680013956
"frozenset({'trait_base_obtuse_to_truncate_present', 'trait_floral_tube_obconic_present', 'trait_stamens_12_present', 'trait_solitary_in_leaf_axils_present', 'trait_petals_purple_present', 'trait_red_dotted_present'})",0.9720071471113757,20.481834425253126,0.047457035680013956
frozenset({'trait_base_attenuate_present'}),0.859187059311489,3.565844048112816,0.24094914071360027
"frozenset({'trait_base_obtuse_to_truncate_present', 'trait_floral_tube_obconic_present', 'trait_inflorescence_raceme_present', 'trait_solitary_in_leaf_axils_present', 'trait_petals_purple_present', 'trait_red_dotted_present'})",0.9720071471113757,20.481834425253126,0.047457035680013956
"frozenset({'trait_subsessile_present', 'trait_floral_tube_obconic_present', 'trait_solitary_in_leaf_axils_present', 'trait_petals_purple_present', 'trait_red_dotted_present'})",0.9720071471113757,20.481834425253126,0.047457035680013956
"frozenset({'trait_base_obtuse_to_truncate_present', 'trait_stamens_12_present', 'trait_inflorescence_raceme_present', 'trait_solitary_in_leaf_axils_present', 'trait_petals_purple_present', 'trait_red_dotted_present'})",0.9720071471113757,20.481834425253126,0.047457035680013956
"frozenset({'trait_subsessile_present', 'trait_floral_tube_obconic_present', 'trait_base_obtuse_to_truncate_present', 'trait_inflorescence_raceme_present', 'trait_solitary_in_leaf_axils_present', 'trait_red_dotted_present'})",0.9720071471113757,20.481834425253126,0.047457035680013956
"frozenset({'trait_subsessile_present', 'trait_floral_tube_obconic_present', 'trait_inflorescence_raceme_present', 'trait_solitary_in_leaf_axils_present', 'trait_red_dotted_present', 'trait_leaves_alternate_present'})",0.9720071471113757,20.481834425253126,0.047457035680013956
"frozenset({'trait_subsessile_present', 'trait_stamens_12_present', 'trait_inflorescence_raceme_present', 'trait_petals_purple_present', 'trait_red_dotted_present', 'trait_leaves_alternate_present'})",0.9720071471113757,20.481834425253126,0.047457035680013956
"frozenset({'trait_subsessile_present', 'trait_floral_tube_obconic_present', 'trait_base_obtuse_to_truncate_present', 'trait_stamens_12_present', 'trait_inflorescence_raceme_present', 'trait_solitary_in_leaf_axils_present', 'trait_red_dotted_present'})",0.9720071471113757,20.481834425253126,0.047457035680013956
"frozenset({'trait_subsessile_present', 'trait_base_obtuse_to_truncate_present', 'trait_inflorescence_raceme_present', 'trait_solitary_in_leaf_axils_present', 'trait_petals_purple_present', 'trait_red_dotted_present'})",0.9720071471113757,20.481834425253126,0.047457035680013956
"frozenset({'trait_subsessile_present', 'trait_base_obtuse_to_truncate_present', 'trait_stamens_12_present', 'trait_solitary_in_leaf_axils_present', 'trait_petals_purple_present', 'trait_red_dotted_present'})",0.9720071471113757,20.481834425253126,0.047457035680013956
"frozenset({'trait_subsessile_present', 'trait_base_obtuse_to_truncate_present', 'trait_stamens_12_present', 'trait_inflorescence_raceme_present', 'trait_petals_purple_present', 'trait_red_dotted_present'})",0.9720071471113757,20.481834425253126,0.047457035680013956
"frozenset({'trait_base_obtuse_to_truncate_present', 'trait_floral_tube_obconic_present', 'trait_stamens_12_present', 'trait_inflorescence_raceme_present', 'trait_solitary_in_leaf_axils_present', 'trait_petals_purple_present'})",0.9720071471113757,20.481834425253126,0.047457035680013956
"frozenset({'trait_subsessile_present', 'trait_floral_tube_obconic_present', 'trait_base_obtuse_to_truncate_present', 'trait_stamens_12_present', 'trait_inflorescence_raceme_present', 'trait_petals_purple_present', 'trait_red_dotted_present'})",0.9720071471113757,20.481834425253126,0.047457035680013956
"frozenset({'trait_subsessile_present', 'trait_floral_tube_obconic_present', 'trait_base_obtuse_to_truncate_present', 'trait_solitary_in_leaf_axils_present', 'trait_petals_purple_present'})",0.9720071471113757,20.481834425253126,0.047457035680013956
"frozenset({'trait_subsessile_present', 'trait_floral_tube_obconic_present', 'trait_stamens_12_present', 'trait_inflorescence_raceme_present', 'trait_red_dotted_present', 'trait_leaves_alternate_present'})",0.9720071471113757,20.481834425253126,0.047457035680013956
"frozenset({'trait_subsessile_present', 'trait_stamens_12_present', 'trait_base_obtuse_to_truncate_present', 'trait_leaves_alternate_present'})",0.9720071471113757,20.039879805153262,0.047457035680013956
"frozenset({'trait_subsessile_present', 'trait_base_obtuse_to_truncate_present', 'trait_inflorescence_raceme_present', 'trait_leaves_alternate_present'})",0.9720071471113757,20.039879805153262,0.047457035680013956
"frozenset({'trait_base_obtuse_to_truncate_present', 'trait_floral_tube_obconic_present', 'trait_stamens_12_present', 'trait_inflorescence_raceme_present', 'trait_petals_purple_present', 'trait_red_dotted_present', 'trait_leaves_alternate_present'})",0.9720071471113757,20.481834425253126,0.047457035680013956
"frozenset({'trait_inflorescence_raceme_present', 'trait_petals_purple_present', 'trait_leaves_alternate_present', 'trait_sprawling_or_ascending_present'})",0.971868720696584,20.47891754658997,0.04219372473756143
"frozenset({'trait_stamens_12_present', 'trait_petals_purple_present', 'trait_leaves_alternate_present', 'trait_sprawling_or_ascending_present'})",0.971868720696584,20.47891754658997,0.04219372473756143
"frozenset({'trait_inflorescence_raceme_present', 'trait_stamens_12_present', 'trait_leaves_alternate_present', 'trait_sprawling_or_ascending_present'})",0.971868720696584,20.47891754658997,0.04219372473756143
"frozenset({'trait_base_obtuse_to_truncate_present', 'trait_floral_tube_obconic_present', 'trait_stamens_12_present', 'trait_inflorescence_raceme_present', 'trait_solitary_in_leaf_axils_present', 'trait_red_dotted_present', 'trait_leaves_alternate_present'})",0.9720071471113757,20.481834425253126,0.047457035680013956
"frozenset({'trait_base_obtuse_to_truncate_present', 'trait_floral_tube_obconic_present', 'trait_inflorescence_raceme_present', 'trait_solitary_in_leaf_axils_present', 'trait_petals_purple_present', 'trait_red_dotted_present', 'trait_leaves_alternate_present'})",0.9720071471113757,20.481834425253126,0.047457035680013956
"frozenset({'trait_subsessile_present', 'trait_floral_tube_obconic_present', 'trait_base_obtuse_to_truncate_present', 'trait_stamens_12_present', 'trait_inflorescence_raceme_present', 'trait_leaves_alternate_present'})",0.9720071471113757,20.039879805153262,0.047457035680013956
"frozenset({'trait_base_obtuse_to_truncate_present', 'trait_stamens_12_present', 'trait_leaves_alternate_present', 'trait_sprawling_or_ascending_present'})",0.971868720696584,20.47891754658997,0.04219372473756143
"frozenset({'trait_subsessile_present', 'trait_stamens_12_present', 'trait_inflorescence_raceme_present', 'trait_solitary_in_leaf_axils_present', 'trait_petals_purple_present'})",0.9720071471113757,20.481834425253126,0.047457035680013956
"frozenset({'trait_subsessile_present', 'trait_base_obtuse_to_truncate_present', 'trait_inflorescence_raceme_present', 'trait_petals_purple_present', 'trait_leaves_alternate_present'})",0.9720071471113757,20.039879805153262,0.047457035680013956
"frozenset({'trait_subsessile_present', 'trait_floral_tube_obconic_present', 'trait_stamens_12_present', 'trait_solitary_in_leaf_axils_present', 'trait_petals_purple_present'})",0.9720071471113757,20.481834425253126,0.047457035680013956
"frozenset({'trait_subsessile_present', 'trait_floral_tube_obconic_present', 'trait_inflorescence_raceme_present', 'trait_solitary_in_leaf_axils_present', 'trait_petals_purple_present'})",0.9720071471113757,20.481834425253126,0.047457035680013956
"frozenset({'trait_base_obtuse_to_truncate_present', 'trait_inflorescence_raceme_present', 'trait_sprawling_or_ascending_present'})",0.971868720696584,20.47891754658997,0.04219372473756143
"frozenset({'trait_subsessile_present', 'trait_base_obtuse_to_truncate_present', 'trait_inflorescence_raceme_present', 'trait_solitary_in_leaf_axils_present', 'trait_petals_purple_present', 'trait_leaves_alternate_present'})",0.9720071471113757,20.039879805153262,0.047457035680013956
"frozenset({'trait_subsessile_present', 'trait_floral_tube_obconic_present', 'trait_base_obtuse_to_truncate_present', 'trait_inflorescence_raceme_present', 'trait_petals_purple_present', 'trait_leaves_alternate_present'})",0.9720071471113757,20.039879805153262,0.047457035680013956
"frozenset({'trait_subsessile_present', 'trait_base_obtuse_to_truncate_present', 'trait_inflorescence_raceme_present', 'trait_petals_purple_present', 'trait_red_dotted_present', 'trait_leaves_alternate_present'})",0.9720071471113757,20.039879805153262,0.047457035680013956
"frozenset({'trait_inflorescence_raceme_present', 'trait_leaves_alternate_present', 'trait_sprawling_or_ascending_present'})",0.971868720696584,20.47891754658997,0.04219372473756143
"frozenset({'trait_subsessile_present', 'trait_floral_tube_obconic_present', 'trait_base_obtuse_to_truncate_present', 'trait_stamens_12_present', 'trait_petals_purple_present', 'trait_leaves_alternate_present'})",0.9720071471113757,20.039879805153262,0.047457035680013956
"frozenset({'trait_base_obtuse_to_truncate_present', 'trait_stamens_12_present', 'trait_sprawling_or_ascending_present'})",0.971868720696584,20.47891754658997,0.04219372473756143
"frozenset({'trait_subsessile_present', 'trait_floral_tube_obconic_present', 'trait_base_obtuse_to_truncate_present', 'trait_stamens_12_present', 'trait_inflorescence_raceme_present', 'trait_solitary_in_leaf_axils_present', 'trait_petals_purple_present'})",0.9720071471113757,20.481834425253126,0.047457035680013956
"frozenset({'trait_subsessile_present', 'trait_stamens_12_present', 'trait_solitary_in_leaf_axils_present', 'trait_petals_purple_present', 'trait_red_dotted_present', 'trait_leaves_alternate_present'})",0.9720071471113757,20.481834425253126,0.047457035680013956
"frozenset({'trait_base_obtuse_to_truncate_present', 'trait_floral_tube_obconic_present', 'trait_solitary_in_leaf_axils_present', 'trait_petals_purple_present', 'trait_leaves_alternate_present', 'trait_sprawling_or_ascending_present'})",0.971868720696584,20.47891754658997,0.04219372473756143
"frozenset({'trait_subsessile_present', 'trait_solitary_in_leaf_axils_present', 'trait_petals_purple_present', 'trait_leaves_alternate_present'})",0.9720071471113757,20.481834425253126,0.047457035680013956
"frozenset({'trait_subsessile_present', 'trait_floral_tube_obconic_present', 'trait_base_obtuse_to_truncate_present', 'trait_solitary_in_leaf_axils_present', 'trait_petals_purple_present', 'trait_leaves_alternate_present'})",0.9720071471113757,20.039879805153262,0.047457035680013956
"frozenset({'trait_subsessile_present', 'trait_base_obtuse_to_truncate_present', 'trait_stamens_12_present', 'trait_solitary_in_leaf_axils_present', 'trait_petals_purple_present', 'trait_leaves_alternate_present'})",0.9720071471113757,20.039879805153262,0.047457035680013956
"frozenset({'trait_subsessile_present', 'trait_floral_tube_obconic_present', 'trait_inflorescence_raceme_present', 'trait_solitary_in_leaf_axils_present', 'trait_petals_purple_present', 'trait_red_dotted_present'})",0.9720071471113757,20.481834425253126,0.047457035680013956
"frozenset({'trait_subsessile_present', 'trait_floral_tube_obconic_present', 'trait_stamens_12_present', 'trait_inflorescence_raceme_present', 'trait_petals_purple_present'})",0.9720071471113757,20.481834425253126,0.047457035680013956
"frozenset({'trait_subsessile_present', 'trait_floral_tube_obconic_present', 'trait_base_obtuse_to_truncate_present', 'trait_inflorescence_raceme_present', 'trait_petals_purple_present', 'trait_red_dotted_present'})",0.9720071471113757,20.481834425253126,0.047457035680013956
"frozenset({'trait_subsessile_present', 'trait_stamens_12_present', 'trait_inflorescence_raceme_present', 'trait_petals_purple_present', 'trait_red_dotted_present'})",0.9720071471113757,20.481834425253126,0.047457035680013956
"frozenset({'trait_subsessile_present', 'trait_floral_tube_obconic_present', 'trait_base_obtuse_to_truncate_present', 'trait_inflorescence_raceme_present', 'trait_solitary_in_leaf_axils_present', 'trait_petals_purple_present', 'trait_red_dotted_present'})",0.9720071471113757,20.481834425253126,0.047457035680013956
"frozenset({'trait_subsessile_present', 'trait_inflorescence_raceme_present', 'trait_petals_purple_present', 'trait_red_dotted_present', 'trait_leaves_alternate_present'})",0.9720071471113757,20.481834425253126,0.047457035680013956
"frozenset({'trait_subsessile_present', 'trait_stamens_12_present', 'trait_petals_purple_present', 'trait_red_dotted_present', 'trait_leaves_alternate_present'})",0.9720071471113757,20.481834425253126,0.047457035680013956
"frozenset({'trait_subsessile_present', 'trait_floral_tube_obconic_present', 'trait_stamens_12_present', 'trait_petals_purple_present', 'trait_red_dotted_present', 'trait_leaves_alternate_present'})",0.9720071471113757,20.481834425253126,0.047457035680013956
"frozenset({'trait_subsessile_present', 'trait_base_obtuse_to_truncate_present', 'trait_inflorescence_raceme_present', 'trait_petals_purple_present', 'trait_red_dotted_present'})",0.9720071471113757,20.481834425253126,0.047457035680013956
"frozenset({'trait_subsessile_present', 'trait_base_obtuse_to_truncate_present', 'trait_stamens_12_present', 'trait_petals_purple_present', 'trait_red_dotted_present'})",0.9720071471113757,20.481834425253126,0.047457035680013956
"frozenset({'trait_subsessile_present', 'trait_floral_tube_obconic_present', 'trait_inflorescence_raceme_present', 'trait_petals_purple_present', 'trait_red_dotted_present', 'trait_leaves_alternate_present'})",0.9720071471113757,20.481834425253126,0.047457035680013956
"frozenset({'trait_base_obtuse_to_truncate_present', 'trait_floral_tube_obconic_present', 'trait_stamens_12_present', 'trait_petals_purple_present', 'trait_red_dotted_present', 'trait_leaves_alternate_present'})",0.9720071471113757,20.481834425253126,0.047457035680013956
"frozenset({'trait_base_obtuse_to_truncate_present', 'trait_floral_tube_obconic_present', 'trait_inflorescence_raceme_present', 'trait_petals_purple_present', 'trait_red_dotted_present', 'trait_leaves_alternate_present'})",0.9720071471113757,20.481834425253126,0.047457035680013956
"frozenset({'trait_subsessile_present', 'trait_base_obtuse_to_truncate_present', 'trait_petals_purple_present', 'trait_leaves_alternate_present'})",0.9720071471113757,20.039879805153262,0.047457035680013956
"frozenset({'trait_subsessile_present', 'trait_floral_tube_obconic_present', 'trait_base_obtuse_to_truncate_present', 'trait_stamens_12_present', 'trait_solitary_in_leaf_axils_present', 'trait_red_dotted_present'})",0.9720071471113757,20.481834425253126,0.047457035680013956
"frozenset({'trait_subsessile_present', 'trait_floral_tube_obconic_present', 'trait_base_obtuse_to_truncate_present', 'trait_solitary_in_leaf_axils_present', 'trait_petals_purple_present', 'trait_red_dotted_present'})",0.9720071471113757,20.481834425253126,0.047457035680013956
"frozenset({'trait_subsessile_present', 'trait_floral_tube_obconic_present', 'trait_base_obtuse_to_truncate_present', 'trait_inflorescence_raceme_present', 'trait_solitary_in_leaf_axils_present', 'trait_petals_purple_present', 'trait_leaves_alternate_present'})",0.9720071471113757,20.039879805153262,0.047457035680013956
"frozenset({'trait_subsessile_present', 'trait_floral_tube_obconic_present', 'trait_base_obtuse_to_truncate_present', 'trait_petals_purple_present', 'trait_red_dotted_present'})",0.9720071471113757,20.481834425253126,0.047457035680013956
"frozenset({'trait_subsessile_present', 'trait_floral_tube_obconic_present', 'trait_stamens_12_present', 'trait_solitary_in_leaf_axils_present', 'trait_red_dotted_present', 'trait_leaves_alternate_present'})",0.9720071471113757,20.481834425253126,0.047457035680013956
"frozenset({'trait_subsessile_present', 'trait_floral_tube_obconic_present', 'trait_petals_purple_present', 'trait_red_dotted_present', 'trait_leaves_alternate_present'})",0.9720071471113757,20.481834425253126,0.047457035680013956
"frozenset({'trait_subsessile_present', 'trait_floral_tube_obconic_present', 'trait_solitary_in_leaf_axils_present', 'trait_petals_purple_present', 'trait_red_dotted_present', 'trait_leaves_alternate_present'})",0.9720071471113757,20.481834425253126,0.047457035680013956
"frozenset({'trait_subsessile_present', 'trait_floral_tube_obconic_present', 'trait_inflorescence_raceme_present', 'trait_petals_purple_present', 'trait_red_dotted_present'})",0.9720071471113757,20.481834425253126,0.047457035680013956
"frozenset({'trait_subsessile_present', 'trait_floral_tube_obconic_present', 'trait_stamens_12_present', 'trait_petals_purple_present', 'trait_red_dotted_present'})",0.9720071471113757,20.481834425253126,0.047457035680013956
"frozenset({'trait_base_obtuse_to_truncate_present', 'trait_floral_tube_obconic_present', 'trait_solitary_in_leaf_axils_present', 'trait_petals_purple_present', 'trait_red_dotted_present', 'trait_leaves_alternate_present'})",0.9720071471113757,20.481834425253126,0.047457035680013956
"frozenset({'trait_subsessile_present', 'trait_floral_tube_obconic_present', 'trait_stamens_12_present', 'trait_inflorescence_raceme_present', 'trait_solitary_in_leaf_axils_present', 'trait_petals_purple_present'})",0.9720071471113757,20.481834425253126,0.047457035680013956
"frozenset({'trait_subsessile_present', 'trait_base_obtuse_to_truncate_present', 'trait_stamens_12_present', 'trait_inflorescence_raceme_present', 'trait_leaves_alternate_present'})",0.9720071471113757,20.039879805153262,0.047457035680013956
"frozenset({'trait_subsessile_present', 'trait_floral_tube_obconic_present', 'trait_base_obtuse_to_truncate_present', 'trait_stamens_12_present', 'trait_solitary_in_leaf_axils_present', 'trait_petals_purple_present'})",0.9720071471113757,20.481834425253126,0.047457035680013956
"frozenset({'trait_subsessile_present', 'trait_floral_tube_obconic_present', 'trait_base_obtuse_to_truncate_present', 'trait_inflorescence_raceme_present', 'trait_solitary_in_leaf_axils_present', 'trait_petals_purple_present'})",0.9720071471113757,20.481834425253126,0.047457035680013956
"frozenset({'trait_subsessile_present', 'trait_floral_tube_obconic_present', 'trait_stamens_12_present', 'trait_inflorescence_raceme_present', 'trait_solitary_in_leaf_axils_present', 'trait_red_dotted_present'})",0.9720071471113757,20.481834425253126,0.047457035680013956
"frozenset({'trait_subsessile_present', 'trait_floral_tube_obconic_present', 'trait_stamens_12_present', 'trait_inflorescence_raceme_present', 'trait_petals_purple_present', 'trait_red_dotted_present'})",0.9720071471113757,20.481834425253126,0.047457035680013956
"frozenset({'trait_subsessile_present', 'trait_floral_tube_obconic_present', 'trait_stamens_12_present', 'trait_solitary_in_leaf_axils_present', 'trait_petals_purple_present', 'trait_red_dotted_present'})",0.9720071471113757,20.481834425253126,0.047457035680013956
"frozenset({'trait_subsessile_present', 'trait_inflorescence_raceme_present', 'trait_solitary_in_leaf_axils_present', 'trait_petals_purple_present', 'trait_red_dotted_present'})",0.9720071471113757,20.481834425253126,0.047457035680013956
"frozenset({'trait_subsessile_present', 'trait_stamens_12_present', 'trait_inflorescence_raceme_present', 'trait_solitary_in_leaf_axils_present', 'trait_petals_purple_present', 'trait_red_dotted_present'})",0.9720071471113757,20.481834425253126,0.047457035680013956
"frozenset({'trait_subsessile_present', 'trait_base_obtuse_to_truncate_present', 'trait_stamens_12_present', 'trait_petals_purple_present', 'trait_leaves_alternate_present'})",0.9720071471113757,20.039879805153262,0.047457035680013956
"frozenset({'trait_subsessile_present', 'trait_stamens_12_present', 'trait_solitary_in_leaf_axils_present', 'trait_petals_purple_present', 'trait_red_dotted_present'})",0.9720071471113757,20.481834425253126,0.047457035680013956
"frozenset({'trait_subsessile_present', 'trait_floral_tube_obconic_present', 'trait_base_obtuse_to_truncate_present', 'trait_stamens_12_present', 'trait_solitary_in_leaf_axils_present', 'trait_petals_purple_present', 'trait_red_dotted_present'})",0.9720071471113757,20.481834425253126,0.047457035680013956
"frozenset({'trait_base_obtuse_to_truncate_present', 'trait_stamens_12_present', 'trait_red_dotted_present', 'trait_sprawling_or_ascending_present'})",0.971868720696584,20.47891754658997,0.04219372473756143
"frozenset({'trait_base_obtuse_to_truncate_present', 'trait_stamens_12_present', 'trait_inflorescence_raceme_present', 'trait_petals_purple_present', 'trait_leaves_alternate_present', 'trait_sprawling_or_ascending_present'})",0.971868720696584,20.47891754658997,0.04219372473756143
"frozenset({'trait_subsessile_present', 'trait_floral_tube_obconic_present', 'trait_leaves_alternate_present', 'trait_sprawling_or_ascending_present'})",0.971868720696584,20.47891754658997,0.04219372473756143
"frozenset({'trait_subsessile_present', 'trait_floral_tube_obconic_present', 'trait_base_obtuse_to_truncate_present', 'trait_solitary_in_leaf_axils_present', 'trait_petals_purple_present', 'trait_red_dotted_present', 'trait_leaves_alternate_present', 'trait_sprawling_or_ascending_present'})",0.971868720696584,18.144187533135085,0.04219372473756143
"frozenset({'trait_subsessile_present', 'trait_floral_tube_obconic_present', 'trait_base_obtuse_to_truncate_present', 'trait_inflorescence_raceme_present', 'trait_solitary_in_leaf_axils_present', 'trait_red_dotted_present', 'trait_leaves_alternate_present'})",0.9720071471113757,20.039879805153262,0.047457035680013956
"frozenset({'trait_subsessile_present', 'trait_floral_tube_obconic_present', 'trait_base_obtuse_to_truncate_present', 'trait_inflorescence_raceme_present', 'trait_solitary_in_leaf_axils_present', 'trait_petals_purple_present', 'trait_red_dotted_present', 'trait_leaves_alternate_present'})",0.9720071471113757,20.039879805153262,0.047457035680013956
"frozenset({'trait_subsessile_present', 'trait_floral_tube_obconic_present', 'trait_base_obtuse_to_truncate_present', 'trait_stamens_12_present', 'trait_inflorescence_raceme_present', 'trait_solitary_in_leaf_axils_present', 'trait_leaves_alternate_present'})",0.9720071471113757,20.039879805153262,0.047457035680013956
"frozenset({'trait_subsessile_present', 'trait_base_obtuse_to_truncate_present', 'trait_petals_purple_present'})",0.9720071471113757,20.481834425253126,0.047457035680013956
"frozenset({'trait_subsessile_present', 'trait_petals_purple_present', 'trait_leaves_alternate_present'})",0.9720071471113757,20.481834425253126,0.047457035680013956
"frozenset({'trait_subsessile_present', 'trait_inflorescence_raceme_present', 'trait_solitary_in_leaf_axils_present', 'trait_petals_purple_present', 'trait_leaves_alternate_present'})",0.9720071471113757,20.481834425253126,0.047457035680013956
"frozenset({'trait_subsessile_present', 'trait_floral_tube_obconic_present', 'trait_base_obtuse_to_truncate_present', 'trait_inflorescence_raceme_present', 'trait_solitary_in_leaf_axils_present', 'trait_petals_purple_present', 'trait_red_dotted_present', 'trait_leaves_alternate_present', 'trait_sprawling_or_ascending_present'})",0.971868720696584,18.144187533135085,0.04219372473756143
"frozenset({'trait_subsessile_present', 'trait_floral_tube_obconic_present', 'trait_base_obtuse_to_truncate_present', 'trait_stamens_12_present', 'trait_inflorescence_raceme_present', 'trait_red_dotted_present', 'trait_leaves_alternate_present'})",0.9720071471113757,20.039879805153262,0.047457035680013956
"frozenset({'trait_subsessile_present', 'trait_inflorescence_raceme_present', 'trait_petals_purple_present'})",0.9720071471113757,20.481834425253126,0.047457035680013956
"frozenset({'trait_subsessile_present', 'trait_stamens_12_present', 'trait_petals_purple_present'})",0.9720071471113757,20.481834425253126,0.047457035680013956
"frozenset({'trait_subsessile_present', 'trait_base_obtuse_to_truncate_present', 'trait_stamens_12_present', 'trait_solitary_in_leaf_axils_present', 'trait_petals_purple_present'})",0.9720071471113757,20.481834425253126,0.047457035680013956
"frozenset({'trait_subsessile_present', 'trait_stamens_12_present', 'trait_inflorescence_raceme_present', 'trait_petals_purple_present', 'trait_leaves_alternate_present'})",0.9720071471113757,20.481834425253126,0.047457035680013956
"frozenset({'trait_subsessile_present', 'trait_stamens_12_present', 'trait_solitary_in_leaf_axils_present', 'trait_petals_purple_present', 'trait_leaves_alternate_present'})",0.9720071471113757,20.481834425253126,0.047457035680013956
"frozenset({'trait_subsessile_present', 'trait_base_obtuse_to_truncate_present', 'trait_stamens_12_present', 'trait_inflorescence_raceme_present', 'trait_petals_purple_present'})",0.9720071471113757,20.481834425253126,0.047457035680013956
"frozenset({'trait_subsessile_present', 'trait_floral_tube_obconic_present', 'trait_stamens_12_present', 'trait_inflorescence_raceme_present', 'trait_solitary_in_leaf_axils_present', 'trait_petals_purple_present', 'trait_red_dotted_present'})",0.9720071471113757,12.763021680799199,0.047457035680013956
"frozenset({'trait_subsessile_present', 'trait_floral_tube_obconic_present', 'trait_base_obtuse_to_truncate_present', 'trait_stamens_12_present', 'trait_solitary_in_leaf_axils_present', 'trait_petals_purple_present', 'trait_leaves_alternate_present'})",0.9720071471113757,20.039879805153262,0.047457035680013956
"frozenset({'trait_floral_tube_obconic_present', 'trait_stamens_12_present', 'trait_inflorescence_raceme_present', 'trait_solitary_in_leaf_axils_present', 'trait_petals_purple_present', 'trait_red_dotted_present', 'trait_leaves_alternate_present'})",0.9720071471113757,12.763021680799199,0.047457035680013956
"frozenset({'trait_subsessile_present', 'trait_floral_tube_obconic_present', 'trait_stamens_12_present', 'trait_inflorescence_raceme_present', 'trait_solitary_in_leaf_axils_present', 'trait_petals_purple_present', 'trait_red_dotted_present', 'trait_leaves_alternate_present'})",0.9720071471113757,12.763021680799199,0.047457035680013956
"frozenset({'trait_subsessile_present', 'trait_floral_tube_obconic_present', 'trait_base_obtuse_to_truncate_present', 'trait_stamens_12_present', 'trait_petals_purple_present'})",0.9720071471113757,20.481834425253126,0.047457035680013956
"frozenset({'trait_base_obtuse_to_truncate_present', 'trait_floral_tube_obconic_present', 'trait_stamens_12_present', 'trait_inflorescence_raceme_present', 'trait_solitary_in_leaf_axils_present', 'trait_petals_purple_present', 'trait_red_dotted_present'})",0.9720071471113757,12.763021680799199,0.047457035680013956
"frozenset({'trait_subsessile_present', 'trait_floral_tube_obconic_present', 'trait_base_obtuse_to_truncate_present', 'trait_stamens_12_present', 'trait_inflorescence_raceme_present', 'trait_solitary_in_leaf_axils_present', 'trait_petals_purple_present', 'trait_red_dotted_present'})",0.9720071471113757,12.624954014886274,0.047457035680013956
"frozenset({'trait_subsessile_present', 'trait_stamens_12_present', 'trait_solitary_in_leaf_axils_present', 'trait_sprawling_or_ascending_present'})",0.971868720696584,20.47891754658997,0.04219372473756143
"frozenset({'trait_subsessile_present', 'trait_base_obtuse_to_truncate_present', 'trait_inflorescence_raceme_present', 'trait_solitary_in_leaf_axils_present', 'trait_petals_purple_present'})",0.9720071471113757,20.481834425253126,0.047457035680013956
"frozenset({'trait_stamens_12_present', 'trait_solitary_in_leaf_axils_present', 'trait_leaves_alternate_present', 'trait_sprawling_or_ascending_present'})",0.971868720696584,20.47891754658997,0.04219372473756143
"frozenset({'trait_subsessile_present', 'trait_base_obtuse_to_truncate_present', 'trait_stamens_12_present', 'trait_solitary_in_leaf_axils_present', 'trait_red_dotted_present', 'trait_leaves_alternate_present'})",0.9720071471113757,20.039879805153262,0.047457035680013956
"frozenset({'trait_subsessile_present', 'trait_floral_tube_obconic_present', 'trait_base_obtuse_to_truncate_present', 'trait_stamens_12_present', 'trait_petals_purple_present', 'trait_red_dotted_present', 'trait_leaves_alternate_present'})",0.9720071471113757,20.039879805153262,0.047457035680013956
"frozenset({'trait_subsessile_present', 'trait_red_dotted_present', 'trait_sprawling_or_ascending_present'})",0.971868720696584,20.47891754658997,0.04219372473756143
"frozenset({'trait_subsessile_present', 'trait_floral_tube_obconic_present', 'trait_base_obtuse_to_truncate_present', 'trait_stamens_12_present', 'trait_solitary_in_leaf_axils_present', 'trait_petals_purple_present', 'trait_red_dotted_present', 'trait_leaves_alternate_present'})",0.9720071471113757,20.039879805153262,0.047457035680013956
"frozenset({'trait_subsessile_present', 'trait_stamens_12_present', 'trait_sprawling_or_ascending_present'})",0.971868720696584,20.47891754658997,0.04219372473756143
"frozenset({'trait_subsessile_present', 'trait_petals_purple_present', 'trait_sprawling_or_ascending_present'})",0.971868720696584,20.47891754658997,0.04219372473756143
"frozenset({'trait_subsessile_present', 'trait_inflorescence_raceme_present', 'trait_sprawling_or_ascending_present'})",0.971868720696584,20.47891754658997,0.04219372473756143
"frozenset({'trait_subsessile_present', 'trait_solitary_in_leaf_axils_present', 'trait_sprawling_or_ascending_present'})",0.971868720696584,20.47891754658997,0.04219372473756143
"frozenset({'trait_subsessile_present', 'trait_floral_tube_obconic_present', 'trait_sprawling_or_ascending_present'})",0.971868720696584,20.47891754658997,0.04219372473756143
"frozenset({'trait_base_obtuse_to_truncate_present', 'trait_floral_tube_obconic_present', 'trait_stamens_12_present', 'trait_inflorescence_raceme_present', 'trait_solitary_in_leaf_axils_present', 'trait_petals_purple_present', 'trait_red_dotted_present', 'trait_leaves_alternate_present', 'trait_sprawling_or_ascending_present'})",0.971868720696584,11.979065747682736,0.04219372473756143
"frozenset({'trait_subsessile_present', 'trait_stamens_12_present', 'trait_base_obtuse_to_truncate_present', 'trait_sprawling_or_ascending_present'})",0.971868720696584,20.47891754658997,0.04219372473756143
"frozenset({'trait_subsessile_present', 'trait_base_obtuse_to_truncate_present', 'trait_petals_purple_present', 'trait_sprawling_or_ascending_present'})",0.971868720696584,20.47891754658997,0.04219372473756143
"frozenset({'trait_subsessile_present', 'trait_stamens_12_present', 'trait_leaves_alternate_present', 'trait_sprawling_or_ascending_present'})",0.971868720696584,20.47891754658997,0.04219372473756143
"frozenset({'trait_subsessile_present', 'trait_petals_purple_present', 'trait_leaves_alternate_present', 'trait_sprawling_or_ascending_present'})",0.971868720696584,20.47891754658997,0.04219372473756143
"frozenset({'trait_subsessile_present', 'trait_floral_tube_obconic_present', 'trait_base_obtuse_to_truncate_present', 'trait_solitary_in_leaf_axils_present', 'trait_petals_purple_present', 'trait_red_dotted_present', 'trait_leaves_alternate_present'})",0.9720071471113757,20.039879805153262,0.047457035680013956
"frozenset({'trait_subsessile_present', 'trait_floral_tube_obconic_present', 'trait_stamens_12_present', 'trait_sprawling_or_ascending_present'})",0.971868720696584,20.47891754658997,0.04219372473756143
"frozenset({'trait_subsessile_present', 'trait_stamens_12_present', 'trait_petals_purple_present', 'trait_sprawling_or_ascending_present'})",0.971868720696584,20.47891754658997,0.04219372473756143
"frozenset({'trait_subsessile_present', 'trait_inflorescence_raceme_present', 'trait_petals_purple_present', 'trait_sprawling_or_ascending_present'})",0.971868720696584,20.47891754658997,0.04219372473756143
"frozenset({'trait_subsessile_present', 'trait_floral_tube_obconic_present', 'trait_base_obtuse_to_truncate_present', 'trait_stamens_12_present', 'trait_solitary_in_leaf_axils_present', 'trait_red_dotted_present', 'trait_leaves_alternate_present'})",0.9720071471113757,20.039879805153262,0.047457035680013956
"frozenset({'trait_subsessile_present', 'trait_floral_tube_obconic_present', 'trait_base_obtuse_to_truncate_present', 'trait_stamens_12_present', 'trait_inflorescence_raceme_present', 'trait_solitary_in_leaf_axils_present', 'trait_red_dotted_present', 'trait_leaves_alternate_present'})",0.9720071471113757,20.039879805153262,0.047457035680013956
"frozenset({'trait_subsessile_present', 'trait_solitary_in_leaf_axils_present', 'trait_petals_purple_present', 'trait_sprawling_or_ascending_present'})",0.971868720696584,20.47891754658997,0.04219372473756143
"frozenset({'trait_subsessile_present', 'trait_base_obtuse_to_truncate_present', 'trait_stamens_12_present', 'trait_solitary_in_leaf_axils_present', 'trait_petals_purple_present', 'trait_red_dotted_present', 'trait_leaves_alternate_present'})",0.9720071471113757,20.039879805153262,0.047457035680013956
"frozenset({'trait_subsessile_present', 'trait_base_obtuse_to_truncate_present', 'trait_stamens_12_present', 'trait_inflorescence_raceme_present', 'trait_solitary_in_leaf_axils_present', 'trait_red_dotted_present', 'trait_leaves_alternate_present'})",0.9720071471113757,20.039879805153262,0.047457035680013956
"frozenset({'trait_base_obtuse_to_truncate_present', 'trait_floral_tube_obconic_present', 'trait_stamens_12_present', 'trait_inflorescence_raceme_present', 'trait_solitary_in_leaf_axils_present', 'trait_petals_purple_present', 'trait_red_dotted_present', 'trait_leaves_alternate_present'})",0.9720071471113757,12.624954014886274,0.047457035680013956
"frozenset({'trait_base_obtuse_to_truncate_present', 'trait_stamens_12_present', 'trait_solitary_in_leaf_axils_present', 'trait_leaves_alternate_present', 'trait_sprawling_or_ascending_present'})",0.971868720696584,20.47891754658997,0.04219372473756143
"frozenset({'trait_subsessile_present', 'trait_floral_tube_obconic_present', 'trait_base_obtuse_to_truncate_present', 'trait_inflorescence_raceme_present', 'trait_petals_purple_present', 'trait_red_dotted_present', 'trait_leaves_alternate_present'})",0.9720071471113757,20.039879805153262,0.047457035680013956
"frozenset({'trait_base_obtuse_to_truncate_present', 'trait_floral_tube_obconic_present', 'trait_stamens_12_present', 'trait_solitary_in_leaf_axils_present', 'trait_petals_purple_present', 'trait_leaves_alternate_present', 'trait_sprawling_or_ascending_present'})",0.971868720696584,20.47891754658997,0.04219372473756143
"frozenset({'trait_subsessile_present', 'trait_stamens_12_present', 'trait_solitary_in_leaf_axils_present', 'trait_leaves_alternate_present', 'trait_sprawling_or_ascending_present'})",0.971868720696584,20.47891754658997,0.04219372473756143
"frozenset({'trait_subsessile_present', 'trait_stamens_12_present', 'trait_inflorescence_raceme_present', 'trait_sprawling_or_ascending_present'})",0.971868720696584,20.47891754658997,0.04219372473756143
"frozenset({'trait_base_obtuse_to_truncate_present', 'trait_floral_tube_obconic_present', 'trait_stamens_12_present', 'trait_sprawling_or_ascending_present'})",0.971868720696584,20.47891754658997,0.04219372473756143
"frozenset({'trait_subsessile_present', 'trait_floral_tube_obconic_present', 'trait_base_obtuse_to_truncate_present', 'trait_stamens_12_present', 'trait_sprawling_or_ascending_present'})",0.971868720696584,20.47891754658997,0.04219372473756143
"frozenset({'trait_inflorescence_raceme_present', 'trait_solitary_in_leaf_axils_present', 'trait_leaves_alternate_present', 'trait_sprawling_or_ascending_present'})",0.971868720696584,20.47891754658997,0.04219372473756143
"frozenset({'trait_subsessile_present', 'trait_stamens_12_present', 'trait_base_obtuse_to_truncate_present', 'trait_petals_purple_present'})",0.9720071471113757,20.481834425253126,0.047457035680013956
"frozenset({'trait_subsessile_present', 'trait_base_obtuse_to_truncate_present', 'trait_inflorescence_raceme_present', 'trait_petals_purple_present'})",0.9720071471113757,20.481834425253126,0.047457035680013956
"frozenset({'trait_subsessile_present', 'trait_base_obtuse_to_truncate_present', 'trait_solitary_in_leaf_axils_present', 'trait_petals_purple_present', 'trait_sprawling_or_ascending_present'})",0.971868720696584,20.47891754658997,0.04219372473756143
"frozenset({'trait_subsessile_present', 'trait_stamens_12_present', 'trait_petals_purple_present', 'trait_leaves_alternate_present'})",0.9720071471113757,20.481834425253126,0.047457035680013956
"frozenset({'trait_subsessile_present', 'trait_inflorescence_raceme_present', 'trait_leaves_alternate_present', 'trait_petals_purple_present'})",0.9720071471113757,20.481834425253126,0.047457035680013956
"frozenset({'trait_subsessile_present', 'trait_solitary_in_leaf_axils_present', 'trait_petals_purple_present', 'trait_leaves_alternate_present', 'trait_sprawling_or_ascending_present'})",0.971868720696584,20.47891754658997,0.04219372473756143
"frozenset({'trait_subsessile_present', 'trait_solitary_in_leaf_axils_present', 'trait_inflorescence_raceme_present', 'trait_sprawling_or_ascending_present'})",0.971868720696584,20.47891754658997,0.04219372473756143
"frozenset({'trait_subsessile_present', 'trait_red_dotted_present', 'trait_leaves_alternate_present', 'trait_sprawling_or_ascending_present'})",0.971868720696584,20.47891754658997,0.04219372473756143
"frozenset({'trait_subsessile_present', 'trait_base_obtuse_to_truncate_present', 'trait_red_dotted_present', 'trait_sprawling_or_ascending_present'})",0.971868720696584,20.47891754658997,0.04219372473756143
"frozenset({'trait_base_obtuse_to_truncate_present', 'trait_stamens_12_present', 'trait_solitary_in_leaf_axils_present', 'trait_sprawling_or_ascending_present'})",0.971868720696584,20.47891754658997,0.04219372473756143
"frozenset({'trait_subsessile_present', 'trait_floral_tube_obconic_present', 'trait_red_dotted_present', 'trait_petals_purple_present'})",0.9720071471113757,20.481834425253126,0.047457035680013956
"frozenset({'trait_subsessile_present', 'trait_floral_tube_obconic_present', 'trait_base_obtuse_to_truncate_present', 'trait_inflorescence_raceme_present', 'trait_petals_purple_present'})",0.9720071471113757,20.481834425253126,0.047457035680013956
"frozenset({'trait_subsessile_present', 'trait_floral_tube_obconic_present', 'trait_petals_purple_present', 'trait_sprawling_or_ascending_present'})",0.971868720696584,20.47891754658997,0.04219372473756143
"frozenset({'trait_subsessile_present', 'trait_solitary_in_leaf_axils_present', 'trait_petals_purple_present', 'trait_red_dotted_present'})",0.9720071471113757,20.481834425253126,0.047457035680013956
"frozenset({'trait_subsessile_present', 'trait_stamens_12_present', 'trait_red_dotted_present', 'trait_sprawling_or_ascending_present'})",0.971868720696584,20.47891754658997,0.04219372473756143
"frozenset({'trait_subsessile_present', 'trait_red_dotted_present', 'trait_petals_purple_present', 'trait_sprawling_or_ascending_present'})",0.971868720696584,20.47891754658997,0.04219372473756143
"frozenset({'trait_stamens_12_present', 'trait_red_dotted_present', 'trait_leaves_alternate_present', 'trait_sprawling_or_ascending_present'})",0.971868720696584,20.47891754658997,0.04219372473756143
"frozenset({'trait_red_dotted_present', 'trait_petals_purple_present', 'trait_leaves_alternate_present', 'trait_sprawling_or_ascending_present'})",0.971868720696584,20.47891754658997,0.04219372473756143
"frozenset({'trait_subsessile_present', 'trait_floral_tube_obconic_present', 'trait_solitary_in_leaf_axils_present', 'trait_petals_purple_present'})",0.9720071471113757,20.481834425253126,0.047457035680013956
"frozenset({'trait_subsessile_present', 'trait_base_obtuse_to_truncate_present', 'trait_stamens_12_present', 'trait_petals_purple_present', 'trait_red_dotted_present', 'trait_leaves_alternate_present'})",0.9720071471113757,20.039879805153262,0.047457035680013956
"frozenset({'trait_base_obtuse_to_truncate_present', 'trait_solitary_in_leaf_axils_present', 'trait_petals_purple_present', 'trait_sprawling_or_ascending_present'})",0.971868720696584,20.47891754658997,0.04219372473756143
"frozenset({'trait_subsessile_present', 'trait_floral_tube_obconic_present', 'trait_stamens_12_present', 'trait_petals_purple_present', 'trait_leaves_alternate_present'})",0.9720071471113757,20.481834425253126,0.047457035680013956
"frozenset({'trait_subsessile_present', 'trait_floral_tube_obconic_present', 'trait_inflorescence_raceme_present', 'trait_petals_purple_present', 'trait_leaves_alternate_present'})",0.9720071471113757,20.481834425253126,0.047457035680013956
"frozenset({'trait_floral_tube_obconic_present', 'trait_stamens_12_present', 'trait_leaves_alternate_present', 'trait_sprawling_or_ascending_present'})",0.971868720696584,20.47891754658997,0.04219372473756143
"frozenset({'trait_subsessile_present', 'trait_base_obtuse_to_truncate_present', 'trait_stamens_12_present', 'trait_solitary_in_leaf_axils_present', 'trait_sprawling_or_ascending_present'})",0.971868720696584,20.47891754658997,0.04219372473756143
"frozenset({'trait_subsessile_present', 'trait_floral_tube_obconic_present', 'trait_base_obtuse_to_truncate_present', 'trait_stamens_12_present', 'trait_solitary_in_leaf_axils_present', 'trait_petals_purple_present', 'trait_red_dotted_present', 'trait_leaves_alternate_present', 'trait_sprawling_or_ascending_present'})",0.971868720696584,3.6901394982924622,0.04219372473756143
"frozenset({'trait_subsessile_present', 'trait_red_dotted_present', 'trait_inflorescence_raceme_present', 'trait_petals_purple_present'})",0.9720071471113757,20.481834425253126,0.047457035680013956
"frozenset({'trait_subsessile_present', 'trait_floral_tube_obconic_present', 'trait_base_obtuse_to_truncate_present', 'trait_petals_purple_present'})",0.9720071471113757,20.481834425253126,0.047457035680013956
"frozenset({'trait_subsessile_present', 'trait_floral_tube_obconic_present', 'trait_inflorescence_raceme_present', 'trait_sprawling_or_ascending_present'})",0.971868720696584,20.47891754658997,0.04219372473756143
"frozenset({'trait_inflorescence_raceme_present', 'trait_floral_tube_obconic_present', 'trait_leaves_alternate_present', 'trait_sprawling_or_ascending_present'})",0.971868720696584,20.47891754658997,0.04219372473756143
"frozenset({'trait_subsessile_present', 'trait_red_dotted_present', 'trait_inflorescence_raceme_present', 'trait_sprawling_or_ascending_present'})",0.971868720696584,20.47891754658997,0.04219372473756143
"frozenset({'trait_inflorescence_raceme_present', 'trait_red_dotted_present', 'trait_leaves_alternate_present', 'trait_sprawling_or_ascending_present'})",0.971868720696584,20.47891754658997,0.04219372473756143
"frozenset({'trait_subsessile_present', 'trait_floral_tube_obconic_present', 'trait_solitary_in_leaf_axils_present', 'trait_sprawling_or_ascending_present'})",0.971868720696584,20.47891754658997,0.04219372473756143
"frozenset({'trait_subsessile_present', 'trait_solitary_in_leaf_axils_present', 'trait_red_dotted_present', 'trait_sprawling_or_ascending_present'})",0.971868720696584,20.47891754658997,0.04219372473756143
"frozenset({'trait_subsessile_present', 'trait_floral_tube_obconic_present', 'trait_inflorescence_raceme_present', 'trait_petals_purple_present'})",0.9720071471113757,20.481834425253126,0.047457035680013956
"frozenset({'trait_subsessile_present', 'trait_floral_tube_obconic_present', 'trait_stamens_12_present', 'trait_petals_purple_present'})",0.9720071471113757,20.481834425253126,0.047457035680013956
"frozenset({'trait_subsessile_present', 'trait_floral_tube_obconic_present', 'trait_red_dotted_present', 'trait_sprawling_or_ascending_present'})",0.971868720696584,20.47891754658997,0.04219372473756143
"frozenset({'trait_base_obtuse_to_truncate_present', 'trait_solitary_in_leaf_axils_present', 'trait_inflorescence_raceme_present', 'trait_sprawling_or_ascending_present'})",0.971868720696584,20.47891754658997,0.04219372473756143
"frozenset({'trait_base_obtuse_to_truncate_present', 'trait_floral_tube_obconic_present', 'trait_inflorescence_raceme_present', 'trait_sprawling_or_ascending_present'})",0.971868720696584,20.47891754658997,0.04219372473756143
"frozenset({'trait_base_obtuse_to_truncate_present', 'trait_red_dotted_present', 'trait_inflorescence_raceme_present', 'trait_sprawling_or_ascending_present'})",0.971868720696584,20.47891754658997,0.04219372473756143
"frozenset({'trait_subsessile_present', 'trait_solitary_in_leaf_axils_present', 'trait_inflorescence_raceme_present', 'trait_petals_purple_present'})",0.9720071471113757,20.481834425253126,0.047457035680013956
"frozenset({'trait_subsessile_present', 'trait_stamens_12_present', 'trait_solitary_in_leaf_axils_present', 'trait_petals_purple_present'})",0.9720071471113757,20.481834425253126,0.047457035680013956
"frozenset({'trait_subsessile_present', 'trait_stamens_12_present', 'trait_red_dotted_present', 'trait_petals_purple_present'})",0.9720071471113757,20.481834425253126,0.047457035680013956
"frozenset({'trait_subsessile_present', 'trait_stamens_12_present', 'trait_inflorescence_raceme_present', 'trait_petals_purple_present'})",0.9720071471113757,20.481834425253126,0.047457035680013956
"frozenset({'trait_subsessile_present', 'trait_base_obtuse_to_truncate_present', 'trait_stamens_12_present', 'trait_inflorescence_raceme_present', 'trait_sprawling_or_ascending_present'})",0.971868720696584,20.47891754658997,0.04219372473756143
"frozenset({'trait_subsessile_present', 'trait_base_obtuse_to_truncate_present', 'trait_stamens_12_present', 'trait_petals_purple_present', 'trait_sprawling_or_ascending_present'})",0.971868720696584,20.47891754658997,0.04219372473756143
"frozenset({'trait_subsessile_present', 'trait_red_dotted_present', 'trait_petals_purple_present', 'trait_leaves_alternate_present'})",0.9720071471113757,20.481834425253126,0.047457035680013956
"frozenset({'trait_subsessile_present', 'trait_base_obtuse_to_truncate_present', 'trait_inflorescence_raceme_present', 'trait_petals_purple_present', 'trait_sprawling_or_ascending_present'})",0.971868720696584,20.47891754658997,0.04219372473756143
"frozenset({'trait_subsessile_present', 'trait_base_obtuse_to_truncate_present', 'trait_petals_purple_present', 'trait_red_dotted_present'})",0.9720071471113757,20.481834425253126,0.047457035680013956
"frozenset({'trait_subsessile_present', 'trait_stamens_12_present', 'trait_inflorescence_raceme_present', 'trait_leaves_alternate_present', 'trait_sprawling_or_ascending_present'})",0.971868720696584,20.47891754658997,0.04219372473756143
"frozenset({'trait_subsessile_present', 'trait_floral_tube_obconic_present', 'trait_petals_purple_present', 'trait_leaves_alternate_present'})",0.9720071471113757,20.481834425253126,0.047457035680013956
"frozenset({'trait_subsessile_present', 'trait_stamens_12_present', 'trait_petals_purple_present', 'trait_leaves_alternate_present', 'trait_sprawling_or_ascending_present'})",0.971868720696584,20.47891754658997,0.04219372473756143
"frozenset({'trait_subsessile_present', 'trait_inflorescence_raceme_present', 'trait_petals_purple_present', 'trait_leaves_alternate_present', 'trait_sprawling_or_ascending_present'})",0.971868720696584,20.47891754658997,0.04219372473756143
"frozenset({'trait_solitary_in_leaf_axils_present', 'trait_petals_purple_present', 'trait_leaves_alternate_present', 'trait_sprawling_or_ascending_present'})",0.971868720696584,20.47891754658997,0.04219372473756143
"frozenset({'trait_base_obtuse_to_truncate_present', 'trait_floral_tube_obconic_present', 'trait_stamens_12_present', 'trait_solitary_in_leaf_axils_present', 'trait_red_dotted_present', 'trait_leaves_alternate_present'})",0.9720071471113757,20.481834425253126,0.047457035680013956
"frozenset({'trait_subsessile_present', 'trait_base_obtuse_to_truncate_present', 'trait_stamens_12_present', 'trait_inflorescence_raceme_present', 'trait_petals_purple_present', 'trait_leaves_alternate_present'})",0.9720071471113757,20.039879805153262,0.047457035680013956
"frozenset({'trait_subsessile_present', 'trait_floral_tube_obconic_present', 'trait_base_obtuse_to_truncate_present', 'trait_petals_purple_present', 'trait_red_dotted_present', 'trait_leaves_alternate_present'})",0.9720071471113757,20.039879805153262,0.047457035680013956
"frozenset({'trait_subsessile_present', 'trait_floral_tube_obconic_present', 'trait_base_obtuse_to_truncate_present', 'trait_petals_purple_present', 'trait_sprawling_or_ascending_present'})",0.971868720696584,20.47891754658997,0.04219372473756143
"frozenset({'trait_subsessile_present', 'trait_floral_tube_obconic_present', 'trait_base_obtuse_to_truncate_present', 'trait_stamens_12_present', 'trait_inflorescence_raceme_present', 'trait_sprawling_or_ascending_present'})",0.971868720696584,20.47891754658997,0.04219372473756143
"frozenset({'trait_solitary_in_leaf_axils_present', 'trait_petals_purple_present', 'trait_red_dotted_present', 'trait_leaves_alternate_present', 'trait_sprawling_or_ascending_present'})",0.971868720696584,20.47891754658997,0.04219372473756143
"frozenset({'trait_base_obtuse_to_truncate_present', 'trait_floral_tube_obconic_present', 'trait_inflorescence_raceme_present', 'trait_petals_purple_present', 'trait_sprawling_or_ascending_present'})",0.971868720696584,20.47891754658997,0.04219372473756143
"frozenset({'trait_base_obtuse_to_truncate_present', 'trait_floral_tube_obconic_present', 'trait_stamens_12_present', 'trait_petals_purple_present', 'trait_sprawling_or_ascending_present'})",0.971868720696584,20.47891754658997,0.04219372473756143
"frozenset({'trait_stamens_12_present', 'trait_petals_purple_present', 'trait_red_dotted_present', 'trait_leaves_alternate_present', 'trait_sprawling_or_ascending_present'})",0.971868720696584,20.47891754658997,0.04219372473756143
"frozenset({'trait_inflorescence_raceme_present', 'trait_petals_purple_present', 'trait_red_dotted_present', 'trait_leaves_alternate_present', 'trait_sprawling_or_ascending_present'})",0.971868720696584,20.47891754658997,0.04219372473756143
"frozenset({'trait_subsessile_present', 'trait_floral_tube_obconic_present', 'trait_stamens_12_present', 'trait_solitary_in_leaf_axils_present', 'trait_sprawling_or_ascending_present'})",0.971868720696584,20.47891754658997,0.04219372473756143
"frozenset({'trait_floral_tube_obconic_present', 'trait_stamens_12_present', 'trait_solitary_in_leaf_axils_present', 'trait_leaves_alternate_present', 'trait_sprawling_or_ascending_present'})",0.971868720696584,20.47891754658997,0.04219372473756143
"frozenset({'trait_floral_tube_obconic_present', 'trait_solitary_in_leaf_axils_present', 'trait_petals_purple_present', 'trait_leaves_alternate_present', 'trait_sprawling_or_ascending_present'})",0.971868720696584,20.47891754658997,0.04219372473756143
"frozenset({'trait_subsessile_present', 'trait_stamens_12_present', 'trait_solitary_in_leaf_axils_present', 'trait_red_dotted_present', 'trait_sprawling_or_ascending_present'})",0.971868720696584,20.47891754658997,0.04219372473756143
"frozenset({'trait_subsessile_present', 'trait_floral_tube_obconic_present', 'trait_inflorescence_raceme_present', 'trait_petals_purple_present', 'trait_leaves_alternate_present', 'trait_sprawling_or_ascending_present'})",0.971868720696584,20.47891754658997,0.04219372473756143
"frozenset({'trait_stamens_12_present', 'trait_solitary_in_leaf_axils_present', 'trait_red_dotted_present', 'trait_leaves_alternate_present', 'trait_sprawling_or_ascending_present'})",0.971868720696584,20.47891754658997,0.04219372473756143
"frozenset({'trait_base_obtuse_to_truncate_present', 'trait_floral_tube_obconic_present', 'trait_petals_purple_present', 'trait_sprawling_or_ascending_present'})",0.971868720696584,20.47891754658997,0.04219372473756143
"frozenset({'trait_subsessile_present', 'trait_floral_tube_obconic_present', 'trait_stamens_12_present', 'trait_red_dotted_present', 'trait_sprawling_or_ascending_present'})",0.971868720696584,20.47891754658997,0.04219372473756143
"frozenset({'trait_subsessile_present', 'trait_inflorescence_raceme_present', 'trait_petals_purple_present', 'trait_red_dotted_present', 'trait_sprawling_or_ascending_present'})",0.971868720696584,20.47891754658997,0.04219372473756143
"frozenset({'trait_subsessile_present', 'trait_floral_tube_obconic_present', 'trait_petals_purple_present', 'trait_red_dotted_present', 'trait_sprawling_or_ascending_present'})",0.971868720696584,20.47891754658997,0.04219372473756143
"frozenset({'trait_floral_tube_obconic_present', 'trait_stamens_12_present', 'trait_red_dotted_present', 'trait_leaves_alternate_present', 'trait_sprawling_or_ascending_present'})",0.971868720696584,20.47891754658997,0.04219372473756143
"frozenset({'trait_floral_tube_obconic_present', 'trait_petals_purple_present', 'trait_red_dotted_present', 'trait_leaves_alternate_present', 'trait_sprawling_or_ascending_present'})",0.971868720696584,20.47891754658997,0.04219372473756143
"frozenset({'trait_base_obtuse_to_truncate_present', 'trait_stamens_12_present', 'trait_inflorescence_raceme_present', 'trait_solitary_in_leaf_axils_present', 'trait_sprawling_or_ascending_present'})",0.971868720696584,20.47891754658997,0.04219372473756143
"frozenset({'trait_base_obtuse_to_truncate_present', 'trait_stamens_12_present', 'trait_inflorescence_raceme_present', 'trait_petals_purple_present', 'trait_sprawling_or_ascending_present'})",0.971868720696584,20.47891754658997,0.04219372473756143
"frozenset({'trait_base_obtuse_to_truncate_present', 'trait_stamens_12_present', 'trait_solitary_in_leaf_axils_present', 'trait_petals_purple_present', 'trait_sprawling_or_ascending_present'})",0.971868720696584,20.47891754658997,0.04219372473756143
"frozenset({'trait_base_obtuse_to_truncate_present', 'trait_inflorescence_raceme_present', 'trait_solitary_in_leaf_axils_present', 'trait_petals_purple_present', 'trait_sprawling_or_ascending_present'})",0.971868720696584,20.47891754658997,0.04219372473756143
"frozenset({'trait_base_obtuse_to_truncate_present', 'trait_floral_tube_obconic_present', 'trait_stamens_12_present', 'trait_inflorescence_raceme_present', 'trait_sprawling_or_ascending_present'})",0.971868720696584,20.47891754658997,0.04219372473756143
"frozenset({'trait_subsessile_present', 'trait_floral_tube_obconic_present', 'trait_base_obtuse_to_truncate_present', 'trait_inflorescence_raceme_present', 'trait_petals_purple_present', 'trait_sprawling_or_ascending_present'})",0.971868720696584,20.47891754658997,0.04219372473756143
"frozenset({'trait_subsessile_present', 'trait_solitary_in_leaf_axils_present', 'trait_petals_purple_present'})",0.9720071471113757,20.481834425253126,0.047457035680013956
"frozenset({'trait_base_obtuse_to_truncate_present', 'trait_floral_tube_obconic_present', 'trait_solitary_in_leaf_axils_present', 'trait_petals_purple_present', 'trait_red_dotted_present', 'trait_sprawling_or_ascending_present'})",0.971868720696584,20.47891754658997,0.04219372473756143
"frozenset({'trait_subsessile_present', 'trait_floral_tube_obconic_present', 'trait_inflorescence_raceme_present', 'trait_solitary_in_leaf_axils_present', 'trait_leaves_alternate_present', 'trait_sprawling_or_ascending_present'})",0.971868720696584,20.47891754658997,0.04219372473756143
"frozenset({'trait_subsessile_present', 'trait_floral_tube_obconic_present', 'trait_petals_purple_present'})",0.9720071471113757,20.481834425253126,0.047457035680013956
"frozenset({'trait_base_obtuse_to_truncate_present', 'trait_floral_tube_obconic_present', 'trait_inflorescence_raceme_present', 'trait_solitary_in_leaf_axils_present', 'trait_petals_purple_present', 'trait_sprawling_or_ascending_present'})",0.971868720696584,20.47891754658997,0.04219372473756143
"frozenset({'trait_base_obtuse_to_truncate_present', 'trait_floral_tube_obconic_present', 'trait_inflorescence_raceme_present', 'trait_solitary_in_leaf_axils_present', 'trait_red_dotted_present', 'trait_leaves_alternate_present', 'trait_sprawling_or_ascending_present'})",0.971868720696584,20.47891754658997,0.04219372473756143
"frozenset({'trait_floral_tube_obconic_present', 'trait_stamens_12_present', 'trait_petals_purple_present', 'trait_red_dotted_present', 'trait_leaves_alternate_present', 'trait_sprawling_or_ascending_present'})",0.971868720696584,20.47891754658997,0.04219372473756143
"frozenset({'trait_floral_tube_obconic_present', 'trait_inflorescence_raceme_present', 'trait_petals_purple_present', 'trait_red_dotted_present', 'trait_leaves_alternate_present', 'trait_sprawling_or_ascending_present'})",0.971868720696584,20.47891754658997,0.04219372473756143
"frozenset({'trait_subsessile_present', 'trait_floral_tube_obconic_present', 'trait_stamens_12_present', 'trait_solitary_in_leaf_axils_present', 'trait_red_dotted_present', 'trait_sprawling_or_ascending_present'})",0.971868720696584,20.47891754658997,0.04219372473756143
"frozenset({'trait_subsessile_present', 'trait_base_obtuse_to_truncate_present', 'trait_petals_purple_present', 'trait_solitary_in_leaf_axils_present'})",0.9720071471113757,20.481834425253126,0.047457035680013956
"frozenset({'trait_subsessile_present', 'trait_floral_tube_obconic_present', 'trait_solitary_in_leaf_axils_present', 'trait_petals_purple_present', 'trait_red_dotted_present', 'trait_sprawling_or_ascending_present'})",0.971868720696584,20.47891754658997,0.04219372473756143
"frozenset({'trait_floral_tube_obconic_present', 'trait_stamens_12_present', 'trait_solitary_in_leaf_axils_present', 'trait_red_dotted_present', 'trait_leaves_alternate_present', 'trait_sprawling_or_ascending_present'})",0.971868720696584,20.47891754658997,0.04219372473756143
"frozenset({'trait_floral_tube_obconic_present', 'trait_solitary_in_leaf_axils_present', 'trait_petals_purple_present', 'trait_red_dotted_present', 'trait_leaves_alternate_present', 'trait_sprawling_or_ascending_present'})",0.971868720696584,20.47891754658997,0.04219372473756143
"frozenset({'trait_base_obtuse_to_truncate_present', 'trait_floral_tube_obconic_present', 'trait_stamens_12_present', 'trait_inflorescence_raceme_present', 'trait_solitary_in_leaf_axils_present', 'trait_sprawling_or_ascending_present'})",0.971868720696584,20.47891754658997,0.04219372473756143
"frozenset({'trait_subsessile_present', 'trait_solitary_in_leaf_axils_present', 'trait_petals_purple_present', 'trait_red_dotted_present', 'trait_sprawling_or_ascending_present'})",0.971868720696584,20.47891754658997,0.04219372473756143
"frozenset({'trait_base_obtuse_to_truncate_present', 'trait_floral_tube_obconic_present', 'trait_stamens_12_present', 'trait_inflorescence_raceme_present', 'trait_petals_purple_present', 'trait_sprawling_or_ascending_present'})",0.971868720696584,20.47891754658997,0.04219372473756143
"frozenset({'trait_base_obtuse_to_truncate_present', 'trait_floral_tube_obconic_present', 'trait_stamens_12_present', 'trait_solitary_in_leaf_axils_present', 'trait_petals_purple_present', 'trait_sprawling_or_ascending_present'})",0.971868720696584,20.47891754658997,0.04219372473756143
"frozenset({'trait_base_obtuse_to_truncate_present', 'trait_stamens_12_present', 'trait_inflorescence_raceme_present', 'trait_solitary_in_leaf_axils_present', 'trait_petals_purple_present', 'trait_sprawling_or_ascending_present'})",0.971868720696584,20.47891754658997,0.04219372473756143
"frozenset({'trait_subsessile_present', 'trait_floral_tube_obconic_present', 'trait_solitary_in_leaf_axils_present', 'trait_petals_purple_present', 'trait_sprawling_or_ascending_present'})",0.971868720696584,20.47891754658997,0.04219372473756143
"frozenset({'trait_subsessile_present', 'trait_floral_tube_obconic_present', 'trait_base_obtuse_to_truncate_present', 'trait_inflorescence_raceme_present', 'trait_solitary_in_leaf_axils_present', 'trait_sprawling_or_ascending_present'})",0.971868720696584,20.47891754658997,0.04219372473756143
"frozenset({'trait_base_obtuse_to_truncate_present', 'trait_stamens_12_present', 'trait_inflorescence_raceme_present', 'trait_solitary_in_leaf_axils_present', 'trait_red_dotted_present', 'trait_sprawling_or_ascending_present'})",0.971868720696584,20.47891754658997,0.04219372473756143
"frozenset({'trait_base_obtuse_to_truncate_present', 'trait_stamens_12_present', 'trait_inflorescence_raceme_present', 'trait_petals_purple_present', 'trait_red_dotted_present', 'trait_sprawling_or_ascending_present'})",0.971868720696584,20.47891754658997,0.04219372473756143
"frozenset({'trait_base_obtuse_to_truncate_present', 'trait_stamens_12_present', 'trait_solitary_in_leaf_axils_present', 'trait_petals_purple_present', 'trait_red_dotted_present', 'trait_sprawling_or_ascending_present'})",0.971868720696584,20.47891754658997,0.04219372473756143
"frozenset({'trait_base_obtuse_to_truncate_present', 'trait_inflorescence_raceme_present', 'trait_solitary_in_leaf_axils_present', 'trait_petals_purple_present', 'trait_red_dotted_present', 'trait_sprawling_or_ascending_present'})",0.971868720696584,20.47891754658997,0.04219372473756143
"frozenset({'trait_base_obtuse_to_truncate_present', 'trait_floral_tube_obconic_present', 'trait_stamens_12_present', 'trait_inflorescence_raceme_present', 'trait_red_dotted_present', 'trait_sprawling_or_ascending_present'})",0.971868720696584,20.47891754658997,0.04219372473756143
"frozenset({'trait_base_obtuse_to_truncate_present', 'trait_floral_tube_obconic_present', 'trait_stamens_12_present', 'trait_petals_purple_present', 'trait_red_dotted_present', 'trait_sprawling_or_ascending_present'})",0.971868720696584,20.47891754658997,0.04219372473756143
"frozenset({'trait_base_obtuse_to_truncate_present', 'trait_floral_tube_obconic_present', 'trait_inflorescence_raceme_present', 'trait_petals_purple_present', 'trait_red_dotted_present', 'trait_sprawling_or_ascending_present'})",0.971868720696584,20.47891754658997,0.04219372473756143
"frozenset({'trait_subsessile_present', 'trait_floral_tube_obconic_present', 'trait_solitary_in_leaf_axils_present', 'trait_petals_purple_present', 'trait_leaves_alternate_present', 'trait_sprawling_or_ascending_present'})",0.971868720696584,20.47891754658997,0.04219372473756143
"frozenset({'trait_base_obtuse_to_truncate_present', 'trait_floral_tube_obconic_present', 'trait_stamens_12_present', 'trait_solitary_in_leaf_axils_present', 'trait_red_dotted_present', 'trait_sprawling_or_ascending_present'})",0.971868720696584,20.47891754658997,0.04219372473756143
"frozenset({'trait_base_obtuse_to_truncate_present', 'trait_floral_tube_obconic_present', 'trait_stamens_12_present', 'trait_solitary_in_leaf_axils_present', 'trait_red_dotted_present', 'trait_leaves_alternate_present', 'trait_sprawling_or_ascending_present'})",0.971868720696584,20.47891754658997,0.04219372473756143
"frozenset({'trait_subsessile_present', 'trait_base_obtuse_to_truncate_present', 'trait_inflorescence_raceme_present', 'trait_solitary_in_leaf_axils_present', 'trait_red_dotted_present', 'trait_sprawling_or_ascending_present'})",0.971868720696584,20.47891754658997,0.04219372473756143
"frozenset({'trait_stamens_12_present', 'trait_inflorescence_raceme_present', 'trait_red_dotted_present', 'trait_leaves_alternate_present', 'trait_sprawling_or_ascending_present'})",0.971868720696584,20.47891754658997,0.04219372473756143
"frozenset({'trait_base_obtuse_to_truncate_present', 'trait_stamens_12_present', 'trait_inflorescence_raceme_present', 'trait_red_dotted_present', 'trait_sprawling_or_ascending_present'})",0.971868720696584,20.47891754658997,0.04219372473756143
"frozenset({'trait_base_obtuse_to_truncate_present', 'trait_stamens_12_present', 'trait_petals_purple_present', 'trait_red_dotted_present', 'trait_sprawling_or_ascending_present'})",0.971868720696584,20.47891754658997,0.04219372473756143
"frozenset({'trait_base_obtuse_to_truncate_present', 'trait_inflorescence_raceme_present', 'trait_solitary_in_leaf_axils_present', 'trait_petals_purple_present', 'trait_leaves_alternate_present', 'trait_sprawling_or_ascending_present'})",0.971868720696584,20.47891754658997,0.04219372473756143
"frozenset({'trait_subsessile_present', 'trait_base_obtuse_to_truncate_present', 'trait_stamens_12_present', 'trait_inflorescence_raceme_present', 'trait_solitary_in_leaf_axils_present', 'trait_sprawling_or_ascending_present'})",0.971868720696584,20.47891754658997,0.04219372473756143
"frozenset({'trait_subsessile_present', 'trait_inflorescence_raceme_present', 'trait_solitary_in_leaf_axils_present', 'trait_red_dotted_present', 'trait_sprawling_or_ascending_present'})",0.971868720696584,20.47891754658997,0.04219372473756143
"frozenset({'trait_inflorescence_raceme_present', 'trait_solitary_in_leaf_axils_present', 'trait_red_dotted_present', 'trait_leaves_alternate_present', 'trait_sprawling_or_ascending_present'})",0.971868720696584,20.47891754658997,0.04219372473756143
"frozenset({'trait_subsessile_present', 'trait_floral_tube_obconic_present', 'trait_inflorescence_raceme_present', 'trait_red_dotted_present', 'trait_sprawling_or_ascending_present'})",0.971868720696584,20.47891754658997,0.04219372473756143
"frozenset({'trait_subsessile_present', 'trait_floral_tube_obconic_present', 'trait_base_obtuse_to_truncate_present', 'trait_stamens_12_present', 'trait_solitary_in_leaf_axils_present', 'trait_red_dotted_present', 'trait_leaves_alternate_present', 'trait_sprawling_or_ascending_present'})",0.971868720696584,3.9254866615027986,0.04219372473756143
"frozenset({'trait_floral_tube_obconic_present', 'trait_inflorescence_raceme_present', 'trait_red_dotted_present', 'trait_leaves_alternate_present', 'trait_sprawling_or_ascending_present'})",0.971868720696584,20.47891754658997,0.04219372473756143
"frozenset({'trait_subsessile_present', 'trait_floral_tube_obconic_present', 'trait_solitary_in_leaf_axils_present', 'trait_red_dotted_present', 'trait_sprawling_or_ascending_present'})",0.971868720696584,20.47891754658997,0.04219372473756143
"frozenset({'trait_base_obtuse_to_truncate_present', 'trait_floral_tube_obconic_present', 'trait_inflorescence_raceme_present', 'trait_solitary_in_leaf_axils_present', 'trait_sprawling_or_ascending_present'})",0.971868720696584,20.47891754658997,0.04219372473756143
"frozenset({'trait_base_obtuse_to_truncate_present', 'trait_inflorescence_raceme_present', 'trait_solitary_in_leaf_axils_present', 'trait_red_dotted_present', 'trait_sprawling_or_ascending_present'})",0.971868720696584,20.47891754658997,0.04219372473756143
"frozenset({'trait_floral_tube_obconic_present', 'trait_petals_purple_present', 'trait_leaves_alternate_present', 'trait_sprawling_or_ascending_present'})",0.971868720696584,20.47891754658997,0.04219372473756143
"frozenset({'trait_base_obtuse_to_truncate_present', 'trait_floral_tube_obconic_present', 'trait_inflorescence_raceme_present', 'trait_red_dotted_present', 'trait_sprawling_or_ascending_present'})",0.971868720696584,20.47891754658997,0.04219372473756143
"frozenset({'trait_petals_purple_present', 'trait_leaves_alternate_present', 'trait_sprawling_or_ascending_present'})",0.971868720696584,20.47891754658997,0.04219372473756143
"frozenset({'trait_subsessile_present', 'trait_base_obtuse_to_truncate_present', 'trait_stamens_12_present', 'trait_solitary_in_leaf_axils_present', 'trait_petals_purple_present', 'trait_sprawling_or_ascending_present'})",0.971868720696584,20.47891754658997,0.04219372473756143
"frozenset({'trait_subsessile_present', 'trait_base_obtuse_to_truncate_present', 'trait_inflorescence_raceme_present', 'trait_solitary_in_leaf_axils_present', 'trait_petals_purple_present', 'trait_sprawling_or_ascending_present'})",0.971868720696584,20.47891754658997,0.04219372473756143
"frozenset({'trait_subsessile_present', 'trait_stamens_12_present', 'trait_inflorescence_raceme_present', 'trait_solitary_in_leaf_axils_present', 'trait_leaves_alternate_present', 'trait_sprawling_or_ascending_present'})",0.971868720696584,20.47891754658997,0.04219372473756143
"frozenset({'trait_subsessile_present', 'trait_floral_tube_obconic_present', 'trait_base_obtuse_to_truncate_present', 'trait_inflorescence_raceme_present', 'trait_solitary_in_leaf_axils_present', 'trait_red_dotted_present', 'trait_leaves_alternate_present', 'trait_sprawling_or_ascending_present'})",0.971868720696584,18.144187533135085,0.04219372473756143
"frozenset({'trait_subsessile_present', 'trait_stamens_12_present', 'trait_inflorescence_raceme_present', 'trait_petals_purple_present', 'trait_leaves_alternate_present', 'trait_sprawling_or_ascending_present'})",0.971868720696584,20.47891754658997,0.04219372473756143
"frozenset({'trait_subsessile_present', 'trait_stamens_12_present', 'trait_solitary_in_leaf_axils_present', 'trait_petals_purple_present', 'trait_leaves_alternate_present', 'trait_sprawling_or_ascending_present'})",0.971868720696584,20.47891754658997,0.04219372473756143
"frozenset({'trait_subsessile_present', 'trait_floral_tube_obconic_present', 'trait_base_obtuse_to_truncate_present', 'trait_stamens_12_present', 'trait_inflorescence_raceme_present', 'trait_solitary_in_leaf_axils_present', 'trait_petals_purple_present', 'trait_red_dotted_present', 'trait_leaves_alternate_present'})",0.9720071471113757,12.455633592222249,0.047457035680013956
"frozenset({'trait_subsessile_present', 'trait_inflorescence_raceme_present', 'trait_solitary_in_leaf_axils_present', 'trait_petals_purple_present', 'trait_leaves_alternate_present', 'trait_sprawling_or_ascending_present'})",0.971868720696584,20.47891754658997,0.04219372473756143
"frozenset({'trait_floral_tube_obconic_present', 'trait_stamens_12_present', 'trait_inflorescence_raceme_present', 'trait_red_dotted_present', 'trait_leaves_alternate_present', 'trait_sprawling_or_ascending_present'})",0.971868720696584,20.47891754658997,0.04219372473756143
"frozenset({'trait_base_obtuse_to_truncate_present', 'trait_stamens_12_present', 'trait_inflorescence_raceme_present', 'trait_solitary_in_leaf_axils_present', 'trait_leaves_alternate_present', 'trait_sprawling_or_ascending_present'})",0.971868720696584,20.47891754658997,0.04219372473756143
"frozenset({'trait_subsessile_present', 'trait_floral_tube_obconic_present', 'trait_base_obtuse_to_truncate_present', 'trait_stamens_12_present', 'trait_inflorescence_raceme_present', 'trait_solitary_in_leaf_axils_present', 'trait_red_dotted_present', 'trait_leaves_alternate_present', 'trait_sprawling_or_ascending_present'})",0.971868720696584,3.9254866615027986,0.04219372473756143
"frozenset({'trait_subsessile_present', 'trait_base_obtuse_to_truncate_present', 'trait_stamens_12_present', 'trait_inflorescence_raceme_present', 'trait_petals_purple_present', 'trait_sprawling_or_ascending_present'})",0.971868720696584,20.47891754658997,0.04219372473756143
"frozenset({'trait_floral_tube_obconic_present', 'trait_inflorescence_raceme_present', 'trait_petals_purple_present', 'trait_leaves_alternate_present', 'trait_sprawling_or_ascending_present'})",0.971868720696584,20.47891754658997,0.04219372473756143
"frozenset({'trait_floral_tube_obconic_present', 'trait_stamens_12_present', 'trait_petals_purple_present', 'trait_leaves_alternate_present', 'trait_sprawling_or_ascending_present'})",0.971868720696584,20.47891754658997,0.04219372473756143
"frozenset({'trait_floral_tube_obconic_present', 'trait_stamens_12_present', 'trait_inflorescence_raceme_present', 'trait_leaves_alternate_present', 'trait_sprawling_or_ascending_present'})",0.971868720696584,20.47891754658997,0.04219372473756143
"frozenset({'trait_subsessile_present', 'trait_stamens_12_present', 'trait_solitary_in_leaf_axils_present', 'trait_petals_purple_present', 'trait_sprawling_or_ascending_present'})",0.971868720696584,20.47891754658997,0.04219372473756143
"frozenset({'trait_subsessile_present', 'trait_floral_tube_obconic_present', 'trait_petals_purple_present', 'trait_leaves_alternate_present', 'trait_sprawling_or_ascending_present'})",0.971868720696584,20.47891754658997,0.04219372473756143
"frozenset({'trait_floral_tube_obconic_present', 'trait_inflorescence_raceme_present', 'trait_solitary_in_leaf_axils_present', 'trait_petals_purple_present', 'trait_leaves_alternate_present', 'trait_sprawling_or_ascending_present'})",0.971868720696584,20.47891754658997,0.04219372473756143
"frozenset({'trait_subsessile_present', 'trait_base_obtuse_to_truncate_present', 'trait_stamens_12_present', 'trait_inflorescence_raceme_present', 'trait_solitary_in_leaf_axils_present', 'trait_petals_purple_present', 'trait_red_dotted_present', 'trait_leaves_alternate_present'})",0.9720071471113757,20.039879805153262,0.047457035680013956
"frozenset({'trait_base_obtuse_to_truncate_present', 'trait_floral_tube_obconic_present', 'trait_stamens_12_present', 'trait_leaves_alternate_present', 'trait_sprawling_or_ascending_present'})",0.971868720696584,20.47891754658997,0.04219372473756143
"frozenset({'trait_subsessile_present', 'trait_base_obtuse_to_truncate_present', 'trait_stamens_12_present', 'trait_red_dotted_present', 'trait_sprawling_or_ascending_present'})",0.971868720696584,20.47891754658997,0.04219372473756143
"frozenset({'trait_subsessile_present', 'trait_base_obtuse_to_truncate_present', 'trait_petals_purple_present', 'trait_red_dotted_present', 'trait_sprawling_or_ascending_present'})",0.971868720696584,20.47891754658997,0.04219372473756143
"frozenset({'trait_subsessile_present', 'trait_floral_tube_obconic_present', 'trait_inflorescence_raceme_present', 'trait_solitary_in_leaf_axils_present', 'trait_petals_purple_present', 'trait_sprawling_or_ascending_present'})",0.971868720696584,20.47891754658997,0.04219372473756143
"frozenset({'trait_subsessile_present', 'trait_stamens_12_present', 'trait_red_dotted_present', 'trait_leaves_alternate_present', 'trait_sprawling_or_ascending_present'})",0.971868720696584,20.47891754658997,0.04219372473756143
"frozenset({'trait_subsessile_present', 'trait_petals_purple_present', 'trait_red_dotted_present', 'trait_leaves_alternate_present', 'trait_sprawling_or_ascending_present'})",0.971868720696584,20.47891754658997,0.04219372473756143
"frozenset({'trait_base_obtuse_to_truncate_present', 'trait_stamens_12_present', 'trait_red_dotted_present', 'trait_leaves_alternate_present', 'trait_sprawling_or_ascending_present'})",0.971868720696584,20.47891754658997,0.04219372473756143
"frozenset({'trait_base_obtuse_to_truncate_present', 'trait_petals_purple_present', 'trait_red_dotted_present', 'trait_leaves_alternate_present', 'trait_sprawling_or_ascending_present'})",0.971868720696584,20.47891754658997,0.04219372473756143
"frozenset({'trait_subsessile_present', 'trait_stamens_12_present', 'trait_petals_purple_present', 'trait_red_dotted_present', 'trait_sprawling_or_ascending_present'})",0.971868720696584,20.47891754658997,0.04219372473756143
"frozenset({'trait_subsessile_present', 'trait_stamens_12_present', 'trait_inflorescence_raceme_present', 'trait_solitary_in_leaf_axils_present', 'trait_sprawling_or_ascending_present'})",0.971868720696584,20.47891754658997,0.04219372473756143
"frozenset({'trait_subsessile_present', 'trait_floral_tube_obconic_present', 'trait_base_obtuse_to_truncate_present', 'trait_stamens_12_present', 'trait_inflorescence_raceme_present', 'trait_petals_purple_present', 'trait_red_dotted_present', 'trait_leaves_alternate_present'})",0.9720071471113757,20.039879805153262,0.047457035680013956
"frozenset({'trait_subsessile_present', 'trait_floral_tube_obconic_present', 'trait_base_obtuse_to_truncate_present', 'trait_stamens_12_present', 'trait_inflorescence_raceme_present', 'trait_solitary_in_leaf_axils_present', 'trait_petals_purple_present', 'trait_leaves_alternate_present'})",0.9720071471113757,20.039879805153262,0.047457035680013956
"frozenset({'trait_subsessile_present', 'trait_inflorescence_raceme_present', 'trait_solitary_in_leaf_axils_present', 'trait_petals_purple_present', 'trait_sprawling_or_ascending_present'})",0.971868720696584,20.47891754658997,0.04219372473756143
"frozenset({'trait_subsessile_present', 'trait_stamens_12_present', 'trait_inflorescence_raceme_present', 'trait_red_dotted_present', 'trait_sprawling_or_ascending_present'})",0.971868720696584,20.47891754658997,0.04219372473756143
"frozenset({'trait_stamens_12_present', 'trait_inflorescence_raceme_present', 'trait_solitary_in_leaf_axils_present', 'trait_leaves_alternate_present', 'trait_sprawling_or_ascending_present'})",0.971868720696584,20.47891754658997,0.04219372473756143
"frozenset({'trait_stamens_12_present', 'trait_inflorescence_raceme_present', 'trait_petals_purple_present', 'trait_leaves_alternate_present', 'trait_sprawling_or_ascending_present'})",0.971868720696584,20.47891754658997,0.04219372473756143
"frozenset({'trait_stamens_12_present', 'trait_solitary_in_leaf_axils_present', 'trait_petals_purple_present', 'trait_leaves_alternate_present', 'trait_sprawling_or_ascending_present'})",0.971868720696584,20.47891754658997,0.04219372473756143
"frozenset({'trait_inflorescence_raceme_present', 'trait_solitary_in_leaf_axils_present', 'trait_petals_purple_present', 'trait_leaves_alternate_present', 'trait_sprawling_or_ascending_present'})",0.971868720696584,20.47891754658997,0.04219372473756143
"frozenset({'trait_subsessile_present', 'trait_floral_tube_obconic_present', 'trait_stamens_12_present', 'trait_inflorescence_raceme_present', 'trait_sprawling_or_ascending_present'})",0.971868720696584,20.47891754658997,0.04219372473756143
"frozenset({'trait_subsessile_present', 'trait_floral_tube_obconic_present', 'trait_stamens_12_present', 'trait_petals_purple_present', 'trait_sprawling_or_ascending_present'})",0.971868720696584,20.47891754658997,0.04219372473756143
"frozenset({'trait_subsessile_present', 'trait_floral_tube_obconic_present', 'trait_inflorescence_raceme_present', 'trait_petals_purple_present', 'trait_sprawling_or_ascending_present'})",0.971868720696584,20.47891754658997,0.04219372473756143
"frozenset({'trait_subsessile_present', 'trait_inflorescence_raceme_present', 'trait_solitary_in_leaf_axils_present', 'trait_petals_purple_present', 'trait_red_dotted_present', 'trait_leaves_alternate_present'})",0.9720071471113757,20.481834425253126,0.047457035680013956
"frozenset({'trait_subsessile_present', 'trait_stamens_12_present', 'trait_inflorescence_raceme_present', 'trait_petals_purple_present', 'trait_sprawling_or_ascending_present'})",0.971868720696584,20.47891754658997,0.04219372473756143
"frozenset({'trait_subsessile_present', 'trait_red_dotted_present', 'trait_petals_purple_present'})",0.9720071471113757,20.481834425253126,0.047457035680013956
"frozenset({'trait_subsessile_present', 'trait_floral_tube_obconic_present', 'trait_inflorescence_raceme_present', 'trait_solitary_in_leaf_axils_present', 'trait_petals_purple_present', 'trait_leaves_alternate_present', 'trait_sprawling_or_ascending_present'})",0.971868720696584,20.47891754658997,0.04219372473756143
"frozenset({'trait_subsessile_present', 'trait_stamens_12_present', 'trait_inflorescence_raceme_present', 'trait_solitary_in_leaf_axils_present', 'trait_petals_purple_present', 'trait_leaves_alternate_present', 'trait_sprawling_or_ascending_present'})",0.971868720696584,20.47891754658997,0.04219372473756143
"frozenset({'trait_subsessile_present', 'trait_floral_tube_obconic_present', 'trait_base_obtuse_to_truncate_present', 'trait_stamens_12_present', 'trait_leaves_alternate_present'})",0.9720071471113757,20.039879805153262,0.047457035680013956
"frozenset({'trait_subsessile_present', 'trait_base_obtuse_to_truncate_present', 'trait_red_dotted_present', 'trait_leaves_alternate_present'})",0.9720071471113757,20.039879805153262,0.047457035680013956
"frozenset({'trait_base_obtuse_to_truncate_present', 'trait_floral_tube_obconic_present', 'trait_stamens_12_present', 'trait_inflorescence_raceme_present', 'trait_solitary_in_leaf_axils_present', 'trait_red_dotted_present'})",0.9720071471113757,20.481834425253126,0.047457035680013956
"frozenset({'trait_subsessile_present', 'trait_floral_tube_obconic_present', 'trait_base_obtuse_to_truncate_present', 'trait_solitary_in_leaf_axils_present', 'trait_leaves_alternate_present'})",0.9720071471113757,20.039879805153262,0.047457035680013956
"frozenset({'trait_subsessile_present', 'trait_base_obtuse_to_truncate_present', 'trait_stamens_12_present', 'trait_solitary_in_leaf_axils_present', 'trait_leaves_alternate_present'})",0.9720071471113757,20.039879805153262,0.047457035680013956
"frozenset({'trait_subsessile_present', 'trait_base_obtuse_to_truncate_present', 'trait_stamens_12_present', 'trait_red_dotted_present', 'trait_leaves_alternate_present'})",0.9720071471113757,20.039879805153262,0.047457035680013956
"frozenset({'trait_subsessile_present', 'trait_floral_tube_obconic_present', 'trait_base_obtuse_to_truncate_present', 'trait_leaves_alternate_present'})",0.9720071471113757,20.039879805153262,0.047457035680013956
"frozenset({'trait_base_obtuse_to_truncate_present', 'trait_solitary_in_leaf_axils_present', 'trait_petals_purple_present', 'trait_leaves_alternate_present', 'trait_sprawling_or_ascending_present'})",0.971868720696584,20.47891754658997,0.04219372473756143
"frozenset({'trait_base_obtuse_to_truncate_present', 'trait_floral_tube_obconic_present', 'trait_petals_purple_present', 'trait_leaves_alternate_present', 'trait_sprawling_or_ascending_present'})",0.971868720696584,20.47891754658997,0.04219372473756143
"frozenset({'trait_subsessile_present', 'trait_floral_tube_obconic_present', 'trait_base_obtuse_to_truncate_present', 'trait_stamens_12_present', 'trait_petals_purple_present', 'trait_sprawling_or_ascending_present'})",0.971868720696584,20.47891754658997,0.04219372473756143
"frozenset({'trait_subsessile_present', 'trait_floral_tube_obconic_present', 'trait_stamens_12_present', 'trait_leaves_alternate_present', 'trait_sprawling_or_ascending_present'})",0.971868720696584,20.47891754658997,0.04219372473756143
"frozenset({'trait_subsessile_present', 'trait_floral_tube_obconic_present', 'trait_base_obtuse_to_truncate_present', 'trait_petals_purple_present', 'trait_red_dotted_present', 'trait_sprawling_or_ascending_present'})",0.971868720696584,20.47891754658997,0.04219372473756143
"frozenset({'trait_subsessile_present', 'trait_floral_tube_obconic_present', 'trait_stamens_12_present', 'trait_red_dotted_present', 'trait_leaves_alternate_present', 'trait_sprawling_or_ascending_present'})",0.971868720696584,20.47891754658997,0.04219372473756143
"frozenset({'trait_subsessile_present', 'trait_floral_tube_obconic_present', 'trait_petals_purple_present', 'trait_red_dotted_present', 'trait_leaves_alternate_present', 'trait_sprawling_or_ascending_present'})",0.971868720696584,20.47891754658997,0.04219372473756143
"frozenset({'trait_base_obtuse_to_truncate_present', 'trait_floral_tube_obconic_present', 'trait_stamens_12_present', 'trait_red_dotted_present', 'trait_leaves_alternate_present', 'trait_sprawling_or_ascending_present'})",0.971868720696584,20.47891754658997,0.04219372473756143
"frozenset({'trait_subsessile_present', 'trait_floral_tube_obconic_present', 'trait_stamens_12_present', 'trait_inflorescence_raceme_present', 'trait_solitary_in_leaf_axils_present', 'trait_sprawling_or_ascending_present'})",0.971868720696584,20.47891754658997,0.04219372473756143
"frozenset({'trait_subsessile_present', 'trait_floral_tube_obconic_present', 'trait_stamens_12_present', 'trait_inflorescence_raceme_present', 'trait_petals_purple_present', 'trait_sprawling_or_ascending_present'})",0.971868720696584,20.47891754658997,0.04219372473756143
"frozenset({'trait_subsessile_present', 'trait_floral_tube_obconic_present', 'trait_stamens_12_present', 'trait_solitary_in_leaf_axils_present', 'trait_petals_purple_present', 'trait_sprawling_or_ascending_present'})",0.971868720696584,20.47891754658997,0.04219372473756143
"frozenset({'trait_subsessile_present', 'trait_stamens_12_present', 'trait_inflorescence_raceme_present', 'trait_solitary_in_leaf_axils_present', 'trait_petals_purple_present', 'trait_sprawling_or_ascending_present'})",0.971868720696584,20.47891754658997,0.04219372473756143
"frozenset({'trait_floral_tube_obconic_present', 'trait_stamens_12_present', 'trait_inflorescence_raceme_present', 'trait_solitary_in_leaf_axils_present', 'trait_leaves_alternate_present', 'trait_sprawling_or_ascending_present'})",0.971868720696584,20.47891754658997,0.04219372473756143
"frozenset({'trait_floral_tube_obconic_present', 'trait_stamens_12_present', 'trait_inflorescence_raceme_present', 'trait_petals_purple_present', 'trait_leaves_alternate_present', 'trait_sprawling_or_ascending_present'})",0.971868720696584,20.47891754658997,0.04219372473756143
"frozenset({'trait_floral_tube_obconic_present', 'trait_stamens_12_present', 'trait_solitary_in_leaf_axils_present', 'trait_petals_purple_present', 'trait_leaves_alternate_present', 'trait_sprawling_or_ascending_present'})",0.971868720696584,20.47891754658997,0.04219372473756143
"frozenset({'trait_base_obtuse_to_truncate_present', 'trait_floral_tube_obconic_present', 'trait_stamens_12_present', 'trait_inflorescence_raceme_present', 'trait_solitary_in_leaf_axils_present', 'trait_red_dotted_present', 'trait_leaves_alternate_present', 'trait_sprawling_or_ascending_present'})",0.971868720696584,20.47891754658997,0.04219372473756143
"frozenset({'trait_stamens_12_present', 'trait_inflorescence_raceme_present', 'trait_solitary_in_leaf_axils_present', 'trait_petals_purple_present', 'trait_leaves_alternate_present', 'trait_sprawling_or_ascending_present'})",0.971868720696584,20.47891754658997,0.04219372473756143
"frozenset({'trait_subsessile_present', 'trait_stamens_12_present', 'trait_inflorescence_raceme_present', 'trait_solitary_in_leaf_axils_present', 'trait_red_dotted_present', 'trait_sprawling_or_ascending_present'})",0.971868720696584,20.47891754658997,0.04219372473756143
"frozenset({'trait_base_obtuse_to_truncate_present', 'trait_floral_tube_obconic_present', 'trait_petals_purple_present', 'trait_red_dotted_present', 'trait_leaves_alternate_present', 'trait_sprawling_or_ascending_present'})",0.971868720696584,20.47891754658997,0.04219372473756143
"frozenset({'trait_subsessile_present', 'trait_base_obtuse_to_truncate_present', 'trait_inflorescence_raceme_present', 'trait_red_dotted_present', 'trait_leaves_alternate_present'})",0.9720071471113757,20.039879805153262,0.047457035680013956
"frozenset({'trait_subsessile_present', 'trait_floral_tube_obconic_present', 'trait_base_obtuse_to_truncate_present', 'trait_inflorescence_raceme_present', 'trait_leaves_alternate_present'})",0.9720071471113757,20.039879805153262,0.047457035680013956
"frozenset({'trait_subsessile_present', 'trait_base_obtuse_to_truncate_present', 'trait_inflorescence_raceme_present', 'trait_solitary_in_leaf_axils_present', 'trait_leaves_alternate_present'})",0.9720071471113757,20.039879805153262,0.047457035680013956
"frozenset({'trait_subsessile_present', 'trait_floral_tube_obconic_present', 'trait_base_obtuse_to_truncate_present', 'trait_inflorescence_raceme_present', 'trait_solitary_in_leaf_axils_present', 'trait_leaves_alternate_present'})",0.9720071471113757,20.039879805153262,0.047457035680013956
"frozenset({'trait_base_obtuse_to_truncate_present', 'trait_stamens_12_present', 'trait_solitary_in_leaf_axils_present', 'trait_petals_purple_present', 'trait_leaves_alternate_present', 'trait_sprawling_or_ascending_present'})",0.971868720696584,20.47891754658997,0.04219372473756143
"frozenset({'trait_subsessile_present', 'trait_base_obtuse_to_truncate_present', 'trait_stamens_12_present', 'trait_inflorescence_raceme_present', 'trait_solitary_in_leaf_axils_present', 'trait_leaves_alternate_present'})",0.9720071471113757,20.039879805153262,0.047457035680013956
"frozenset({'trait_subsessile_present', 'trait_base_obtuse_to_truncate_present', 'trait_stamens_12_present', 'trait_inflorescence_raceme_present', 'trait_red_dotted_present', 'trait_leaves_alternate_present'})",0.9720071471113757,20.039879805153262,0.047457035680013956
"frozenset({'trait_base_obtuse_to_truncate_present', 'trait_floral_tube_obconic_present', 'trait_stamens_12_present', 'trait_inflorescence_raceme_present', 'trait_red_dotted_present', 'trait_leaves_alternate_present'})",0.9720071471113757,20.481834425253126,0.047457035680013956
"frozenset({'trait_subsessile_present', 'trait_base_obtuse_to_truncate_present', 'trait_inflorescence_raceme_present', 'trait_solitary_in_leaf_axils_present', 'trait_red_dotted_present', 'trait_leaves_alternate_present'})",0.9720071471113757,20.039879805153262,0.047457035680013956
"frozenset({'trait_subsessile_present', 'trait_floral_tube_obconic_present', 'trait_base_obtuse_to_truncate_present', 'trait_inflorescence_raceme_present', 'trait_red_dotted_present', 'trait_leaves_alternate_present'})",0.9720071471113757,20.039879805153262,0.047457035680013956
"frozenset({'trait_subsessile_present', 'trait_floral_tube_obconic_present', 'trait_base_obtuse_to_truncate_present', 'trait_stamens_12_present', 'trait_solitary_in_leaf_axils_present', 'trait_leaves_alternate_present'})",0.9720071471113757,20.039879805153262,0.047457035680013956
"frozenset({'trait_subsessile_present', 'trait_floral_tube_obconic_present', 'trait_base_obtuse_to_truncate_present', 'trait_stamens_12_present', 'trait_red_dotted_present', 'trait_leaves_alternate_present'})",0.9720071471113757,20.039879805153262,0.047457035680013956
"frozenset({'trait_subsessile_present', 'trait_floral_tube_obconic_present', 'trait_base_obtuse_to_truncate_present', 'trait_solitary_in_leaf_axils_present', 'trait_red_dotted_present', 'trait_leaves_alternate_present'})",0.9720071471113757,20.039879805153262,0.047457035680013956
"frozenset({'trait_base_obtuse_to_truncate_present', 'trait_floral_tube_obconic_present', 'trait_inflorescence_raceme_present', 'trait_petals_purple_present', 'trait_leaves_alternate_present', 'trait_sprawling_or_ascending_present'})",0.971868720696584,20.47891754658997,0.04219372473756143
"frozenset({'trait_subsessile_present', 'trait_stamens_12_present', 'trait_inflorescence_raceme_present', 'trait_petals_purple_present', 'trait_red_dotted_present', 'trait_sprawling_or_ascending_present'})",0.971868720696584,20.47891754658997,0.04219372473756143
"frozenset({'trait_base_obtuse_to_truncate_present', 'trait_floral_tube_obconic_present', 'trait_stamens_12_present', 'trait_petals_purple_present', 'trait_leaves_alternate_present', 'trait_sprawling_or_ascending_present'})",0.971868720696584,20.47891754658997,0.04219372473756143
"frozenset({'trait_floral_tube_obconic_present', 'trait_stamens_12_present', 'trait_inflorescence_raceme_present', 'trait_solitary_in_leaf_axils_present', 'trait_red_dotted_present', 'trait_leaves_alternate_present'})",0.9720071471113757,20.481834425253126,0.047457035680013956
"frozenset({'trait_subsessile_present', 'trait_floral_tube_obconic_present', 'trait_base_obtuse_to_truncate_present', 'trait_red_dotted_present', 'trait_leaves_alternate_present'})",0.9720071471113757,20.039879805153262,0.047457035680013956
"frozenset({'trait_base_obtuse_to_truncate_present', 'trait_stamens_12_present', 'trait_inflorescence_raceme_present', 'trait_solitary_in_leaf_axils_present', 'trait_petals_purple_present', 'trait_red_dotted_present', 'trait_leaves_alternate_present'})",0.9720071471113757,20.481834425253126,0.047457035680013956
"frozenset({'trait_subsessile_present', 'trait_base_obtuse_to_truncate_present', 'trait_solitary_in_leaf_axils_present', 'trait_leaves_alternate_present'})",0.9720071471113757,20.039879805153262,0.047457035680013956
"frozenset({'trait_subsessile_present', 'trait_base_obtuse_to_truncate_present', 'trait_solitary_in_leaf_axils_present', 'trait_red_dotted_present', 'trait_leaves_alternate_present'})",0.9720071471113757,20.039879805153262,0.047457035680013956
"frozenset({'trait_base_obtuse_to_truncate_present', 'trait_floral_tube_obconic_present', 'trait_stamens_12_present', 'trait_solitary_in_leaf_axils_present', 'trait_petals_purple_present', 'trait_red_dotted_present', 'trait_leaves_alternate_present', 'trait_sprawling_or_ascending_present'})",0.971868720696584,20.47891754658997,0.04219372473756143
"frozenset({'trait_base_obtuse_to_truncate_present', 'trait_floral_tube_obconic_present', 'trait_inflorescence_raceme_present', 'trait_solitary_in_leaf_axils_present', 'trait_petals_purple_present', 'trait_red_dotted_present', 'trait_leaves_alternate_present', 'trait_sprawling_or_ascending_present'})",0.971868720696584,20.47891754658997,0.04219372473756143
"frozenset({'trait_subsessile_present', 'trait_base_obtuse_to_truncate_present', 'trait_solitary_in_leaf_axils_present', 'trait_petals_purple_present', 'trait_leaves_alternate_present'})",0.9720071471113757,20.039879805153262,0.047457035680013956
"frozenset({'trait_subsessile_present', 'trait_floral_tube_obconic_present', 'trait_base_obtuse_to_truncate_present', 'trait_petals_purple_present', 'trait_leaves_alternate_present'})",0.9720071471113757,20.039879805153262,0.047457035680013956
"frozenset({'trait_subsessile_present', 'trait_base_obtuse_to_truncate_present', 'trait_petals_purple_present', 'trait_red_dotted_present', 'trait_leaves_alternate_present'})",0.9720071471113757,20.039879805153262,0.047457035680013956
"frozenset({'trait_base_obtuse_to_truncate_present', 'trait_floral_tube_obconic_present', 'trait_inflorescence_raceme_present', 'trait_solitary_in_leaf_axils_present', 'trait_red_dotted_present', 'trait_leaves_alternate_present'})",0.9720071471113757,20.481834425253126,0.047457035680013956
"frozenset({'trait_subsessile_present', 'trait_floral_tube_obconic_present', 'trait_base_obtuse_to_truncate_present', 'trait_stamens_12_present', 'trait_inflorescence_raceme_present', 'trait_petals_purple_present', 'trait_leaves_alternate_present'})",0.9720071471113757,20.039879805153262,0.047457035680013956
"frozenset({'trait_base_obtuse_to_truncate_present', 'trait_floral_tube_obconic_present', 'trait_stamens_12_present', 'trait_inflorescence_raceme_present', 'trait_solitary_in_leaf_axils_present', 'trait_leaves_alternate_present', 'trait_sprawling_or_ascending_present'})",0.971868720696584,20.47891754658997,0.04219372473756143
"frozenset({'trait_subsessile_present', 'trait_stamens_12_present', 'trait_solitary_in_leaf_axils_present', 'trait_petals_purple_present', 'trait_red_dotted_present', 'trait_sprawling_or_ascending_present'})",0.971868720696584,20.47891754658997,0.04219372473756143
"frozenset({'trait_stamens_12_present', 'trait_inflorescence_raceme_present', 'trait_solitary_in_leaf_axils_present', 'trait_red_dotted_present', 'trait_leaves_alternate_present', 'trait_sprawling_or_ascending_present'})",0.971868720696584,20.47891754658997,0.04219372473756143
"frozenset({'trait_subsessile_present', 'trait_floral_tube_obconic_present', 'trait_inflorescence_raceme_present', 'trait_petals_purple_present', 'trait_red_dotted_present', 'trait_sprawling_or_ascending_present'})",0.971868720696584,20.47891754658997,0.04219372473756143
"frozenset({'trait_base_obtuse_to_truncate_present', 'trait_floral_tube_obconic_present', 'trait_inflorescence_raceme_present', 'trait_solitary_in_leaf_axils_present', 'trait_red_dotted_present', 'trait_sprawling_or_ascending_present'})",0.971868720696584,20.47891754658997,0.04219372473756143
"frozenset({'trait_subsessile_present', 'trait_inflorescence_raceme_present', 'trait_solitary_in_leaf_axils_present', 'trait_red_dotted_present', 'trait_leaves_alternate_present', 'trait_sprawling_or_ascending_present'})",0.971868720696584,20.47891754658997,0.04219372473756143
"frozenset({'trait_base_obtuse_to_truncate_present', 'trait_inflorescence_raceme_present', 'trait_solitary_in_leaf_axils_present', 'trait_red_dotted_present', 'trait_leaves_alternate_present', 'trait_sprawling_or_ascending_present'})",0.971868720696584,20.47891754658997,0.04219372473756143
"frozenset({'trait_subsessile_present', 'trait_floral_tube_obconic_present', 'trait_base_obtuse_to_truncate_present', 'trait_inflorescence_raceme_present', 'trait_red_dotted_present', 'trait_sprawling_or_ascending_present'})",0.971868720696584,20.47891754658997,0.04219372473756143
"frozenset({'trait_subsessile_present', 'trait_base_obtuse_to_truncate_present', 'trait_stamens_12_present', 'trait_inflorescence_raceme_present', 'trait_solitary_in_leaf_axils_present', 'trait_petals_purple_present', 'trait_leaves_alternate_present'})",0.9720071471113757,20.039879805153262,0.047457035680013956
"frozenset({'trait_subsessile_present', 'trait_base_obtuse_to_truncate_present', 'trait_stamens_12_present', 'trait_inflorescence_raceme_present', 'trait_petals_purple_present', 'trait_red_dotted_present', 'trait_leaves_alternate_present'})",0.9720071471113757,20.039879805153262,0.047457035680013956
"frozenset({'trait_subsessile_present', 'trait_floral_tube_obconic_present', 'trait_inflorescence_raceme_present', 'trait_red_dotted_present', 'trait_leaves_alternate_present', 'trait_sprawling_or_ascending_present'})",0.971868720696584,20.47891754658997,0.04219372473756143
"frozenset({'trait_base_obtuse_to_truncate_present', 'trait_floral_tube_obconic_present', 'trait_inflorescence_raceme_present', 'trait_red_dotted_present', 'trait_leaves_alternate_present', 'trait_sprawling_or_ascending_present'})",0.971868720696584,20.47891754658997,0.04219372473756143
"frozenset({'trait_subsessile_present', 'trait_floral_tube_obconic_present', 'trait_base_obtuse_to_truncate_present', 'trait_solitary_in_leaf_axils_present', 'trait_red_dotted_present', 'trait_sprawling_or_ascending_present'})",0.971868720696584,20.47891754658997,0.04219372473756143
"frozenset({'trait_subsessile_present', 'trait_floral_tube_obconic_present', 'trait_solitary_in_leaf_axils_present', 'trait_red_dotted_present', 'trait_leaves_alternate_present', 'trait_sprawling_or_ascending_present'})",0.971868720696584,20.47891754658997,0.04219372473756143
"frozenset({'trait_subsessile_present', 'trait_floral_tube_obconic_present', 'trait_stamens_12_present', 'trait_petals_purple_present', 'trait_red_dotted_present', 'trait_sprawling_or_ascending_present'})",0.971868720696584,20.47891754658997,0.04219372473756143
"frozenset({'trait_base_attenuate_present', 'trait_becoming_alternate_distally_present', 'trait_sessile_present'})",0.8487633310642161,2.9924513461048723,0.21754049259937772
"frozenset({'trait_floral_tube_obconic_present', 'trait_inflorescence_raceme_present', 'trait_solitary_in_leaf_axils_present', 'trait_red_dotted_present', 'trait_leaves_alternate_present', 'trait_sprawling_or_ascending_present'})",0.971868720696584,20.47891754658997,0.04219372473756143
"frozenset({'trait_subsessile_present', 'trait_floral_tube_obconic_present', 'trait_base_obtuse_to_truncate_present', 'trait_stamens_12_present', 'trait_inflorescence_raceme_present', 'trait_solitary_in_leaf_axils_present', 'trait_sprawling_or_ascending_present'})",0.971868720696584,20.47891754658997,0.04219372473756143
"frozenset({'trait_base_obtuse_to_truncate_present', 'trait_floral_tube_obconic_present', 'trait_inflorescence_raceme_present', 'trait_solitary_in_leaf_axils_present', 'trait_leaves_alternate_present', 'trait_sprawling_or_ascending_present'})",0.971868720696584,20.47891754658997,0.04219372473756143
"frozenset({'trait_subsessile_present', 'trait_floral_tube_obconic_present', 'trait_base_obtuse_to_truncate_present', 'trait_stamens_12_present', 'trait_inflorescence_raceme_present', 'trait_petals_purple_present', 'trait_sprawling_or_ascending_present'})",0.971868720696584,20.47891754658997,0.04219372473756143
"frozenset({'trait_subsessile_present', 'trait_floral_tube_obconic_present', 'trait_base_obtuse_to_truncate_present', 'trait_stamens_12_present', 'trait_solitary_in_leaf_axils_present', 'trait_petals_purple_present', 'trait_sprawling_or_ascending_present'})",0.971868720696584,20.47891754658997,0.04219372473756143
"frozenset({'trait_subsessile_present', 'trait_floral_tube_obconic_present', 'trait_base_obtuse_to_truncate_present', 'trait_inflorescence_raceme_present', 'trait_solitary_in_leaf_axils_present', 'trait_petals_purple_present', 'trait_sprawling_or_ascending_present'})",0.971868720696584,20.47891754658997,0.04219372473756143
"frozenset({'trait_subsessile_present', 'trait_base_obtuse_to_truncate_present', 'trait_stamens_12_present', 'trait_inflorescence_raceme_present', 'trait_solitary_in_leaf_axils_present', 'trait_petals_purple_present', 'trait_sprawling_or_ascending_present'})",0.971868720696584,20.47891754658997,0.04219372473756143
"frozenset({'trait_subsessile_present', 'trait_floral_tube_obconic_present', 'trait_stamens_12_present', 'trait_inflorescence_raceme_present', 'trait_solitary_in_leaf_axils_present', 'trait_leaves_alternate_present', 'trait_sprawling_or_ascending_present'})",0.971868720696584,20.47891754658997,0.04219372473756143
"frozenset({'trait_subsessile_present', 'trait_floral_tube_obconic_present', 'trait_stamens_12_present', 'trait_inflorescence_raceme_present', 'trait_petals_purple_present', 'trait_leaves_alternate_present', 'trait_sprawling_or_ascending_present'})",0.971868720696584,20.47891754658997,0.04219372473756143
"frozenset({'trait_subsessile_present', 'trait_floral_tube_obconic_present', 'trait_stamens_12_present', 'trait_solitary_in_leaf_axils_present', 'trait_petals_purple_present', 'trait_leaves_alternate_present', 'trait_sprawling_or_ascending_present'})",0.971868720696584,20.47891754658997,0.04219372473756143
"frozenset({'trait_subsessile_present', 'trait_base_obtuse_to_truncate_present', 'trait_solitary_in_leaf_axils_present', 'trait_petals_purple_present', 'trait_red_dotted_present', 'trait_leaves_alternate_present'})",0.9720071471113757,20.039879805153262,0.047457035680013956
"frozenset({'trait_subsessile_present', 'trait_floral_tube_obconic_present', 'trait_inflorescence_raceme_present', 'trait_solitary_in_leaf_axils_present', 'trait_red_dotted_present', 'trait_sprawling_or_ascending_present'})",0.971868720696584,20.47891754658997,0.04219372473756143
"frozenset({'trait_subsessile_present', 'trait_floral_tube_obconic_present', 'trait_stamens_12_present', 'trait_inflorescence_raceme_present', 'trait_red_dotted_present', 'trait_sprawling_or_ascending_present'})",0.971868720696584,20.47891754658997,0.04219372473756143
"frozenset({'trait_subsessile_present', 'trait_stamens_12_present', 'trait_solitary_in_leaf_axils_present', 'trait_red_dotted_present', 'trait_leaves_alternate_present', 'trait_sprawling_or_ascending_present'})",0.971868720696584,20.47891754658997,0.04219372473756143
"frozenset({'trait_subsessile_present', 'trait_base_obtuse_to_truncate_present', 'trait_solitary_in_leaf_axils_present', 'trait_petals_purple_present', 'trait_red_dotted_present', 'trait_sprawling_or_ascending_present'})",0.971868720696584,20.47891754658997,0.04219372473756143
"frozenset({'trait_stamens_12_present', 'trait_inflorescence_raceme_present', 'trait_petals_purple_present', 'trait_red_dotted_present', 'trait_leaves_alternate_present', 'trait_sprawling_or_ascending_present'})",0.971868720696584,20.47891754658997,0.04219372473756143
"frozenset({'trait_stamens_12_present', 'trait_solitary_in_leaf_axils_present', 'trait_petals_purple_present', 'trait_red_dotted_present', 'trait_leaves_alternate_present', 'trait_sprawling_or_ascending_present'})",0.971868720696584,20.47891754658997,0.04219372473756143
"frozenset({'trait_inflorescence_raceme_present', 'trait_solitary_in_leaf_axils_present', 'trait_petals_purple_present', 'trait_red_dotted_present', 'trait_leaves_alternate_present', 'trait_sprawling_or_ascending_present'})",0.971868720696584,20.47891754658997,0.04219372473756143
"frozenset({'trait_subsessile_present', 'trait_floral_tube_obconic_present', 'trait_base_obtuse_to_truncate_present', 'trait_stamens_12_present', 'trait_red_dotted_present', 'trait_sprawling_or_ascending_present'})",0.971868720696584,20.47891754658997,0.04219372473756143
"frozenset({'trait_base_obtuse_to_truncate_present', 'trait_solitary_in_leaf_axils_present', 'trait_petals_purple_present', 'trait_red_dotted_present', 'trait_leaves_alternate_present', 'trait_sprawling_or_ascending_present'})",0.971868720696584,20.47891754658997,0.04219372473756143
"frozenset({'trait_base_obtuse_to_truncate_present', 'trait_stamens_12_present', 'trait_solitary_in_leaf_axils_present', 'trait_red_dotted_present', 'trait_leaves_alternate_present', 'trait_sprawling_or_ascending_present'})",0.971868720696584,20.47891754658997,0.04219372473756143
"frozenset({'trait_subsessile_present', 'trait_inflorescence_raceme_present', 'trait_petals_purple_present', 'trait_red_dotted_present', 'trait_leaves_alternate_present', 'trait_sprawling_or_ascending_present'})",0.971868720696584,20.47891754658997,0.04219372473756143
"frozenset({'trait_subsessile_present', 'trait_floral_tube_obconic_present', 'trait_stamens_12_present', 'trait_inflorescence_raceme_present', 'trait_leaves_alternate_present', 'trait_sprawling_or_ascending_present'})",0.971868720696584,20.47891754658997,0.04219372473756143
"frozenset({'trait_subsessile_present', 'trait_floral_tube_obconic_present', 'trait_base_obtuse_to_truncate_present', 'trait_solitary_in_leaf_axils_present', 'trait_red_dotted_present', 'trait_leaves_alternate_present', 'trait_sprawling_or_ascending_present'})",0.971868720696584,18.144187533135085,0.04219372473756143
"frozenset({'trait_subsessile_present', 'trait_floral_tube_obconic_present', 'trait_stamens_12_present', 'trait_petals_purple_present', 'trait_leaves_alternate_present', 'trait_sprawling_or_ascending_present'})",0.971868720696584,20.47891754658997,0.04219372473756143
"frozenset({'trait_base_obtuse_to_truncate_present', 'trait_floral_tube_obconic_present', 'trait_stamens_12_present', 'trait_inflorescence_raceme_present', 'trait_leaves_alternate_present', 'trait_sprawling_or_ascending_present'})",0.971868720696584,20.47891754658997,0.04219372473756143
"frozenset({'trait_subsessile_present', 'trait_base_obtuse_to_truncate_present', 'trait_stamens_12_present', 'trait_inflorescence_raceme_present', 'trait_red_dotted_present', 'trait_sprawling_or_ascending_present'})",0.971868720696584,20.47891754658997,0.04219372473756143
"frozenset({'trait_subsessile_present', 'trait_base_obtuse_to_truncate_present', 'trait_stamens_12_present', 'trait_petals_purple_present', 'trait_red_dotted_present', 'trait_sprawling_or_ascending_present'})",0.971868720696584,20.47891754658997,0.04219372473756143
"frozenset({'trait_subsessile_present', 'trait_base_obtuse_to_truncate_present', 'trait_inflorescence_raceme_present', 'trait_petals_purple_present', 'trait_red_dotted_present', 'trait_sprawling_or_ascending_present'})",0.971868720696584,20.47891754658997,0.04219372473756143
"frozenset({'trait_subsessile_present', 'trait_stamens_12_present', 'trait_inflorescence_raceme_present', 'trait_red_dotted_present', 'trait_leaves_alternate_present', 'trait_sprawling_or_ascending_present'})",0.971868720696584,20.47891754658997,0.04219372473756143
"frozenset({'trait_subsessile_present', 'trait_stamens_12_present', 'trait_petals_purple_present', 'trait_red_dotted_present', 'trait_leaves_alternate_present', 'trait_sprawling_or_ascending_present'})",0.971868720696584,20.47891754658997,0.04219372473756143
"frozenset({'trait_base_obtuse_to_truncate_present', 'trait_stamens_12_present', 'trait_inflorescence_raceme_present', 'trait_red_dotted_present', 'trait_leaves_alternate_present', 'trait_sprawling_or_ascending_present'})",0.971868720696584,20.47891754658997,0.04219372473756143
"frozenset({'trait_subsessile_present', 'trait_solitary_in_leaf_axils_present', 'trait_petals_purple_present', 'trait_red_dotted_present', 'trait_leaves_alternate_present', 'trait_sprawling_or_ascending_present'})",0.971868720696584,20.47891754658997,0.04219372473756143
"frozenset({'trait_base_obtuse_to_truncate_present', 'trait_stamens_12_present', 'trait_petals_purple_present', 'trait_red_dotted_present', 'trait_leaves_alternate_present', 'trait_sprawling_or_ascending_present'})",0.971868720696584,20.47891754658997,0.04219372473756143
"frozenset({'trait_base_obtuse_to_truncate_present', 'trait_inflorescence_raceme_present', 'trait_petals_purple_present', 'trait_red_dotted_present', 'trait_leaves_alternate_present', 'trait_sprawling_or_ascending_present'})",0.971868720696584,20.47891754658997,0.04219372473756143
"frozenset({'trait_subsessile_present', 'trait_floral_tube_obconic_present', 'trait_base_obtuse_to_truncate_present', 'trait_stamens_12_present', 'trait_solitary_in_leaf_axils_present', 'trait_sprawling_or_ascending_present'})",0.971868720696584,20.47891754658997,0.04219372473756143
"frozenset({'trait_subsessile_present', 'trait_floral_tube_obconic_present', 'trait_base_obtuse_to_truncate_present', 'trait_solitary_in_leaf_axils_present', 'trait_petals_purple_present', 'trait_sprawling_or_ascending_present'})",0.971868720696584,20.47891754658997,0.04219372473756143
"frozenset({'trait_subsessile_present', 'trait_floral_tube_obconic_present', 'trait_stamens_12_present', 'trait_solitary_in_leaf_axils_present', 'trait_leaves_alternate_present', 'trait_sprawling_or_ascending_present'})",0.971868720696584,20.47891754658997,0.04219372473756143
"frozenset({'trait_base_obtuse_to_truncate_present', 'trait_floral_tube_obconic_present', 'trait_stamens_12_present', 'trait_solitary_in_leaf_axils_present', 'trait_leaves_alternate_present', 'trait_sprawling_or_ascending_present'})",0.971868720696584,20.47891754658997,0.04219372473756143
"frozenset({'trait_subsessile_present', 'trait_base_obtuse_to_truncate_present', 'trait_stamens_12_present', 'trait_solitary_in_leaf_axils_present', 'trait_red_dotted_present', 'trait_sprawling_or_ascending_present'})",0.971868720696584,20.47891754658997,0.04219372473756143
"frozenset({'trait_subsessile_present', 'trait_inflorescence_raceme_present', 'trait_solitary_in_leaf_axils_present', 'trait_petals_purple_present', 'trait_red_dotted_present', 'trait_sprawling_or_ascending_present'})",0.971868720696584,20.47891754658997,0.04219372473756143
"frozenset({'trait_inflorescence_raceme_present', 'trait_petals_purple_present', 'trait_becoming_alternate_distally_present'})",0.8495374410891953,5.723891665677181,0.14152781412661025
"frozenset({'trait_base_attenuate_present', 'trait_petals_purple_present', 'trait_becoming_alternate_distally_present'})",0.8495374410891953,5.723891665677181,0.14152781412661025
"frozenset({'trait_floral_tube_cylindrical_present', 'trait_leaves_opposite_present', 'trait_stamens_6_present', 'trait_petals_purple_present', 'trait_becoming_alternate_distally_present', 'trait_base_attenuate_present'})",0.8495374410891953,5.723891665677181,0.14152781412661025
"frozenset({'trait_petals_purple_present', 'trait_sprawling_or_ascending_present'})",0.9705497382198953,20.00983239336311,0.04312425484893425
"frozenset({'trait_subsessile_present', 'trait_base_obtuse_to_truncate_present', 'trait_stamens_12_present', 'trait_solitary_in_leaf_axils_present', 'trait_red_dotted_present', 'trait_leaves_alternate_present', 'trait_sprawling_or_ascending_present'})",0.971868720696584,18.144187533135085,0.04219372473756143
"frozenset({'trait_inflorescence_raceme_present', 'trait_erect_present', 'trait_leaves_opposite_present'})",0.8728485036439757,4.792313764229685,0.1636860624036756
"frozenset({'trait_base_obtuse_to_truncate_present', 'trait_stamens_12_present', 'trait_inflorescence_raceme_present', 'trait_solitary_in_leaf_axils_present', 'trait_red_dotted_present', 'trait_leaves_alternate_present', 'trait_sprawling_or_ascending_present'})",0.971868720696584,20.47891754658997,0.04219372473756143
"frozenset({'trait_subsessile_present', 'trait_stamens_12_present', 'trait_inflorescence_raceme_present', 'trait_solitary_in_leaf_axils_present', 'trait_red_dotted_present', 'trait_leaves_alternate_present', 'trait_sprawling_or_ascending_present'})",0.971868720696584,20.47891754658997,0.04219372473756143
"frozenset({'trait_inflorescence_raceme_present', 'trait_petals_purple_present'})",0.8899341486359361,1.7416801896674072,0.24757916775713165
"frozenset({'trait_subsessile_present', 'trait_stamens_12_present', 'trait_inflorescence_raceme_present', 'trait_petals_purple_present', 'trait_red_dotted_present', 'trait_leaves_alternate_present', 'trait_sprawling_or_ascending_present'})",0.971868720696584,20.47891754658997,0.04219372473756143
"frozenset({'trait_inflorescence_raceme_present', 'trait_linear_present', 'trait_petals_purple_present'})",0.9627791563275433,28.444168734491313,0.03384803280118642
"frozenset({'trait_inflorescence_raceme_present', 'trait_linear_present', 'trait_distally_alternate_present', 'trait_leaves_opposite_present'})",0.9627791563275433,28.012787976432676,0.03384803280118642
"frozenset({'trait_linear_present', 'trait_distally_alternate_present', 'trait_petals_purple_present'})",0.9627791563275433,28.444168734491313,0.03384803280118642
"frozenset({'trait_inflorescence_raceme_present', 'trait_erect_present', 'trait_petals_purple_present'})",0.8697360150848522,4.856314547736607,0.16095263020151793
"frozenset({'trait_inflorescence_raceme_present', 'trait_petals_purple_present', 'trait_sprawling_or_ascending_present'})",0.9705497382198953,20.00983239336311,0.04312425484893425
"frozenset({'trait_inflorescence_raceme_present', 'trait_erect_present', 'trait_leaves_opposite_present', 'trait_petals_purple_present'})",0.8692789465232054,4.963158147068535,0.15740498415190904
"frozenset({'trait_inflorescence_raceme_present', 'trait_linear_present', 'trait_distally_alternate_present'})",0.9627791563275433,28.444168734491313,0.03384803280118642
"frozenset({'trait_inflorescence_raceme_present', 'trait_petals_purple_present', 'trait_leaves_opposite_present'})",0.869270683194004,4.956615739406169,0.17537584692779667
"frozenset({'trait_linear_present', 'trait_distally_alternate_present', 'trait_leaves_opposite_present', 'trait_petals_purple_present'})",0.9627791563275433,28.012787976432676,0.03384803280118642
"frozenset({'trait_stamens_12_present', 'trait_inflorescence_raceme_present', 'trait_solitary_in_leaf_axils_present', 'trait_red_dotted_present', 'trait_sprawling_or_ascending_present'})",0.9705497382198953,20.00983239336311,0.04312425484893425
"frozenset({'trait_solitary_in_leaf_axils_present', 'trait_petals_purple_present', 'trait_sprawling_or_ascending_present'})",0.9705497382198953,20.00983239336311,0.04312425484893425
"frozenset({'trait_inflorescence_raceme_present', 'trait_linear_present', 'trait_leaves_opposite_present'})",0.9627791563275433,28.444168734491313,0.03384803280118642
"frozenset({'trait_linear_present', 'trait_erect_present', 'trait_petals_purple_present'})",0.9647168059424327,28.50141429514976,0.030213149553636336
"frozenset({'trait_inflorescence_raceme_present', 'trait_linear_present', 'trait_erect_present'})",0.9647168059424327,28.50141429514976,0.030213149553636336
"frozenset({'trait_distally_alternate_present', 'trait_erect_present', 'trait_petals_purple_present'})",0.9647168059424327,28.50141429514976,0.030213149553636336
"frozenset({'trait_subsessile_present', 'trait_inflorescence_raceme_present', 'trait_solitary_in_leaf_axils_present', 'trait_petals_purple_present', 'trait_red_dotted_present', 'trait_leaves_alternate_present', 'trait_sprawling_or_ascending_present'})",0.971868720696584,20.47891754658997,0.04219372473756143
"frozenset({'trait_subsessile_present', 'trait_stamens_12_present', 'trait_solitary_in_leaf_axils_present', 'trait_petals_purple_present', 'trait_red_dotted_present', 'trait_leaves_alternate_present', 'trait_sprawling_or_ascending_present'})",0.971868720696584,20.47891754658997,0.04219372473756143
"frozenset({'trait_inflorescence_raceme_present', 'trait_solitary_in_leaf_axils_present', 'trait_sprawling_or_ascending_present'})",0.9705497382198953,20.00983239336311,0.04312425484893425
"frozenset({'trait_inflorescence_raceme_present', 'trait_stamens_12_present', 'trait_solitary_in_leaf_axils_present', 'trait_sprawling_or_ascending_present'})",0.9705497382198953,20.00983239336311,0.04312425484893425
"frozenset({'trait_stamens_12_present', 'trait_solitary_in_leaf_axils_present', 'trait_petals_purple_present'})",0.9715189873417722,18.137658227848103,0.05356363953589811
"frozenset({'trait_stamens_12_present', 'trait_inflorescence_raceme_present', 'trait_solitary_in_leaf_axils_present', 'trait_petals_purple_present', 'trait_red_dotted_present', 'trait_sprawling_or_ascending_present'})",0.9705497382198953,20.00983239336311,0.04312425484893425
"frozenset({'trait_inflorescence_raceme_present', 'trait_linear_present', 'trait_erect_present', 'trait_leaves_opposite_present'})",0.9647168059424327,28.50141429514976,0.030213149553636336
"frozenset({'trait_inflorescence_raceme_present', 'trait_distally_alternate_present', 'trait_petals_purple_present'})",0.9627791563275433,28.444168734491313,0.03384803280118642
"frozenset({'trait_subsessile_present', 'trait_base_obtuse_to_truncate_present', 'trait_stamens_12_present', 'trait_inflorescence_raceme_present', 'trait_solitary_in_leaf_axils_present', 'trait_petals_purple_present', 'trait_leaves_alternate_present', 'trait_sprawling_or_ascending_present'})",0.971868720696584,18.144187533135085,0.04219372473756143
"frozenset({'trait_inflorescence_raceme_present', 'trait_stamens_12_present', 'trait_solitary_in_leaf_axils_present', 'trait_red_dotted_present'})",0.9715189873417722,18.137658227848103,0.05356363953589811
"frozenset({'trait_red_dotted_present', 'trait_stamens_12_present', 'trait_solitary_in_leaf_axils_present', 'trait_petals_purple_present'})",0.9715189873417722,18.137658227848103,0.05356363953589811
"frozenset({'trait_stamens_12_present', 'trait_inflorescence_raceme_present', 'trait_solitary_in_leaf_axils_present', 'trait_petals_purple_present', 'trait_red_dotted_present'})",0.9715189873417722,18.137658227848103,0.05356363953589811
"frozenset({'trait_red_dotted_present', 'trait_petals_purple_present', 'trait_sprawling_or_ascending_present'})",0.9705497382198953,20.00983239336311,0.04312425484893425
"frozenset({'trait_solitary_in_leaf_axils_present', 'trait_red_dotted_present', 'trait_leaves_alternate_present'})",0.9720071471113757,20.481834425253126,0.047457035680013956
"frozenset({'trait_stamens_12_present', 'trait_inflorescence_raceme_present', 'trait_solitary_in_leaf_axils_present', 'trait_petals_purple_present', 'trait_red_dotted_present', 'trait_leaves_alternate_present', 'trait_sprawling_or_ascending_present'})",0.971868720696584,20.47891754658997,0.04219372473756143
"frozenset({'trait_subsessile_present', 'trait_base_obtuse_to_truncate_present', 'trait_inflorescence_raceme_present', 'trait_leaves_alternate_present', 'trait_sprawling_or_ascending_present'})",0.971868720696584,18.144187533135085,0.04219372473756143
"frozenset({'trait_stamens_12_present', 'trait_petals_purple_present', 'trait_sprawling_or_ascending_present'})",0.9705497382198953,20.00983239336311,0.04312425484893425
"frozenset({'trait_distally_alternate_present', 'trait_inflorescence_raceme_present', 'trait_erect_present', 'trait_leaves_opposite_present'})",0.9647168059424327,28.50141429514976,0.030213149553636336
"frozenset({'trait_base_obtuse_to_truncate_present', 'trait_stamens_12_present', 'trait_inflorescence_raceme_present', 'trait_petals_purple_present', 'trait_red_dotted_present', 'trait_leaves_alternate_present', 'trait_sprawling_or_ascending_present'})",0.971868720696584,20.47891754658997,0.04219372473756143
"frozenset({'trait_base_obtuse_to_truncate_present', 'trait_stamens_12_present', 'trait_solitary_in_leaf_axils_present', 'trait_petals_purple_present', 'trait_red_dotted_present', 'trait_leaves_alternate_present', 'trait_sprawling_or_ascending_present'})",0.971868720696584,20.47891754658997,0.04219372473756143
"frozenset({'trait_subsessile_present', 'trait_base_obtuse_to_truncate_present', 'trait_inflorescence_raceme_present', 'trait_petals_purple_present', 'trait_red_dotted_present', 'trait_leaves_alternate_present', 'trait_sprawling_or_ascending_present'})",0.971868720696584,18.144187533135085,0.04219372473756143
"frozenset({'trait_subsessile_present', 'trait_base_obtuse_to_truncate_present', 'trait_stamens_12_present', 'trait_solitary_in_leaf_axils_present', 'trait_petals_purple_present', 'trait_leaves_alternate_present', 'trait_sprawling_or_ascending_present'})",0.971868720696584,18.144187533135085,0.04219372473756143
"frozenset({'trait_subsessile_present', 'trait_base_obtuse_to_truncate_present', 'trait_stamens_12_present', 'trait_petals_purple_present', 'trait_red_dotted_present', 'trait_leaves_alternate_present', 'trait_sprawling_or_ascending_present'})",0.971868720696584,18.144187533135085,0.04219372473756143
"frozenset({'trait_stamens_12_present', 'trait_solitary_in_leaf_axils_present', 'trait_sprawling_or_ascending_present'})",0.9705497382198953,20.00983239336311,0.04312425484893425
"frozenset({'trait_subsessile_present', 'trait_base_obtuse_to_truncate_present', 'trait_solitary_in_leaf_axils_present', 'trait_petals_purple_present', 'trait_red_dotted_present', 'trait_leaves_alternate_present', 'trait_sprawling_or_ascending_present'})",0.971868720696584,18.144187533135085,0.04219372473756143
"frozenset({'trait_subsessile_present', 'trait_base_obtuse_to_truncate_present', 'trait_stamens_12_present', 'trait_inflorescence_raceme_present', 'trait_solitary_in_leaf_axils_present', 'trait_leaves_alternate_present', 'trait_sprawling_or_ascending_present'})",0.971868720696584,18.144187533135085,0.04219372473756143
"frozenset({'trait_subsessile_present', 'trait_base_obtuse_to_truncate_present', 'trait_stamens_12_present', 'trait_inflorescence_raceme_present', 'trait_red_dotted_present', 'trait_leaves_alternate_present', 'trait_sprawling_or_ascending_present'})",0.971868720696584,18.144187533135085,0.04219372473756143
"frozenset({'trait_subsessile_present', 'trait_base_obtuse_to_truncate_present', 'trait_inflorescence_raceme_present', 'trait_solitary_in_leaf_axils_present', 'trait_red_dotted_present', 'trait_leaves_alternate_present', 'trait_sprawling_or_ascending_present'})",0.971868720696584,18.144187533135085,0.04219372473756143
"frozenset({'trait_subsessile_present', 'trait_base_obtuse_to_truncate_present', 'trait_inflorescence_raceme_present', 'trait_solitary_in_leaf_axils_present', 'trait_petals_purple_present', 'trait_red_dotted_present', 'trait_sprawling_or_ascending_present'})",0.971868720696584,20.47891754658997,0.04219372473756143
"frozenset({'trait_subsessile_present', 'trait_base_obtuse_to_truncate_present', 'trait_stamens_12_present', 'trait_solitary_in_leaf_axils_present', 'trait_petals_purple_present', 'trait_red_dotted_present', 'trait_sprawling_or_ascending_present'})",0.971868720696584,20.47891754658997,0.04219372473756143
"frozenset({'trait_subsessile_present', 'trait_base_obtuse_to_truncate_present', 'trait_stamens_12_present', 'trait_inflorescence_raceme_present', 'trait_petals_purple_present', 'trait_red_dotted_present', 'trait_sprawling_or_ascending_present'})",0.971868720696584,20.47891754658997,0.04219372473756143
"frozenset({'trait_base_obtuse_to_truncate_present', 'trait_stamens_12_present', 'trait_inflorescence_raceme_present', 'trait_solitary_in_leaf_axils_present', 'trait_petals_purple_present', 'trait_red_dotted_present', 'trait_leaves_alternate_present', 'trait_sprawling_or_ascending_present'})",0.971868720696584,20.47891754658997,0.04219372473756143
"frozenset({'trait_subsessile_present', 'trait_base_obtuse_to_truncate_present', 'trait_stamens_12_present', 'trait_inflorescence_raceme_present', 'trait_solitary_in_leaf_axils_present', 'trait_red_dotted_present', 'trait_sprawling_or_ascending_present'})",0.971868720696584,20.47891754658997,0.04219372473756143
"frozenset({'trait_base_obtuse_to_truncate_present', 'trait_solitary_in_leaf_axils_present', 'trait_red_dotted_present', 'trait_leaves_alternate_present', 'trait_sprawling_or_ascending_present'})",0.971868720696584,20.47891754658997,0.04219372473756143
"frozenset({'trait_subsessile_present', 'trait_base_obtuse_to_truncate_present', 'trait_solitary_in_leaf_axils_present', 'trait_red_dotted_present', 'trait_leaves_alternate_present', 'trait_sprawling_or_ascending_present'})",0.971868720696584,18.144187533135085,0.04219372473756143
"frozenset({'trait_subsessile_present', 'trait_base_obtuse_to_truncate_present', 'trait_stamens_12_present', 'trait_red_dotted_present', 'trait_leaves_alternate_present', 'trait_sprawling_or_ascending_present'})",0.971868720696584,18.144187533135085,0.04219372473756143
"frozenset({'trait_subsessile_present', 'trait_base_obtuse_to_truncate_present', 'trait_stamens_12_present', 'trait_solitary_in_leaf_axils_present', 'trait_leaves_alternate_present', 'trait_sprawling_or_ascending_present'})",0.971868720696584,18.144187533135085,0.04219372473756143
"frozenset({'trait_subsessile_present', 'trait_base_obtuse_to_truncate_present', 'trait_inflorescence_raceme_present', 'trait_solitary_in_leaf_axils_present', 'trait_petals_purple_present', 'trait_leaves_alternate_present', 'trait_sprawling_or_ascending_present'})",0.971868720696584,18.144187533135085,0.04219372473756143
"frozenset({'trait_subsessile_present', 'trait_base_obtuse_to_truncate_present', 'trait_stamens_12_present', 'trait_inflorescence_raceme_present', 'trait_petals_purple_present', 'trait_leaves_alternate_present', 'trait_sprawling_or_ascending_present'})",0.971868720696584,18.144187533135085,0.04219372473756143
"frozenset({'trait_subsessile_present', 'trait_stamens_12_present', 'trait_inflorescence_raceme_present', 'trait_solitary_in_leaf_axils_present', 'trait_petals_purple_present', 'trait_red_dotted_present', 'trait_leaves_alternate_present', 'trait_sprawling_or_ascending_present'})",0.971868720696584,20.47891754658997,0.04219372473756143
"frozenset({'trait_subsessile_present', 'trait_base_obtuse_to_truncate_present', 'trait_stamens_12_present', 'trait_inflorescence_raceme_present', 'trait_solitary_in_leaf_axils_present', 'trait_petals_purple_present', 'trait_red_dotted_present', 'trait_sprawling_or_ascending_present'})",0.971868720696584,20.47891754658997,0.04219372473756143
"frozenset({'trait_base_obtuse_to_truncate_present', 'trait_inflorescence_raceme_present', 'trait_solitary_in_leaf_axils_present', 'trait_petals_purple_present', 'trait_red_dotted_present', 'trait_leaves_alternate_present', 'trait_sprawling_or_ascending_present'})",0.971868720696584,20.47891754658997,0.04219372473756143
frozenset({'trait_distally_alternate_present'}),0.9604722792607803,17.653490759753595,0.054406932449329724
"frozenset({'trait_distally_alternate_present', 'trait_leaves_opposite_present'})",0.9604722792607803,17.653490759753595,0.054406932449329724
"frozenset({'trait_inflorescence_raceme_present', 'trait_distally_alternate_present', 'trait_leaves_opposite_present', 'trait_petals_purple_present'})",0.9627791563275433,28.444168734491313,0.03384803280118642
"frozenset({'trait_linear_present', 'trait_distally_alternate_present'})",0.959073774905762,18.518578352180935,0.05178981651109366
"frozenset({'trait_linear_present', 'trait_distally_alternate_present', 'trait_leaves_opposite_present'})",0.959073774905762,16.827185949991105,0.05178981651109366
"frozenset({'trait_inflorescence_raceme_present', 'trait_linear_present', 'trait_distally_alternate_present', 'trait_petals_purple_present'})",0.9627791563275433,28.444168734491313,0.03384803280118642
"frozenset({'trait_inflorescence_raceme_present', 'trait_linear_present', 'trait_petals_purple_present', 'trait_leaves_opposite_present'})",0.9627791563275433,28.444168734491313,0.03384803280118642
"frozenset({'trait_distally_alternate_present', 'trait_leaves_opposite_present', 'trait_inflorescence_raceme_present', 'trait_petals_purple_present', 'trait_linear_present'})",0.9627791563275433,28.012787976432676,0.03384803280118642
"frozenset({'trait_inflorescence_raceme_present', 'trait_erect_present'})",0.8733120922470036,4.689065614552759,0.1673791037831865
"frozenset({'trait_linear_present', 'trait_erect_present'})",0.9608076009501187,18.228042277836277,0.04704992875628835
"frozenset({'trait_erect_present', 'trait_leaves_opposite_present', 'trait_inflorescence_raceme_present', 'trait_petals_purple_present', 'trait_linear_present'})",0.9647168059424327,28.50141429514976,0.030213149553636336
"frozenset({'trait_linear_present', 'trait_distally_alternate_present', 'trait_erect_present'})",0.9608076009501187,18.228042277836277,0.04704992875628835
"frozenset({'trait_subsessile_present', 'trait_base_obtuse_to_truncate_present', 'trait_stamens_12_present', 'trait_inflorescence_raceme_present', 'trait_petals_purple_present', 'trait_red_dotted_present', 'trait_leaves_alternate_present', 'trait_sprawling_or_ascending_present'})",0.971868720696584,18.144187533135085,0.04219372473756143
"frozenset({'trait_linear_present', 'trait_erect_present', 'trait_leaves_opposite_present'})",0.9608076009501187,18.228042277836277,0.04704992875628835
"frozenset({'trait_distally_alternate_present', 'trait_erect_present'})",0.9621468926553672,17.650657124639554,0.04952164936462241
"frozenset({'trait_distally_alternate_present', 'trait_leaves_opposite_present', 'trait_erect_present'})",0.9621468926553672,17.650657124639554,0.04952164936462241
"frozenset({'trait_leaves_opposite_present', 'trait_distally_alternate_present', 'trait_erect_present', 'trait_linear_present'})",0.9608076009501187,16.56318595737816,0.04704992875628835
"frozenset({'trait_distally_alternate_present', 'trait_erect_present', 'trait_leaves_opposite_present', 'trait_inflorescence_raceme_present', 'trait_linear_present'})",0.9647168059424327,25.89824062416418,0.030213149553636336
"frozenset({'trait_distally_alternate_present', 'trait_erect_present', 'trait_leaves_opposite_present', 'trait_petals_purple_present'})",0.9647168059424327,28.50141429514976,0.030213149553636336
frozenset({'trait_floral_tube_obconic_present'}),0.9710830704521556,18.080441640378552,0.05370903486580011
"frozenset({'trait_distally_alternate_present', 'trait_inflorescence_raceme_present', 'trait_erect_present', 'trait_petals_purple_present'})",0.9647168059424327,28.50141429514976,0.030213149553636336
"frozenset({'trait_subsessile_present', 'trait_floral_tube_obconic_present', 'trait_base_obtuse_to_truncate_present', 'trait_stamens_12_present', 'trait_solitary_in_leaf_axils_present', 'trait_petals_purple_present', 'trait_leaves_alternate_present', 'trait_sprawling_or_ascending_present'})",0.971868720696584,18.144187533135085,0.04219372473756143
"frozenset({'trait_inflorescence_raceme_present', 'trait_distally_alternate_present', 'trait_leaves_opposite_present'})",0.9627791563275433,28.444168734491313,0.03384803280118642
"frozenset({'trait_base_obtuse_to_truncate_present', 'trait_floral_tube_obconic_present', 'trait_stamens_12_present', 'trait_inflorescence_raceme_present', 'trait_red_dotted_present', 'trait_leaves_alternate_present', 'trait_sprawling_or_ascending_present'})",0.971868720696584,20.47891754658997,0.04219372473756143
"frozenset({'trait_distally_alternate_present', 'trait_leaves_opposite_present', 'trait_petals_purple_present'})",0.9627791563275433,28.444168734491313,0.03384803280118642
frozenset({'trait_leaves_alternate_present'}),0.9725135623869802,12.437251356238699,0.07819360842129751
"frozenset({'trait_linear_present', 'trait_petals_purple_present', 'trait_leaves_opposite_present'})",0.9627791563275433,28.444168734491313,0.03384803280118642
"frozenset({'trait_inflorescence_raceme_present', 'trait_floral_tube_obconic_present', 'trait_petals_purple_present'})",0.9715189873417722,18.137658227848103,0.05356363953589811
"frozenset({'trait_distally_alternate_present', 'trait_inflorescence_raceme_present', 'trait_erect_present', 'trait_linear_present'})",0.9647168059424327,28.50141429514976,0.030213149553636336
"frozenset({'trait_inflorescence_raceme_present', 'trait_red_dotted_present', 'trait_petals_purple_present'})",0.9715189873417722,18.137658227848103,0.05356363953589811
"frozenset({'trait_subsessile_present', 'trait_floral_tube_obconic_present', 'trait_base_obtuse_to_truncate_present', 'trait_stamens_12_present', 'trait_solitary_in_leaf_axils_present', 'trait_red_dotted_present', 'trait_sprawling_or_ascending_present'})",0.971868720696584,20.47891754658997,0.04219372473756143
"frozenset({'trait_inflorescence_raceme_present', 'trait_linear_present', 'trait_erect_present', 'trait_petals_purple_present'})",0.9647168059424327,28.50141429514976,0.030213149553636336
"frozenset({'trait_inflorescence_raceme_present', 'trait_stamens_12_present', 'trait_petals_purple_present'})",0.9715189873417722,18.137658227848103,0.05356363953589811
"frozenset({'trait_leaves_alternate_present', 'trait_sprawling_or_ascending_present'})",0.9727272727272728,12.772477350827868,0.06845212131786327
"frozenset({'trait_floral_tube_obconic_present', 'trait_red_dotted_present'})",0.9715189873417722,18.137658227848103,0.05356363953589811
"frozenset({'trait_red_dotted_present', 'trait_solitary_in_leaf_axils_present', 'trait_petals_purple_present'})",0.9715189873417722,18.137658227848103,0.05356363953589811
"frozenset({'trait_floral_tube_obconic_present', 'trait_solitary_in_leaf_axils_present'})",0.9715189873417722,18.137658227848103,0.05356363953589811
"frozenset({'trait_linear_present', 'trait_petals_purple_present'})",0.9627791563275433,28.444168734491313,0.03384803280118642
"frozenset({'trait_floral_tube_obconic_present', 'trait_red_dotted_present', 'trait_petals_purple_present'})",0.9715189873417722,18.137658227848103,0.05356363953589811
frozenset({'trait_inflorescence_raceme_present'}),0.8947836395969175,3.397451096621221,0.2633691005844892
"frozenset({'trait_subsessile_present', 'trait_base_obtuse_to_truncate_present', 'trait_stamens_12_present', 'trait_inflorescence_raceme_present', 'trait_solitary_in_leaf_axils_present', 'trait_red_dotted_present', 'trait_leaves_alternate_present', 'trait_sprawling_or_ascending_present'})",0.971868720696584,18.144187533135085,0.04219372473756143
"frozenset({'trait_floral_tube_obconic_present', 'trait_leaves_alternate_present'})",0.9720071471113757,20.481834425253126,0.047457035680013956
"frozenset({'trait_subsessile_present', 'trait_floral_tube_obconic_present', 'trait_base_obtuse_to_truncate_present', 'trait_stamens_12_present', 'trait_inflorescence_raceme_present', 'trait_red_dotted_present', 'trait_leaves_alternate_present', 'trait_sprawling_or_ascending_present'})",0.971868720696584,18.144187533135085,0.04219372473756143
"frozenset({'trait_subsessile_present', 'trait_floral_tube_obconic_present', 'trait_base_obtuse_to_truncate_present', 'trait_stamens_12_present', 'trait_inflorescence_raceme_present', 'trait_solitary_in_leaf_axils_present', 'trait_leaves_alternate_present', 'trait_sprawling_or_ascending_present'})",0.971868720696584,18.144187533135085,0.04219372473756143
"frozenset({'trait_distally_alternate_present', 'trait_erect_present', 'trait_leaves_opposite_present', 'trait_petals_purple_present', 'trait_linear_present'})",0.9647168059424327,25.89824062416418,0.030213149553636336
"frozenset({'trait_subsessile_present', 'trait_floral_tube_obconic_present', 'trait_base_obtuse_to_truncate_present', 'trait_solitary_in_leaf_axils_present', 'trait_petals_purple_present', 'trait_red_dotted_present', 'trait_sprawling_or_ascending_present'})",0.971868720696584,20.47891754658997,0.04219372473756143
"frozenset({'trait_distally_alternate_present', 'trait_linear_present', 'trait_erect_present', 'trait_petals_purple_present'})",0.9647168059424327,28.50141429514976,0.030213149553636336
"frozenset({'trait_base_obtuse_to_truncate_present', 'trait_floral_tube_obconic_present', 'trait_red_dotted_present', 'trait_sprawling_or_ascending_present'})",0.971868720696584,20.47891754658997,0.04219372473756143
"frozenset({'trait_base_obtuse_to_truncate_present', 'trait_floral_tube_obconic_present', 'trait_inflorescence_raceme_present', 'trait_petals_purple_present', 'trait_red_dotted_present', 'trait_leaves_alternate_present', 'trait_sprawling_or_ascending_present'})",0.971868720696584,20.47891754658997,0.04219372473756143
"frozenset({'trait_inflorescence_raceme_present', 'trait_distally_alternate_present'})",0.9627791563275433,28.444168734491313,0.03384803280118642
"frozenset({'trait_red_dotted_present', 'trait_leaves_alternate_present'})",0.9720071471113757,20.481834425253126,0.047457035680013956
"frozenset({'trait_base_obtuse_to_truncate_present', 'trait_floral_tube_obconic_present', 'trait_stamens_12_present', 'trait_petals_purple_present', 'trait_red_dotted_present', 'trait_leaves_alternate_present', 'trait_sprawling_or_ascending_present'})",0.971868720696584,20.47891754658997,0.04219372473756143
"frozenset({'trait_distally_alternate_present', 'trait_petals_purple_present'})",0.9627791563275433,28.444168734491313,0.03384803280118642
"frozenset({'trait_inflorescence_raceme_present', 'trait_linear_present'})",0.9627791563275433,28.444168734491313,0.03384803280118642
"frozenset({'trait_subsessile_present', 'trait_floral_tube_obconic_present', 'trait_base_obtuse_to_truncate_present', 'trait_stamens_12_present', 'trait_inflorescence_raceme_present', 'trait_red_dotted_present', 'trait_sprawling_or_ascending_present'})",0.971868720696584,20.47891754658997,0.04219372473756143
"frozenset({'trait_subsessile_present', 'trait_floral_tube_obconic_present', 'trait_base_obtuse_to_truncate_present', 'trait_stamens_12_present', 'trait_petals_purple_present', 'trait_red_dotted_present', 'trait_sprawling_or_ascending_present'})",0.971868720696584,20.47891754658997,0.04219372473756143
"frozenset({'trait_subsessile_present', 'trait_floral_tube_obconic_present', 'trait_stamens_12_present', 'trait_inflorescence_raceme_present', 'trait_red_dotted_present', 'trait_leaves_alternate_present', 'trait_sprawling_or_ascending_present'})",0.971868720696584,20.47891754658997,0.04219372473756143
"frozenset({'trait_subsessile_present', 'trait_floral_tube_obconic_present', 'trait_stamens_12_present', 'trait_inflorescence_raceme_present', 'trait_solitary_in_leaf_axils_present', 'trait_red_dotted_present', 'trait_sprawling_or_ascending_present'})",0.971868720696584,20.47891754658997,0.04219372473756143
"frozenset({'trait_subsessile_present', 'trait_floral_tube_obconic_present', 'trait_stamens_12_present', 'trait_petals_purple_present', 'trait_red_dotted_present', 'trait_leaves_alternate_present', 'trait_sprawling_or_ascending_present'})",0.971868720696584,20.47891754658997,0.04219372473756143
"frozenset({'trait_subsessile_present', 'trait_floral_tube_obconic_present', 'trait_inflorescence_raceme_present', 'trait_petals_purple_present', 'trait_red_dotted_present', 'trait_leaves_alternate_present', 'trait_sprawling_or_ascending_present'})",0.971868720696584,20.47891754658997,0.04219372473756143
"frozenset({'trait_subsessile_present', 'trait_floral_tube_obconic_present', 'trait_base_obtuse_to_truncate_present', 'trait_stamens_12_present', 'trait_petals_purple_present', 'trait_red_dotted_present', 'trait_leaves_alternate_present', 'trait_sprawling_or_ascending_present'})",0.971868720696584,18.144187533135085,0.04219372473756143
"frozenset({'trait_inflorescence_raceme_present', 'trait_floral_tube_obconic_present', 'trait_stamens_12_present', 'trait_petals_purple_present'})",0.9715189873417722,18.137658227848103,0.05356363953589811
"frozenset({'trait_subsessile_present', 'trait_floral_tube_obconic_present', 'trait_stamens_12_present', 'trait_inflorescence_raceme_present', 'trait_solitary_in_leaf_axils_present', 'trait_petals_purple_present', 'trait_sprawling_or_ascending_present'})",0.971868720696584,20.47891754658997,0.04219372473756143
"frozenset({'trait_subsessile_present', 'trait_floral_tube_obconic_present', 'trait_base_obtuse_to_truncate_present', 'trait_stamens_12_present', 'trait_solitary_in_leaf_axils_present', 'trait_leaves_alternate_present', 'trait_sprawling_or_ascending_present'})",0.971868720696584,18.144187533135085,0.04219372473756143
"frozenset({'trait_subsessile_present', 'trait_floral_tube_obconic_present', 'trait_base_obtuse_to_truncate_present', 'trait_stamens_12_present', 'trait_red_dotted_present', 'trait_leaves_alternate_present', 'trait_sprawling_or_ascending_present'})",0.971868720696584,18.144187533135085,0.04219372473756143
"frozenset({'trait_subsessile_present', 'trait_floral_tube_obconic_present', 'trait_base_obtuse_to_truncate_present', 'trait_stamens_12_present', 'trait_inflorescence_raceme_present', 'trait_petals_purple_present', 'trait_leaves_alternate_present', 'trait_sprawling_or_ascending_present'})",0.971868720696584,18.144187533135085,0.04219372473756143
"frozenset({'trait_floral_tube_obconic_present', 'trait_stamens_12_present', 'trait_solitary_in_leaf_axils_present', 'trait_petals_purple_present', 'trait_red_dotted_present'})",0.9715189873417722,18.137658227848103,0.05356363953589811
"frozenset({'trait_floral_tube_obconic_present', 'trait_stamens_12_present', 'trait_inflorescence_raceme_present', 'trait_solitary_in_leaf_axils_present', 'trait_petals_purple_present'})",0.9715189873417722,18.137658227848103,0.05356363953589811
"frozenset({'trait_inflorescence_raceme_present', 'trait_distally_alternate_present', 'trait_erect_present'})",0.9647168059424327,28.50141429514976,0.030213149553636336
frozenset({'trait_linear_present'}),0.959073774905762,18.518578352180935,0.05178981651109366
"frozenset({'trait_linear_present', 'trait_leaves_opposite_present'})",0.959073774905762,18.518578352180935,0.05178981651109366
"frozenset({'trait_floral_tube_obconic_present', 'trait_red_dotted_present', 'trait_sprawling_or_ascending_present'})",0.9705497382198953,20.00983239336311,0.04312425484893425
"frozenset({'trait_inflorescence_raceme_present', 'trait_solitary_in_leaf_axils_present', 'trait_red_dotted_present'})",0.9715189873417722,18.137658227848103,0.05356363953589811
"frozenset({'trait_floral_tube_obconic_present', 'trait_sprawling_or_ascending_present'})",0.9705497382198953,20.00983239336311,0.04312425484893425
"frozenset({'trait_floral_tube_obconic_present', 'trait_solitary_in_leaf_axils_present', 'trait_sprawling_or_ascending_present'})",0.9705497382198953,20.00983239336311,0.04312425484893425
"frozenset({'trait_inflorescence_raceme_present', 'trait_stamens_12_present', 'trait_solitary_in_leaf_axils_present'})",0.9715189873417722,18.137658227848103,0.05356363953589811
"frozenset({'trait_floral_tube_obconic_present', 'trait_solitary_in_leaf_axils_present', 'trait_leaves_alternate_present'})",0.9720071471113757,20.481834425253126,0.047457035680013956
"frozenset({'trait_inflorescence_raceme_present', 'trait_floral_tube_obconic_present', 'trait_solitary_in_leaf_axils_present', 'trait_petals_purple_present'})",0.9715189873417722,18.137658227848103,0.05356363953589811
"frozenset({'trait_floral_tube_obconic_present', 'trait_stamens_12_present', 'trait_inflorescence_raceme_present', 'trait_solitary_in_leaf_axils_present', 'trait_petals_purple_present', 'trait_red_dotted_present'})",0.9715189873417722,11.302275001087478,0.05356363953589811
"frozenset({'trait_floral_tube_obconic_present', 'trait_stamens_12_present', 'trait_inflorescence_raceme_present', 'trait_solitary_in_leaf_axils_present', 'trait_petals_purple_present', 'trait_red_dotted_present', 'trait_sprawling_or_ascending_present'})",0.9705497382198953,12.46889899426063,0.04312425484893425
"frozenset({'trait_base_obtuse_to_truncate_present', 'trait_floral_tube_obconic_present', 'trait_stamens_12_present', 'trait_inflorescence_raceme_present', 'trait_petals_purple_present', 'trait_red_dotted_present', 'trait_leaves_alternate_present', 'trait_sprawling_or_ascending_present'})",0.971868720696584,20.47891754658997,0.04219372473756143
"frozenset({'trait_inflorescence_raceme_present', 'trait_stamens_12_present', 'trait_solitary_in_leaf_axils_present', 'trait_petals_purple_present'})",0.9715189873417722,18.137658227848103,0.05356363953589811
"frozenset({'trait_solitary_in_leaf_axils_present', 'trait_leaves_alternate_present'})",0.9720071471113757,20.481834425253126,0.047457035680013956
"frozenset({'trait_subsessile_present', 'trait_floral_tube_obconic_present', 'trait_base_obtuse_to_truncate_present', 'trait_inflorescence_raceme_present', 'trait_red_dotted_present', 'trait_leaves_alternate_present', 'trait_sprawling_or_ascending_present'})",0.971868720696584,18.144187533135085,0.04219372473756143
"frozenset({'trait_base_obtuse_to_truncate_present', 'trait_floral_tube_obconic_present', 'trait_stamens_12_present', 'trait_inflorescence_raceme_present', 'trait_solitary_in_leaf_axils_present', 'trait_petals_purple_present', 'trait_leaves_alternate_present', 'trait_sprawling_or_ascending_present'})",0.971868720696584,20.47891754658997,0.04219372473756143
"frozenset({'trait_inflorescence_raceme_present', 'trait_solitary_in_leaf_axils_present', 'trait_petals_purple_present', 'trait_red_dotted_present'})",0.9715189873417722,18.137658227848103,0.05356363953589811
"frozenset({'trait_subsessile_present', 'trait_floral_tube_obconic_present', 'trait_base_obtuse_to_truncate_present', 'trait_inflorescence_raceme_present', 'trait_solitary_in_leaf_axils_present', 'trait_leaves_alternate_present', 'trait_sprawling_or_ascending_present'})",0.971868720696584,18.144187533135085,0.04219372473756143
"frozenset({'trait_floral_tube_obconic_present', 'trait_solitary_in_leaf_axils_present', 'trait_red_dotted_present'})",0.9715189873417722,18.137658227848103,0.05356363953589811
"frozenset({'trait_subsessile_present', 'trait_floral_tube_obconic_present', 'trait_base_obtuse_to_truncate_present', 'trait_stamens_12_present', 'trait_inflorescence_raceme_present', 'trait_leaves_alternate_present', 'trait_sprawling_or_ascending_present'})",0.971868720696584,18.144187533135085,0.04219372473756143
"frozenset({'trait_subsessile_present', 'trait_floral_tube_obconic_present', 'trait_base_obtuse_to_truncate_present', 'trait_red_dotted_present', 'trait_leaves_alternate_present', 'trait_sprawling_or_ascending_present'})",0.971868720696584,18.144187533135085,0.04219372473756143
"frozenset({'trait_distally_alternate_present', 'trait_erect_present', 'trait_leaves_opposite_present', 'trait_inflorescence_raceme_present', 'trait_petals_purple_present'})",0.9647168059424327,28.50141429514976,0.030213149553636336
"frozenset({'trait_subsessile_present', 'trait_floral_tube_obconic_present', 'trait_base_obtuse_to_truncate_present', 'trait_solitary_in_leaf_axils_present', 'trait_petals_purple_present', 'trait_leaves_alternate_present', 'trait_sprawling_or_ascending_present'})",0.971868720696584,18.144187533135085,0.04219372473756143
"frozenset({'trait_stamens_12_present', 'trait_red_dotted_present', 'trait_petals_purple_present'})",0.9715189873417722,18.137658227848103,0.05356363953589811
"frozenset({'trait_subsessile_present', 'trait_floral_tube_obconic_present', 'trait_base_obtuse_to_truncate_present', 'trait_inflorescence_raceme_present', 'trait_petals_purple_present', 'trait_leaves_alternate_present', 'trait_sprawling_or_ascending_present'})",0.971868720696584,18.144187533135085,0.04219372473756143
"frozenset({'trait_subsessile_present', 'trait_floral_tube_obconic_present', 'trait_base_obtuse_to_truncate_present', 'trait_inflorescence_raceme_present', 'trait_solitary_in_leaf_axils_present', 'trait_petals_purple_present', 'trait_leaves_alternate_present', 'trait_sprawling_or_ascending_present'})",0.971868720696584,18.144187533135085,0.04219372473756143
"frozenset({'trait_inflorescence_raceme_present', 'trait_floral_tube_obconic_present', 'trait_red_dotted_present', 'trait_petals_purple_present'})",0.9715189873417722,18.137658227848103,0.05356363953589811
"frozenset({'trait_subsessile_present', 'trait_floral_tube_obconic_present', 'trait_base_obtuse_to_truncate_present', 'trait_stamens_12_present', 'trait_petals_purple_present', 'trait_leaves_alternate_present', 'trait_sprawling_or_ascending_present'})",0.971868720696584,18.144187533135085,0.04219372473756143
"frozenset({'trait_inflorescence_raceme_present', 'trait_leaves_opposite_present'})",0.875374557341324,4.683873603922637,0.18689115705603537
"frozenset({'trait_floral_tube_obconic_present', 'trait_red_dotted_present', 'trait_stamens_12_present'})",0.9715189873417722,18.137658227848103,0.05356363953589811
"frozenset({'trait_inflorescence_raceme_present', 'trait_floral_tube_obconic_present', 'trait_red_dotted_present'})",0.9715189873417722,18.137658227848103,0.05356363953589811
"frozenset({'trait_subsessile_present', 'trait_floral_tube_obconic_present', 'trait_base_obtuse_to_truncate_present', 'trait_petals_purple_present', 'trait_red_dotted_present', 'trait_leaves_alternate_present', 'trait_sprawling_or_ascending_present'})",0.971868720696584,18.144187533135085,0.04219372473756143
"frozenset({'trait_inflorescence_raceme_present', 'trait_stamens_12_present', 'trait_red_dotted_present', 'trait_petals_purple_present'})",0.9715189873417722,18.137658227848103,0.05356363953589811
"frozenset({'trait_subsessile_present', 'trait_base_obtuse_to_truncate_present', 'trait_stamens_12_present', 'trait_solitary_in_leaf_axils_present', 'trait_petals_purple_present', 'trait_red_dotted_present', 'trait_leaves_alternate_present', 'trait_sprawling_or_ascending_present'})",0.971868720696584,18.095069537647444,0.04219372473756143
"frozenset({'trait_floral_tube_obconic_present', 'trait_solitary_in_leaf_axils_present', 'trait_red_dotted_present', 'trait_leaves_alternate_present', 'trait_sprawling_or_ascending_present'})",0.971868720696584,20.47891754658997,0.04219372473756143
"frozenset({'trait_base_obtuse_to_truncate_present', 'trait_floral_tube_obconic_present', 'trait_solitary_in_leaf_axils_present', 'trait_red_dotted_present', 'trait_sprawling_or_ascending_present'})",0.971868720696584,20.47891754658997,0.04219372473756143
"frozenset({'trait_inflorescence_raceme_present', 'trait_floral_tube_obconic_present', 'trait_solitary_in_leaf_axils_present', 'trait_red_dotted_present'})",0.9715189873417722,18.137658227848103,0.05356363953589811
"frozenset({'trait_floral_tube_obconic_present', 'trait_petals_purple_present'})",0.9715189873417722,18.137658227848103,0.05356363953589811
"frozenset({'trait_floral_tube_obconic_present', 'trait_stamens_12_present', 'trait_petals_purple_present', 'trait_sprawling_or_ascending_present'})",0.9705497382198953,20.00983239336311,0.04312425484893425
"frozenset({'trait_inflorescence_raceme_present', 'trait_floral_tube_obconic_present'})",0.9710830704521556,18.080441640378552,0.05370903486580011
"frozenset({'trait_inflorescence_raceme_present', 'trait_red_dotted_present', 'trait_petals_purple_present', 'trait_sprawling_or_ascending_present'})",0.9705497382198953,20.00983239336311,0.04312425484893425
"frozenset({'trait_stamens_12_present', 'trait_inflorescence_raceme_present', 'trait_petals_purple_present', 'trait_red_dotted_present', 'trait_sprawling_or_ascending_present'})",0.9705497382198953,20.00983239336311,0.04312425484893425
"frozenset({'trait_inflorescence_raceme_present', 'trait_floral_tube_obconic_present', 'trait_petals_purple_present', 'trait_sprawling_or_ascending_present'})",0.9705497382198953,20.00983239336311,0.04312425484893425
"frozenset({'trait_floral_tube_obconic_present', 'trait_stamens_12_present', 'trait_petals_purple_present'})",0.9715189873417722,18.137658227848103,0.05356363953589811
"frozenset({'trait_subsessile_present', 'trait_floral_tube_obconic_present', 'trait_base_obtuse_to_truncate_present', 'trait_inflorescence_raceme_present', 'trait_petals_purple_present', 'trait_red_dotted_present', 'trait_leaves_alternate_present', 'trait_sprawling_or_ascending_present'})",0.971868720696584,18.144187533135085,0.04219372473756143
"frozenset({'trait_floral_tube_obconic_present', 'trait_solitary_in_leaf_axils_present', 'trait_petals_purple_present'})",0.9715189873417722,18.137658227848103,0.05356363953589811
"frozenset({'trait_floral_tube_obconic_present', 'trait_inflorescence_raceme_present', 'trait_solitary_in_leaf_axils_present', 'trait_petals_purple_present', 'trait_red_dotted_present'})",0.9715189873417722,18.137658227848103,0.05356363953589811
"frozenset({'trait_inflorescence_raceme_present', 'trait_stamens_12_present', 'trait_petals_purple_present', 'trait_sprawling_or_ascending_present'})",0.9705497382198953,20.00983239336311,0.04312425484893425
"frozenset({'trait_floral_tube_obconic_present', 'trait_stamens_12_present', 'trait_inflorescence_raceme_present', 'trait_petals_purple_present', 'trait_red_dotted_present', 'trait_sprawling_or_ascending_present'})",0.9705497382198953,20.00983239336311,0.04312425484893425
"frozenset({'trait_solitary_in_leaf_axils_present', 'trait_petals_purple_present'})",0.9715189873417722,18.137658227848103,0.05356363953589811
"frozenset({'trait_stamens_12_present', 'trait_solitary_in_leaf_axils_present', 'trait_petals_purple_present', 'trait_sprawling_or_ascending_present'})",0.9705497382198953,20.00983239336311,0.04312425484893425
"frozenset({'trait_inflorescence_raceme_present', 'trait_solitary_in_leaf_axils_present', 'trait_petals_purple_present', 'trait_sprawling_or_ascending_present'})",0.9705497382198953,20.00983239336311,0.04312425484893425
"frozenset({'trait_red_dotted_present', 'trait_floral_tube_obconic_present', 'trait_solitary_in_leaf_axils_present', 'trait_petals_purple_present'})",0.9715189873417722,18.137658227848103,0.05356363953589811
"frozenset({'trait_floral_tube_obconic_present', 'trait_solitary_in_leaf_axils_present', 'trait_petals_purple_present', 'trait_sprawling_or_ascending_present'})",0.9705497382198953,20.00983239336311,0.04312425484893425
"frozenset({'trait_floral_tube_obconic_present', 'trait_stamens_12_present'})",0.9715189873417722,18.137658227848103,0.05356363953589811
"frozenset({'trait_inflorescence_raceme_present', 'trait_floral_tube_obconic_present', 'trait_sprawling_or_ascending_present'})",0.9705497382198953,20.00983239336311,0.04312425484893425
"frozenset({'trait_floral_tube_obconic_present', 'trait_stamens_12_present', 'trait_sprawling_or_ascending_present'})",0.9705497382198953,20.00983239336311,0.04312425484893425
"frozenset({'trait_inflorescence_raceme_present', 'trait_floral_tube_obconic_present', 'trait_solitary_in_leaf_axils_present', 'trait_stamens_12_present'})",0.9715189873417722,18.137658227848103,0.05356363953589811
"frozenset({'trait_inflorescence_raceme_present', 'trait_stamens_6_present', 'trait_floral_tube_cylindrical_present', 'trait_sessile_present'})",0.854368932038835,5.756444593237362,0.14841955276396523
"frozenset({'trait_inflorescence_raceme_present', 'trait_floral_tube_obconic_present', 'trait_red_dotted_present', 'trait_stamens_12_present'})",0.9715189873417722,18.137658227848103,0.05356363953589811
"frozenset({'trait_red_dotted_present', 'trait_solitary_in_leaf_axils_present', 'trait_petals_purple_present', 'trait_sprawling_or_ascending_present'})",0.9705497382198953,20.00983239336311,0.04312425484893425
"frozenset({'trait_floral_tube_obconic_present', 'trait_stamens_12_present', 'trait_inflorescence_raceme_present', 'trait_petals_purple_present', 'trait_red_dotted_present'})",0.9715189873417722,18.137658227848103,0.05356363953589811
"frozenset({'trait_stamens_12_present', 'trait_red_dotted_present', 'trait_petals_purple_present', 'trait_sprawling_or_ascending_present'})",0.9705497382198953,20.00983239336311,0.04312425484893425
"frozenset({'trait_inflorescence_raceme_present', 'trait_floral_tube_obconic_present', 'trait_solitary_in_leaf_axils_present', 'trait_sprawling_or_ascending_present'})",0.9705497382198953,20.00983239336311,0.04312425484893425
"frozenset({'trait_inflorescence_raceme_present', 'trait_floral_tube_obconic_present', 'trait_stamens_12_present', 'trait_sprawling_or_ascending_present'})",0.9705497382198953,20.00983239336311,0.04312425484893425
"frozenset({'trait_floral_tube_obconic_present', 'trait_red_dotted_present', 'trait_petals_purple_present', 'trait_sprawling_or_ascending_present'})",0.9705497382198953,20.00983239336311,0.04312425484893425
"frozenset({'trait_floral_tube_obconic_present', 'trait_solitary_in_leaf_axils_present', 'trait_stamens_12_present'})",0.9715189873417722,18.137658227848103,0.05356363953589811
"frozenset({'trait_red_dotted_present', 'trait_floral_tube_obconic_present', 'trait_solitary_in_leaf_axils_present', 'trait_stamens_12_present'})",0.9715189873417722,18.137658227848103,0.05356363953589811
"frozenset({'trait_floral_tube_obconic_present', 'trait_stamens_12_present', 'trait_inflorescence_raceme_present', 'trait_solitary_in_leaf_axils_present', 'trait_red_dotted_present'})",0.9715189873417722,18.137658227848103,0.05356363953589811
"frozenset({'trait_floral_tube_obconic_present', 'trait_stamens_12_present', 'trait_inflorescence_raceme_present', 'trait_red_dotted_present', 'trait_sprawling_or_ascending_present'})",0.9705497382198953,20.00983239336311,0.04312425484893425
"frozenset({'trait_floral_tube_obconic_present', 'trait_stamens_12_present', 'trait_inflorescence_raceme_present', 'trait_solitary_in_leaf_axils_present', 'trait_red_dotted_present', 'trait_sprawling_or_ascending_present'})",0.9705497382198953,20.00983239336311,0.04312425484893425
"frozenset({'trait_distally_alternate_present', 'trait_erect_present', 'trait_inflorescence_raceme_present', 'trait_petals_purple_present', 'trait_linear_present'})",0.9647168059424327,13.898469308569048,0.030213149553636336
"frozenset({'trait_floral_tube_obconic_present', 'trait_solitary_in_leaf_axils_present', 'trait_stamens_12_present', 'trait_petals_purple_present'})",0.9715189873417722,18.137658227848103,0.05356363953589811
"frozenset({'trait_floral_tube_obconic_present', 'trait_petals_purple_present', 'trait_sprawling_or_ascending_present'})",0.9705497382198953,20.00983239336311,0.04312425484893425
"frozenset({'trait_red_dotted_present', 'trait_petals_purple_present'})",0.9715189873417722,18.137658227848103,0.05356363953589811
"frozenset({'trait_subsessile_present', 'trait_floral_tube_obconic_present', 'trait_stamens_12_present', 'trait_solitary_in_leaf_axils_present', 'trait_petals_purple_present', 'trait_red_dotted_present', 'trait_sprawling_or_ascending_present'})",0.971868720696584,20.47891754658997,0.04219372473756143
"frozenset({'trait_subsessile_present', 'trait_floral_tube_obconic_present', 'trait_inflorescence_raceme_present', 'trait_solitary_in_leaf_axils_present', 'trait_red_dotted_present', 'trait_leaves_alternate_present', 'trait_sprawling_or_ascending_present'})",0.971868720696584,20.47891754658997,0.04219372473756143
"frozenset({'trait_subsessile_present', 'trait_floral_tube_obconic_present', 'trait_base_obtuse_to_truncate_present', 'trait_stamens_12_present', 'trait_inflorescence_raceme_present', 'trait_solitary_in_leaf_axils_present', 'trait_petals_purple_present', 'trait_sprawling_or_ascending_present'})",0.971868720696584,20.47891754658997,0.04219372473756143
"frozenset({'trait_subsessile_present', 'trait_floral_tube_obconic_present', 'trait_base_obtuse_to_truncate_present', 'trait_stamens_12_present', 'trait_solitary_in_leaf_axils_present', 'trait_petals_purple_present', 'trait_red_dotted_present', 'trait_sprawling_or_ascending_present'})",0.971868720696584,20.47891754658997,0.04219372473756143
"frozenset({'trait_base_obtuse_to_truncate_present', 'trait_floral_tube_obconic_present', 'trait_red_dotted_present', 'trait_leaves_alternate_present', 'trait_sprawling_or_ascending_present'})",0.971868720696584,20.47891754658997,0.04219372473756143
"frozenset({'trait_subsessile_present', 'trait_floral_tube_obconic_present', 'trait_stamens_12_present', 'trait_inflorescence_raceme_present', 'trait_solitary_in_leaf_axils_present', 'trait_petals_purple_present', 'trait_leaves_alternate_present', 'trait_sprawling_or_ascending_present'})",0.971868720696584,20.47891754658997,0.04219372473756143
"frozenset({'trait_base_obtuse_to_truncate_present', 'trait_floral_tube_obconic_present', 'trait_inflorescence_raceme_present', 'trait_solitary_in_leaf_axils_present', 'trait_petals_purple_present', 'trait_red_dotted_present', 'trait_sprawling_or_ascending_present'})",0.971868720696584,20.47891754658997,0.04219372473756143
"frozenset({'trait_subsessile_present', 'trait_floral_tube_obconic_present', 'trait_stamens_12_present', 'trait_inflorescence_raceme_present', 'trait_solitary_in_leaf_axils_present', 'trait_red_dotted_present', 'trait_leaves_alternate_present', 'trait_sprawling_or_ascending_present'})",0.971868720696584,20.47891754658997,0.04219372473756143
frozenset({'trait_stamens_5_8_present'}),0.9718155197657394,2.413940613324949,0.07720492017796389
"frozenset({'trait_subsessile_present', 'trait_floral_tube_obconic_present', 'trait_inflorescence_raceme_present', 'trait_solitary_in_leaf_axils_present', 'trait_petals_purple_present', 'trait_red_dotted_present', 'trait_sprawling_or_ascending_present'})",0.971868720696584,20.47891754658997,0.04219372473756143
"frozenset({'trait_subsessile_present', 'trait_floral_tube_obconic_present', 'trait_stamens_12_present', 'trait_inflorescence_raceme_present', 'trait_petals_purple_present', 'trait_red_dotted_present', 'trait_sprawling_or_ascending_present'})",0.971868720696584,20.47891754658997,0.04219372473756143
"frozenset({'trait_subsessile_present', 'trait_floral_tube_obconic_present', 'trait_inflorescence_raceme_present', 'trait_solitary_in_leaf_axils_present', 'trait_petals_purple_present', 'trait_red_dotted_present', 'trait_leaves_alternate_present', 'trait_sprawling_or_ascending_present'})",0.971868720696584,20.47891754658997,0.04219372473756143
"frozenset({'trait_floral_tube_obconic_present', 'trait_red_dotted_present', 'trait_stamens_12_present', 'trait_petals_purple_present'})",0.9715189873417722,18.137658227848103,0.05356363953589811
"frozenset({'trait_subsessile_present', 'trait_floral_tube_obconic_present', 'trait_base_obtuse_to_truncate_present', 'trait_inflorescence_raceme_present', 'trait_petals_purple_present', 'trait_red_dotted_present', 'trait_sprawling_or_ascending_present'})",0.971868720696584,20.47891754658997,0.04219372473756143
"frozenset({'trait_linear_present', 'trait_erect_present', 'trait_leaves_opposite_present', 'trait_petals_purple_present'})",0.9647168059424327,28.50141429514976,0.030213149553636336
"frozenset({'trait_subsessile_present', 'trait_floral_tube_obconic_present', 'trait_stamens_12_present', 'trait_inflorescence_raceme_present', 'trait_petals_purple_present', 'trait_red_dotted_present', 'trait_leaves_alternate_present', 'trait_sprawling_or_ascending_present'})",0.971868720696584,20.47891754658997,0.04219372473756143
"frozenset({'trait_subsessile_present', 'trait_floral_tube_obconic_present', 'trait_base_obtuse_to_truncate_present', 'trait_inflorescence_raceme_present', 'trait_solitary_in_leaf_axils_present', 'trait_red_dotted_present', 'trait_sprawling_or_ascending_present'})",0.971868720696584,20.47891754658997,0.04219372473756143
"frozenset({'trait_base_obtuse_to_truncate_present', 'trait_floral_tube_obconic_present', 'trait_stamens_12_present', 'trait_inflorescence_raceme_present', 'trait_petals_purple_present', 'trait_red_dotted_present', 'trait_sprawling_or_ascending_present'})",0.971868720696584,20.47891754658997,0.04219372473756143
"frozenset({'trait_base_obtuse_to_truncate_present', 'trait_floral_tube_obconic_present', 'trait_stamens_12_present', 'trait_inflorescence_raceme_present', 'trait_solitary_in_leaf_axils_present', 'trait_red_dotted_present', 'trait_sprawling_or_ascending_present'})",0.971868720696584,20.47891754658997,0.04219372473756143
"frozenset({'trait_subsessile_present', 'trait_floral_tube_obconic_present', 'trait_stamens_12_present', 'trait_solitary_in_leaf_axils_present', 'trait_petals_purple_present', 'trait_red_dotted_present', 'trait_leaves_alternate_present', 'trait_sprawling_or_ascending_present'})",0.971868720696584,20.47891754658997,0.04219372473756143
"frozenset({'trait_subsessile_present', 'trait_base_obtuse_to_truncate_present', 'trait_inflorescence_raceme_present', 'trait_solitary_in_leaf_axils_present', 'trait_petals_purple_present', 'trait_red_dotted_present', 'trait_leaves_alternate_present', 'trait_sprawling_or_ascending_present'})",0.971868720696584,18.144187533135085,0.04219372473756143
"frozenset({'trait_base_obtuse_to_truncate_present', 'trait_floral_tube_obconic_present', 'trait_solitary_in_leaf_axils_present', 'trait_leaves_alternate_present', 'trait_sprawling_or_ascending_present'})",0.971868720696584,20.47891754658997,0.04219372473756143
"frozenset({'trait_subsessile_present', 'trait_floral_tube_obconic_present', 'trait_solitary_in_leaf_axils_present', 'trait_petals_purple_present', 'trait_red_dotted_present', 'trait_leaves_alternate_present', 'trait_sprawling_or_ascending_present'})",0.971868720696584,20.47891754658997,0.04219372473756143
"frozenset({'trait_subsessile_present', 'trait_floral_tube_obconic_present', 'trait_stamens_12_present', 'trait_solitary_in_leaf_axils_present', 'trait_red_dotted_present', 'trait_leaves_alternate_present', 'trait_sprawling_or_ascending_present'})",0.971868720696584,20.47891754658997,0.04219372473756143
"frozenset({'trait_inflorescence_raceme_present', 'trait_solitary_in_leaf_axils_present'})",0.9715189873417722,18.137658227848103,0.05356363953589811
"frozenset({'trait_base_obtuse_to_truncate_present', 'trait_floral_tube_obconic_present', 'trait_stamens_12_present', 'trait_solitary_in_leaf_axils_present', 'trait_petals_purple_present', 'trait_red_dotted_present', 'trait_sprawling_or_ascending_present'})",0.971868720696584,20.47891754658997,0.04219372473756143
"frozenset({'trait_inflorescence_raceme_present', 'trait_solitary_in_leaf_axils_present', 'trait_petals_purple_present'})",0.9715189873417722,18.137658227848103,0.05356363953589811
"frozenset({'trait_floral_tube_obconic_present', 'trait_stamens_12_present', 'trait_inflorescence_raceme_present', 'trait_solitary_in_leaf_axils_present', 'trait_petals_purple_present', 'trait_leaves_alternate_present', 'trait_sprawling_or_ascending_present'})",0.971868720696584,20.47891754658997,0.04219372473756143
"frozenset({'trait_floral_tube_obconic_present', 'trait_stamens_12_present', 'trait_inflorescence_raceme_present', 'trait_petals_purple_present', 'trait_red_dotted_present', 'trait_leaves_alternate_present', 'trait_sprawling_or_ascending_present'})",0.971868720696584,20.47891754658997,0.04219372473756143
"frozenset({'trait_floral_tube_obconic_present', 'trait_stamens_12_present', 'trait_solitary_in_leaf_axils_present', 'trait_petals_purple_present', 'trait_red_dotted_present', 'trait_leaves_alternate_present', 'trait_sprawling_or_ascending_present'})",0.971868720696584,20.47891754658997,0.04219372473756143
"frozenset({'trait_subsessile_present', 'trait_floral_tube_obconic_present', 'trait_base_obtuse_to_truncate_present', 'trait_stamens_12_present', 'trait_inflorescence_raceme_present', 'trait_petals_purple_present', 'trait_red_dotted_present', 'trait_sprawling_or_ascending_present'})",0.971868720696584,20.47891754658997,0.04219372473756143
"frozenset({'trait_subsessile_present', 'trait_floral_tube_obconic_present', 'trait_base_obtuse_to_truncate_present', 'trait_inflorescence_raceme_present', 'trait_solitary_in_leaf_axils_present', 'trait_petals_purple_present', 'trait_red_dotted_present', 'trait_sprawling_or_ascending_present'})",0.971868720696584,20.47891754658997,0.04219372473756143
"frozenset({'trait_floral_tube_obconic_present', 'trait_inflorescence_raceme_present', 'trait_solitary_in_leaf_axils_present', 'trait_petals_purple_present', 'trait_red_dotted_present', 'trait_leaves_alternate_present', 'trait_sprawling_or_ascending_present'})",0.971868720696584,20.47891754658997,0.04219372473756143
"frozenset({'trait_subsessile_present', 'trait_floral_tube_obconic_present', 'trait_base_obtuse_to_truncate_present', 'trait_stamens_12_present', 'trait_inflorescence_raceme_present', 'trait_solitary_in_leaf_axils_present', 'trait_red_dotted_present', 'trait_sprawling_or_ascending_present'})",0.971868720696584,20.47891754658997,0.04219372473756143
"frozenset({'trait_base_obtuse_to_truncate_present', 'trait_floral_tube_obconic_present', 'trait_stamens_12_present', 'trait_inflorescence_raceme_present', 'trait_solitary_in_leaf_axils_present', 'trait_petals_purple_present', 'trait_sprawling_or_ascending_present'})",0.971868720696584,20.47891754658997,0.04219372473756143
"frozenset({'trait_floral_tube_obconic_present', 'trait_stamens_12_present', 'trait_inflorescence_raceme_present', 'trait_solitary_in_leaf_axils_present', 'trait_red_dotted_present', 'trait_leaves_alternate_present', 'trait_sprawling_or_ascending_present'})",0.971868720696584,20.47891754658997,0.04219372473756143
"frozenset({'trait_subsessile_present', 'trait_base_obtuse_to_truncate_present', 'trait_stamens_12_present', 'trait_leaves_alternate_present', 'trait_sprawling_or_ascending_present'})",0.971868720696584,18.144187533135085,0.04219372473756143
"frozenset({'trait_distally_alternate_present', 'trait_erect_present', 'trait_leaves_opposite_present', 'trait_inflorescence_raceme_present', 'trait_petals_purple_present', 'trait_linear_present'})",0.9647168059424327,12.495535306800118,0.030213149553636336
"frozenset({'trait_subsessile_present', 'trait_base_obtuse_to_truncate_present', 'trait_solitary_in_leaf_axils_present', 'trait_leaves_alternate_present', 'trait_sprawling_or_ascending_present'})",0.971868720696584,18.144187533135085,0.04219372473756143
"frozenset({'trait_erect_present', 'trait_leaves_opposite_present', 'trait_stamens_5_8_present'})",0.9647168059424327,28.50141429514976,0.030213149553636336
"frozenset({'trait_inflorescence_raceme_present', 'trait_erect_present', 'trait_stamens_5_8_present', 'trait_petals_purple_present'})",0.9652333028362305,18.35485733571762,0.03067841460932275
"frozenset({'trait_inflorescence_raceme_present', 'trait_stamens_12_present', 'trait_sprawling_or_ascending_present'})",0.9705497382198953,20.00983239336311,0.04312425484893425
"frozenset({'trait_leaves_opposite_present', 'trait_stamens_5_8_present'})",0.9703252032520325,1.8569011360397412,0.0694117304952165
"frozenset({'trait_inflorescence_raceme_present', 'trait_erect_present', 'trait_leaves_opposite_present', 'trait_stamens_5_8_present'})",0.9647168059424327,28.50141429514976,0.030213149553636336
frozenset({'trait_sprawling_or_ascending_present'}),0.9718940936863543,12.590385005704047,0.0693826514292361
"frozenset({'trait_linear_present', 'trait_erect_present', 'trait_stamens_5_8_present'})",0.9647168059424327,28.50141429514976,0.030213149553636336
"frozenset({'trait_floral_tube_obconic_present', 'trait_inflorescence_raceme_present', 'trait_solitary_in_leaf_axils_present', 'trait_red_dotted_present', 'trait_sprawling_or_ascending_present'})",0.9705497382198953,20.00983239336311,0.04312425484893425
"frozenset({'trait_base_obtuse_to_truncate_present', 'trait_solitary_in_leaf_axils_present', 'trait_leaves_alternate_present', 'trait_sprawling_or_ascending_present'})",0.971868720696584,20.47891754658997,0.04219372473756143
"frozenset({'trait_stamens_12_present', 'trait_sprawling_or_ascending_present'})",0.9705497382198953,20.00983239336311,0.04312425484893425
"frozenset({'trait_floral_tube_obconic_present', 'trait_stamens_12_present', 'trait_inflorescence_raceme_present', 'trait_solitary_in_leaf_axils_present', 'trait_sprawling_or_ascending_present'})",0.9705497382198953,20.00983239336311,0.04312425484893425
"frozenset({'trait_distally_alternate_present', 'trait_leaves_opposite_present', 'trait_stamens_5_8_present'})",0.9627791563275433,28.444168734491313,0.03384803280118642
"frozenset({'trait_floral_tube_obconic_present', 'trait_red_dotted_present', 'trait_stamens_12_present', 'trait_sprawling_or_ascending_present'})",0.9705497382198953,20.00983239336311,0.04312425484893425
"frozenset({'trait_floral_tube_obconic_present', 'trait_red_dotted_present', 'trait_leaves_alternate_present', 'trait_sprawling_or_ascending_present'})",0.971868720696584,20.47891754658997,0.04219372473756143
"frozenset({'trait_distally_alternate_present', 'trait_erect_present', 'trait_leaves_opposite_present', 'trait_stamens_5_8_present'})",0.9647168059424327,28.50141429514976,0.030213149553636336
"frozenset({'trait_red_dotted_present', 'trait_sprawling_or_ascending_present'})",0.9705497382198953,20.00983239336311,0.04312425484893425
"frozenset({'trait_floral_tube_obconic_present', 'trait_solitary_in_leaf_axils_present', 'trait_red_dotted_present', 'trait_sprawling_or_ascending_present'})",0.9705497382198953,20.00983239336311,0.04312425484893425
"frozenset({'trait_solitary_in_leaf_axils_present', 'trait_red_dotted_present', 'trait_leaves_alternate_present', 'trait_sprawling_or_ascending_present'})",0.971868720696584,20.47891754658997,0.04219372473756143
"frozenset({'trait_floral_tube_obconic_present', 'trait_stamens_12_present', 'trait_inflorescence_raceme_present', 'trait_petals_purple_present', 'trait_sprawling_or_ascending_present'})",0.9705497382198953,20.00983239336311,0.04312425484893425
"frozenset({'trait_floral_tube_obconic_present', 'trait_solitary_in_leaf_axils_present', 'trait_leaves_alternate_present', 'trait_sprawling_or_ascending_present'})",0.971868720696584,20.47891754658997,0.04219372473756143
"frozenset({'trait_floral_tube_obconic_present', 'trait_inflorescence_raceme_present', 'trait_solitary_in_leaf_axils_present', 'trait_petals_purple_present', 'trait_sprawling_or_ascending_present'})",0.9705497382198953,20.00983239336311,0.04312425484893425
"frozenset({'trait_stamens_12_present', 'trait_inflorescence_raceme_present', 'trait_solitary_in_leaf_axils_present', 'trait_petals_purple_present', 'trait_sprawling_or_ascending_present'})",0.9705497382198953,20.00983239336311,0.04312425484893425
"frozenset({'trait_inflorescence_raceme_present', 'trait_solitary_in_leaf_axils_present', 'trait_petals_purple_present', 'trait_red_dotted_present', 'trait_sprawling_or_ascending_present'})",0.9705497382198953,20.00983239336311,0.04312425484893425
"frozenset({'trait_inflorescence_raceme_present', 'trait_floral_tube_obconic_present', 'trait_red_dotted_present', 'trait_sprawling_or_ascending_present'})",0.9705497382198953,20.00983239336311,0.04312425484893425
"frozenset({'trait_floral_tube_obconic_present', 'trait_stamens_12_present', 'trait_solitary_in_leaf_axils_present', 'trait_petals_purple_present', 'trait_red_dotted_present', 'trait_sprawling_or_ascending_present'})",0.9705497382198953,20.00983239336311,0.04312425484893425
"frozenset({'trait_distally_alternate_present', 'trait_erect_present', 'trait_leaves_opposite_present', 'trait_inflorescence_raceme_present', 'trait_stamens_5_8_present'})",0.9647168059424327,28.50141429514976,0.030213149553636336
"frozenset({'trait_floral_tube_obconic_present', 'trait_inflorescence_raceme_present', 'trait_petals_purple_present', 'trait_red_dotted_present', 'trait_sprawling_or_ascending_present'})",0.9705497382198953,20.00983239336311,0.04312425484893425
"frozenset({'trait_base_attenuate_present', 'trait_leaves_opposite_present'})",0.8575031525851198,3.6138083228247164,0.2372851784000698
"frozenset({'trait_stamens_6_present', 'trait_erect_present'})",0.8560072267389341,5.583673254835996,0.13777661461513857
"frozenset({'trait_stamens_6_present', 'trait_sessile_present'})",0.8553615960099751,5.717206982543642,0.14961179446916165
"frozenset({'trait_stamens_6_present', 'trait_erect_present', 'trait_sessile_present'})",0.8553191489361701,5.717970668920858,0.13443252202739248
"frozenset({'trait_inflorescence_raceme_present', 'trait_floral_tube_cylindrical_present', 'trait_erect_present'})",0.8549590536851683,5.624318738037714,0.13661345197592253
"frozenset({'trait_red_dotted_present', 'trait_leaves_alternate_present', 'trait_sprawling_or_ascending_present'})",0.971868720696584,20.47891754658997,0.04219372473756143
"frozenset({'trait_stamens_6_present', 'trait_floral_tube_cylindrical_present', 'trait_erect_present'})",0.8549590536851683,5.624318738037714,0.13661345197592253
"frozenset({'trait_inflorescence_raceme_present', 'trait_floral_tube_cylindrical_present'})",0.8546362123733173,5.201784903947966,0.16429672278926402
"frozenset({'trait_stamens_6_present', 'trait_floral_tube_cylindrical_present'})",0.8546362123733173,5.201784903947966,0.16429672278926402
frozenset({'trait_red_dotted_present'}),0.9715189873417722,18.137658227848103,0.05356363953589811
"frozenset({'trait_stamens_6_present', 'trait_erect_present', 'trait_leaves_opposite_present'})",0.8544303797468356,5.753095954117133,0.13347291285003926
"frozenset({'trait_base_obtuse_to_truncate_present', 'trait_red_dotted_present', 'trait_sprawling_or_ascending_present'})",0.971868720696584,20.47891754658997,0.04219372473756143
"frozenset({'trait_erect_present', 'trait_stamens_5_8_present', 'trait_petals_purple_present'})",0.9652333028362305,28.084193225870347,0.03067841460932275
"frozenset({'trait_floral_tube_obconic_present', 'trait_stamens_12_present', 'trait_inflorescence_raceme_present', 'trait_solitary_in_leaf_axils_present', 'trait_petals_purple_present', 'trait_sprawling_or_ascending_present'})",0.9705497382198953,20.00983239336311,0.04312425484893425
"frozenset({'trait_distally_alternate_present', 'trait_erect_present', 'trait_inflorescence_raceme_present', 'trait_petals_purple_present', 'trait_stamens_5_8_present'})",0.9647168059424327,18.627538596043973,0.030213149553636336
"frozenset({'trait_erect_present', 'trait_leaves_opposite_present', 'trait_stamens_5_8_present', 'trait_petals_purple_present'})",0.9647168059424327,28.50141429514976,0.030213149553636336
"frozenset({'trait_distally_alternate_present', 'trait_erect_present', 'trait_leaves_opposite_present', 'trait_inflorescence_raceme_present', 'trait_petals_purple_present', 'trait_stamens_5_8_present'})",0.9647168059424327,18.627538596043973,0.030213149553636336
"frozenset({'trait_floral_tube_obconic_present', 'trait_inflorescence_raceme_present', 'trait_solitary_in_leaf_axils_present', 'trait_petals_purple_present', 'trait_red_dotted_present', 'trait_sprawling_or_ascending_present'})",0.9705497382198953,20.00983239336311,0.04312425484893425
"frozenset({'trait_stamens_12_present', 'trait_solitary_in_leaf_axils_present', 'trait_petals_purple_present', 'trait_red_dotted_present', 'trait_sprawling_or_ascending_present'})",0.9705497382198953,20.00983239336311,0.04312425484893425
"frozenset({'trait_floral_tube_obconic_present', 'trait_stamens_12_present', 'trait_solitary_in_leaf_axils_present', 'trait_red_dotted_present', 'trait_sprawling_or_ascending_present'})",0.9705497382198953,20.00983239336311,0.04312425484893425
"frozenset({'trait_inflorescence_raceme_present', 'trait_sessile_present'})",0.854368932038835,5.756444593237362,0.14841955276396523
"frozenset({'trait_floral_tube_obconic_present', 'trait_stamens_12_present', 'trait_solitary_in_leaf_axils_present', 'trait_petals_purple_present', 'trait_sprawling_or_ascending_present'})",0.9705497382198953,20.00983239336311,0.04312425484893425
"frozenset({'trait_base_obtuse_to_truncate_present', 'trait_red_dotted_present', 'trait_leaves_alternate_present', 'trait_sprawling_or_ascending_present'})",0.971868720696584,20.47891754658997,0.04219372473756143
"frozenset({'trait_inflorescence_raceme_present', 'trait_sprawling_or_ascending_present'})",0.9705497382198953,20.00983239336311,0.04312425484893425
"frozenset({'trait_base_obtuse_to_truncate_present', 'trait_floral_tube_obconic_present', 'trait_solitary_in_leaf_axils_present', 'trait_sprawling_or_ascending_present'})",0.971868720696584,20.47891754658997,0.04219372473756143
"frozenset({'trait_inflorescence_raceme_present', 'trait_petals_purple_present', 'trait_stamens_5_8_present'})",0.9646084337349399,16.924292904351827,0.03725028352089331
"frozenset({'trait_petals_purple_present', 'trait_leaves_opposite_present', 'trait_stamens_5_8_present'})",0.9627791563275433,28.444168734491313,0.03384803280118642
"frozenset({'trait_inflorescence_raceme_present', 'trait_leaves_opposite_present', 'trait_stamens_5_8_present'})",0.9627791563275433,28.444168734491313,0.03384803280118642
"frozenset({'trait_erect_present', 'trait_leaves_opposite_present', 'trait_inflorescence_raceme_present', 'trait_petals_purple_present', 'trait_stamens_5_8_present'})",0.9647168059424327,18.627538596043973,0.030213149553636336
"frozenset({'trait_floral_tube_obconic_present', 'trait_solitary_in_leaf_axils_present', 'trait_red_dotted_present', 'trait_leaves_alternate_present'})",0.9720071471113757,20.481834425253126,0.047457035680013956
"frozenset({'trait_base_obtuse_to_truncate_present', 'trait_floral_tube_obconic_present', 'trait_sprawling_or_ascending_present'})",0.971868720696584,20.47891754658997,0.04219372473756143
"frozenset({'trait_floral_tube_obconic_present', 'trait_stamens_12_present', 'trait_petals_purple_present', 'trait_red_dotted_present', 'trait_sprawling_or_ascending_present'})",0.9705497382198953,20.00983239336311,0.04312425484893425
"frozenset({'trait_distally_alternate_present', 'trait_stamens_5_8_present'})",0.9627791563275433,28.444168734491313,0.03384803280118642
"frozenset({'trait_petals_purple_present', 'trait_stamens_5_8_present'})",0.9646084337349399,25.895331325301207,0.03725028352089331
"frozenset({'trait_inflorescence_raceme_present', 'trait_stamens_5_8_present'})",0.9646084337349399,25.895331325301207,0.03725028352089331
"frozenset({'trait_inflorescence_raceme_present', 'trait_stamens_12_present', 'trait_red_dotted_present'})",0.9715189873417722,18.137658227848103,0.05356363953589811
"frozenset({'trait_erect_present', 'trait_stamens_5_8_present'})",0.9652333028362305,28.084193225870347,0.03067841460932275
"frozenset({'trait_inflorescence_raceme_present', 'trait_erect_present', 'trait_stamens_5_8_present'})",0.9652333028362305,28.084193225870347,0.03067841460932275
"frozenset({'trait_distally_alternate_present', 'trait_erect_present', 'trait_leaves_opposite_present', 'trait_petals_purple_present', 'trait_stamens_5_8_present'})",0.9647168059424327,28.50141429514976,0.030213149553636336
"frozenset({'trait_floral_tube_obconic_present', 'trait_leaves_alternate_present', 'trait_sprawling_or_ascending_present'})",0.971868720696584,20.47891754658997,0.04219372473756143
"frozenset({'trait_solitary_in_leaf_axils_present', 'trait_leaves_alternate_present', 'trait_sprawling_or_ascending_present'})",0.971868720696584,20.47891754658997,0.04219372473756143
"frozenset({'trait_base_obtuse_to_truncate_present', 'trait_solitary_in_leaf_axils_present', 'trait_sprawling_or_ascending_present'})",0.971868720696584,20.47891754658997,0.04219372473756143
"frozenset({'trait_distally_alternate_present', 'trait_erect_present', 'trait_stamens_5_8_present'})",0.9647168059424327,28.50141429514976,0.030213149553636336
"frozenset({'trait_linear_present', 'trait_stamens_5_8_present'})",0.9627791563275433,28.444168734491313,0.03384803280118642
"frozenset({'trait_distally_alternate_present', 'trait_erect_present', 'trait_petals_purple_present', 'trait_stamens_5_8_present', 'trait_linear_present'})",0.9647168059424327,5.161917883857837,0.030213149553636336
"frozenset({'trait_base_attenuate_present', 'trait_sessile_present'})",0.8575031525851198,3.6095760776801407,0.2372851784000698
"frozenset({'trait_distally_alternate_present', 'trait_erect_present', 'trait_inflorescence_raceme_present', 'trait_petals_purple_present', 'trait_stamens_5_8_present', 'trait_linear_present'})",0.9647168059424327,2.66535279501521,0.030213149553636336
"frozenset({'trait_stamens_12_present', 'trait_red_dotted_present', 'trait_sprawling_or_ascending_present'})",0.9705497382198953,20.00983239336311,0.04312425484893425
"frozenset({'trait_floral_tube_obconic_present', 'trait_solitary_in_leaf_axils_present', 'trait_petals_purple_present', 'trait_red_dotted_present', 'trait_sprawling_or_ascending_present'})",0.9705497382198953,20.00983239336311,0.04312425484893425
"frozenset({'trait_stamens_12_present', 'trait_solitary_in_leaf_axils_present', 'trait_red_dotted_present', 'trait_sprawling_or_ascending_present'})",0.9705497382198953,20.00983239336311,0.04312425484893425
"frozenset({'trait_base_obtuse_to_truncate_present', 'trait_floral_tube_obconic_present', 'trait_leaves_alternate_present', 'trait_sprawling_or_ascending_present'})",0.971868720696584,20.47891754658997,0.04219372473756143
"frozenset({'trait_distally_alternate_present', 'trait_erect_present', 'trait_inflorescence_raceme_present', 'trait_stamens_5_8_present', 'trait_linear_present'})",0.9647168059424327,5.500853297886639,0.030213149553636336
"frozenset({'trait_floral_tube_obconic_present', 'trait_solitary_in_leaf_axils_present', 'trait_stamens_12_present', 'trait_sprawling_or_ascending_present'})",0.9705497382198953,20.00983239336311,0.04312425484893425
"frozenset({'trait_inflorescence_raceme_present', 'trait_red_dotted_present', 'trait_sprawling_or_ascending_present'})",0.9705497382198953,20.00983239336311,0.04312425484893425
"frozenset({'trait_inflorescence_raceme_present', 'trait_stamens_12_present'})",0.9715189873417722,18.137658227848103,0.05356363953589811
"frozenset({'trait_linear_present', 'trait_erect_present', 'trait_leaves_opposite_present', 'trait_stamens_5_8_present'})",0.9647168059424327,28.50141429514976,0.030213149553636336
"frozenset({'trait_distally_alternate_present', 'trait_erect_present', 'trait_leaves_opposite_present', 'trait_stamens_5_8_present', 'trait_linear_present'})",0.9647168059424327,3.896599276433441,0.030213149553636336
"frozenset({'trait_linear_present', 'trait_erect_present', 'trait_stamens_5_8_present', 'trait_petals_purple_present'})",0.9647168059424327,28.50141429514976,0.030213149553636336
"frozenset({'trait_erect_present', 'trait_leaves_opposite_present', 'trait_petals_purple_present', 'trait_stamens_5_8_present', 'trait_linear_present'})",0.9647168059424327,28.50141429514976,0.030213149553636336
"frozenset({'trait_distally_alternate_present', 'trait_erect_present', 'trait_stamens_5_8_present', 'trait_petals_purple_present'})",0.9647168059424327,28.50141429514976,0.030213149553636336
"frozenset({'trait_distally_alternate_present', 'trait_erect_present', 'trait_leaves_opposite_present', 'trait_petals_purple_present', 'trait_stamens_5_8_present', 'trait_linear_present'})",0.9647168059424327,3.662984016733391,0.030213149553636336
"frozenset({'trait_inflorescence_raceme_present', 'trait_linear_present', 'trait_erect_present', 'trait_stamens_5_8_present'})",0.9647168059424327,28.50141429514976,0.030213149553636336
"frozenset({'trait_erect_present', 'trait_inflorescence_raceme_present', 'trait_petals_purple_present', 'trait_stamens_5_8_present', 'trait_linear_present'})",0.9647168059424327,17.73150520553411,0.030213149553636336
"frozenset({'trait_stamens_12_present', 'trait_red_dotted_present'})",0.9715189873417722,18.137658227848103,0.05356363953589811
"frozenset({'trait_distally_alternate_present', 'trait_linear_present', 'trait_erect_present', 'trait_stamens_5_8_present'})",0.9647168059424327,5.500853297886639,0.030213149553636336
"frozenset({'trait_inflorescence_raceme_present', 'trait_red_dotted_present'})",0.9715189873417722,18.137658227848103,0.05356363953589811
"frozenset({'trait_distally_alternate_present', 'trait_inflorescence_raceme_present', 'trait_erect_present', 'trait_stamens_5_8_present'})",0.9647168059424327,28.50141429514976,0.030213149553636336
"frozenset({'trait_stamens_6_present', 'trait_base_attenuate_present'})",0.8561056105610562,5.674752475247525,0.1508621943063189
"frozenset({'trait_base_attenuate_present', 'trait_leaves_opposite_present', 'trait_sessile_present'})",0.8575031525851198,3.6095760776801407,0.2372851784000698
"frozenset({'trait_stamens_12_present', 'trait_solitary_in_leaf_axils_present', 'trait_red_dotted_present'})",0.9715189873417722,18.137658227848103,0.05356363953589811
"frozenset({'trait_inflorescence_raceme_present', 'trait_solitary_in_leaf_axils_present', 'trait_red_dotted_present', 'trait_sprawling_or_ascending_present'})",0.9705497382198953,20.00983239336311,0.04312425484893425
"frozenset({'trait_inflorescence_raceme_present', 'trait_stamens_12_present', 'trait_red_dotted_present', 'trait_sprawling_or_ascending_present'})",0.9705497382198953,20.00983239336311,0.04312425484893425
"frozenset({'trait_base_obtuse_to_truncate_present', 'trait_solitary_in_leaf_axils_present', 'trait_red_dotted_present', 'trait_sprawling_or_ascending_present'})",0.971868720696584,20.47891754658997,0.04219372473756143
"frozenset({'trait_inflorescence_raceme_present', 'trait_stamens_6_present'})",0.8602493476369962,4.985358074804291,0.1725551775276978
"frozenset({'trait_distally_alternate_present', 'trait_leaves_opposite_present', 'trait_inflorescence_raceme_present', 'trait_petals_purple_present', 'trait_stamens_5_8_present', 'trait_linear_present'})",0.9627791563275433,3.2426477194575893,0.03384803280118642
"frozenset({'trait_inflorescence_raceme_present', 'trait_floral_tube_obconic_present', 'trait_stamens_12_present'})",0.9715189873417722,18.137658227848103,0.05356363953589811
"frozenset({'trait_inflorescence_raceme_present', 'trait_stamens_6_present', 'trait_erect_present'})",0.85503819570753,5.621249811843805,0.13670068917386374
"frozenset({'trait_inflorescence_raceme_present', 'trait_stamens_6_present', 'trait_erect_present', 'trait_leaves_opposite_present'})",0.8544303797468356,5.753095954117133,0.13347291285003926
"frozenset({'trait_inflorescence_raceme_present', 'trait_stamens_6_present', 'trait_floral_tube_cylindrical_present'})",0.8546362123733173,5.201784903947965,0.16429672278926402
"frozenset({'trait_erect_present', 'trait_leaves_opposite_present', 'trait_inflorescence_raceme_present', 'trait_petals_purple_present', 'trait_stamens_5_8_present', 'trait_linear_present'})",0.9647168059424327,17.73150520553411,0.030213149553636336
"frozenset({'trait_distally_alternate_present', 'trait_erect_present', 'trait_leaves_opposite_present', 'trait_inflorescence_raceme_present', 'trait_petals_purple_present', 'trait_stamens_5_8_present', 'trait_linear_present'})",0.9647168059424327,1.8461684050948426,0.030213149553636336
"frozenset({'trait_inflorescence_raceme_present', 'trait_stamens_6_present', 'trait_floral_tube_cylindrical_present', 'trait_erect_present'})",0.8549590536851683,5.624310424348639,0.13661345197592253
"frozenset({'trait_linear_present', 'trait_distally_alternate_present', 'trait_leaves_opposite_present', 'trait_stamens_5_8_present'})",0.9627791563275433,5.339384158109571,0.03384803280118642
"frozenset({'trait_distally_alternate_present', 'trait_leaves_opposite_present', 'trait_inflorescence_raceme_present', 'trait_stamens_5_8_present', 'trait_linear_present'})",0.9627791563275433,5.339384158109571,0.03384803280118642
"frozenset({'trait_distally_alternate_present', 'trait_leaves_opposite_present', 'trait_petals_purple_present', 'trait_stamens_5_8_present', 'trait_linear_present'})",0.9627791563275433,5.134380006104321,0.03384803280118642
"frozenset({'trait_inflorescence_raceme_present', 'trait_stamens_6_present', 'trait_sessile_present'})",0.854368932038835,5.756444593237362,0.14841955276396523
"frozenset({'trait_distally_alternate_present', 'trait_inflorescence_raceme_present', 'trait_petals_purple_present', 'trait_stamens_5_8_present', 'trait_linear_present'})",0.9627791563275433,3.3221100848849447,0.03384803280118642
"frozenset({'trait_inflorescence_raceme_present', 'trait_stamens_6_present', 'trait_base_attenuate_present'})",0.8561056105610562,5.674752475247525,0.1508621943063189
"frozenset({'trait_linear_present', 'trait_distally_alternate_present', 'trait_stamens_5_8_present', 'trait_petals_purple_present'})",0.9627791563275433,5.2502205214312445,0.03384803280118642
"frozenset({'trait_erect_present', 'trait_leaves_opposite_present', 'trait_inflorescence_raceme_present', 'trait_stamens_5_8_present', 'trait_linear_present'})",0.9647168059424327,28.50141429514976,0.030213149553636336
"frozenset({'trait_floral_tube_obconic_present', 'trait_red_dotted_present', 'trait_leaves_alternate_present'})",0.9720071471113757,20.481834425253126,0.047457035680013956
"frozenset({'trait_subsessile_present', 'trait_stamens_12_present', 'trait_inflorescence_raceme_present', 'trait_solitary_in_leaf_axils_present', 'trait_petals_purple_present', 'trait_red_dotted_present', 'trait_sprawling_or_ascending_present'})",0.971868720696584,20.47891754658997,0.04219372473756143
"frozenset({'trait_inflorescence_raceme_present', 'trait_stamens_6_present', 'trait_leaves_opposite_present'})",0.8581444643730637,5.6072069134192075,0.15304312425484892
"frozenset({'trait_subsessile_present', 'trait_base_obtuse_to_truncate_present', 'trait_petals_purple_present', 'trait_leaves_alternate_present', 'trait_sprawling_or_ascending_present'})",0.971868720696584,18.144187533135085,0.04219372473756143
"frozenset({'trait_solitary_in_leaf_axils_present', 'trait_sprawling_or_ascending_present'})",0.9705497382198953,20.00983239336311,0.04312425484893425
"frozenset({'trait_stamens_6_present', 'trait_leaves_opposite_present'})",0.8581444643730637,5.6072069134192075,0.15304312425484892
"frozenset({'trait_subsessile_present', 'trait_floral_tube_obconic_present', 'trait_base_obtuse_to_truncate_present', 'trait_leaves_alternate_present', 'trait_sprawling_or_ascending_present'})",0.971868720696584,18.144187533135085,0.04219372473756143
frozenset({'trait_stamens_6_present'}),0.8611551202650151,4.953046233616592,0.17386373549681583
"frozenset({'trait_subsessile_present', 'trait_base_obtuse_to_truncate_present', 'trait_inflorescence_raceme_present', 'trait_petals_purple_present', 'trait_leaves_alternate_present', 'trait_sprawling_or_ascending_present'})",0.971868720696584,18.144187533135085,0.04219372473756143
"frozenset({'trait_stamens_6_present', 'trait_floral_tube_cylindrical_present', 'trait_leaves_opposite_present'})",0.854368932038835,5.756444593237362,0.14841955276396523
"frozenset({'trait_subsessile_present', 'trait_base_obtuse_to_truncate_present', 'trait_stamens_12_present', 'trait_petals_purple_present', 'trait_leaves_alternate_present', 'trait_sprawling_or_ascending_present'})",0.971868720696584,18.144187533135085,0.04219372473756143
"frozenset({'trait_base_obtuse_to_truncate_present', 'trait_stamens_12_present', 'trait_inflorescence_raceme_present', 'trait_solitary_in_leaf_axils_present', 'trait_petals_purple_present', 'trait_red_dotted_present', 'trait_sprawling_or_ascending_present'})",0.971868720696584,20.47891754658997,0.04219372473756143
"frozenset({'trait_subsessile_present', 'trait_base_obtuse_to_truncate_present', 'trait_solitary_in_leaf_axils_present', 'trait_petals_purple_present', 'trait_leaves_alternate_present', 'trait_sprawling_or_ascending_present'})",0.971868720696584,18.144187533135085,0.04219372473756143
"frozenset({'trait_subsessile_present', 'trait_floral_tube_obconic_present', 'trait_base_obtuse_to_truncate_present', 'trait_petals_purple_present', 'trait_leaves_alternate_present', 'trait_sprawling_or_ascending_present'})",0.971868720696584,18.144187533135085,0.04219372473756143
"frozenset({'trait_subsessile_present', 'trait_base_obtuse_to_truncate_present', 'trait_petals_purple_present', 'trait_red_dotted_present', 'trait_leaves_alternate_present', 'trait_sprawling_or_ascending_present'})",0.971868720696584,18.144187533135085,0.04219372473756143
"frozenset({'trait_subsessile_present', 'trait_base_obtuse_to_truncate_present', 'trait_stamens_12_present', 'trait_inflorescence_raceme_present', 'trait_leaves_alternate_present', 'trait_sprawling_or_ascending_present'})",0.971868720696584,18.144187533135085,0.04219372473756143
"frozenset({'trait_subsessile_present', 'trait_base_obtuse_to_truncate_present', 'trait_inflorescence_raceme_present', 'trait_solitary_in_leaf_axils_present', 'trait_leaves_alternate_present', 'trait_sprawling_or_ascending_present'})",0.971868720696584,18.144187533135085,0.04219372473756143
"frozenset({'trait_solitary_in_leaf_axils_present', 'trait_red_dotted_present', 'trait_sprawling_or_ascending_present'})",0.9705497382198953,20.00983239336311,0.04312425484893425
"frozenset({'trait_subsessile_present', 'trait_floral_tube_obconic_present', 'trait_base_obtuse_to_truncate_present', 'trait_inflorescence_raceme_present', 'trait_leaves_alternate_present', 'trait_sprawling_or_ascending_present'})",0.971868720696584,18.144187533135085,0.04219372473756143
"frozenset({'trait_subsessile_present', 'trait_base_obtuse_to_truncate_present', 'trait_inflorescence_raceme_present', 'trait_red_dotted_present', 'trait_leaves_alternate_present', 'trait_sprawling_or_ascending_present'})",0.971868720696584,18.144187533135085,0.04219372473756143
"frozenset({'trait_subsessile_present', 'trait_floral_tube_obconic_present', 'trait_base_obtuse_to_truncate_present', 'trait_stamens_12_present', 'trait_leaves_alternate_present', 'trait_sprawling_or_ascending_present'})",0.971868720696584,18.144187533135085,0.04219372473756143
"frozenset({'trait_inflorescence_raceme_present', 'trait_floral_tube_cylindrical_present', 'trait_leaves_opposite_present'})",0.854368932038835,5.756444593237362,0.14841955276396523
"frozenset({'trait_subsessile_present', 'trait_base_obtuse_to_truncate_present', 'trait_red_dotted_present', 'trait_leaves_alternate_present', 'trait_sprawling_or_ascending_present'})",0.971868720696584,18.144187533135085,0.04219372473756143
frozenset({'trait_solitary_in_leaf_axils_present'}),0.9715189873417722,18.137658227848103,0.05356363953589811
"frozenset({'trait_solitary_in_leaf_axils_present', 'trait_red_dotted_present'})",0.9715189873417722,18.137658227848103,0.05356363953589811
"frozenset({'trait_stamens_12_present', 'trait_solitary_in_leaf_axils_present'})",0.9715189873417722,18.137658227848103,0.05356363953589811
"frozenset({'trait_subsessile_present', 'trait_floral_tube_obconic_present', 'trait_base_obtuse_to_truncate_present', 'trait_solitary_in_leaf_axils_present', 'trait_leaves_alternate_present', 'trait_sprawling_or_ascending_present'})",0.971868720696584,18.144187533135085,0.04219372473756143
"frozenset({'trait_inflorescence_raceme_present', 'trait_linear_present', 'trait_distally_alternate_present', 'trait_stamens_5_8_present'})",0.9627791563275433,5.4898047433175075,0.03384803280118642
"frozenset({'trait_inflorescence_raceme_present', 'trait_stamens_6_present', 'trait_floral_tube_cylindrical_present', 'trait_leaves_opposite_present'})",0.854368932038835,5.756444593237362,0.14841955276396523
"frozenset({'trait_leaves_opposite_present', 'trait_inflorescence_raceme_present', 'trait_petals_purple_present', 'trait_stamens_5_8_present', 'trait_linear_present'})",0.9627791563275433,17.695891184899995,0.03384803280118642
"frozenset({'trait_stamens_6_present', 'trait_leaves_opposite_present', 'trait_base_attenuate_present'})",0.854368932038835,5.756444593237362,0.14841955276396523
"frozenset({'trait_base_attenuate_present', 'trait_stamens_6_present', 'trait_sessile_present'})",0.854368932038835,5.756444593237362,0.14841955276396523
"frozenset({'trait_stamens_6_present', 'trait_floral_tube_cylindrical_present', 'trait_leaves_opposite_present', 'trait_base_attenuate_present'})",0.854368932038835,5.756444593237362,0.14841955276396523
"frozenset({'trait_inflorescence_raceme_present', 'trait_leaves_opposite_present', 'trait_sessile_present'})",0.854368932038835,5.756444593237362,0.14841955276396523
"frozenset({'trait_stamens_6_present', 'trait_floral_tube_cylindrical_present', 'trait_base_attenuate_present'})",0.854368932038835,5.756444593237362,0.14841955276396523
"frozenset({'trait_inflorescence_raceme_present', 'trait_base_attenuate_present', 'trait_floral_tube_cylindrical_present'})",0.854368932038835,5.756444593237362,0.14841955276396523
"frozenset({'trait_inflorescence_raceme_present', 'trait_base_attenuate_present', 'trait_floral_tube_cylindrical_present', 'trait_leaves_opposite_present'})",0.854368932038835,5.756444593237362,0.14841955276396523
"frozenset({'trait_stamens_6_present', 'trait_floral_tube_cylindrical_present', 'trait_sessile_present'})",0.854368932038835,5.756444593237362,0.14841955276396523
"frozenset({'trait_base_attenuate_present', 'trait_floral_tube_cylindrical_present', 'trait_leaves_opposite_present'})",0.854368932038835,5.756444593237362,0.14841955276396523
"frozenset({'trait_inflorescence_raceme_present', 'trait_floral_tube_cylindrical_present', 'trait_leaves_opposite_present', 'trait_sessile_present'})",0.854368932038835,5.756444593237362,0.14841955276396523
"frozenset({'trait_stamens_6_present', 'trait_floral_tube_cylindrical_present', 'trait_leaves_opposite_present', 'trait_sessile_present'})",0.854368932038835,5.756444593237362,0.14841955276396523
"frozenset({'trait_base_attenuate_present', 'trait_floral_tube_cylindrical_present', 'trait_sessile_present'})",0.854368932038835,5.756444593237362,0.14841955276396523
"frozenset({'trait_base_attenuate_present', 'trait_stamens_6_present', 'trait_leaves_opposite_present', 'trait_sessile_present'})",0.854368932038835,5.756444593237362,0.14841955276396523
"frozenset({'trait_base_attenuate_present', 'trait_floral_tube_cylindrical_present'})",0.854368932038835,5.756444593237362,0.14841955276396523
"frozenset({'trait_base_attenuate_present', 'trait_floral_tube_cylindrical_present', 'trait_leaves_opposite_present', 'trait_sessile_present'})",0.854368932038835,5.756444593237362,0.14841955276396523
"frozenset({'trait_base_attenuate_present', 'trait_stamens_6_present', 'trait_floral_tube_cylindrical_present', 'trait_sessile_present'})",0.854368932038835,5.756444593237362,0.14841955276396523
"frozenset({'trait_linear_present', 'trait_leaves_opposite_present', 'trait_stamens_5_8_present'})",0.9627791563275433,28.444168734491313,0.03384803280118642
"frozenset({'trait_inflorescence_raceme_present', 'trait_base_attenuate_present'})",0.8561056105610562,5.674752475247525,0.1508621943063189
"frozenset({'trait_stamens_6_present', 'trait_leaves_opposite_present', 'trait_sessile_present'})",0.854368932038835,5.756444593237362,0.14841955276396523
"frozenset({'trait_linear_present', 'trait_distally_alternate_present', 'trait_stamens_5_8_present'})",0.9627791563275433,5.4898047433175075,0.03384803280118642
"frozenset({'trait_inflorescence_raceme_present', 'trait_base_attenuate_present', 'trait_sessile_present'})",0.854368932038835,5.756444593237362,0.14841955276396523
"frozenset({'trait_inflorescence_raceme_present', 'trait_floral_tube_cylindrical_present', 'trait_sessile_present'})",0.854368932038835,5.756444593237362,0.14841955276396523
"frozenset({'trait_inflorescence_raceme_present', 'trait_distally_alternate_present', 'trait_stamens_5_8_present'})",0.9627791563275433,28.444168734491313,0.03384803280118642
"frozenset({'trait_distally_alternate_present', 'trait_stamens_5_8_present', 'trait_petals_purple_present'})",0.9627791563275433,28.444168734491313,0.03384803280118642
"frozenset({'trait_leaves_opposite_present', 'trait_sessile_present', 'trait_inflorescence_raceme_present', 'trait_stamens_6_present', 'trait_base_attenuate_present'})",0.854368932038835,5.756444593237362,0.14841955276396523
"frozenset({'trait_inflorescence_raceme_present', 'trait_linear_present', 'trait_stamens_5_8_present'})",0.9627791563275433,28.444168734491313,0.03384803280118642
"frozenset({'trait_linear_present', 'trait_petals_purple_present', 'trait_stamens_5_8_present'})",0.9627791563275433,28.444168734491313,0.03384803280118642
"frozenset({'trait_inflorescence_raceme_present', 'trait_distally_alternate_present', 'trait_leaves_opposite_present', 'trait_stamens_5_8_present'})",0.9627791563275433,28.444168734491313,0.03384803280118642
"frozenset({'trait_inflorescence_raceme_present', 'trait_base_attenuate_present', 'trait_leaves_opposite_present', 'trait_sessile_present'})",0.854368932038835,5.756444593237362,0.14841955276396523
"frozenset({'trait_distally_alternate_present', 'trait_leaves_opposite_present', 'trait_stamens_5_8_present', 'trait_petals_purple_present'})",0.9627791563275433,28.444168734491313,0.03384803280118642
"frozenset({'trait_inflorescence_raceme_present', 'trait_linear_present', 'trait_leaves_opposite_present', 'trait_stamens_5_8_present'})",0.9627791563275433,28.444168734491313,0.03384803280118642
"frozenset({'trait_inflorescence_raceme_present', 'trait_base_attenuate_present', 'trait_leaves_opposite_present'})",0.854368932038835,5.756444593237362,0.14841955276396523
"frozenset({'trait_linear_present', 'trait_petals_purple_present', 'trait_leaves_opposite_present', 'trait_stamens_5_8_present'})",0.9627791563275433,28.444168734491313,0.03384803280118642
"frozenset({'trait_inflorescence_raceme_present', 'trait_stamens_6_present', 'trait_leaves_opposite_present', 'trait_base_attenuate_present'})",0.854368932038835,5.756444593237362,0.14841955276396523
"frozenset({'trait_inflorescence_raceme_present', 'trait_stamens_6_present', 'trait_leaves_opposite_present', 'trait_sessile_present'})",0.854368932038835,5.756444593237362,0.14841955276396523
"frozenset({'trait_inflorescence_raceme_present', 'trait_petals_purple_present', 'trait_leaves_opposite_present', 'trait_stamens_5_8_present'})",0.9627791563275433,18.590124877567597,0.03384803280118642
"frozenset({'trait_inflorescence_raceme_present', 'trait_distally_alternate_present', 'trait_stamens_5_8_present', 'trait_petals_purple_present'})",0.9627791563275433,18.590124877567597,0.03384803280118642
"frozenset({'trait_distally_alternate_present', 'trait_erect_present', 'trait_leaves_opposite_present', 'trait_inflorescence_raceme_present', 'trait_stamens_5_8_present', 'trait_linear_present'})",0.9647168059424327,3.896599276433441,0.030213149553636336
"frozenset({'trait_distally_alternate_present', 'trait_leaves_opposite_present', 'trait_inflorescence_raceme_present', 'trait_petals_purple_present', 'trait_stamens_5_8_present'})",0.9627791563275433,18.590124877567597,0.03384803280118642
"frozenset({'trait_inflorescence_raceme_present', 'trait_base_attenuate_present', 'trait_floral_tube_cylindrical_present', 'trait_sessile_present'})",0.854368932038835,5.756444593237362,0.14841955276396523
"frozenset({'trait_inflorescence_raceme_present', 'trait_linear_present', 'trait_petals_purple_present', 'trait_stamens_5_8_present'})",0.9627791563275433,17.695891184899995,0.03384803280118642
"frozenset({'trait_floral_tube_cylindrical_present', 'trait_leaves_opposite_present', 'trait_sessile_present', 'trait_inflorescence_raceme_present', 'trait_base_attenuate_present'})",0.854368932038835,5.756444593237362,0.14841955276396523
"frozenset({'trait_inflorescence_raceme_present', 'trait_base_attenuate_present', 'trait_stamens_6_present', 'trait_sessile_present'})",0.854368932038835,5.756444593237362,0.14841955276396523
"frozenset({'trait_inflorescence_raceme_present', 'trait_floral_tube_obconic_present', 'trait_solitary_in_leaf_axils_present'})",0.9715189873417722,18.137658227848103,0.05356363953589811
"frozenset({'trait_floral_tube_obconic_present', 'trait_stamens_12_present', 'trait_inflorescence_raceme_present', 'trait_solitary_in_leaf_axils_present', 'trait_petals_purple_present', 'trait_red_dotted_present', 'trait_leaves_alternate_present', 'trait_sprawling_or_ascending_present'})",0.971868720696584,12.76120406110532,0.04219372473756143
"frozenset({'trait_base_obtuse_to_truncate_present', 'trait_floral_tube_obconic_present', 'trait_solitary_in_leaf_axils_present'})",0.9720071471113757,20.481834425253126,0.047457035680013956
"frozenset({'trait_becoming_alternate_distally_present', 'trait_erect_present', 'trait_petals_purple_present'})",0.8493203883495146,5.7224292388227775,0.1271918345982727
"frozenset({'trait_becoming_alternate_distally_present', 'trait_erect_present', 'trait_leaves_opposite_present', 'trait_petals_purple_present'})",0.8493203883495146,5.7224292388227775,0.1271918345982727
"frozenset({'trait_erect_present', 'trait_leaves_opposite_present', 'trait_inflorescence_raceme_present', 'trait_stamens_6_present', 'trait_petals_purple_present', 'trait_becoming_alternate_distally_present'})",0.8493203883495146,5.7224292388227775,0.1271918345982727
"frozenset({'trait_leaves_opposite_present', 'trait_stamens_6_present', 'trait_floral_tube_cylindrical_present', 'trait_erect_present'})",0.8543490407897187,5.75631057282869,0.13338567565209805
"frozenset({'trait_inflorescence_raceme_present', 'trait_becoming_alternate_distally_present', 'trait_erect_present', 'trait_petals_purple_present'})",0.8493203883495146,5.7224292388227775,0.1271918345982727
"frozenset({'trait_stamens_6_present', 'trait_erect_present', 'trait_becoming_alternate_distally_present', 'trait_petals_purple_present'})",0.8493203883495146,5.7224292388227775,0.1271918345982727
"frozenset({'trait_base_obtuse_to_truncate_present', 'trait_floral_tube_obconic_present', 'trait_red_dotted_present'})",0.9720071471113757,20.481834425253126,0.047457035680013956
"frozenset({'trait_erect_present', 'trait_inflorescence_raceme_present', 'trait_stamens_6_present', 'trait_petals_purple_present', 'trait_becoming_alternate_distally_present'})",0.8493203883495146,5.7224292388227775,0.1271918345982727
"frozenset({'trait_inflorescence_raceme_present', 'trait_stamens_6_present', 'trait_erect_present', 'trait_sessile_present'})",0.8543490407897187,5.75631057282869,0.13338567565209805
"frozenset({'trait_erect_present', 'trait_leaves_opposite_present', 'trait_inflorescence_raceme_present', 'trait_petals_purple_present', 'trait_becoming_alternate_distally_present'})",0.8493203883495146,5.7224292388227775,0.1271918345982727
"frozenset({'trait_inflorescence_raceme_present', 'trait_stamens_6_present', 'trait_petals_purple_present', 'trait_leaves_opposite_present'})",0.8495374410891953,6.002618257985687,0.14152781412661025
"frozenset({'trait_base_obtuse_to_truncate_present', 'trait_solitary_in_leaf_axils_present', 'trait_red_dotted_present'})",0.9720071471113757,20.481834425253126,0.047457035680013956
"frozenset({'trait_inflorescence_raceme_present', 'trait_erect_present', 'trait_leaves_opposite_present', 'trait_sessile_present'})",0.8543490407897187,5.75631057282869,0.13338567565209805
"frozenset({'trait_base_obtuse_to_truncate_present', 'trait_floral_tube_obconic_present', 'trait_solitary_in_leaf_axils_present', 'trait_red_dotted_present', 'trait_leaves_alternate_present'})",0.9720071471113757,20.481834425253126,0.047457035680013956
"frozenset({'trait_erect_present', 'trait_leaves_opposite_present', 'trait_sessile_present', 'trait_inflorescence_raceme_present', 'trait_stamens_6_present'})",0.8543490407897187,5.75631057282869,0.13338567565209805
"frozenset({'trait_inflorescence_raceme_present', 'trait_base_attenuate_present', 'trait_erect_present', 'trait_sessile_present'})",0.8543490407897187,5.75631057282869,0.13338567565209805
"frozenset({'trait_stamens_6_present', 'trait_erect_present', 'trait_leaves_opposite_present', 'trait_sessile_present'})",0.8543490407897187,5.75631057282869,0.13338567565209805
"frozenset({'trait_floral_tube_cylindrical_present', 'trait_sessile_present', 'trait_inflorescence_raceme_present', 'trait_stamens_6_present', 'trait_base_attenuate_present'})",0.854368932038835,5.756444593237362,0.14841955276396523
"frozenset({'trait_stamens_6_present', 'trait_erect_present', 'trait_leaves_opposite_present', 'trait_base_attenuate_present'})",0.8543490407897187,5.75631057282869,0.13338567565209805
"frozenset({'trait_base_attenuate_present', 'trait_stamens_6_present', 'trait_erect_present', 'trait_sessile_present'})",0.8543490407897187,5.75631057282869,0.13338567565209805
"frozenset({'trait_inflorescence_raceme_present', 'trait_stamens_6_present', 'trait_erect_present', 'trait_base_attenuate_present'})",0.8543490407897187,5.75631057282869,0.13338567565209805
"frozenset({'trait_floral_tube_cylindrical_present', 'trait_leaves_opposite_present', 'trait_sessile_present', 'trait_stamens_6_present', 'trait_base_attenuate_present'})",0.854368932038835,5.756444593237362,0.14841955276396523
"frozenset({'trait_base_obtuse_to_truncate_present', 'trait_stamens_12_present', 'trait_inflorescence_raceme_present', 'trait_solitary_in_leaf_axils_present', 'trait_petals_purple_present', 'trait_leaves_alternate_present', 'trait_sprawling_or_ascending_present'})",0.971868720696584,20.47891754658997,0.04219372473756143
"frozenset({'trait_base_attenuate_present', 'trait_erect_present'})",0.8540946477530099,3.7387383198560045,0.2083515077495711
"frozenset({'trait_base_attenuate_present', 'trait_erect_present', 'trait_leaves_opposite_present'})",0.8540946477530099,3.7387383198560045,0.2083515077495711
"frozenset({'trait_inflorescence_raceme_present', 'trait_base_attenuate_present', 'trait_erect_present', 'trait_leaves_opposite_present'})",0.8543490407897187,5.75631057282869,0.13338567565209805
"frozenset({'trait_stamens_6_present', 'trait_erect_present', 'trait_base_attenuate_present'})",0.8543490407897187,5.75631057282869,0.13338567565209805
"frozenset({'trait_base_attenuate_present', 'trait_floral_tube_cylindrical_present', 'trait_erect_present'})",0.8543490407897187,5.75631057282869,0.13338567565209805
"frozenset({'trait_inflorescence_raceme_present', 'trait_base_attenuate_present', 'trait_erect_present'})",0.8543490407897187,5.75631057282869,0.13338567565209805
"frozenset({'trait_base_attenuate_present', 'trait_leaves_opposite_present', 'trait_becoming_alternate_distally_present'})",0.8487633310642161,3.678436807371693,0.21754049259937772
"frozenset({'trait_stamens_6_present', 'trait_floral_tube_cylindrical_present', 'trait_erect_present', 'trait_base_attenuate_present'})",0.8543490407897187,5.75631057282869,0.13338567565209805
"frozenset({'trait_inflorescence_raceme_present', 'trait_stamens_6_present', 'trait_petals_purple_present'})",0.8499132902412109,5.421567081822482,0.15676524470034023
"frozenset({'trait_stamens_6_present', 'trait_floral_tube_cylindrical_present', 'trait_erect_present', 'trait_sessile_present'})",0.8543490407897187,5.75631057282869,0.13338567565209805
"frozenset({'trait_floral_tube_cylindrical_present', 'trait_erect_present', 'trait_sessile_present', 'trait_inflorescence_raceme_present', 'trait_stamens_6_present'})",0.8543490407897187,5.756302064033482,0.13338567565209805
"frozenset({'trait_leaves_opposite_present', 'trait_base_attenuate_present', 'trait_floral_tube_cylindrical_present', 'trait_erect_present'})",0.8543490407897187,5.75631057282869,0.13338567565209805
"frozenset({'trait_base_attenuate_present', 'trait_floral_tube_cylindrical_present', 'trait_erect_present', 'trait_sessile_present'})",0.8543490407897187,5.756302064033482,0.13338567565209805
"frozenset({'trait_floral_tube_cylindrical_present', 'trait_erect_present', 'trait_leaves_opposite_present', 'trait_sessile_present', 'trait_inflorescence_raceme_present', 'trait_base_attenuate_present'})",0.8543490407897187,5.756302064033482,0.13338567565209805
"frozenset({'trait_floral_tube_cylindrical_present', 'trait_erect_present', 'trait_sessile_present', 'trait_stamens_6_present', 'trait_base_attenuate_present'})",0.8543490407897187,5.756302064033482,0.13338567565209805
"frozenset({'trait_floral_tube_cylindrical_present', 'trait_erect_present', 'trait_leaves_opposite_present', 'trait_sessile_present', 'trait_inflorescence_raceme_present', 'trait_stamens_6_present', 'trait_petals_purple_present'})",0.8493203883495146,3.904194470652514,0.1271918345982727
"frozenset({'trait_erect_present', 'trait_leaves_opposite_present', 'trait_sessile_present', 'trait_stamens_6_present', 'trait_base_attenuate_present'})",0.8543490407897187,5.756302064033482,0.13338567565209805
"frozenset({'trait_stamens_6_present', 'trait_petals_purple_present'})",0.8499132902412109,5.421567081822482,0.15676524470034023
"frozenset({'trait_floral_tube_cylindrical_present', 'trait_erect_present', 'trait_leaves_opposite_present', 'trait_stamens_6_present', 'trait_base_attenuate_present'})",0.8543490407897187,5.75631057282869,0.13338567565209805
"frozenset({'trait_floral_tube_cylindrical_present', 'trait_erect_present', 'trait_leaves_opposite_present', 'trait_sessile_present', 'trait_stamens_6_present'})",0.8543490407897187,5.756302064033482,0.13338567565209805
"frozenset({'trait_floral_tube_cylindrical_present', 'trait_erect_present', 'trait_inflorescence_raceme_present', 'trait_stamens_6_present', 'trait_base_attenuate_present'})",0.8543490407897187,5.756302064033482,0.13338567565209805
"frozenset({'trait_floral_tube_cylindrical_present', 'trait_erect_present', 'trait_leaves_opposite_present', 'trait_sessile_present', 'trait_base_attenuate_present'})",0.8543490407897187,5.756302064033482,0.13338567565209805
"frozenset({'trait_floral_tube_cylindrical_present', 'trait_erect_present', 'trait_leaves_opposite_present', 'trait_sessile_present', 'trait_stamens_6_present', 'trait_base_attenuate_present'})",0.8543490407897187,5.756302064033482,0.13338567565209805
"frozenset({'trait_erect_present', 'trait_leaves_opposite_present', 'trait_stamens_6_present', 'trait_petals_purple_present', 'trait_becoming_alternate_distally_present'})",0.8493203883495146,5.7224292388227775,0.1271918345982727
"frozenset({'trait_erect_present', 'trait_leaves_opposite_present', 'trait_sessile_present', 'trait_inflorescence_raceme_present', 'trait_base_attenuate_present'})",0.8543490407897187,5.756302064033482,0.13338567565209805
"frozenset({'trait_floral_tube_cylindrical_present', 'trait_erect_present', 'trait_sessile_present', 'trait_inflorescence_raceme_present', 'trait_base_attenuate_present'})",0.8543490407897187,5.756302064033482,0.13338567565209805
"frozenset({'trait_floral_tube_cylindrical_present', 'trait_erect_present', 'trait_sessile_present', 'trait_inflorescence_raceme_present', 'trait_stamens_6_present', 'trait_base_attenuate_present'})",0.8543490407897187,5.756302064033482,0.13338567565209805
"frozenset({'trait_floral_tube_cylindrical_present', 'trait_erect_present', 'trait_leaves_opposite_present', 'trait_sessile_present', 'trait_inflorescence_raceme_present'})",0.8543490407897187,5.756302064033482,0.13338567565209805
"frozenset({'trait_floral_tube_cylindrical_present', 'trait_erect_present', 'trait_leaves_opposite_present', 'trait_inflorescence_raceme_present', 'trait_base_attenuate_present'})",0.8543490407897187,5.756302064033482,0.13338567565209805
"frozenset({'trait_stamens_6_present', 'trait_petals_purple_present', 'trait_leaves_opposite_present'})",0.8495374410891953,6.002618257985687,0.14152781412661025
"frozenset({'trait_leaves_opposite_present', 'trait_becoming_alternate_distally_present'})",0.848821396192203,3.711190298741173,0.21780220419320132
"frozenset({'trait_inflorescence_raceme_present', 'trait_base_attenuate_present', 'trait_floral_tube_cylindrical_present', 'trait_erect_present'})",0.8543490407897187,5.75631057282869,0.13338567565209805
"frozenset({'trait_inflorescence_raceme_present', 'trait_erect_present', 'trait_sessile_present'})",0.8543490407897187,5.75631057282869,0.13338567565209805
"frozenset({'trait_inflorescence_raceme_present', 'trait_floral_tube_cylindrical_present', 'trait_erect_present', 'trait_sessile_present'})",0.8543490407897187,5.75631057282869,0.13338567565209805
"frozenset({'trait_inflorescence_raceme_present', 'trait_leaves_opposite_present', 'trait_floral_tube_cylindrical_present', 'trait_erect_present'})",0.8543490407897187,5.75631057282869,0.13338567565209805
"frozenset({'trait_floral_tube_cylindrical_present', 'trait_erect_present', 'trait_leaves_opposite_present', 'trait_inflorescence_raceme_present', 'trait_stamens_6_present'})",0.8543490407897187,5.756302064033482,0.13338567565209805
"frozenset({'trait_floral_tube_cylindrical_present', 'trait_erect_present', 'trait_leaves_opposite_present', 'trait_sessile_present', 'trait_inflorescence_raceme_present', 'trait_stamens_6_present'})",0.8543490407897187,5.756302064033482,0.13338567565209805
"frozenset({'trait_erect_present', 'trait_leaves_opposite_present', 'trait_inflorescence_raceme_present', 'trait_stamens_6_present', 'trait_base_attenuate_present'})",0.8543490407897187,5.75631057282869,0.13338567565209805
"frozenset({'trait_base_attenuate_present', 'trait_erect_present', 'trait_leaves_opposite_present', 'trait_sessile_present'})",0.8540946477530099,3.7342458439042416,0.2083515077495711
"frozenset({'trait_stamens_6_present', 'trait_leaves_opposite_present', 'trait_becoming_alternate_distally_present', 'trait_base_attenuate_present'})",0.8495374410891953,6.002618257985687,0.14152781412661025
"frozenset({'trait_inflorescence_raceme_present', 'trait_stamens_6_present', 'trait_becoming_alternate_distally_present', 'trait_sessile_present'})",0.8495374410891953,6.002618257985687,0.14152781412661025
"frozenset({'trait_inflorescence_raceme_present', 'trait_stamens_6_present', 'trait_becoming_alternate_distally_present', 'trait_base_attenuate_present'})",0.8495374410891953,6.002618257985687,0.14152781412661025
"frozenset({'trait_floral_tube_cylindrical_present', 'trait_leaves_opposite_present', 'trait_inflorescence_raceme_present', 'trait_stamens_6_present', 'trait_becoming_alternate_distally_present'})",0.8495374410891953,6.002618257985687,0.14152781412661025
"frozenset({'trait_stamens_6_present', 'trait_becoming_alternate_distally_present', 'trait_base_attenuate_present'})",0.8495374410891953,6.002618257985687,0.14152781412661025
"frozenset({'trait_stamens_6_present', 'trait_becoming_alternate_distally_present', 'trait_sessile_present'})",0.8495374410891953,6.002618257985687,0.14152781412661025
"frozenset({'trait_inflorescence_raceme_present', 'trait_base_attenuate_present', 'trait_becoming_alternate_distally_present'})",0.8495374410891953,6.002618257985687,0.14152781412661025
"frozenset({'trait_stamens_6_present', 'trait_leaves_opposite_present', 'trait_becoming_alternate_distally_present'})",0.8496424210709925,5.998430141287284,0.14164413039053186
"frozenset({'trait_stamens_6_present', 'trait_erect_present', 'trait_petals_purple_present'})",0.849933598937583,5.863324944374079,0.13027421559219518
"frozenset({'trait_inflorescence_raceme_present', 'trait_stamens_6_present', 'trait_erect_present', 'trait_petals_purple_present'})",0.849933598937583,5.863324944374079,0.13027421559219518
"frozenset({'trait_inflorescence_raceme_present', 'trait_floral_tube_cylindrical_present', 'trait_erect_present', 'trait_petals_purple_present'})",0.849933598937583,5.863324944374079,0.13027421559219518
"frozenset({'trait_base_obtuse_to_truncate_present', 'trait_floral_tube_obconic_present', 'trait_solitary_in_leaf_axils_present', 'trait_red_dotted_present'})",0.9720071471113757,20.481834425253126,0.047457035680013956
"frozenset({'trait_base_attenuate_present', 'trait_floral_tube_cylindrical_present', 'trait_becoming_alternate_distally_present'})",0.8495374410891953,6.002618257985687,0.14152781412661025
"frozenset({'trait_floral_tube_cylindrical_present', 'trait_becoming_alternate_distally_present', 'trait_sessile_present'})",0.8495374410891953,6.002618257985687,0.14152781412661025
"frozenset({'trait_stamens_6_present', 'trait_floral_tube_cylindrical_present', 'trait_becoming_alternate_distally_present'})",0.8495374410891953,6.002618257985687,0.14152781412661025
"frozenset({'trait_stamens_6_present', 'trait_petals_purple_present', 'trait_base_attenuate_present'})",0.8495374410891953,6.002618257985687,0.14152781412661025
"frozenset({'trait_inflorescence_raceme_present', 'trait_base_attenuate_present', 'trait_petals_purple_present'})",0.8495374410891953,6.002618257985687,0.14152781412661025
"frozenset({'trait_inflorescence_raceme_present', 'trait_floral_tube_cylindrical_present', 'trait_becoming_alternate_distally_present'})",0.8495374410891953,6.002618257985687,0.14152781412661025
"frozenset({'trait_floral_tube_cylindrical_present', 'trait_erect_present', 'trait_leaves_opposite_present', 'trait_inflorescence_raceme_present', 'trait_stamens_6_present', 'trait_base_attenuate_present'})",0.8543490407897187,5.756302064033482,0.13338567565209805
"frozenset({'trait_base_attenuate_present', 'trait_petals_purple_present', 'trait_leaves_opposite_present'})",0.8495374410891953,6.002618257985687,0.14152781412661025
"frozenset({'trait_stamens_6_present', 'trait_floral_tube_cylindrical_present', 'trait_erect_present', 'trait_petals_purple_present'})",0.849933598937583,5.863324944374079,0.13027421559219518
"frozenset({'trait_floral_tube_cylindrical_present', 'trait_leaves_opposite_present', 'trait_becoming_alternate_distally_present'})",0.8495374410891953,6.002618257985687,0.14152781412661025
"frozenset({'trait_inflorescence_raceme_present', 'trait_stamens_6_present', 'trait_becoming_alternate_distally_present'})",0.8496424210709925,5.998430141287284,0.14164413039053186
"frozenset({'trait_inflorescence_raceme_present', 'trait_stamens_6_present', 'trait_leaves_opposite_present', 'trait_becoming_alternate_distally_present'})",0.8496424210709925,5.998430141287284,0.14164413039053186
"frozenset({'trait_floral_tube_cylindrical_present', 'trait_erect_present', 'trait_inflorescence_raceme_present', 'trait_stamens_6_present', 'trait_petals_purple_present'})",0.849933598937583,3.814570579370223,0.13027421559219518
"frozenset({'trait_erect_present', 'trait_leaves_opposite_present', 'trait_sessile_present', 'trait_inflorescence_raceme_present', 'trait_stamens_6_present', 'trait_base_attenuate_present'})",0.8543490407897187,5.756302064033482,0.13338567565209805
"frozenset({'trait_stamens_6_present', 'trait_becoming_alternate_distally_present'})",0.8496424210709925,5.998430141287284,0.14164413039053186
"frozenset({'trait_stamens_6_present', 'trait_leaves_opposite_present', 'trait_becoming_alternate_distally_present', 'trait_sessile_present'})",0.8495374410891953,6.002618257985687,0.14152781412661025
"frozenset({'trait_erect_present', 'trait_sessile_present', 'trait_inflorescence_raceme_present', 'trait_stamens_6_present', 'trait_base_attenuate_present'})",0.8543490407897187,5.75631057282869,0.13338567565209805
"frozenset({'trait_inflorescence_raceme_present', 'trait_base_attenuate_present', 'trait_leaves_opposite_present', 'trait_becoming_alternate_distally_present'})",0.8495374410891953,6.002618257985687,0.14152781412661025
"frozenset({'trait_inflorescence_raceme_present', 'trait_stamens_6_present', 'trait_petals_purple_present', 'trait_base_attenuate_present'})",0.8495374410891953,6.002618257985687,0.14152781412661025
"frozenset({'trait_base_attenuate_present', 'trait_erect_present', 'trait_sessile_present'})",0.8540946477530099,3.7342458439042416,0.2083515077495711
"frozenset({'trait_floral_tube_cylindrical_present', 'trait_leaves_opposite_present', 'trait_sessile_present', 'trait_inflorescence_raceme_present', 'trait_becoming_alternate_distally_present'})",0.8495374410891953,6.002618257985687,0.14152781412661025
"frozenset({'trait_becoming_alternate_distally_present', 'trait_erect_present', 'trait_petals_purple_present', 'trait_base_attenuate_present'})",0.8493203883495146,5.7224292388227775,0.1271918345982727
"frozenset({'trait_inflorescence_raceme_present', 'trait_floral_tube_cylindrical_present', 'trait_leaves_opposite_present', 'trait_becoming_alternate_distally_present'})",0.8495374410891953,6.002618257985687,0.14152781412661025
"frozenset({'trait_erect_present', 'trait_stamens_6_present', 'trait_petals_purple_present', 'trait_becoming_alternate_distally_present', 'trait_base_attenuate_present'})",0.8493203883495146,5.7224292388227775,0.1271918345982727
"frozenset({'trait_erect_present', 'trait_inflorescence_raceme_present', 'trait_petals_purple_present', 'trait_becoming_alternate_distally_present', 'trait_base_attenuate_present'})",0.8493203883495146,5.7224292388227775,0.1271918345982727
"frozenset({'trait_stamens_6_present', 'trait_floral_tube_cylindrical_present', 'trait_leaves_opposite_present', 'trait_becoming_alternate_distally_present'})",0.8495374410891953,6.002618257985687,0.14152781412661025
"frozenset({'trait_erect_present', 'trait_leaves_opposite_present', 'trait_petals_purple_present', 'trait_becoming_alternate_distally_present', 'trait_base_attenuate_present'})",0.8493203883495146,5.7224292388227775,0.1271918345982727
"frozenset({'trait_floral_tube_cylindrical_present', 'trait_leaves_opposite_present', 'trait_becoming_alternate_distally_present', 'trait_sessile_present'})",0.8495374410891953,6.002618257985687,0.14152781412661025
"frozenset({'trait_base_attenuate_present', 'trait_floral_tube_cylindrical_present', 'trait_leaves_opposite_present', 'trait_becoming_alternate_distally_present'})",0.8495374410891953,6.002618257985687,0.14152781412661025
"frozenset({'trait_base_attenuate_present', 'trait_petals_purple_present', 'trait_leaves_opposite_present', 'trait_sessile_present'})",0.8495374410891953,6.002618257985687,0.14152781412661025
"frozenset({'trait_inflorescence_raceme_present', 'trait_base_attenuate_present', 'trait_petals_purple_present', 'trait_leaves_opposite_present'})",0.8495374410891953,6.002618257985687,0.14152781412661025
"frozenset({'trait_stamens_6_present', 'trait_petals_purple_present', 'trait_leaves_opposite_present', 'trait_base_attenuate_present'})",0.8495374410891953,6.002618257985687,0.14152781412661025
"frozenset({'trait_inflorescence_raceme_present', 'trait_stamens_6_present', 'trait_floral_tube_cylindrical_present', 'trait_becoming_alternate_distally_present'})",0.8495374410891953,6.002618257985687,0.14152781412661025
"frozenset({'trait_inflorescence_raceme_present', 'trait_floral_tube_cylindrical_present', 'trait_becoming_alternate_distally_present', 'trait_sessile_present'})",0.8495374410891953,6.002618257985687,0.14152781412661025
"frozenset({'trait_inflorescence_raceme_present', 'trait_base_attenuate_present', 'trait_floral_tube_cylindrical_present', 'trait_becoming_alternate_distally_present'})",0.8495374410891953,6.002618257985687,0.14152781412661025
"frozenset({'trait_erect_present', 'trait_leaves_opposite_present', 'trait_inflorescence_raceme_present', 'trait_petals_purple_present', 'trait_becoming_alternate_distally_present', 'trait_base_attenuate_present'})",0.8493203883495146,5.7224292388227775,0.1271918345982727
"frozenset({'trait_inflorescence_raceme_present', 'trait_base_attenuate_present', 'trait_petals_purple_present', 'trait_sessile_present'})",0.8495374410891953,6.002618257985687,0.14152781412661025
"frozenset({'trait_base_attenuate_present', 'trait_floral_tube_cylindrical_present', 'trait_petals_purple_present'})",0.8495374410891953,6.002618257985687,0.14152781412661025
"frozenset({'trait_erect_present', 'trait_leaves_opposite_present', 'trait_stamens_6_present', 'trait_petals_purple_present', 'trait_becoming_alternate_distally_present', 'trait_base_attenuate_present'})",0.8493203883495146,5.7224292388227775,0.1271918345982727
"frozenset({'trait_stamens_6_present', 'trait_floral_tube_cylindrical_present', 'trait_becoming_alternate_distally_present', 'trait_sessile_present'})",0.8495374410891953,6.002618257985687,0.14152781412661025
"frozenset({'trait_base_obtuse_to_truncate_present', 'trait_floral_tube_obconic_present', 'trait_solitary_in_leaf_axils_present', 'trait_leaves_alternate_present'})",0.9720071471113757,20.481834425253126,0.047457035680013956
"frozenset({'trait_base_obtuse_to_truncate_present', 'trait_solitary_in_leaf_axils_present', 'trait_red_dotted_present', 'trait_leaves_alternate_present'})",0.9720071471113757,20.481834425253126,0.047457035680013956
"frozenset({'trait_erect_present', 'trait_inflorescence_raceme_present', 'trait_stamens_6_present', 'trait_petals_purple_present', 'trait_becoming_alternate_distally_present', 'trait_base_attenuate_present'})",0.8493203883495146,5.7224292388227775,0.1271918345982727
"frozenset({'trait_stamens_6_present', 'trait_floral_tube_cylindrical_present', 'trait_becoming_alternate_distally_present', 'trait_base_attenuate_present'})",0.8495374410891953,6.002618257985687,0.14152781412661025
"frozenset({'trait_base_obtuse_to_truncate_present', 'trait_floral_tube_obconic_present', 'trait_red_dotted_present', 'trait_leaves_alternate_present'})",0.9720071471113757,20.481834425253126,0.047457035680013956
"frozenset({'trait_base_attenuate_present', 'trait_stamens_6_present', 'trait_petals_purple_present', 'trait_sessile_present'})",0.8495374410891953,6.002618257985687,0.14152781412661025
"frozenset({'trait_inflorescence_raceme_present', 'trait_leaves_opposite_present', 'trait_becoming_alternate_distally_present', 'trait_sessile_present'})",0.8495374410891953,6.002618257985687,0.14152781412661025
"frozenset({'trait_floral_tube_cylindrical_present', 'trait_leaves_opposite_present', 'trait_sessile_present', 'trait_inflorescence_raceme_present', 'trait_stamens_6_present', 'trait_base_attenuate_present'})",0.854368932038835,5.756444593237362,0.14841955276396523
"frozenset({'trait_subsessile_present', 'trait_floral_tube_obconic_present', 'trait_base_obtuse_to_truncate_present', 'trait_stamens_12_present', 'trait_inflorescence_raceme_present', 'trait_solitary_in_leaf_axils_present', 'trait_petals_purple_present', 'trait_red_dotted_present', 'trait_leaves_alternate_present', 'trait_sprawling_or_ascending_present'})",0.971868720696584,1.8598549491393896,0.04219372473756143
"frozenset({'trait_floral_tube_cylindrical_present', 'trait_inflorescence_raceme_present', 'trait_stamens_6_present', 'trait_petals_purple_present', 'trait_base_attenuate_present'})",0.8495374410891953,3.9051922285277816,0.14152781412661025
"frozenset({'trait_sessile_present', 'trait_inflorescence_raceme_present', 'trait_stamens_6_present', 'trait_petals_purple_present', 'trait_base_attenuate_present'})",0.8495374410891953,6.002618257985687,0.14152781412661025
"frozenset({'trait_inflorescence_raceme_present', 'trait_base_attenuate_present', 'trait_floral_tube_cylindrical_present', 'trait_petals_purple_present'})",0.8495374410891953,6.002618257985687,0.14152781412661025
"frozenset({'trait_stamens_6_present', 'trait_floral_tube_cylindrical_present', 'trait_petals_purple_present', 'trait_base_attenuate_present'})",0.8495374410891953,6.002618257985687,0.14152781412661025
"frozenset({'trait_leaves_opposite_present', 'trait_sessile_present', 'trait_inflorescence_raceme_present', 'trait_stamens_6_present', 'trait_becoming_alternate_distally_present'})",0.8495374410891953,6.002618257985687,0.14152781412661025
"frozenset({'trait_leaves_opposite_present', 'trait_inflorescence_raceme_present', 'trait_stamens_6_present', 'trait_becoming_alternate_distally_present', 'trait_base_attenuate_present'})",0.8495374410891953,6.002618257985687,0.14152781412661025
"frozenset({'trait_erect_present', 'trait_leaves_opposite_present', 'trait_inflorescence_raceme_present', 'trait_stamens_6_present', 'trait_becoming_alternate_distally_present', 'trait_base_attenuate_present'})",0.8493203883495146,6.0010846178244215,0.1271918345982727
"frozenset({'trait_becoming_alternate_distally_present', 'trait_floral_tube_cylindrical_present', 'trait_petals_purple_present', 'trait_base_attenuate_present'})",0.8495374410891953,5.723891665677181,0.14152781412661025
"frozenset({'trait_floral_tube_cylindrical_present', 'trait_sessile_present', 'trait_inflorescence_raceme_present', 'trait_stamens_6_present', 'trait_petals_purple_present', 'trait_base_attenuate_present'})",0.8495374410891953,3.900499741203783,0.14152781412661025
"frozenset({'trait_floral_tube_cylindrical_present', 'trait_leaves_opposite_present', 'trait_stamens_6_present', 'trait_petals_purple_present', 'trait_becoming_alternate_distally_present'})",0.8495374410891953,5.723891665677181,0.14152781412661025
"frozenset({'trait_leaves_opposite_present', 'trait_inflorescence_raceme_present', 'trait_stamens_6_present', 'trait_petals_purple_present', 'trait_becoming_alternate_distally_present'})",0.8495374410891953,5.723891665677181,0.14152781412661025
"frozenset({'trait_floral_tube_cylindrical_present', 'trait_leaves_opposite_present', 'trait_sessile_present', 'trait_stamens_6_present', 'trait_becoming_alternate_distally_present'})",0.8495374410891953,6.002618257985687,0.14152781412661025
"frozenset({'trait_floral_tube_cylindrical_present', 'trait_leaves_opposite_present', 'trait_sessile_present', 'trait_inflorescence_raceme_present', 'trait_petals_purple_present', 'trait_becoming_alternate_distally_present'})",0.8495374410891953,5.723883204802572,0.14152781412661025
"frozenset({'trait_floral_tube_cylindrical_present', 'trait_sessile_present', 'trait_inflorescence_raceme_present', 'trait_petals_purple_present', 'trait_becoming_alternate_distally_present', 'trait_base_attenuate_present'})",0.8495374410891953,5.720142104668714,0.14152781412661025
"frozenset({'trait_floral_tube_cylindrical_present', 'trait_leaves_opposite_present', 'trait_sessile_present', 'trait_inflorescence_raceme_present', 'trait_stamens_6_present', 'trait_becoming_alternate_distally_present'})",0.8495374410891953,6.002618257985687,0.14152781412661025
"frozenset({'trait_floral_tube_cylindrical_present', 'trait_inflorescence_raceme_present', 'trait_stamens_6_present', 'trait_becoming_alternate_distally_present', 'trait_base_attenuate_present'})",0.8495374410891953,6.002618257985687,0.14152781412661025
"frozenset({'trait_leaves_opposite_present', 'trait_sessile_present', 'trait_inflorescence_raceme_present', 'trait_becoming_alternate_distally_present', 'trait_base_attenuate_present'})",0.8495374410891953,5.8605920224172765,0.14152781412661025
"frozenset({'trait_floral_tube_cylindrical_present', 'trait_leaves_opposite_present', 'trait_inflorescence_raceme_present', 'trait_stamens_6_present', 'trait_petals_purple_present', 'trait_base_attenuate_present'})",0.8495374410891953,3.9051922285277816,0.14152781412661025
"frozenset({'trait_inflorescence_raceme_present', 'trait_petals_purple_present', 'trait_leaves_opposite_present', 'trait_becoming_alternate_distally_present'})",0.8495374410891953,5.723891665677181,0.14152781412661025
"frozenset({'trait_inflorescence_raceme_present', 'trait_petals_purple_present', 'trait_becoming_alternate_distally_present', 'trait_sessile_present'})",0.8495374410891953,5.723891665677181,0.14152781412661025
"frozenset({'trait_stamens_6_present', 'trait_petals_purple_present', 'trait_becoming_alternate_distally_present', 'trait_sessile_present'})",0.8495374410891953,5.723891665677181,0.14152781412661025
"frozenset({'trait_petals_purple_present', 'trait_leaves_opposite_present', 'trait_becoming_alternate_distally_present', 'trait_sessile_present'})",0.8495374410891953,5.723891665677181,0.14152781412661025
"frozenset({'trait_leaves_opposite_present', 'trait_sessile_present', 'trait_inflorescence_raceme_present', 'trait_stamens_6_present', 'trait_becoming_alternate_distally_present', 'trait_base_attenuate_present'})",0.8495374410891953,5.8605920224172765,0.14152781412661025
"frozenset({'trait_inflorescence_raceme_present', 'trait_stamens_6_present', 'trait_petals_purple_present', 'trait_becoming_alternate_distally_present'})",0.8495374410891953,5.723891665677181,0.14152781412661025
"frozenset({'trait_leaves_opposite_present', 'trait_sessile_present', 'trait_inflorescence_raceme_present', 'trait_stamens_6_present', 'trait_petals_purple_present', 'trait_becoming_alternate_distally_present', 'trait_base_attenuate_present'})",0.8495374410891953,5.588644585021157,0.14152781412661025
"frozenset({'trait_floral_tube_cylindrical_present', 'trait_leaves_opposite_present', 'trait_sessile_present', 'trait_inflorescence_raceme_present', 'trait_becoming_alternate_distally_present', 'trait_base_attenuate_present'})",0.8495374410891953,5.8605920224172765,0.14152781412661025
"frozenset({'trait_floral_tube_cylindrical_present', 'trait_erect_present', 'trait_leaves_opposite_present', 'trait_sessile_present', 'trait_inflorescence_raceme_present', 'trait_stamens_6_present', 'trait_base_attenuate_present'})",0.8543490407897187,5.756302064033482,0.13338567565209805
"frozenset({'trait_base_attenuate_present', 'trait_erect_present', 'trait_leaves_opposite_present', 'trait_petals_purple_present'})",0.8493203883495146,6.0010846178244215,0.1271918345982727
"frozenset({'trait_stamens_6_present', 'trait_erect_present', 'trait_leaves_opposite_present', 'trait_petals_purple_present'})",0.8493203883495146,6.0010846178244215,0.1271918345982727
"frozenset({'trait_floral_tube_cylindrical_present', 'trait_leaves_opposite_present', 'trait_sessile_present', 'trait_inflorescence_raceme_present', 'trait_petals_purple_present', 'trait_becoming_alternate_distally_present', 'trait_base_attenuate_present'})",0.8495374410891953,5.541463119550316,0.14152781412661025
"frozenset({'trait_leaves_opposite_present', 'trait_sessile_present', 'trait_stamens_6_present', 'trait_becoming_alternate_distally_present', 'trait_base_attenuate_present'})",0.8495374410891953,5.8605920224172765,0.14152781412661025
"frozenset({'trait_floral_tube_cylindrical_present', 'trait_leaves_opposite_present', 'trait_sessile_present', 'trait_stamens_6_present', 'trait_petals_purple_present', 'trait_becoming_alternate_distally_present'})",0.8495374410891953,5.723883204802572,0.14152781412661025
"frozenset({'trait_base_attenuate_present', 'trait_erect_present', 'trait_petals_purple_present'})",0.8493203883495146,6.0010846178244215,0.1271918345982727
"frozenset({'trait_erect_present', 'trait_leaves_opposite_present', 'trait_inflorescence_raceme_present', 'trait_stamens_6_present', 'trait_petals_purple_present', 'trait_base_attenuate_present'})",0.8493203883495146,6.0010846178244215,0.1271918345982727
"frozenset({'trait_floral_tube_cylindrical_present', 'trait_sessile_present', 'trait_inflorescence_raceme_present', 'trait_stamens_6_present', 'trait_becoming_alternate_distally_present'})",0.8495374410891953,6.002618257985687,0.14152781412661025
"frozenset({'trait_floral_tube_cylindrical_present', 'trait_leaves_opposite_present', 'trait_sessile_present', 'trait_inflorescence_raceme_present', 'trait_stamens_6_present', 'trait_petals_purple_present', 'trait_becoming_alternate_distally_present'})",0.8495374410891953,3.6644036650983107,0.14152781412661025
"frozenset({'trait_base_attenuate_present', 'trait_stamens_6_present', 'trait_becoming_alternate_distally_present', 'trait_sessile_present'})",0.8495374410891953,6.002618257985687,0.14152781412661025
"frozenset({'trait_base_attenuate_present', 'trait_petals_purple_present', 'trait_leaves_opposite_present', 'trait_becoming_alternate_distally_present'})",0.8495374410891953,5.723891665677181,0.14152781412661025
"frozenset({'trait_base_attenuate_present', 'trait_petals_purple_present', 'trait_becoming_alternate_distally_present', 'trait_sessile_present'})",0.8495374410891953,5.723891665677181,0.14152781412661025
"frozenset({'trait_inflorescence_raceme_present', 'trait_base_attenuate_present', 'trait_petals_purple_present', 'trait_becoming_alternate_distally_present'})",0.8495374410891953,5.723891665677181,0.14152781412661025
"frozenset({'trait_leaves_opposite_present', 'trait_sessile_present', 'trait_inflorescence_raceme_present', 'trait_petals_purple_present', 'trait_base_attenuate_present'})",0.8495374410891953,6.002618257985687,0.14152781412661025
"frozenset({'trait_stamens_6_present', 'trait_petals_purple_present', 'trait_becoming_alternate_distally_present', 'trait_base_attenuate_present'})",0.8495374410891953,5.723891665677181,0.14152781412661025
"frozenset({'trait_inflorescence_raceme_present', 'trait_base_attenuate_present', 'trait_erect_present', 'trait_petals_purple_present'})",0.8493203883495146,6.0010846178244215,0.1271918345982727
"frozenset({'trait_stamens_6_present', 'trait_erect_present', 'trait_petals_purple_present', 'trait_base_attenuate_present'})",0.8493203883495146,6.0010846178244215,0.1271918345982727
"frozenset({'trait_leaves_opposite_present', 'trait_inflorescence_raceme_present', 'trait_stamens_6_present', 'trait_petals_purple_present', 'trait_base_attenuate_present'})",0.8495374410891953,6.002618257985687,0.14152781412661025
"frozenset({'trait_leaves_opposite_present', 'trait_sessile_present', 'trait_inflorescence_raceme_present', 'trait_stamens_6_present', 'trait_petals_purple_present', 'trait_base_attenuate_present'})",0.8495374410891953,6.002618257985687,0.14152781412661025
"frozenset({'trait_floral_tube_cylindrical_present', 'trait_leaves_opposite_present', 'trait_inflorescence_raceme_present', 'trait_stamens_6_present', 'trait_becoming_alternate_distally_present', 'trait_base_attenuate_present'})",0.8495374410891953,6.002618257985687,0.14152781412661025
"frozenset({'trait_inflorescence_raceme_present', 'trait_base_attenuate_present', 'trait_becoming_alternate_distally_present', 'trait_sessile_present'})",0.8495374410891953,6.002618257985687,0.14152781412661025
"frozenset({'trait_base_attenuate_present', 'trait_floral_tube_cylindrical_present', 'trait_leaves_opposite_present', 'trait_petals_purple_present'})",0.8495374410891953,6.002618257985687,0.14152781412661025
"frozenset({'trait_erect_present', 'trait_leaves_opposite_present', 'trait_stamens_6_present', 'trait_becoming_alternate_distally_present', 'trait_base_attenuate_present'})",0.8493203883495146,6.0010846178244215,0.1271918345982727
"frozenset({'trait_floral_tube_cylindrical_present', 'trait_leaves_opposite_present', 'trait_stamens_6_present', 'trait_becoming_alternate_distally_present', 'trait_base_attenuate_present'})",0.8495374410891953,6.002618257985687,0.14152781412661025
"frozenset({'trait_erect_present', 'trait_leaves_opposite_present', 'trait_inflorescence_raceme_present', 'trait_becoming_alternate_distally_present', 'trait_base_attenuate_present'})",0.8493203883495146,6.0010846178244215,0.1271918345982727
"frozenset({'trait_erect_present', 'trait_leaves_opposite_present', 'trait_inflorescence_raceme_present', 'trait_stamens_6_present', 'trait_petals_purple_present'})",0.8493203883495146,6.0010846178244215,0.1271918345982727
"frozenset({'trait_erect_present', 'trait_leaves_opposite_present', 'trait_inflorescence_raceme_present', 'trait_petals_purple_present', 'trait_base_attenuate_present'})",0.8493203883495146,6.0010846178244215,0.1271918345982727
"frozenset({'trait_floral_tube_cylindrical_present', 'trait_leaves_opposite_present', 'trait_stamens_6_present', 'trait_petals_purple_present', 'trait_base_attenuate_present'})",0.8495374410891953,6.002618257985687,0.14152781412661025
"frozenset({'trait_floral_tube_cylindrical_present', 'trait_leaves_opposite_present', 'trait_sessile_present', 'trait_inflorescence_raceme_present', 'trait_stamens_6_present', 'trait_petals_purple_present', 'trait_becoming_alternate_distally_present', 'trait_base_attenuate_present'})",0.8495374410891953,2.8807825609424396,0.14152781412661025
"frozenset({'trait_erect_present', 'trait_leaves_opposite_present', 'trait_stamens_6_present', 'trait_petals_purple_present', 'trait_base_attenuate_present'})",0.8493203883495146,6.0010846178244215,0.1271918345982727
"frozenset({'trait_leaves_opposite_present', 'trait_sessile_present', 'trait_stamens_6_present', 'trait_petals_purple_present', 'trait_base_attenuate_present'})",0.8495374410891953,6.002618257985687,0.14152781412661025
"frozenset({'trait_erect_present', 'trait_inflorescence_raceme_present', 'trait_stamens_6_present', 'trait_petals_purple_present', 'trait_base_attenuate_present'})",0.8493203883495146,6.0010846178244215,0.1271918345982727
"frozenset({'trait_leaves_opposite_present', 'trait_sessile_present', 'trait_inflorescence_raceme_present', 'trait_petals_purple_present', 'trait_becoming_alternate_distally_present', 'trait_base_attenuate_present'})",0.8495374410891953,5.588644585021157,0.14152781412661025
"frozenset({'trait_base_attenuate_present', 'trait_floral_tube_cylindrical_present', 'trait_becoming_alternate_distally_present', 'trait_sessile_present'})",0.8495374410891953,6.002618257985687,0.14152781412661025
"frozenset({'trait_erect_present', 'trait_inflorescence_raceme_present', 'trait_stamens_6_present', 'trait_becoming_alternate_distally_present', 'trait_base_attenuate_present'})",0.8493203883495146,6.0010846178244215,0.1271918345982727
"frozenset({'trait_leaves_opposite_present', 'trait_sessile_present', 'trait_stamens_6_present', 'trait_petals_purple_present', 'trait_becoming_alternate_distally_present', 'trait_base_attenuate_present'})",0.8495374410891953,5.588644585021157,0.14152781412661025
"frozenset({'trait_floral_tube_cylindrical_present', 'trait_erect_present', 'trait_leaves_opposite_present', 'trait_sessile_present', 'trait_inflorescence_raceme_present', 'trait_stamens_6_present', 'trait_petals_purple_present', 'trait_base_attenuate_present'})",0.8493203883495146,3.8995031822365096,0.1271918345982727
"frozenset({'trait_becoming_alternate_distally_present', 'trait_floral_tube_cylindrical_present', 'trait_petals_purple_present'})",0.8495374410891953,5.723891665677181,0.14152781412661025
"frozenset({'trait_becoming_alternate_distally_present', 'trait_floral_tube_cylindrical_present', 'trait_leaves_opposite_present', 'trait_petals_purple_present'})",0.8495374410891953,5.723891665677181,0.14152781412661025
"frozenset({'trait_floral_tube_cylindrical_present', 'trait_leaves_opposite_present', 'trait_sessile_present', 'trait_petals_purple_present', 'trait_becoming_alternate_distally_present', 'trait_base_attenuate_present'})",0.8495374410891953,5.585078123894787,0.14152781412661025
"frozenset({'trait_stamens_6_present', 'trait_erect_present', 'trait_becoming_alternate_distally_present', 'trait_base_attenuate_present'})",0.8493203883495146,6.0010846178244215,0.1271918345982727
"frozenset({'trait_inflorescence_raceme_present', 'trait_base_attenuate_present', 'trait_erect_present', 'trait_becoming_alternate_distally_present'})",0.8493203883495146,6.0010846178244215,0.1271918345982727
"frozenset({'trait_petals_purple_present', 'trait_leaves_opposite_present', 'trait_becoming_alternate_distally_present'})",0.8495374410891953,5.723891665677181,0.14152781412661025
"frozenset({'trait_floral_tube_cylindrical_present', 'trait_sessile_present', 'trait_inflorescence_raceme_present', 'trait_petals_purple_present', 'trait_becoming_alternate_distally_present'})",0.8495374410891953,5.723891665677181,0.14152781412661025
"frozenset({'trait_stamens_6_present', 'trait_petals_purple_present', 'trait_becoming_alternate_distally_present'})",0.8495374410891953,5.723891665677181,0.14152781412661025
"frozenset({'trait_erect_present', 'trait_becoming_alternate_distally_present'})",0.848993288590604,3.5737546332850814,0.19863909971211724
"frozenset({'trait_sessile_present', 'trait_inflorescence_raceme_present', 'trait_stamens_6_present', 'trait_petals_purple_present', 'trait_becoming_alternate_distally_present', 'trait_base_attenuate_present'})",0.8495374410891953,5.723891665677181,0.14152781412661025
"frozenset({'trait_erect_present', 'trait_leaves_opposite_present', 'trait_becoming_alternate_distally_present'})",0.848993288590604,3.5737546332850814,0.19863909971211724
"frozenset({'trait_sessile_present', 'trait_inflorescence_raceme_present', 'trait_stamens_6_present', 'trait_petals_purple_present', 'trait_becoming_alternate_distally_present'})",0.8495374410891953,5.723891665677181,0.14152781412661025
"frozenset({'trait_leaves_opposite_present', 'trait_inflorescence_raceme_present', 'trait_stamens_6_present', 'trait_petals_purple_present', 'trait_becoming_alternate_distally_present', 'trait_base_attenuate_present'})",0.8495374410891953,5.723891665677181,0.14152781412661025
"frozenset({'trait_floral_tube_cylindrical_present', 'trait_inflorescence_raceme_present', 'trait_stamens_6_present', 'trait_petals_purple_present', 'trait_becoming_alternate_distally_present'})",0.8495374410891953,3.6644036650983107,0.14152781412661025
"frozenset({'trait_base_attenuate_present', 'trait_erect_present', 'trait_becoming_alternate_distally_present'})",0.8489486126664179,3.5777565981599806,0.19840646718427404
"frozenset({'trait_floral_tube_cylindrical_present', 'trait_stamens_6_present', 'trait_petals_purple_present', 'trait_becoming_alternate_distally_present', 'trait_base_attenuate_present'})",0.8495374410891953,5.723891665677181,0.14152781412661025
"frozenset({'trait_inflorescence_raceme_present', 'trait_stamens_6_present', 'trait_petals_purple_present', 'trait_becoming_alternate_distally_present', 'trait_base_attenuate_present'})",0.8495374410891953,5.723891665677181,0.14152781412661025
"frozenset({'trait_base_attenuate_present', 'trait_erect_present', 'trait_leaves_opposite_present', 'trait_becoming_alternate_distally_present'})",0.8489486126664179,3.5246280141235595,0.19840646718427404
"frozenset({'trait_floral_tube_cylindrical_present', 'trait_sessile_present', 'trait_stamens_6_present', 'trait_petals_purple_present', 'trait_becoming_alternate_distally_present'})",0.8495374410891953,5.723891665677181,0.14152781412661025
"frozenset({'trait_inflorescence_raceme_present', 'trait_becoming_alternate_distally_present'})",0.8496424210709925,5.998430141287284,0.14164413039053186
"frozenset({'trait_stamens_6_present', 'trait_petals_purple_present', 'trait_leaves_opposite_present', 'trait_becoming_alternate_distally_present'})",0.8495374410891953,5.723891665677181,0.14152781412661025
"frozenset({'trait_leaves_opposite_present', 'trait_stamens_6_present', 'trait_petals_purple_present', 'trait_becoming_alternate_distally_present', 'trait_base_attenuate_present'})",0.8495374410891953,5.723891665677181,0.14152781412661025
"frozenset({'trait_floral_tube_cylindrical_present', 'trait_leaves_opposite_present', 'trait_inflorescence_raceme_present', 'trait_becoming_alternate_distally_present', 'trait_base_attenuate_present'})",0.8495374410891953,6.002618257985687,0.14152781412661025
"frozenset({'trait_becoming_alternate_distally_present', 'trait_floral_tube_cylindrical_present', 'trait_petals_purple_present', 'trait_sessile_present'})",0.8495374410891953,5.723891665677181,0.14152781412661025
"frozenset({'trait_leaves_opposite_present', 'trait_sessile_present', 'trait_stamens_6_present', 'trait_petals_purple_present', 'trait_becoming_alternate_distally_present'})",0.8495374410891953,5.723891665677181,0.14152781412661025
"frozenset({'trait_leaves_opposite_present', 'trait_inflorescence_raceme_present', 'trait_petals_purple_present', 'trait_becoming_alternate_distally_present', 'trait_base_attenuate_present'})",0.8495374410891953,5.723891665677181,0.14152781412661025
"frozenset({'trait_floral_tube_cylindrical_present', 'trait_erect_present', 'trait_leaves_opposite_present', 'trait_sessile_present', 'trait_inflorescence_raceme_present', 'trait_stamens_6_present', 'trait_petals_purple_present', 'trait_becoming_alternate_distally_present'})",0.8493203883495146,3.5248948630161068,0.1271918345982727
"frozenset({'trait_floral_tube_cylindrical_present', 'trait_sessile_present', 'trait_stamens_6_present', 'trait_becoming_alternate_distally_present', 'trait_base_attenuate_present'})",0.8495374410891953,4.850443794647958,0.14152781412661025
"frozenset({'trait_floral_tube_cylindrical_present', 'trait_sessile_present', 'trait_inflorescence_raceme_present', 'trait_stamens_6_present', 'trait_becoming_alternate_distally_present', 'trait_base_attenuate_present'})",0.8495374410891953,4.850443794647958,0.14152781412661025
"frozenset({'trait_leaves_opposite_present', 'trait_sessile_present', 'trait_petals_purple_present', 'trait_becoming_alternate_distally_present', 'trait_base_attenuate_present'})",0.8495374410891953,5.588644585021157,0.14152781412661025
"frozenset({'trait_inflorescence_raceme_present', 'trait_stamens_6_present', 'trait_erect_present', 'trait_becoming_alternate_distally_present'})",0.8494081117795459,5.99759087556681,0.1272790717962139
"frozenset({'trait_stamens_6_present', 'trait_erect_present', 'trait_leaves_opposite_present', 'trait_becoming_alternate_distally_present'})",0.8494081117795459,5.99759087556681,0.1272790717962139
"frozenset({'trait_inflorescence_raceme_present', 'trait_erect_present', 'trait_becoming_alternate_distally_present'})",0.8494081117795459,5.99759087556681,0.1272790717962139
"frozenset({'trait_stamens_6_present', 'trait_erect_present', 'trait_becoming_alternate_distally_present'})",0.8494081117795459,5.99759087556681,0.1272790717962139
"frozenset({'trait_inflorescence_raceme_present', 'trait_erect_present', 'trait_leaves_opposite_present', 'trait_becoming_alternate_distally_present'})",0.8494081117795459,5.99759087556681,0.1272790717962139
"frozenset({'trait_floral_tube_cylindrical_present', 'trait_leaves_opposite_present', 'trait_sessile_present', 'trait_becoming_alternate_distally_present', 'trait_base_attenuate_present'})",0.8495374410891953,5.8605920224172765,0.14152781412661025
"frozenset({'trait_sessile_present', 'trait_inflorescence_raceme_present', 'trait_petals_purple_present', 'trait_becoming_alternate_distally_present', 'trait_base_attenuate_present'})",0.8495374410891953,5.723891665677181,0.14152781412661025
"frozenset({'trait_floral_tube_cylindrical_present', 'trait_sessile_present', 'trait_petals_purple_present', 'trait_becoming_alternate_distally_present', 'trait_base_attenuate_present'})",0.8495374410891953,5.720142104668714,0.14152781412661025
"frozenset({'trait_floral_tube_cylindrical_present', 'trait_leaves_opposite_present', 'trait_sessile_present', 'trait_petals_purple_present', 'trait_becoming_alternate_distally_present'})",0.8495374410891953,5.723883204802572,0.14152781412661025
"frozenset({'trait_floral_tube_cylindrical_present', 'trait_leaves_opposite_present', 'trait_inflorescence_raceme_present', 'trait_petals_purple_present', 'trait_becoming_alternate_distally_present', 'trait_base_attenuate_present'})",0.8495374410891953,5.679310460832662,0.14152781412661025
"frozenset({'trait_leaves_opposite_present', 'trait_sessile_present', 'trait_inflorescence_raceme_present', 'trait_stamens_6_present', 'trait_petals_purple_present', 'trait_becoming_alternate_distally_present'})",0.8495374410891953,5.723891665677181,0.14152781412661025
"frozenset({'trait_floral_tube_cylindrical_present', 'trait_inflorescence_raceme_present', 'trait_petals_purple_present', 'trait_becoming_alternate_distally_present', 'trait_base_attenuate_present'})",0.8495374410891953,5.723891665677181,0.14152781412661025
"frozenset({'trait_sessile_present', 'trait_stamens_6_present', 'trait_petals_purple_present', 'trait_becoming_alternate_distally_present', 'trait_base_attenuate_present'})",0.8495374410891953,5.723891665677181,0.14152781412661025
"frozenset({'trait_stamens_6_present', 'trait_floral_tube_cylindrical_present', 'trait_becoming_alternate_distally_present', 'trait_petals_purple_present'})",0.8495374410891953,5.723891665677181,0.14152781412661025
"frozenset({'trait_inflorescence_raceme_present', 'trait_becoming_alternate_distally_present', 'trait_floral_tube_cylindrical_present', 'trait_petals_purple_present'})",0.8495374410891953,5.723891665677181,0.14152781412661025
"frozenset({'trait_floral_tube_cylindrical_present', 'trait_leaves_opposite_present', 'trait_inflorescence_raceme_present', 'trait_petals_purple_present', 'trait_becoming_alternate_distally_present'})",0.8495374410891953,5.723891665677181,0.14152781412661025
"frozenset({'trait_floral_tube_cylindrical_present', 'trait_sessile_present', 'trait_stamens_6_present', 'trait_petals_purple_present', 'trait_becoming_alternate_distally_present', 'trait_base_attenuate_present'})",0.8495374410891953,4.664319108266015,0.14152781412661025
"frozenset({'trait_floral_tube_cylindrical_present', 'trait_leaves_opposite_present', 'trait_petals_purple_present', 'trait_becoming_alternate_distally_present', 'trait_base_attenuate_present'})",0.8495374410891953,5.723891665677181,0.14152781412661025
"frozenset({'trait_inflorescence_raceme_present', 'trait_leaves_opposite_present', 'trait_becoming_alternate_distally_present'})",0.8496424210709925,5.998430141287284,0.14164413039053186
"frozenset({'trait_leaves_opposite_present', 'trait_sessile_present', 'trait_inflorescence_raceme_present', 'trait_petals_purple_present', 'trait_becoming_alternate_distally_present'})",0.8495374410891953,5.723891665677181,0.14152781412661025
"frozenset({'trait_erect_present', 'trait_leaves_opposite_present', 'trait_inflorescence_raceme_present', 'trait_stamens_6_present', 'trait_becoming_alternate_distally_present'})",0.8494081117795459,5.99759087556681,0.1272790717962139
"frozenset({'trait_erect_present', 'trait_leaves_opposite_present', 'trait_inflorescence_raceme_present', 'trait_stamens_6_present', 'trait_petals_purple_present', 'trait_becoming_alternate_distally_present', 'trait_base_attenuate_present'})",0.8493203883495146,5.7224292388227775,0.1271918345982727
"frozenset({'trait_inflorescence_raceme_present', 'trait_becoming_alternate_distally_present', 'trait_sessile_present'})",0.8495374410891953,6.002618257985687,0.14152781412661025
"frozenset({'trait_floral_tube_cylindrical_present', 'trait_leaves_opposite_present', 'trait_sessile_present', 'trait_stamens_6_present', 'trait_becoming_alternate_distally_present', 'trait_base_attenuate_present'})",0.8495374410891953,4.743532477042348,0.14152781412661025
"frozenset({'trait_floral_tube_cylindrical_present', 'trait_leaves_opposite_present', 'trait_sessile_present', 'trait_inflorescence_raceme_present', 'trait_stamens_6_present', 'trait_becoming_alternate_distally_present', 'trait_base_attenuate_present'})",0.8495374410891953,4.743532477042348,0.14152781412661025
"frozenset({'trait_base_obtuse_to_truncate_present', 'trait_red_dotted_present', 'trait_leaves_alternate_present'})",0.9720071471113757,20.481834425253126,0.047457035680013956
"frozenset({'trait_base_obtuse_to_truncate_present', 'trait_floral_tube_obconic_present', 'trait_leaves_alternate_present'})",0.9720071471113757,20.481834425253126,0.047457035680013956
"frozenset({'trait_base_obtuse_to_truncate_present', 'trait_solitary_in_leaf_axils_present', 'trait_leaves_alternate_present'})",0.9720071471113757,20.481834425253126,0.047457035680013956
"frozenset({'trait_stamens_6_present', 'trait_erect_present', 'trait_becoming_alternate_distally_present', 'trait_sessile_present'})",0.8493203883495146,6.0010846178244215,0.1271918345982727
"frozenset({'trait_floral_tube_cylindrical_present', 'trait_erect_present', 'trait_becoming_alternate_distally_present'})",0.8493203883495146,6.0010846178244215,0.1271918345982727
"frozenset({'trait_leaves_opposite_present', 'trait_floral_tube_cylindrical_present', 'trait_erect_present', 'trait_becoming_alternate_distally_present'})",0.8493203883495146,6.0010846178244215,0.1271918345982727
"frozenset({'trait_floral_tube_cylindrical_present', 'trait_erect_present', 'trait_becoming_alternate_distally_present', 'trait_sessile_present'})",0.8493203883495146,6.0010846178244215,0.1271918345982727
"frozenset({'trait_stamens_6_present', 'trait_floral_tube_cylindrical_present', 'trait_erect_present', 'trait_becoming_alternate_distally_present'})",0.8493203883495146,6.0010846178244215,0.1271918345982727
"frozenset({'trait_base_obtuse_to_truncate_present', 'trait_red_dotted_present'})",0.9720071471113757,20.481834425253126,0.047457035680013956
"frozenset({'trait_base_obtuse_to_truncate_present', 'trait_floral_tube_obconic_present'})",0.9720071471113757,20.481834425253126,0.047457035680013956
"frozenset({'trait_erect_present', 'trait_sessile_present', 'trait_inflorescence_raceme_present', 'trait_becoming_alternate_distally_present', 'trait_base_attenuate_present'})",0.8493203883495146,6.0010846178244215,0.1271918345982727
"frozenset({'trait_base_obtuse_to_truncate_present', 'trait_leaves_alternate_present', 'trait_sprawling_or_ascending_present'})",0.9727272727272728,11.989648093841643,0.06845212131786327
"frozenset({'trait_floral_tube_cylindrical_present', 'trait_erect_present', 'trait_leaves_opposite_present', 'trait_sessile_present', 'trait_stamens_6_present', 'trait_becoming_alternate_distally_present'})",0.8493203883495146,6.0010846178244215,0.1271918345982727
"frozenset({'trait_floral_tube_cylindrical_present', 'trait_erect_present', 'trait_leaves_opposite_present', 'trait_stamens_6_present', 'trait_becoming_alternate_distally_present', 'trait_base_attenuate_present'})",0.8493203883495146,6.0010846178244215,0.1271918345982727
"frozenset({'trait_erect_present', 'trait_leaves_opposite_present', 'trait_sessile_present', 'trait_stamens_6_present', 'trait_petals_purple_present', 'trait_base_attenuate_present'})",0.8493203883495146,6.0010846178244215,0.1271918345982727
"frozenset({'trait_floral_tube_cylindrical_present', 'trait_inflorescence_raceme_present', 'trait_stamens_6_present', 'trait_petals_purple_present', 'trait_becoming_alternate_distally_present', 'trait_base_attenuate_present'})",0.8495374410891953,3.6644036650983107,0.14152781412661025
"frozenset({'trait_floral_tube_cylindrical_present', 'trait_erect_present', 'trait_sessile_present', 'trait_becoming_alternate_distally_present', 'trait_base_attenuate_present'})",0.8493203883495146,6.0010846178244215,0.1271918345982727
"frozenset({'trait_inflorescence_raceme_present', 'trait_floral_tube_cylindrical_present', 'trait_erect_present', 'trait_becoming_alternate_distally_present'})",0.8493203883495146,6.0010846178244215,0.1271918345982727
"frozenset({'trait_floral_tube_cylindrical_present', 'trait_erect_present', 'trait_sessile_present', 'trait_stamens_6_present', 'trait_becoming_alternate_distally_present'})",0.8493203883495146,6.0010846178244215,0.1271918345982727
"frozenset({'trait_floral_tube_cylindrical_present', 'trait_erect_present', 'trait_sessile_present', 'trait_inflorescence_raceme_present', 'trait_becoming_alternate_distally_present', 'trait_base_attenuate_present'})",0.8493203883495146,6.0010846178244215,0.1271918345982727
"frozenset({'trait_floral_tube_cylindrical_present', 'trait_erect_present', 'trait_leaves_opposite_present', 'trait_stamens_6_present', 'trait_petals_purple_present', 'trait_base_attenuate_present'})",0.8493203883495146,6.0010846178244215,0.1271918345982727
"frozenset({'trait_base_attenuate_present', 'trait_floral_tube_cylindrical_present', 'trait_erect_present', 'trait_becoming_alternate_distally_present'})",0.8493203883495146,6.0010846178244215,0.1271918345982727
"frozenset({'trait_base_attenuate_present', 'trait_erect_present', 'trait_petals_purple_present', 'trait_sessile_present'})",0.8493203883495146,6.0010846178244215,0.1271918345982727
"frozenset({'trait_inflorescence_raceme_present', 'trait_erect_present', 'trait_becoming_alternate_distally_present', 'trait_sessile_present'})",0.8493203883495146,6.0010846178244215,0.1271918345982727
"frozenset({'trait_floral_tube_cylindrical_present', 'trait_erect_present', 'trait_leaves_opposite_present', 'trait_inflorescence_raceme_present', 'trait_becoming_alternate_distally_present'})",0.8493203883495146,6.0010846178244215,0.1271918345982727
"frozenset({'trait_erect_present', 'trait_leaves_opposite_present', 'trait_sessile_present', 'trait_inflorescence_raceme_present', 'trait_petals_purple_present'})",0.8493203883495146,6.0010846178244215,0.1271918345982727
"frozenset({'trait_floral_tube_cylindrical_present', 'trait_erect_present', 'trait_leaves_opposite_present', 'trait_stamens_6_present', 'trait_becoming_alternate_distally_present'})",0.8493203883495146,6.0010846178244215,0.1271918345982727
"frozenset({'trait_erect_present', 'trait_leaves_opposite_present', 'trait_sessile_present', 'trait_stamens_6_present', 'trait_petals_purple_present'})",0.8493203883495146,6.0010846178244215,0.1271918345982727
"frozenset({'trait_floral_tube_cylindrical_present', 'trait_erect_present', 'trait_leaves_opposite_present', 'trait_sessile_present', 'trait_becoming_alternate_distally_present'})",0.8493203883495146,6.0010846178244215,0.1271918345982727
"frozenset({'trait_floral_tube_cylindrical_present', 'trait_erect_present', 'trait_leaves_opposite_present', 'trait_becoming_alternate_distally_present', 'trait_base_attenuate_present'})",0.8493203883495146,6.0010846178244215,0.1271918345982727
"frozenset({'trait_erect_present', 'trait_leaves_opposite_present', 'trait_sessile_present', 'trait_petals_purple_present', 'trait_base_attenuate_present'})",0.8493203883495146,6.0010846178244215,0.1271918345982727
"frozenset({'trait_floral_tube_cylindrical_present', 'trait_erect_present', 'trait_inflorescence_raceme_present', 'trait_stamens_6_present', 'trait_becoming_alternate_distally_present'})",0.8493203883495146,6.0010846178244215,0.1271918345982727
"frozenset({'trait_erect_present', 'trait_sessile_present', 'trait_inflorescence_raceme_present', 'trait_stamens_6_present', 'trait_petals_purple_present'})",0.8493203883495146,6.0010846178244215,0.1271918345982727
"frozenset({'trait_floral_tube_cylindrical_present', 'trait_erect_present', 'trait_sessile_present', 'trait_inflorescence_raceme_present', 'trait_becoming_alternate_distally_present'})",0.8493203883495146,6.0010846178244215,0.1271918345982727
"frozenset({'trait_floral_tube_cylindrical_present', 'trait_erect_present', 'trait_inflorescence_raceme_present', 'trait_becoming_alternate_distally_present', 'trait_base_attenuate_present'})",0.8493203883495146,6.0010846178244215,0.1271918345982727
"frozenset({'trait_erect_present', 'trait_sessile_present', 'trait_inflorescence_raceme_present', 'trait_petals_purple_present', 'trait_base_attenuate_present'})",0.8493203883495146,6.0010846178244215,0.1271918345982727
"frozenset({'trait_base_attenuate_present', 'trait_floral_tube_cylindrical_present', 'trait_erect_present', 'trait_petals_purple_present'})",0.8493203883495146,6.0010846178244215,0.1271918345982727
"frozenset({'trait_stamens_6_present', 'trait_erect_present', 'trait_petals_purple_present', 'trait_sessile_present'})",0.8493203883495146,6.0010846178244215,0.1271918345982727
"frozenset({'trait_inflorescence_raceme_present', 'trait_erect_present', 'trait_petals_purple_present', 'trait_sessile_present'})",0.8493203883495146,6.0010846178244215,0.1271918345982727
"frozenset({'trait_erect_present', 'trait_sessile_present', 'trait_stamens_6_present', 'trait_becoming_alternate_distally_present', 'trait_base_attenuate_present'})",0.8493203883495146,6.0010846178244215,0.1271918345982727
"frozenset({'trait_stamens_6_present', 'trait_floral_tube_cylindrical_present', 'trait_petals_purple_present', 'trait_sessile_present'})",0.8495374410891953,6.002618257985687,0.14152781412661025
"frozenset({'trait_floral_tube_cylindrical_present', 'trait_becoming_alternate_distally_present'})",0.8495374410891953,6.002618257985687,0.14152781412661025
"frozenset({'trait_erect_present', 'trait_sessile_present', 'trait_inflorescence_raceme_present', 'trait_stamens_6_present', 'trait_becoming_alternate_distally_present'})",0.8493203883495146,6.0010846178244215,0.1271918345982727
"frozenset({'trait_floral_tube_cylindrical_present', 'trait_erect_present', 'trait_stamens_6_present', 'trait_becoming_alternate_distally_present', 'trait_base_attenuate_present'})",0.8493203883495146,6.0010846178244215,0.1271918345982727
"frozenset({'trait_floral_tube_cylindrical_present', 'trait_erect_present', 'trait_leaves_opposite_present', 'trait_inflorescence_raceme_present', 'trait_stamens_6_present', 'trait_becoming_alternate_distally_present'})",0.8493203883495146,6.0010846178244215,0.1271918345982727
"frozenset({'trait_erect_present', 'trait_leaves_opposite_present', 'trait_sessile_present', 'trait_inflorescence_raceme_present', 'trait_stamens_6_present', 'trait_petals_purple_present'})",0.8493203883495146,6.0010846178244215,0.1271918345982727
"frozenset({'trait_floral_tube_cylindrical_present', 'trait_erect_present', 'trait_leaves_opposite_present', 'trait_stamens_6_present', 'trait_petals_purple_present'})",0.8493203883495146,6.0010846178244215,0.1271918345982727
"frozenset({'trait_base_obtuse_to_truncate_present', 'trait_leaves_alternate_present'})",0.9725213516524321,12.769773486817677,0.07615807380266945
"frozenset({'trait_floral_tube_cylindrical_present', 'trait_erect_present', 'trait_leaves_opposite_present', 'trait_sessile_present', 'trait_inflorescence_raceme_present', 'trait_becoming_alternate_distally_present'})",0.8493203883495146,6.0010846178244215,0.1271918345982727
frozenset({'trait_base_obtuse_to_truncate_present'}),0.9725213516524321,12.769773486817677,0.07615807380266945
"frozenset({'trait_floral_tube_cylindrical_present', 'trait_erect_present', 'trait_leaves_opposite_present', 'trait_inflorescence_raceme_present', 'trait_becoming_alternate_distally_present', 'trait_base_attenuate_present'})",0.8493203883495146,6.0010846178244215,0.1271918345982727
"frozenset({'trait_erect_present', 'trait_leaves_opposite_present', 'trait_sessile_present', 'trait_stamens_6_present', 'trait_becoming_alternate_distally_present'})",0.8493203883495146,6.0010846178244215,0.1271918345982727
"frozenset({'trait_erect_present', 'trait_leaves_opposite_present', 'trait_sessile_present', 'trait_inflorescence_raceme_present', 'trait_petals_purple_present', 'trait_base_attenuate_present'})",0.8493203883495146,6.0010846178244215,0.1271918345982727
"frozenset({'trait_floral_tube_cylindrical_present', 'trait_leaves_opposite_present', 'trait_sessile_present', 'trait_inflorescence_raceme_present', 'trait_stamens_6_present'})",0.854368932038835,5.756444593237362,0.14841955276396523
"frozenset({'trait_inflorescence_raceme_present', 'trait_stamens_6_present', 'trait_floral_tube_cylindrical_present', 'trait_base_attenuate_present'})",0.854368932038835,5.756444593237362,0.14841955276396523
"frozenset({'trait_floral_tube_cylindrical_present', 'trait_leaves_opposite_present', 'trait_inflorescence_raceme_present', 'trait_stamens_6_present', 'trait_base_attenuate_present'})",0.854368932038835,5.756444593237362,0.14841955276396523
"frozenset({'trait_subsessile_present', 'trait_floral_tube_obconic_present', 'trait_base_obtuse_to_truncate_present', 'trait_stamens_12_present', 'trait_inflorescence_raceme_present', 'trait_petals_purple_present', 'trait_red_dotted_present', 'trait_leaves_alternate_present', 'trait_sprawling_or_ascending_present'})",0.971868720696584,18.144187533135085,0.04219372473756143
"frozenset({'trait_base_obtuse_to_truncate_present', 'trait_floral_tube_obconic_present', 'trait_stamens_12_present', 'trait_inflorescence_raceme_present', 'trait_solitary_in_leaf_axils_present', 'trait_petals_purple_present', 'trait_red_dotted_present', 'trait_sprawling_or_ascending_present'})",0.971868720696584,12.76120406110532,0.04219372473756143
"frozenset({'trait_subsessile_present', 'trait_floral_tube_obconic_present', 'trait_stamens_12_present', 'trait_inflorescence_raceme_present', 'trait_solitary_in_leaf_axils_present', 'trait_petals_purple_present', 'trait_red_dotted_present', 'trait_sprawling_or_ascending_present'})",0.971868720696584,12.76120406110532,0.04219372473756143
"frozenset({'trait_subsessile_present', 'trait_floral_tube_obconic_present', 'trait_base_obtuse_to_truncate_present', 'trait_stamens_12_present', 'trait_inflorescence_raceme_present', 'trait_solitary_in_leaf_axils_present', 'trait_petals_purple_present', 'trait_red_dotted_present', 'trait_sprawling_or_ascending_present'})",0.971868720696584,12.429004624780523,0.04219372473756143
"frozenset({'trait_subsessile_present', 'trait_floral_tube_obconic_present', 'trait_stamens_12_present', 'trait_inflorescence_raceme_present', 'trait_solitary_in_leaf_axils_present', 'trait_petals_purple_present', 'trait_red_dotted_present', 'trait_leaves_alternate_present', 'trait_sprawling_or_ascending_present'})",0.971868720696584,12.76120406110532,0.04219372473756143
"frozenset({'trait_subsessile_present', 'trait_base_obtuse_to_truncate_present', 'trait_stamens_12_present', 'trait_inflorescence_raceme_present', 'trait_solitary_in_leaf_axils_present', 'trait_petals_purple_present', 'trait_red_dotted_present', 'trait_leaves_alternate_present', 'trait_sprawling_or_ascending_present'})",0.971868720696584,18.095069537647444,0.04219372473756143
"frozenset({'trait_floral_tube_cylindrical_present', 'trait_leaves_opposite_present', 'trait_sessile_present', 'trait_stamens_6_present', 'trait_petals_purple_present'})",0.8495374410891953,6.002618257985687,0.14152781412661025
"frozenset({'trait_erect_present', 'trait_leaves_opposite_present', 'trait_sessile_present', 'trait_inflorescence_raceme_present', 'trait_becoming_alternate_distally_present'})",0.8493203883495146,6.0010846178244215,0.1271918345982727
"frozenset({'trait_floral_tube_cylindrical_present', 'trait_erect_present', 'trait_inflorescence_raceme_present', 'trait_stamens_6_present', 'trait_becoming_alternate_distally_present', 'trait_base_attenuate_present'})",0.8493203883495146,6.0010846178244215,0.1271918345982727
"frozenset({'trait_erect_present', 'trait_sessile_present', 'trait_stamens_6_present', 'trait_petals_purple_present', 'trait_base_attenuate_present'})",0.8493203883495146,6.0010846178244215,0.1271918345982727
"frozenset({'trait_erect_present', 'trait_sessile_present', 'trait_inflorescence_raceme_present', 'trait_stamens_6_present', 'trait_petals_purple_present', 'trait_base_attenuate_present'})",0.8493203883495146,6.0010846178244215,0.1271918345982727
"frozenset({'trait_floral_tube_cylindrical_present', 'trait_erect_present', 'trait_sessile_present', 'trait_inflorescence_raceme_present', 'trait_petals_purple_present'})",0.8493203883495146,6.0010846178244215,0.1271918345982727
"frozenset({'trait_floral_tube_cylindrical_present', 'trait_erect_present', 'trait_sessile_present', 'trait_stamens_6_present', 'trait_petals_purple_present'})",0.8493203883495146,6.0010846178244215,0.1271918345982727
"frozenset({'trait_floral_tube_cylindrical_present', 'trait_erect_present', 'trait_inflorescence_raceme_present', 'trait_petals_purple_present', 'trait_base_attenuate_present'})",0.8493203883495146,6.0010846178244215,0.1271918345982727
"frozenset({'trait_floral_tube_cylindrical_present', 'trait_erect_present', 'trait_stamens_6_present', 'trait_petals_purple_present', 'trait_base_attenuate_present'})",0.8493203883495146,6.0010846178244215,0.1271918345982727
"frozenset({'trait_erect_present', 'trait_leaves_opposite_present', 'trait_sessile_present', 'trait_inflorescence_raceme_present', 'trait_stamens_6_present', 'trait_becoming_alternate_distally_present'})",0.8493203883495146,6.0010846178244215,0.1271918345982727
"frozenset({'trait_floral_tube_cylindrical_present', 'trait_erect_present', 'trait_leaves_opposite_present', 'trait_sessile_present', 'trait_inflorescence_raceme_present', 'trait_stamens_6_present', 'trait_becoming_alternate_distally_present'})",0.8493203883495146,6.0010846178244215,0.1271918345982727
"frozenset({'trait_leaves_opposite_present', 'trait_sessile_present', 'trait_inflorescence_raceme_present', 'trait_stamens_6_present', 'trait_petals_purple_present'})",0.8495374410891953,6.002618257985687,0.14152781412661025
"frozenset({'trait_inflorescence_raceme_present', 'trait_floral_tube_cylindrical_present', 'trait_petals_purple_present', 'trait_sessile_present'})",0.8495374410891953,6.002618257985687,0.14152781412661025
"frozenset({'trait_floral_tube_cylindrical_present', 'trait_erect_present', 'trait_leaves_opposite_present', 'trait_inflorescence_raceme_present', 'trait_stamens_6_present', 'trait_becoming_alternate_distally_present', 'trait_base_attenuate_present'})",0.8493203883495146,6.0010846178244215,0.1271918345982727
"frozenset({'trait_erect_present', 'trait_leaves_opposite_present', 'trait_sessile_present', 'trait_inflorescence_raceme_present', 'trait_stamens_6_present', 'trait_petals_purple_present', 'trait_base_attenuate_present'})",0.8493203883495146,6.0010846178244215,0.1271918345982727
"frozenset({'trait_stamens_6_present', 'trait_floral_tube_cylindrical_present', 'trait_leaves_opposite_present', 'trait_petals_purple_present'})",0.8495374410891953,6.002618257985687,0.14152781412661025
"frozenset({'trait_floral_tube_cylindrical_present', 'trait_erect_present', 'trait_leaves_opposite_present', 'trait_sessile_present', 'trait_stamens_6_present', 'trait_petals_purple_present'})",0.8493203883495146,6.0010846178244215,0.1271918345982727
"frozenset({'trait_base_obtuse_to_truncate_present', 'trait_sprawling_or_ascending_present'})",0.9727272727272728,12.772477350827868,0.06845212131786327
"frozenset({'trait_base_obtuse_to_truncate_present', 'trait_solitary_in_leaf_axils_present'})",0.9720071471113757,20.481834425253126,0.047457035680013956
"frozenset({'trait_floral_tube_cylindrical_present', 'trait_erect_present', 'trait_leaves_opposite_present', 'trait_petals_purple_present', 'trait_base_attenuate_present'})",0.8493203883495146,6.0010846178244215,0.1271918345982727
"frozenset({'trait_floral_tube_cylindrical_present', 'trait_sessile_present', 'trait_inflorescence_raceme_present', 'trait_stamens_6_present', 'trait_petals_purple_present', 'trait_becoming_alternate_distally_present', 'trait_base_attenuate_present'})",0.8495374410891953,2.951377277476326,0.14152781412661025
"frozenset({'trait_floral_tube_cylindrical_present', 'trait_leaves_opposite_present', 'trait_sessile_present', 'trait_stamens_6_present', 'trait_petals_purple_present', 'trait_becoming_alternate_distally_present', 'trait_base_attenuate_present'})",0.8495374410891953,4.561405882631932,0.14152781412661025
"frozenset({'trait_inflorescence_raceme_present', 'trait_floral_tube_cylindrical_present', 'trait_petals_purple_present'})",0.8499132902412109,5.421567081822482,0.15676524470034023
"frozenset({'trait_floral_tube_cylindrical_present', 'trait_sessile_present', 'trait_inflorescence_raceme_present', 'trait_stamens_6_present', 'trait_petals_purple_present'})",0.8495374410891953,3.9051922285277816,0.14152781412661025
"frozenset({'trait_floral_tube_cylindrical_present', 'trait_erect_present', 'trait_sessile_present', 'trait_inflorescence_raceme_present', 'trait_stamens_6_present', 'trait_becoming_alternate_distally_present'})",0.8493203883495146,6.0010846178244215,0.1271918345982727
"frozenset({'trait_floral_tube_cylindrical_present', 'trait_sessile_present', 'trait_inflorescence_raceme_present', 'trait_stamens_6_present', 'trait_petals_purple_present', 'trait_becoming_alternate_distally_present'})",0.8495374410891953,3.6644036650983107,0.14152781412661025
"frozenset({'trait_inflorescence_raceme_present', 'trait_floral_tube_cylindrical_present', 'trait_leaves_opposite_present', 'trait_petals_purple_present'})",0.8495374410891953,6.002618257985687,0.14152781412661025
"frozenset({'trait_erect_present', 'trait_becoming_alternate_distally_present', 'trait_sessile_present'})",0.8489486126664179,3.5777565981599806,0.19840646718427404
"frozenset({'trait_inflorescence_raceme_present', 'trait_petals_purple_present', 'trait_sessile_present'})",0.8495374410891953,6.002618257985687,0.14152781412661025
"frozenset({'trait_floral_tube_cylindrical_present', 'trait_erect_present', 'trait_leaves_opposite_present', 'trait_sessile_present', 'trait_petals_purple_present', 'trait_base_attenuate_present'})",0.8493203883495146,5.996156607462832,0.1271918345982727
"frozenset({'trait_floral_tube_cylindrical_present', 'trait_leaves_opposite_present', 'trait_inflorescence_raceme_present', 'trait_stamens_6_present', 'trait_petals_purple_present', 'trait_becoming_alternate_distally_present'})",0.8495374410891953,3.6644036650983107,0.14152781412661025
"frozenset({'trait_stamens_6_present', 'trait_petals_purple_present', 'trait_sessile_present'})",0.8495374410891953,6.002618257985687,0.14152781412661025
"frozenset({'trait_floral_tube_cylindrical_present', 'trait_erect_present', 'trait_sessile_present', 'trait_inflorescence_raceme_present', 'trait_petals_purple_present', 'trait_base_attenuate_present'})",0.8493203883495146,5.996156607462832,0.1271918345982727
"frozenset({'trait_floral_tube_cylindrical_present', 'trait_erect_present', 'trait_sessile_present', 'trait_stamens_6_present', 'trait_petals_purple_present', 'trait_base_attenuate_present'})",0.8493203883495146,5.996156607462832,0.1271918345982727
"frozenset({'trait_floral_tube_cylindrical_present', 'trait_erect_present', 'trait_leaves_opposite_present', 'trait_sessile_present', 'trait_stamens_6_present', 'trait_petals_purple_present', 'trait_base_attenuate_present'})",0.8493203883495146,5.996156607462832,0.1271918345982727
"frozenset({'trait_becoming_alternate_distally_present', 'trait_sessile_present'})",0.8487633310642161,3.715400861821206,0.21754049259937772
"frozenset({'trait_becoming_alternate_distally_present', 'trait_floral_tube_cylindrical_present', 'trait_erect_present', 'trait_petals_purple_present'})",0.8493203883495146,5.7224292388227775,0.1271918345982727
"frozenset({'trait_floral_tube_cylindrical_present', 'trait_erect_present', 'trait_leaves_opposite_present', 'trait_petals_purple_present', 'trait_becoming_alternate_distally_present'})",0.8493203883495146,5.7224292388227775,0.1271918345982727
"frozenset({'trait_becoming_alternate_distally_present', 'trait_erect_present', 'trait_petals_purple_present', 'trait_sessile_present'})",0.8493203883495146,5.7224292388227775,0.1271918345982727
"frozenset({'trait_inflorescence_raceme_present', 'trait_stamens_6_present', 'trait_petals_purple_present', 'trait_sessile_present'})",0.8495374410891953,6.002618257985687,0.14152781412661025
"frozenset({'trait_erect_present', 'trait_sessile_present', 'trait_petals_purple_present', 'trait_becoming_alternate_distally_present', 'trait_base_attenuate_present'})",0.8493203883495146,5.7224292388227775,0.1271918345982727
"frozenset({'trait_floral_tube_cylindrical_present', 'trait_erect_present', 'trait_stamens_6_present', 'trait_petals_purple_present', 'trait_becoming_alternate_distally_present'})",0.8493203883495146,5.7224292388227775,0.1271918345982727
"frozenset({'trait_erect_present', 'trait_sessile_present', 'trait_stamens_6_present', 'trait_petals_purple_present', 'trait_becoming_alternate_distally_present'})",0.8493203883495146,5.7224292388227775,0.1271918345982727
"frozenset({'trait_floral_tube_cylindrical_present', 'trait_leaves_opposite_present', 'trait_sessile_present', 'trait_inflorescence_raceme_present', 'trait_petals_purple_present'})",0.8495374410891953,6.002618257985687,0.14152781412661025
"frozenset({'trait_floral_tube_cylindrical_present', 'trait_erect_present', 'trait_petals_purple_present', 'trait_becoming_alternate_distally_present', 'trait_base_attenuate_present'})",0.8493203883495146,5.7224292388227775,0.1271918345982727
"frozenset({'trait_floral_tube_cylindrical_present', 'trait_erect_present', 'trait_leaves_opposite_present', 'trait_stamens_6_present', 'trait_petals_purple_present', 'trait_becoming_alternate_distally_present'})",0.8493203883495146,5.7224292388227775,0.1271918345982727
"frozenset({'trait_floral_tube_cylindrical_present', 'trait_erect_present', 'trait_inflorescence_raceme_present', 'trait_petals_purple_present', 'trait_becoming_alternate_distally_present'})",0.8493203883495146,5.7224292388227775,0.1271918345982727
"frozenset({'trait_floral_tube_cylindrical_present', 'trait_erect_present', 'trait_leaves_opposite_present', 'trait_petals_purple_present', 'trait_becoming_alternate_distally_present', 'trait_base_attenuate_present'})",0.8493203883495146,5.7224292388227775,0.1271918345982727
"frozenset({'trait_floral_tube_cylindrical_present', 'trait_erect_present', 'trait_leaves_opposite_present', 'trait_inflorescence_raceme_present', 'trait_petals_purple_present'})",0.8493203883495146,6.0010846178244215,0.1271918345982727
"frozenset({'trait_erect_present', 'trait_sessile_present', 'trait_inflorescence_raceme_present', 'trait_petals_purple_present', 'trait_becoming_alternate_distally_present'})",0.8493203883495146,5.7224292388227775,0.1271918345982727
"frozenset({'trait_floral_tube_cylindrical_present', 'trait_erect_present', 'trait_sessile_present', 'trait_petals_purple_present', 'trait_becoming_alternate_distally_present'})",0.8493203883495146,5.7224292388227775,0.1271918345982727
"frozenset({'trait_floral_tube_cylindrical_present', 'trait_erect_present', 'trait_leaves_opposite_present', 'trait_sessile_present', 'trait_petals_purple_present', 'trait_becoming_alternate_distally_present'})",0.8493203883495146,5.629776182527266,0.1271918345982727
"frozenset({'trait_base_attenuate_present', 'trait_petals_purple_present', 'trait_sessile_present'})",0.8495374410891953,6.002618257985687,0.14152781412661025
"frozenset({'trait_stamens_6_present', 'trait_floral_tube_cylindrical_present', 'trait_petals_purple_present'})",0.8499132902412109,5.421567081822482,0.15676524470034023
"frozenset({'trait_floral_tube_cylindrical_present', 'trait_leaves_opposite_present', 'trait_sessile_present', 'trait_inflorescence_raceme_present', 'trait_stamens_6_present', 'trait_petals_purple_present'})",0.8495374410891953,3.9051922285277816,0.14152781412661025
"frozenset({'trait_floral_tube_cylindrical_present', 'trait_leaves_opposite_present', 'trait_sessile_present', 'trait_inflorescence_raceme_present', 'trait_stamens_6_present', 'trait_petals_purple_present', 'trait_base_attenuate_present'})",0.8495374410891953,3.900499741203783,0.14152781412661025
"frozenset({'trait_floral_tube_cylindrical_present', 'trait_erect_present', 'trait_sessile_present', 'trait_stamens_6_present', 'trait_petals_purple_present', 'trait_becoming_alternate_distally_present'})",0.8493203883495146,5.7224292388227775,0.1271918345982727
"frozenset({'trait_floral_tube_cylindrical_present', 'trait_erect_present', 'trait_stamens_6_present', 'trait_petals_purple_present', 'trait_becoming_alternate_distally_present', 'trait_base_attenuate_present'})",0.8493203883495146,5.7224292388227775,0.1271918345982727
"frozenset({'trait_floral_tube_cylindrical_present', 'trait_erect_present', 'trait_leaves_opposite_present', 'trait_stamens_6_present', 'trait_petals_purple_present', 'trait_becoming_alternate_distally_present', 'trait_base_attenuate_present'})",0.8493203883495146,5.7224292388227775,0.1271918345982727
"frozenset({'trait_inflorescence_raceme_present', 'trait_stamens_6_present', 'trait_floral_tube_cylindrical_present', 'trait_petals_purple_present'})",0.8499132902412109,3.5271710984133158,0.15676524470034023
"frozenset({'trait_floral_tube_cylindrical_present', 'trait_erect_present', 'trait_leaves_opposite_present', 'trait_inflorescence_raceme_present', 'trait_petals_purple_present', 'trait_becoming_alternate_distally_present'})",0.8493203883495146,5.7224292388227775,0.1271918345982727
"frozenset({'trait_erect_present', 'trait_sessile_present', 'trait_stamens_6_present', 'trait_petals_purple_present', 'trait_becoming_alternate_distally_present', 'trait_base_attenuate_present'})",0.8493203883495146,5.7224292388227775,0.1271918345982727
"frozenset({'trait_floral_tube_cylindrical_present', 'trait_erect_present', 'trait_sessile_present', 'trait_inflorescence_raceme_present', 'trait_petals_purple_present', 'trait_becoming_alternate_distally_present'})",0.8493203883495146,5.7224292388227775,0.1271918345982727
"frozenset({'trait_floral_tube_cylindrical_present', 'trait_erect_present', 'trait_leaves_opposite_present', 'trait_sessile_present', 'trait_inflorescence_raceme_present', 'trait_petals_purple_present'})",0.8493203883495146,6.0010846178244215,0.1271918345982727
"frozenset({'trait_floral_tube_cylindrical_present', 'trait_erect_present', 'trait_inflorescence_raceme_present', 'trait_petals_purple_present', 'trait_becoming_alternate_distally_present', 'trait_base_attenuate_present'})",0.8493203883495146,5.7224292388227775,0.1271918345982727
"frozenset({'trait_erect_present', 'trait_sessile_present', 'trait_inflorescence_raceme_present', 'trait_petals_purple_present', 'trait_becoming_alternate_distally_present', 'trait_base_attenuate_present'})",0.8493203883495146,5.7224292388227775,0.1271918345982727
"frozenset({'trait_subsessile_present', 'trait_floral_tube_obconic_present', 'trait_base_obtuse_to_truncate_present', 'trait_stamens_12_present', 'trait_inflorescence_raceme_present', 'trait_solitary_in_leaf_axils_present', 'trait_petals_purple_present', 'trait_leaves_alternate_present', 'trait_sprawling_or_ascending_present'})",0.971868720696584,18.144187533135085,0.04219372473756143
"frozenset({'trait_erect_present', 'trait_sessile_present', 'trait_inflorescence_raceme_present', 'trait_stamens_6_present', 'trait_becoming_alternate_distally_present', 'trait_base_attenuate_present'})",0.8493203883495146,6.0010846178244215,0.1271918345982727
"frozenset({'trait_floral_tube_cylindrical_present', 'trait_erect_present', 'trait_leaves_opposite_present', 'trait_inflorescence_raceme_present', 'trait_petals_purple_present', 'trait_base_attenuate_present'})",0.8493203883495146,6.0010846178244215,0.1271918345982727
"frozenset({'trait_floral_tube_cylindrical_present', 'trait_erect_present', 'trait_leaves_opposite_present', 'trait_inflorescence_raceme_present', 'trait_petals_purple_present', 'trait_becoming_alternate_distally_present', 'trait_base_attenuate_present'})",0.8493203883495146,5.676827761895328,0.1271918345982727
"frozenset({'trait_floral_tube_cylindrical_present', 'trait_erect_present', 'trait_leaves_opposite_present', 'trait_sessile_present', 'trait_inflorescence_raceme_present', 'trait_petals_purple_present', 'trait_becoming_alternate_distally_present'})",0.8493203883495146,5.629776182527266,0.1271918345982727
"frozenset({'trait_floral_tube_cylindrical_present', 'trait_erect_present', 'trait_sessile_present', 'trait_petals_purple_present', 'trait_becoming_alternate_distally_present', 'trait_base_attenuate_present'})",0.8493203883495146,5.5495494651247315,0.1271918345982727
"frozenset({'trait_floral_tube_cylindrical_present', 'trait_erect_present', 'trait_leaves_opposite_present', 'trait_sessile_present', 'trait_inflorescence_raceme_present', 'trait_petals_purple_present', 'trait_base_attenuate_present'})",0.8493203883495146,5.996156607462832,0.1271918345982727
"frozenset({'trait_floral_tube_cylindrical_present', 'trait_erect_present', 'trait_leaves_opposite_present', 'trait_sessile_present', 'trait_stamens_6_present', 'trait_petals_purple_present', 'trait_becoming_alternate_distally_present'})",0.8493203883495146,5.629776182527266,0.1271918345982727
"frozenset({'trait_erect_present', 'trait_sessile_present', 'trait_inflorescence_raceme_present', 'trait_stamens_6_present', 'trait_petals_purple_present', 'trait_becoming_alternate_distally_present'})",0.8493203883495146,5.7224292388227775,0.1271918345982727
"frozenset({'trait_erect_present', 'trait_leaves_opposite_present', 'trait_sessile_present', 'trait_inflorescence_raceme_present', 'trait_stamens_6_present', 'trait_petals_purple_present', 'trait_becoming_alternate_distally_present'})",0.8493203883495146,5.7224292388227775,0.1271918345982727
"frozenset({'trait_floral_tube_cylindrical_present', 'trait_erect_present', 'trait_inflorescence_raceme_present', 'trait_stamens_6_present', 'trait_petals_purple_present', 'trait_base_attenuate_present'})",0.8493203883495146,3.904194470652514,0.1271918345982727
"frozenset({'trait_erect_present', 'trait_leaves_opposite_present', 'trait_becoming_alternate_distally_present', 'trait_sessile_present'})",0.8489486126664179,3.523351899708598,0.19840646718427404
"frozenset({'trait_base_attenuate_present', 'trait_erect_present', 'trait_becoming_alternate_distally_present', 'trait_sessile_present'})",0.8489486126664179,2.3455044461304286,0.19840646718427404
"frozenset({'trait_erect_present', 'trait_leaves_opposite_present', 'trait_sessile_present', 'trait_becoming_alternate_distally_present', 'trait_base_attenuate_present'})",0.8489486126664179,1.624624031217888,0.19840646718427404
"frozenset({'trait_erect_present', 'trait_leaves_opposite_present', 'trait_sessile_present', 'trait_inflorescence_raceme_present', 'trait_becoming_alternate_distally_present', 'trait_base_attenuate_present'})",0.8493203883495146,5.417784981441561,0.1271918345982727
"frozenset({'trait_floral_tube_cylindrical_present', 'trait_erect_present', 'trait_leaves_opposite_present', 'trait_sessile_present', 'trait_becoming_alternate_distally_present', 'trait_base_attenuate_present'})",0.8493203883495146,5.417784981441561,0.1271918345982727
"frozenset({'trait_erect_present', 'trait_leaves_opposite_present', 'trait_sessile_present', 'trait_stamens_6_present', 'trait_petals_purple_present', 'trait_becoming_alternate_distally_present'})",0.8493203883495146,5.7224292388227775,0.1271918345982727
"frozenset({'trait_erect_present', 'trait_sessile_present', 'trait_inflorescence_raceme_present', 'trait_stamens_6_present', 'trait_petals_purple_present', 'trait_becoming_alternate_distally_present', 'trait_base_attenuate_present'})",0.8493203883495146,5.7224292388227775,0.1271918345982727
"frozenset({'trait_erect_present', 'trait_leaves_opposite_present', 'trait_sessile_present', 'trait_stamens_6_present', 'trait_petals_purple_present', 'trait_becoming_alternate_distally_present', 'trait_base_attenuate_present'})",0.8493203883495146,5.1694298822922935,0.1271918345982727
"frozenset({'trait_floral_tube_cylindrical_present', 'trait_erect_present', 'trait_leaves_opposite_present', 'trait_inflorescence_raceme_present', 'trait_stamens_6_present', 'trait_petals_purple_present', 'trait_becoming_alternate_distally_present'})",0.8493203883495146,3.579323386636208,0.1271918345982727
"frozenset({'trait_leaves_opposite_present', 'trait_becoming_alternate_distally_present', 'trait_sessile_present'})",0.8487633310642161,3.715400861821206,0.21754049259937772
"frozenset({'trait_erect_present', 'trait_leaves_opposite_present', 'trait_sessile_present', 'trait_inflorescence_raceme_present', 'trait_stamens_6_present', 'trait_petals_purple_present', 'trait_becoming_alternate_distally_present', 'trait_base_attenuate_present'})",0.8493203883495146,5.1694298822922935,0.1271918345982727
"frozenset({'trait_floral_tube_cylindrical_present', 'trait_erect_present', 'trait_sessile_present', 'trait_inflorescence_raceme_present', 'trait_petals_purple_present', 'trait_becoming_alternate_distally_present', 'trait_base_attenuate_present'})",0.8493203883495146,5.5495494651247315,0.1271918345982727
"frozenset({'trait_floral_tube_cylindrical_present', 'trait_erect_present', 'trait_leaves_opposite_present', 'trait_sessile_present', 'trait_petals_purple_present', 'trait_becoming_alternate_distally_present', 'trait_base_attenuate_present'})",0.8493203883495146,4.922022048357172,0.1271918345982727
"frozenset({'trait_floral_tube_cylindrical_present', 'trait_erect_present', 'trait_leaves_opposite_present', 'trait_sessile_present', 'trait_inflorescence_raceme_present', 'trait_petals_purple_present', 'trait_becoming_alternate_distally_present', 'trait_base_attenuate_present'})",0.8493203883495146,4.884977226116652,0.1271918345982727
"frozenset({'trait_floral_tube_cylindrical_present', 'trait_erect_present', 'trait_sessile_present', 'trait_stamens_6_present', 'trait_becoming_alternate_distally_present', 'trait_base_attenuate_present'})",0.8493203883495146,4.842858370908881,0.1271918345982727
"frozenset({'trait_floral_tube_cylindrical_present', 'trait_erect_present', 'trait_sessile_present', 'trait_inflorescence_raceme_present', 'trait_stamens_6_present', 'trait_becoming_alternate_distally_present', 'trait_base_attenuate_present'})",0.8493203883495146,4.842858370908881,0.1271918345982727
"frozenset({'trait_floral_tube_cylindrical_present', 'trait_erect_present', 'trait_leaves_opposite_present', 'trait_sessile_present', 'trait_stamens_6_present', 'trait_becoming_alternate_distally_present', 'trait_base_attenuate_present'})",0.8493203883495146,3.4305002155216653,0.1271918345982727
"frozenset({'trait_floral_tube_cylindrical_present', 'trait_erect_present', 'trait_inflorescence_raceme_present', 'trait_stamens_6_present', 'trait_petals_purple_present', 'trait_becoming_alternate_distally_present'})",0.8493203883495146,3.579323386636208,0.1271918345982727
"frozenset({'trait_floral_tube_cylindrical_present', 'trait_erect_present', 'trait_leaves_opposite_present', 'trait_inflorescence_raceme_present', 'trait_stamens_6_present', 'trait_petals_purple_present'})",0.8493203883495146,3.904194470652514,0.1271918345982727
"frozenset({'trait_floral_tube_cylindrical_present', 'trait_erect_present', 'trait_sessile_present', 'trait_inflorescence_raceme_present', 'trait_stamens_6_present', 'trait_petals_purple_present'})",0.8493203883495146,3.904194470652514,0.1271918345982727
"frozenset({'trait_floral_tube_cylindrical_present', 'trait_erect_present', 'trait_leaves_opposite_present', 'trait_inflorescence_raceme_present', 'trait_stamens_6_present', 'trait_petals_purple_present', 'trait_base_attenuate_present'})",0.8493203883495146,3.904194470652514,0.1271918345982727
"frozenset({'trait_floral_tube_cylindrical_present', 'trait_erect_present', 'trait_sessile_present', 'trait_petals_purple_present', 'trait_base_attenuate_present'})",0.8493203883495146,5.996156607462832,0.1271918345982727
"frozenset({'trait_floral_tube_cylindrical_present', 'trait_erect_present', 'trait_leaves_opposite_present', 'trait_sessile_present', 'trait_stamens_6_present', 'trait_petals_purple_present', 'trait_becoming_alternate_distally_present', 'trait_base_attenuate_present'})",0.8493203883495146,3.224829285078002,0.1271918345982727
"frozenset({'trait_inflorescence_raceme_present', 'trait_petals_purple_present', 'trait_leaves_opposite_present', 'trait_sessile_present'})",0.8495374410891953,6.002618257985687,0.14152781412661025
"frozenset({'trait_erect_present', 'trait_leaves_opposite_present', 'trait_sessile_present', 'trait_petals_purple_present', 'trait_becoming_alternate_distally_present'})",0.8493203883495146,5.7224292388227775,0.1271918345982727
"frozenset({'trait_stamens_6_present', 'trait_petals_purple_present', 'trait_leaves_opposite_present', 'trait_sessile_present'})",0.8495374410891953,6.002618257985687,0.14152781412661025
"frozenset({'trait_floral_tube_cylindrical_present', 'trait_erect_present', 'trait_inflorescence_raceme_present', 'trait_stamens_6_present', 'trait_petals_purple_present', 'trait_becoming_alternate_distally_present', 'trait_base_attenuate_present'})",0.8493203883495146,3.579323386636208,0.1271918345982727
"frozenset({'trait_floral_tube_cylindrical_present', 'trait_leaves_opposite_present', 'trait_inflorescence_raceme_present', 'trait_stamens_6_present', 'trait_petals_purple_present', 'trait_becoming_alternate_distally_present', 'trait_base_attenuate_present'})",0.8495374410891953,3.6279469753253277,0.14152781412661025
"frozenset({'trait_floral_tube_cylindrical_present', 'trait_erect_present', 'trait_leaves_opposite_present', 'trait_inflorescence_raceme_present', 'trait_stamens_6_present', 'trait_petals_purple_present', 'trait_becoming_alternate_distally_present', 'trait_base_attenuate_present'})",0.8493203883495146,3.5261715362732655,0.1271918345982727
"frozenset({'trait_floral_tube_cylindrical_present', 'trait_erect_present', 'trait_sessile_present', 'trait_stamens_6_present', 'trait_petals_purple_present', 'trait_becoming_alternate_distally_present', 'trait_base_attenuate_present'})",0.8493203883495146,4.544465354745831,0.1271918345982727
"frozenset({'trait_floral_tube_cylindrical_present', 'trait_erect_present', 'trait_sessile_present', 'trait_inflorescence_raceme_present', 'trait_stamens_6_present', 'trait_petals_purple_present', 'trait_becoming_alternate_distally_present'})",0.8493203883495146,3.579323386636208,0.1271918345982727
"frozenset({'trait_floral_tube_cylindrical_present', 'trait_erect_present', 'trait_leaves_opposite_present', 'trait_sessile_present', 'trait_inflorescence_raceme_present', 'trait_stamens_6_present', 'trait_becoming_alternate_distally_present', 'trait_base_attenuate_present'})",0.8493203883495146,3.4305002155216653,0.1271918345982727
"frozenset({'trait_erect_present', 'trait_leaves_opposite_present', 'trait_sessile_present', 'trait_inflorescence_raceme_present', 'trait_petals_purple_present', 'trait_becoming_alternate_distally_present'})",0.8493203883495146,5.7224292388227775,0.1271918345982727
"frozenset({'trait_erect_present', 'trait_leaves_opposite_present', 'trait_sessile_present', 'trait_petals_purple_present', 'trait_becoming_alternate_distally_present', 'trait_base_attenuate_present'})",0.8493203883495146,5.1694298822922935,0.1271918345982727
"frozenset({'trait_erect_present', 'trait_leaves_opposite_present', 'trait_sessile_present', 'trait_inflorescence_raceme_present', 'trait_petals_purple_present', 'trait_becoming_alternate_distally_present', 'trait_base_attenuate_present'})",0.8493203883495146,5.1694298822922935,0.1271918345982727
"frozenset({'trait_erect_present', 'trait_leaves_opposite_present', 'trait_sessile_present', 'trait_inflorescence_raceme_present', 'trait_stamens_6_present', 'trait_becoming_alternate_distally_present', 'trait_base_attenuate_present'})",0.8493203883495146,5.417784981441561,0.1271918345982727
"frozenset({'trait_floral_tube_cylindrical_present', 'trait_erect_present', 'trait_leaves_opposite_present', 'trait_sessile_present', 'trait_inflorescence_raceme_present', 'trait_becoming_alternate_distally_present', 'trait_base_attenuate_present'})",0.8493203883495146,5.417784981441561,0.1271918345982727
"frozenset({'trait_floral_tube_cylindrical_present', 'trait_erect_present', 'trait_sessile_present', 'trait_inflorescence_raceme_present', 'trait_stamens_6_present', 'trait_petals_purple_present', 'trait_becoming_alternate_distally_present', 'trait_base_attenuate_present'})",0.8493203883495146,2.3465316007834383,0.1271918345982727
"frozenset({'trait_erect_present', 'trait_leaves_opposite_present', 'trait_sessile_present', 'trait_stamens_6_present', 'trait_becoming_alternate_distally_present', 'trait_base_attenuate_present'})",0.8493203883495146,5.417784981441561,0.1271918345982727
"frozenset({'trait_floral_tube_cylindrical_present', 'trait_erect_present', 'trait_sessile_present', 'trait_inflorescence_raceme_present', 'trait_stamens_6_present', 'trait_petals_purple_present', 'trait_base_attenuate_present'})",0.8493203883495146,3.8995031822365096,0.1271918345982727
"frozenset({'trait_floral_tube_cylindrical_present', 'trait_leaves_opposite_present', 'trait_inflorescence_raceme_present', 'trait_stamens_6_present', 'trait_petals_purple_present'})",0.8495374410891953,3.9051922285277816,0.14152781412661025
"frozenset({'trait_base_attenuate_present', 'trait_leaves_opposite_present', 'trait_becoming_alternate_distally_present', 'trait_sessile_present'})",0.8487633310642161,2.920874168855491,0.21754049259937772
"frozenset({'trait_floral_tube_cylindrical_present', 'trait_erect_present', 'trait_leaves_opposite_present', 'trait_sessile_present', 'trait_inflorescence_raceme_present', 'trait_stamens_6_present', 'trait_petals_purple_present', 'trait_becoming_alternate_distally_present', 'trait_base_attenuate_present'})",0.8493203883495146,1.6253354944324685,0.1271918345982727
