;confidence;lift;support;antecedent_1;antecedent_2;antecedent_3;antecedent_4
0;0.6133483073961173;4.506930543385701;0.1111692692430719;erect;inflorescence_spikelike;;
1;0.6104813778890035;5.06241719417047;0.1205908866207217;sessile;stamens_12;petals_purple;calyx_with_alternate_long_and_small_teeth
2;0.6104813778890035;5.06241719417047;0.1205908866207217;stamens_12;petals_purple;leaves_opposite;calyx_with_alternate_long_and_small_teeth
3;0.6104813778890035;5.06241719417047;0.1205908866207217;inflorescence_spikelike;floral_tube_cylindrical;alternate_distally;rounded_at_the_base
4;0.6104813778890035;5.06241719417047;0.1205908866207217;floral_tube_cylindrical;alternate_distally;rounded_at_the_base;calyx_with_alternate_long_and_small_teeth
5;0.6104813778890035;5.06241719417047;0.1205908866207217;sessile;floral_tube_cylindrical;rounded_at_the_base;calyx_with_alternate_long_and_small_teeth
6;0.6104813778890035;5.06241719417047;0.1205908866207217;floral_tube_cylindrical;leaves_opposite;rounded_at_the_base;calyx_with_alternate_long_and_small_teeth
7;0.6104813778890035;5.06241719417047;0.1205908866207217;sessile;floral_tube_cylindrical;leaves_opposite;calyx_with_alternate_long_and_small_teeth
8;0.6104813778890035;5.06241719417047;0.1205908866207217;sessile;floral_tube_cylindrical;alternate_distally;calyx_with_alternate_long_and_small_teeth
9;0.6104813778890035;5.06241719417047;0.1205908866207217;leaves_opposite;floral_tube_cylindrical;alternate_distally;calyx_with_alternate_long_and_small_teeth
10;0.6104813778890035;5.06241719417047;0.1205908866207217;stamens_12;floral_tube_cylindrical;rounded_at_the_base;calyx_with_alternate_long_and_small_teeth
11;0.6104813778890035;5.06241719417047;0.1205908866207217;sessile;rounded_at_the_base;calyx_with_alternate_long_and_small_teeth;
12;0.6104813778890035;5.06241719417047;0.1205908866207217;stamens_12;floral_tube_cylindrical;alternate_distally;calyx_with_alternate_long_and_small_teeth
13;0.6104813778890035;5.06241719417047;0.1205908866207217;sessile;stamens_12;floral_tube_cylindrical;calyx_with_alternate_long_and_small_teeth
14;0.6104813778890035;5.06241719417047;0.1205908866207217;stamens_12;floral_tube_cylindrical;leaves_opposite;calyx_with_alternate_long_and_small_teeth
15;0.6104813778890035;5.06241719417047;0.1205908866207217;floral_tube_cylindrical;rounded_at_the_base;petals_purple;calyx_with_alternate_long_and_small_teeth
16;0.6104813778890035;5.06241719417047;0.1205908866207217;floral_tube_cylindrical;alternate_distally;petals_purple;calyx_with_alternate_long_and_small_teeth
17;0.6104813778890035;5.06241719417047;0.1205908866207217;sessile;floral_tube_cylindrical;petals_purple;calyx_with_alternate_long_and_small_teeth
18;0.6104813778890035;5.06241719417047;0.1205908866207217;floral_tube_cylindrical;leaves_opposite;petals_purple;calyx_with_alternate_long_and_small_teeth
19;0.6104813778890035;5.06241719417047;0.1205908866207217;inflorescence_spikelike;leaves_opposite;rounded_at_the_base;sessile
20;0.6104813778890035;5.06241719417047;0.1205908866207217;leaves_opposite;rounded_at_the_base;with_flowers_in_whorled_clusters;sessile
21;0.6104813778890035;5.06241719417047;0.1205908866207217;alternate_distally;rounded_at_the_base;with_flowers_in_whorled_clusters;sessile
22;0.6104813778890035;5.06241719417047;0.1205908866207217;leaves_opposite;inflorescence_spikelike;alternate_distally;sessile
23;0.6104813778890035;5.06241719417047;0.1205908866207217;leaves_opposite;alternate_distally;with_flowers_in_whorled_clusters;rounded_at_the_base
24;0.6104813778890035;5.06241719417047;0.1205908866207217;leaves_opposite;alternate_distally;with_flowers_in_whorled_clusters;sessile
25;0.6104813778890035;5.06241719417047;0.1205908866207217;stamens_12;inflorescence_spikelike;rounded_at_the_base;sessile
26;0.6104813778890035;5.06241719417047;0.1205908866207217;stamens_12;petals_purple;alternate_distally;calyx_with_alternate_long_and_small_teeth
27;0.6104813778890035;5.06241719417047;0.1205908866207217;stamens_12;petals_purple;rounded_at_the_base;calyx_with_alternate_long_and_small_teeth
28;0.6104813778890035;5.06241719417047;0.1205908866207217;leaves_opposite;petals_purple;alternate_distally;calyx_with_alternate_long_and_small_teeth
29;0.6104813778890035;5.06241719417047;0.1205908866207217;sessile;petals_purple;alternate_distally;calyx_with_alternate_long_and_small_teeth
30;0.6104813778890035;5.06241719417047;0.1205908866207217;floral_tube_cylindrical;alternate_distally;petals_purple;sessile
31;0.6104813778890035;5.06241719417047;0.1205908866207217;leaves_opposite;floral_tube_cylindrical;alternate_distally;petals_purple
32;0.6104813778890035;5.06241719417047;0.1205908866207217;stamens_12;floral_tube_cylindrical;petals_purple;rounded_at_the_base
33;0.6104813778890035;5.06241719417047;0.1205908866207217;stamens_12;floral_tube_cylindrical;alternate_distally;petals_purple
34;0.6104813778890035;5.06241719417047;0.1205908866207217;stamens_12;floral_tube_cylindrical;petals_purple;sessile
35;0.6104813778890035;5.06241719417047;0.1205908866207217;stamens_12;floral_tube_cylindrical;leaves_opposite;petals_purple
36;0.6104813778890035;5.06241719417047;0.1205908866207217;sessile;leaves_opposite;rounded_at_the_base;calyx_with_alternate_long_and_small_teeth
37;0.6104813778890035;5.06241719417047;0.1205908866207217;inflorescence_spikelike;alternate_distally;rounded_at_the_base;sessile
38;0.6104813778890035;5.06241719417047;0.1205908866207217;leaves_opposite;inflorescence_spikelike;alternate_distally;rounded_at_the_base
39;0.6104813778890035;5.06241719417047;0.1205908866207217;sessile;alternate_distally;rounded_at_the_base;calyx_with_alternate_long_and_small_teeth
40;0.6104813778890035;5.06241719417047;0.1205908866207217;leaves_opposite;alternate_distally;rounded_at_the_base;calyx_with_alternate_long_and_small_teeth
41;0.6104813778890035;5.06241719417047;0.1205908866207217;sessile;leaves_opposite;alternate_distally;calyx_with_alternate_long_and_small_teeth
42;0.6104813778890035;5.06241719417047;0.1205908866207217;stamens_12;inflorescence_spikelike;alternate_distally;sessile
43;0.6104813778890035;5.06241719417047;0.1205908866207217;stamens_12;inflorescence_spikelike;alternate_distally;rounded_at_the_base
44;0.6104813778890035;5.06241719417047;0.1205908866207217;sessile;stamens_12;rounded_at_the_base;calyx_with_alternate_long_and_small_teeth
45;0.6104813778890035;5.06241719417047;0.1205908866207217;stamens_12;leaves_opposite;rounded_at_the_base;calyx_with_alternate_long_and_small_teeth
46;0.6104813778890035;5.06241719417047;0.1205908866207217;sessile;stamens_12;leaves_opposite;calyx_with_alternate_long_and_small_teeth
47;0.6104813778890035;5.06241719417047;0.1205908866207217;sessile;stamens_12;alternate_distally;calyx_with_alternate_long_and_small_teeth
48;0.6104813778890035;5.06241719417047;0.1205908866207217;rounded_at_the_base;with_flowers_in_whorled_clusters;sessile;
49;0.6104813778890035;5.06241719417047;0.1205908866207217;stamens_12;alternate_distally;leaves_opposite;calyx_with_alternate_long_and_small_teeth
50;0.6104813778890035;5.06241719417047;0.1205908866207217;inflorescence_spikelike;petals_purple;alternate_distally;rounded_at_the_base
51;0.6104813778890035;5.06241719417047;0.1205908866207217;inflorescence_spikelike;alternate_distally;rounded_at_the_base;calyx_with_alternate_long_and_small_teeth
52;0.6104813778890035;5.06241719417047;0.1205908866207217;petals_purple;alternate_distally;rounded_at_the_base;calyx_with_alternate_long_and_small_teeth
53;0.6104813778890035;5.06241719417047;0.1205908866207217;sessile;petals_purple;rounded_at_the_base;calyx_with_alternate_long_and_small_teeth
54;0.6104813778890035;5.06241719417047;0.1205908866207217;petals_purple;leaves_opposite;rounded_at_the_base;calyx_with_alternate_long_and_small_teeth
55;0.6104813778890035;5.06241719417047;0.1205908866207217;sessile;petals_purple;leaves_opposite;calyx_with_alternate_long_and_small_teeth
56;0.6104813778890035;5.06241719417047;0.1205908866207217;stamens_12;alternate_distally;rounded_at_the_base;calyx_with_alternate_long_and_small_teeth
57;0.6104813778890035;5.06241719417047;0.1205908866207217;floral_tube_cylindrical;leaves_opposite;petals_purple;rounded_at_the_base
58;0.6104813778890035;5.06241719417047;0.1205908866207217;stamens_12;inflorescence_spikelike;leaves_opposite;rounded_at_the_base
59;0.6104813778890035;5.06241719417047;0.1205908866207217;stamens_12;inflorescence_spikelike;alternate_distally;leaves_opposite
60;0.6104813778890035;5.06241719417047;0.1205908866207217;floral_tube_cylindrical;rounded_at_the_base;with_flowers_in_whorled_clusters;sessile
61;0.6104813778890035;5.06241719417047;0.1205908866207217;floral_tube_cylindrical;leaves_opposite;with_flowers_in_whorled_clusters;rounded_at_the_base
62;0.6104813778890035;5.06241719417047;0.1205908866207217;inflorescence_spikelike;floral_tube_cylindrical;leaves_opposite;sessile
63;0.6104813778890035;5.06241719417047;0.1205908866207217;floral_tube_cylindrical;alternate_distally;with_flowers_in_whorled_clusters;sessile
64;0.6104813778890035;5.06241719417047;0.1205908866207217;leaves_opposite;floral_tube_cylindrical;alternate_distally;with_flowers_in_whorled_clusters
65;0.6104813778890035;5.06241719417047;0.1205908866207217;stamens_12;floral_tube_cylindrical;inflorescence_spikelike;rounded_at_the_base
66;0.6104813778890035;5.06241719417047;0.1205908866207217;stamens_12;inflorescence_spikelike;floral_tube_cylindrical;alternate_distally
67;0.6104813778890035;5.06241719417047;0.1205908866207217;stamens_12;floral_tube_cylindrical;inflorescence_spikelike;sessile
68;0.6104813778890035;5.06241719417047;0.1205908866207217;stamens_12;floral_tube_cylindrical;with_flowers_in_whorled_clusters;rounded_at_the_base
69;0.6104813778890035;5.06241719417047;0.1205908866207217;stamens_12;inflorescence_spikelike;floral_tube_cylindrical;leaves_opposite
70;0.6104813778890035;5.06241719417047;0.1205908866207217;stamens_12;floral_tube_cylindrical;alternate_distally;with_flowers_in_whorled_clusters
71;0.6104813778890035;5.06241719417047;0.1205908866207217;stamens_12;floral_tube_cylindrical;with_flowers_in_whorled_clusters;sessile
72;0.6104813778890035;5.06241719417047;0.1205908866207217;stamens_12;floral_tube_cylindrical;leaves_opposite;with_flowers_in_whorled_clusters
73;0.6104813778890035;5.06241719417047;0.1205908866207217;floral_tube_cylindrical;inflorescence_spikelike;petals_purple;rounded_at_the_base
74;0.6104813778890035;5.06241719417047;0.1205908866207217;inflorescence_spikelike;floral_tube_cylindrical;alternate_distally;petals_purple
75;0.6104813778890035;5.06241719417047;0.1205908866207217;floral_tube_cylindrical;inflorescence_spikelike;petals_purple;sessile
76;0.6104813778890035;5.06241719417047;0.1205908866207217;floral_tube_cylindrical;petals_purple;with_flowers_in_whorled_clusters;rounded_at_the_base
77;0.6104813778890035;5.06241719417047;0.1205908866207217;inflorescence_spikelike;floral_tube_cylindrical;leaves_opposite;petals_purple
78;0.6104813778890035;5.06241719417047;0.1205908866207217;floral_tube_cylindrical;alternate_distally;petals_purple;with_flowers_in_whorled_clusters
79;0.6104813778890035;5.06241719417047;0.1205908866207217;floral_tube_cylindrical;petals_purple;with_flowers_in_whorled_clusters;sessile
80;0.6104813778890035;5.06241719417047;0.1205908866207217;floral_tube_cylindrical;leaves_opposite;petals_purple;with_flowers_in_whorled_clusters
81;0.6104813778890035;5.06241719417047;0.1205908866207217;sessile;inflorescence_spikelike;rounded_at_the_base;calyx_with_alternate_long_and_small_teeth
82;0.6104813778890035;5.06241719417047;0.1205908866207217;sessile;inflorescence_spikelike;alternate_distally;calyx_with_alternate_long_and_small_teeth
83;0.6104813778890035;5.06241719417047;0.1205908866207217;inflorescence_spikelike;leaves_opposite;rounded_at_the_base;calyx_with_alternate_long_and_small_teeth
84;0.6104813778890035;5.06241719417047;0.1205908866207217;inflorescence_spikelike;alternate_distally;with_flowers_in_whorled_clusters;rounded_at_the_base
85;0.6104813778890035;5.06241719417047;0.1205908866207217;leaves_opposite;inflorescence_spikelike;floral_tube_cylindrical;alternate_distally
86;0.6104813778890035;5.06241719417047;0.1205908866207217;floral_tube_cylindrical;alternate_distally;with_flowers_in_whorled_clusters;rounded_at_the_base
87;0.6104813778890035;5.06241719417047;0.1205908866207217;inflorescence_spikelike;floral_tube_cylindrical;leaves_opposite;rounded_at_the_base
88;0.6104813778890035;5.06241719417047;0.1205908866207217;inflorescence_spikelike;floral_tube_cylindrical;alternate_distally;sessile
89;0.6104813778890035;5.06241719417047;0.1205908866207217;stamens_12;rounded_at_the_base;with_flowers_in_whorled_clusters;sessile
90;0.6104813778890035;5.06241719417047;0.1205908866207217;stamens_12;leaves_opposite;with_flowers_in_whorled_clusters;rounded_at_the_base
91;0.6104813778890035;5.06241719417047;0.1205908866207217;stamens_12;inflorescence_spikelike;leaves_opposite;sessile
92;0.6104813778890035;5.06241719417047;0.1205908866207217;stamens_12;leaves_opposite;with_flowers_in_whorled_clusters;sessile
93;0.6104813778890035;5.06241719417047;0.1205908866207217;stamens_12;alternate_distally;with_flowers_in_whorled_clusters;sessile
94;0.6104813778890035;5.06241719417047;0.1205908866207217;stamens_12;alternate_distally;leaves_opposite;with_flowers_in_whorled_clusters
95;0.6104813778890035;5.06241719417047;0.1205908866207217;petals_purple;inflorescence_spikelike;rounded_at_the_base;sessile
96;0.6104813778890035;5.06241719417047;0.1205908866207217;inflorescence_spikelike;petals_purple;alternate_distally;sessile
97;0.6104813778890035;5.06241719417047;0.1205908866207217;inflorescence_spikelike;petals_purple;leaves_opposite;rounded_at_the_base
98;0.6104813778890035;5.06241719417047;0.1205908866207217;petals_purple;alternate_distally;with_flowers_in_whorled_clusters;rounded_at_the_base
99;0.6104813778890035;5.06241719417047;0.1205908866207217;leaves_opposite;inflorescence_spikelike;petals_purple;alternate_distally
100;0.6104813778890035;5.06241719417047;0.1205908866207217;petals_purple;rounded_at_the_base;with_flowers_in_whorled_clusters;sessile
101;0.6104813778890035;5.06241719417047;0.1205908866207217;stamens_12;alternate_distally;with_flowers_in_whorled_clusters;rounded_at_the_base
102;0.6104813778890035;5.06241719417047;0.1205908866207217;petals_purple;leaves_opposite;with_flowers_in_whorled_clusters;rounded_at_the_base
103;0.6104813778890035;5.06241719417047;0.1205908866207217;petals_purple;leaves_opposite;with_flowers_in_whorled_clusters;sessile
104;0.6104813778890035;5.06241719417047;0.1205908866207217;petals_purple;alternate_distally;with_flowers_in_whorled_clusters;sessile
105;0.6104813778890035;5.06241719417047;0.1205908866207217;leaves_opposite;petals_purple;alternate_distally;with_flowers_in_whorled_clusters
106;0.6104813778890035;5.06241719417047;0.1205908866207217;stamens_12;petals_purple;inflorescence_spikelike;rounded_at_the_base
107;0.6104813778890035;5.06241719417047;0.1205908866207217;stamens_12;inflorescence_spikelike;petals_purple;alternate_distally
108;0.6104813778890035;5.06241719417047;0.1205908866207217;stamens_12;petals_purple;inflorescence_spikelike;sessile
109;0.6104813778890035;5.06241719417047;0.1205908866207217;stamens_12;petals_purple;with_flowers_in_whorled_clusters;rounded_at_the_base
110;0.6104813778890035;5.06241719417047;0.1205908866207217;stamens_12;inflorescence_spikelike;petals_purple;leaves_opposite
111;0.6104813778890035;5.06241719417047;0.1205908866207217;stamens_12;petals_purple;alternate_distally;with_flowers_in_whorled_clusters
112;0.6104813778890035;5.06241719417047;0.1205908866207217;stamens_12;petals_purple;with_flowers_in_whorled_clusters;sessile
113;0.6104813778890035;5.06241719417047;0.1205908866207217;stamens_12;petals_purple;leaves_opposite;with_flowers_in_whorled_clusters
114;0.6104813778890035;5.06241719417047;0.1205908866207217;floral_tube_cylindrical;inflorescence_spikelike;rounded_at_the_base;sessile
115;0.6104813778890035;5.06241719417047;0.1205908866207217;inflorescence_spikelike;petals_purple;leaves_opposite;sessile
116;0.6104813778890035;5.06241719417047;0.1205908866207217;alternate_distally;rounded_at_the_base;with_flowers_in_whorled_clusters;calyx_with_alternate_long_and_small_teeth
117;0.6104813778890035;5.06241719417047;0.1205908866207217;floral_tube_cylindrical;rounded_at_the_base;petals_purple;sessile
118;0.6104813778890035;5.06241719417047;0.1205908866207217;stamens_12;floral_tube_cylindrical;alternate_distally;leaves_opposite
119;0.6104813778890035;5.06241719417047;0.1205908866207217;alternate_distally;calyx_with_alternate_long_and_small_teeth;stamens_12;petals_purple
120;0.6104813778890035;5.06241719417047;0.1205908866207217;calyx_with_alternate_long_and_small_teeth;stamens_12;sessile;petals_purple
121;0.6104813778890035;5.06241719417047;0.1205908866207217;calyx_with_alternate_long_and_small_teeth;stamens_12;with_flowers_in_whorled_clusters;petals_purple
122;0.6104813778890035;5.06241719417047;0.1205908866207217;calyx_with_alternate_long_and_small_teeth;stamens_12;leaves_opposite;petals_purple
123;0.6017262638717633;3.8548369016926354;0.156096426182791;with_flowers_in_whorled_clusters;;;
124;0.6119246861924685;4.496469665271967;0.1360900287882753;with_flowers_in_whorled_clusters;calyx_with_alternate_long_and_small_teeth;;
125;0.6104813778890035;5.06241719417047;0.1205908866207217;alternate_distally;calyx_with_alternate_long_and_small_teeth;stamens_12;with_flowers_in_whorled_clusters
126;0.6104813778890035;5.06241719417047;0.1205908866207217;calyx_with_alternate_long_and_small_teeth;stamens_12;with_flowers_in_whorled_clusters;sessile
127;0.6104813778890035;5.06241719417047;0.1205908866207217;calyx_with_alternate_long_and_small_teeth;stamens_12;leaves_opposite;with_flowers_in_whorled_clusters
128;0.6104813778890035;5.06241719417047;0.1205908866207217;alternate_distally;calyx_with_alternate_long_and_small_teeth;with_flowers_in_whorled_clusters;sessile
129;0.6104813778890035;5.06241719417047;0.1205908866207217;floral_tube_cylindrical;calyx_with_alternate_long_and_small_teeth;sessile;inflorescence_spikelike
130;0.6104813778890035;5.06241719417047;0.1205908866207217;floral_tube_cylindrical;alternate_distally;calyx_with_alternate_long_and_small_teeth;sessile
131;0.6104813778890035;5.06241719417047;0.1205908866207217;calyx_with_alternate_long_and_small_teeth;leaves_opposite;with_flowers_in_whorled_clusters;inflorescence_spikelike
132;0.6104813778890035;5.06241719417047;0.1205908866207217;alternate_distally;calyx_with_alternate_long_and_small_teeth;leaves_opposite;with_flowers_in_whorled_clusters
133;0.6104813778890035;5.06241719417047;0.1205908866207217;floral_tube_cylindrical;calyx_with_alternate_long_and_small_teeth;leaves_opposite;inflorescence_spikelike
134;0.6104813778890035;5.06241719417047;0.1205908866207217;floral_tube_cylindrical;alternate_distally;with_flowers_in_whorled_clusters;inflorescence_spikelike
135;0.6104813778890035;5.06241719417047;0.1205908866207217;floral_tube_cylindrical;alternate_distally;calyx_with_alternate_long_and_small_teeth;with_flowers_in_whorled_clusters
136;0.6104813778890035;5.06241719417047;0.1205908866207217;floral_tube_cylindrical;alternate_distally;calyx_with_alternate_long_and_small_teeth;leaves_opposite
137;0.6104813778890035;5.06241719417047;0.1205908866207217;floral_tube_cylindrical;with_flowers_in_whorled_clusters;sessile;inflorescence_spikelike
138;0.6104813778890035;5.06241719417047;0.1205908866207217;floral_tube_cylindrical;leaves_opposite;with_flowers_in_whorled_clusters;inflorescence_spikelike
139;0.6104813778890035;5.06241719417047;0.1205908866207217;floral_tube_cylindrical;calyx_with_alternate_long_and_small_teeth;leaves_opposite;with_flowers_in_whorled_clusters
140;0.6002518891687657;4.331108312342569;0.1385908284625897;with_flowers_in_whorled_clusters;sessile;;
141;0.6104813778890035;5.06241719417047;0.1205908866207217;calyx_with_alternate_long_and_small_teeth;leaves_opposite;with_flowers_in_whorled_clusters;sessile
142;0.6104813778890035;5.06241719417047;0.1205908866207217;floral_tube_cylindrical;leaves_opposite;with_flowers_in_whorled_clusters;sessile
143;0.6104813778890035;5.06241719417047;0.1205908866207217;floral_tube_cylindrical;calyx_with_alternate_long_and_small_teeth;leaves_opposite;sessile
144;0.6104813778890035;5.06241719417047;0.1205908866207217;floral_tube_cylindrical;calyx_with_alternate_long_and_small_teeth;leaves_opposite;with_flowers_in_whorled_clusters
145;0.6104813778890035;5.06241719417047;0.1205908866207217;calyx_with_alternate_long_and_small_teeth;stamens_12;petals_purple;inflorescence_spikelike
146;0.6104813778890035;5.06241719417047;0.1205908866207217;alternate_distally;calyx_with_alternate_long_and_small_teeth;leaves_opposite;with_flowers_in_whorled_clusters
147;0.6104813778890035;5.06241719417047;0.1205908866207217;calyx_with_alternate_long_and_small_teeth;leaves_opposite;with_flowers_in_whorled_clusters;sessile
148;0.6104813778890035;5.06241719417047;0.1205908866207217;floral_tube_cylindrical;alternate_distally;with_flowers_in_whorled_clusters;sessile
149;0.6104813778890035;5.06241719417047;0.1205908866207217;alternate_distally;calyx_with_alternate_long_and_small_teeth;leaves_opposite;with_flowers_in_whorled_clusters
150;0.6104813778890035;5.06241719417047;0.1205908866207217;calyx_with_alternate_long_and_small_teeth;stamens_12;sessile;inflorescence_spikelike
151;0.6104813778890035;5.06241719417047;0.1205908866207217;alternate_distally;calyx_with_alternate_long_and_small_teeth;stamens_12;sessile
152;0.6104813778890035;5.06241719417047;0.1205908866207217;calyx_with_alternate_long_and_small_teeth;stamens_12;leaves_opposite;inflorescence_spikelike
153;0.6104813778890035;5.06241719417047;0.1205908866207217;alternate_distally;stamens_12;with_flowers_in_whorled_clusters;inflorescence_spikelike
154;0.6104813778890035;5.06241719417047;0.1205908866207217;alternate_distally;calyx_with_alternate_long_and_small_teeth;stamens_12;with_flowers_in_whorled_clusters
155;0.6104813778890035;5.06241719417047;0.1205908866207217;alternate_distally;calyx_with_alternate_long_and_small_teeth;stamens_12;leaves_opposite
156;0.6104813778890035;5.06241719417047;0.1205908866207217;stamens_12;with_flowers_in_whorled_clusters;sessile;inflorescence_spikelike
157;0.6104813778890035;5.06241719417047;0.1205908866207217;stamens_12;leaves_opposite;with_flowers_in_whorled_clusters;inflorescence_spikelike
158;0.6104813778890035;5.06241719417047;0.1205908866207217;calyx_with_alternate_long_and_small_teeth;stamens_12;leaves_opposite;with_flowers_in_whorled_clusters
159;0.6104813778890035;5.06241719417047;0.1205908866207217;stamens_12;leaves_opposite;with_flowers_in_whorled_clusters;sessile
160;0.6104813778890035;5.06241719417047;0.1205908866207217;calyx_with_alternate_long_and_small_teeth;stamens_12;leaves_opposite;sessile
161;0.6104813778890035;5.06241719417047;0.1205908866207217;calyx_with_alternate_long_and_small_teeth;stamens_12;leaves_opposite;with_flowers_in_whorled_clusters
162;0.6104813778890035;5.06241719417047;0.1205908866207217;alternate_distally;stamens_12;with_flowers_in_whorled_clusters;sessile
163;0.6104813778890035;5.06241719417047;0.1205908866207217;alternate_distally;stamens_12;leaves_opposite;with_flowers_in_whorled_clusters
164;0.6104813778890035;5.06241719417047;0.1205908866207217;alternate_distally;calyx_with_alternate_long_and_small_teeth;stamens_12;with_flowers_in_whorled_clusters
165;0.6104813778890035;5.06241719417047;0.1205908866207217;alternate_distally;calyx_with_alternate_long_and_small_teeth;stamens_12;leaves_opposite
166;0.6104813778890035;5.06241719417047;0.1205908866207217;calyx_with_alternate_long_and_small_teeth;sessile;petals_purple;inflorescence_spikelike
167;0.6104813778890035;5.06241719417047;0.1205908866207217;alternate_distally;calyx_with_alternate_long_and_small_teeth;sessile;petals_purple
168;0.6104813778890035;5.06241719417047;0.1205908866207217;calyx_with_alternate_long_and_small_teeth;leaves_opposite;petals_purple;inflorescence_spikelike
169;0.6104813778890035;5.06241719417047;0.1205908866207217;alternate_distally;calyx_with_alternate_long_and_small_teeth;with_flowers_in_whorled_clusters;inflorescence_spikelike
170;0.6104813778890035;5.06241719417047;0.1205908866207217;alternate_distally;calyx_with_alternate_long_and_small_teeth;with_flowers_in_whorled_clusters;petals_purple
171;0.6104813778890035;5.06241719417047;0.1205908866207217;alternate_distally;calyx_with_alternate_long_and_small_teeth;leaves_opposite;petals_purple
172;0.6104813778890035;5.06241719417047;0.1205908866207217;calyx_with_alternate_long_and_small_teeth;leaves_opposite;with_flowers_in_whorled_clusters;petals_purple
173;0.6104813778890035;5.06241719417047;0.1205908866207217;calyx_with_alternate_long_and_small_teeth;leaves_opposite;sessile;petals_purple
174;0.6104813778890035;5.06241719417047;0.1205908866207217;alternate_distally;calyx_with_alternate_long_and_small_teeth;with_flowers_in_whorled_clusters;sessile
175;0.6104813778890035;5.06241719417047;0.1205908866207217;floral_tube_cylindrical;alternate_distally;petals_purple;rounded_at_the_base
176;0.6104813778890035;5.06241719417047;0.1205908866207217;floral_tube_cylindrical;alternate_distally;leaves_opposite;with_flowers_in_whorled_clusters
177;0.6104813778890035;5.06241719417047;0.1205908866207217;floral_tube_cylindrical;alternate_distally;calyx_with_alternate_long_and_small_teeth;leaves_opposite
178;0.6104813778890035;5.06241719417047;0.1205908866207217;stamens_12;alternate_distally;rounded_at_the_base;sessile
179;0.6104813778890035;5.06241719417047;0.1205908866207217;rounded_at_the_base;calyx_with_alternate_long_and_small_teeth;;
180;0.6104813778890035;5.06241719417047;0.1205908866207217;stamens_12;alternate_distally;leaves_opposite;rounded_at_the_base
181;0.6104813778890035;5.06241719417047;0.1205908866207217;stamens_12;alternate_distally;leaves_opposite;sessile
182;0.6104813778890035;5.06241719417047;0.1205908866207217;petals_purple;leaves_opposite;rounded_at_the_base;sessile
183;0.6104813778890035;5.06241719417047;0.1205908866207217;petals_purple;alternate_distally;rounded_at_the_base;sessile
184;0.6104813778890035;5.06241719417047;0.1205908866207217;leaves_opposite;petals_purple;alternate_distally;rounded_at_the_base
185;0.6104813778890035;5.06241719417047;0.1205908866207217;leaves_opposite;petals_purple;alternate_distally;sessile
186;0.6104813778890035;5.06241719417047;0.1205908866207217;stamens_12;petals_purple;alternate_distally;rounded_at_the_base
187;0.6104813778890035;5.06241719417047;0.1205908866207217;stamens_12;petals_purple;rounded_at_the_base;sessile
188;0.6104813778890035;5.06241719417047;0.1205908866207217;stamens_12;petals_purple;leaves_opposite;rounded_at_the_base
189;0.6104813778890035;5.06241719417047;0.1205908866207217;sessile;with_flowers_in_whorled_clusters;calyx_with_alternate_long_and_small_teeth;
190;0.6104813778890035;5.06241719417047;0.1205908866207217;stamens_12;petals_purple;leaves_opposite;sessile
191;0.6104813778890035;5.06241719417047;0.1205908866207217;stamens_12;petals_purple;alternate_distally;sessile
192;0.6104813778890035;5.06241719417047;0.1205908866207217;stamens_12;petals_purple;alternate_distally;leaves_opposite
193;0.6104813778890035;5.06241719417047;0.1205908866207217;floral_tube_cylindrical;leaves_opposite;rounded_at_the_base;sessile
194;0.6104813778890035;5.06241719417047;0.1205908866207217;floral_tube_cylindrical;alternate_distally;rounded_at_the_base;sessile
195;0.6104813778890035;5.06241719417047;0.1205908866207217;rounded_at_the_base;with_flowers_in_whorled_clusters;calyx_with_alternate_long_and_small_teeth;
196;0.6104813778890035;5.06241719417047;0.1205908866207217;leaves_opposite;floral_tube_cylindrical;alternate_distally;rounded_at_the_base
197;0.6104813778890035;5.06241719417047;0.1205908866207217;leaves_opposite;floral_tube_cylindrical;alternate_distally;sessile
198;0.6104813778890035;5.06241719417047;0.1205908866207217;stamens_12;floral_tube_cylindrical;alternate_distally;rounded_at_the_base
199;0.6104813778890035;5.06241719417047;0.1205908866207217;stamens_12;floral_tube_cylindrical;rounded_at_the_base;sessile
200;0.6104813778890035;5.06241719417047;0.1205908866207217;stamens_12;floral_tube_cylindrical;leaves_opposite;rounded_at_the_base
201;0.6104813778890035;5.06241719417047;0.1205908866207217;stamens_12;floral_tube_cylindrical;leaves_opposite;sessile
202;0.6104813778890035;5.06241719417047;0.1205908866207217;stamens_12;floral_tube_cylindrical;alternate_distally;sessile
203;0.6104813778890035;5.06241719417047;0.1205908866207217;stamens_12;leaves_opposite;rounded_at_the_base;sessile
204;0.6104813778890035;5.06241719417047;0.1205908866207217;floral_tube_cylindrical;calyx_with_alternate_long_and_small_teeth;leaves_opposite;with_flowers_in_whorled_clusters
205;0.6104813778890035;5.06241719417047;0.1205908866207217;floral_tube_cylindrical;calyx_with_alternate_long_and_small_teeth;leaves_opposite;with_flowers_in_whorled_clusters
206;0.6104813778890035;5.06241719417047;0.1205908866207217;with_flowers_in_whorled_clusters;rounded_at_the_base;;
207;0.6104813778890035;5.06241719417047;0.1205908866207217;calyx_with_alternate_long_and_small_teeth;stamens_12;with_flowers_in_whorled_clusters;inflorescence_spikelike
208;0.6104813778890035;5.06241719417047;0.1205908866207217;alternate_distally;calyx_with_alternate_long_and_small_teeth;stamens_12;with_flowers_in_whorled_clusters
209;0.6104813778890035;5.06241719417047;0.1205908866207217;floral_tube_cylindrical;calyx_with_alternate_long_and_small_teeth;stamens_12;inflorescence_spikelike
210;0.6104813778890035;5.06241719417047;0.1205908866207217;floral_tube_cylindrical;alternate_distally;calyx_with_alternate_long_and_small_teeth;stamens_12
211;0.6104813778890035;5.06241719417047;0.1205908866207217;calyx_with_alternate_long_and_small_teeth;stamens_12;with_flowers_in_whorled_clusters;sessile
212;0.6104813778890035;5.06241719417047;0.1205908866207217;floral_tube_cylindrical;calyx_with_alternate_long_and_small_teeth;stamens_12;sessile
213;0.6104813778890035;5.06241719417047;0.1205908866207217;floral_tube_cylindrical;stamens_12;with_flowers_in_whorled_clusters;inflorescence_spikelike
214;0.6104813778890035;5.06241719417047;0.1205908866207217;floral_tube_cylindrical;calyx_with_alternate_long_and_small_teeth;stamens_12;with_flowers_in_whorled_clusters
215;0.6104813778890035;5.06241719417047;0.1205908866207217;calyx_with_alternate_long_and_small_teeth;stamens_12;leaves_opposite;with_flowers_in_whorled_clusters
216;0.6104813778890035;5.06241719417047;0.1205908866207217;floral_tube_cylindrical;calyx_with_alternate_long_and_small_teeth;stamens_12;leaves_opposite
217;0.6104813778890035;5.06241719417047;0.1205908866207217;floral_tube_cylindrical;alternate_distally;stamens_12;with_flowers_in_whorled_clusters
218;0.6104813778890035;5.06241719417047;0.1205908866207217;floral_tube_cylindrical;alternate_distally;calyx_with_alternate_long_and_small_teeth;stamens_12
219;0.6104813778890035;5.06241719417047;0.1205908866207217;floral_tube_cylindrical;alternate_distally;calyx_with_alternate_long_and_small_teeth;with_flowers_in_whorled_clusters
220;0.6104813778890035;5.06241719417047;0.1205908866207217;floral_tube_cylindrical;stamens_12;with_flowers_in_whorled_clusters;sessile
221;0.6104813778890035;5.06241719417047;0.1205908866207217;floral_tube_cylindrical;calyx_with_alternate_long_and_small_teeth;stamens_12;with_flowers_in_whorled_clusters
222;0.6104813778890035;5.06241719417047;0.1205908866207217;floral_tube_cylindrical;calyx_with_alternate_long_and_small_teeth;stamens_12;leaves_opposite
223;0.6104813778890035;5.06241719417047;0.1205908866207217;floral_tube_cylindrical;calyx_with_alternate_long_and_small_teeth;petals_purple;inflorescence_spikelike
224;0.6104813778890035;5.06241719417047;0.1205908866207217;floral_tube_cylindrical;alternate_distally;calyx_with_alternate_long_and_small_teeth;petals_purple
225;0.6104813778890035;5.06241719417047;0.1205908866207217;floral_tube_cylindrical;calyx_with_alternate_long_and_small_teeth;sessile;petals_purple
226;0.6104813778890035;5.06241719417047;0.1205908866207217;floral_tube_cylindrical;calyx_with_alternate_long_and_small_teeth;with_flowers_in_whorled_clusters;inflorescence_spikelike
227;0.6104813778890035;5.06241719417047;0.1205908866207217;floral_tube_cylindrical;calyx_with_alternate_long_and_small_teeth;with_flowers_in_whorled_clusters;petals_purple
228;0.6104813778890035;5.06241719417047;0.1205908866207217;floral_tube_cylindrical;calyx_with_alternate_long_and_small_teeth;leaves_opposite;petals_purple
229;0.6104813778890035;5.06241719417047;0.1205908866207217;floral_tube_cylindrical;alternate_distally;calyx_with_alternate_long_and_small_teeth;with_flowers_in_whorled_clusters
230;0.6104813778890035;5.06241719417047;0.1205908866207217;floral_tube_cylindrical;alternate_distally;calyx_with_alternate_long_and_small_teeth;with_flowers_in_whorled_clusters
231;0.6104813778890035;5.06241719417047;0.1205908866207217;floral_tube_cylindrical;calyx_with_alternate_long_and_small_teeth;with_flowers_in_whorled_clusters;sessile
232;0.6104813778890035;5.06241719417047;0.1205908866207217;floral_tube_cylindrical;calyx_with_alternate_long_and_small_teeth;with_flowers_in_whorled_clusters;sessile
233;0.6104813778890035;5.06241719417047;0.1205908866207217;floral_tube_cylindrical;stamens_12;leaves_opposite;with_flowers_in_whorled_clusters
234;0.6104813778890035;5.06241719417047;0.1205908866207217;leaves_opposite;inflorescence_spikelike;alternate_distally;calyx_with_alternate_long_and_small_teeth
235;0.6104813778890035;5.06241719417047;0.1205908866207217;sessile;rounded_at_the_base;with_flowers_in_whorled_clusters;calyx_with_alternate_long_and_small_teeth
236;0.6104813778890035;5.06241719417047;0.1205908866207217;inflorescence_spikelike;leaves_opposite;with_flowers_in_whorled_clusters;rounded_at_the_base
237;0.6104813778890035;5.06241719417047;0.1205908866207217;leaves_opposite;calyx_with_alternate_long_and_small_teeth;;
238;0.6104813778890035;5.06241719417047;0.1205908866207217;inflorescence_spikelike;rounded_at_the_base;;
239;0.6104813778890035;5.06241719417047;0.1205908866207217;inflorescence_spikelike;alternate_distally;;
240;0.6104813778890035;5.06241719417047;0.1205908866207217;alternate_distally;with_flowers_in_whorled_clusters;;
241;0.6119246861924685;4.496469665271967;0.1360900287882753;floral_tube_cylindrical;calyx_with_alternate_long_and_small_teeth;;
242;0.6119246861924685;4.496469665271967;0.1360900287882753;stamens_12;floral_tube_cylindrical;inflorescence_spikelike;petals_purple
243;0.6119246861924685;4.496469665271967;0.1360900287882753;floral_tube_cylindrical;inflorescence_spikelike;petals_purple;calyx_with_alternate_long_and_small_teeth
244;0.6119246861924685;4.496469665271967;0.1360900287882753;stamens_12;floral_tube_cylindrical;petals_purple;with_flowers_in_whorled_clusters
245;0.6104813778890035;5.06241719417047;0.1205908866207217;alternate_distally;calyx_with_alternate_long_and_small_teeth;;
246;0.6119246861924685;4.496469665271967;0.1360900287882753;stamens_12;floral_tube_cylindrical;;
247;0.6119246861924685;4.496469665271967;0.1360900287882753;stamens_12;calyx_with_alternate_long_and_small_teeth;;
248;0.6119246861924685;4.496469665271967;0.1360900287882753;stamens_12;floral_tube_cylindrical;inflorescence_spikelike;with_flowers_in_whorled_clusters
249;0.6119246861924685;4.496469665271967;0.1360900287882753;stamens_12;inflorescence_spikelike;with_flowers_in_whorled_clusters;calyx_with_alternate_long_and_small_teeth
250;0.6119246861924685;4.496469665271967;0.1360900287882753;floral_tube_cylindrical;inflorescence_spikelike;with_flowers_in_whorled_clusters;calyx_with_alternate_long_and_small_teeth
251;0.6119246861924685;4.496469665271967;0.1360900287882753;floral_tube_cylindrical;petals_purple;with_flowers_in_whorled_clusters;calyx_with_alternate_long_and_small_teeth
252;0.6119246861924685;4.496469665271967;0.1360900287882753;stamens_12;floral_tube_cylindrical;petals_purple;
253;0.6119246861924685;4.496469665271967;0.1360900287882753;stamens_12;petals_purple;inflorescence_spikelike;
254;0.6119246861924685;4.496469665271967;0.1360900287882753;petals_purple;inflorescence_spikelike;calyx_with_alternate_long_and_small_teeth;
255;0.6119246861924685;4.496469665271967;0.1360900287882753;stamens_12;inflorescence_spikelike;calyx_with_alternate_long_and_small_teeth;
256;0.6119246861924685;4.496469665271967;0.1360900287882753;stamens_12;petals_purple;calyx_with_alternate_long_and_small_teeth;
257;0.6119246861924685;3.920171019648435;0.1360900287882753;stamens_12;petals_purple;inflorescence_spikelike;calyx_with_alternate_long_and_small_teeth
258;0.6119246861924685;4.496469665271967;0.1360900287882753;stamens_12;floral_tube_cylindrical;inflorescence_spikelike;
259;0.6119246861924685;4.496469665271967;0.1360900287882753;stamens_12;petals_purple;with_flowers_in_whorled_clusters;calyx_with_alternate_long_and_small_teeth
260;0.6104813778890035;5.06241719417047;0.1205908866207217;floral_tube_cylindrical;alternate_distally;;
261;0.6104813778890035;5.06241719417047;0.1205908866207217;floral_tube_cylindrical;rounded_at_the_base;;
262;0.6104813778890035;5.06241719417047;0.1205908866207217;petals_purple;alternate_distally;;
263;0.6104813778890035;5.06241719417047;0.1205908866207217;petals_purple;with_flowers_in_whorled_clusters;sessile;
264;0.6104813778890035;5.06241719417047;0.1205908866207217;petals_purple;leaves_opposite;with_flowers_in_whorled_clusters;
265;0.6104813778890035;5.06241719417047;0.1205908866207217;inflorescence_spikelike;floral_tube_cylindrical;alternate_distally;
266;0.6104813778890035;5.06241719417047;0.1205908866207217;floral_tube_cylindrical;inflorescence_spikelike;sessile;
267;0.6104813778890035;5.06241719417047;0.1205908866207217;floral_tube_cylindrical;with_flowers_in_whorled_clusters;rounded_at_the_base;
268;0.6104813778890035;5.06241719417047;0.1205908866207217;inflorescence_spikelike;floral_tube_cylindrical;leaves_opposite;
269;0.6104813778890035;5.06241719417047;0.1205908866207217;floral_tube_cylindrical;alternate_distally;with_flowers_in_whorled_clusters;
270;0.6104813778890035;5.06241719417047;0.1205908866207217;inflorescence_spikelike;rounded_at_the_base;calyx_with_alternate_long_and_small_teeth;
271;0.6104813778890035;5.06241719417047;0.1205908866207217;inflorescence_spikelike;alternate_distally;calyx_with_alternate_long_and_small_teeth;
272;0.6104813778890035;5.06241719417047;0.1205908866207217;sessile;inflorescence_spikelike;calyx_with_alternate_long_and_small_teeth;
273;0.6104813778890035;5.06241719417047;0.1205908866207217;petals_purple;alternate_distally;with_flowers_in_whorled_clusters;
274;0.6104813778890035;5.06241719417047;0.1205908866207217;inflorescence_spikelike;with_flowers_in_whorled_clusters;rounded_at_the_base;
275;0.6104813778890035;5.06241719417047;0.1205908866207217;inflorescence_spikelike;alternate_distally;with_flowers_in_whorled_clusters;
276;0.6104813778890035;5.06241719417047;0.1205908866207217;alternate_distally;with_flowers_in_whorled_clusters;calyx_with_alternate_long_and_small_teeth;
277;0.6104813778890035;5.06241719417047;0.1205908866207217;inflorescence_spikelike;with_flowers_in_whorled_clusters;sessile;
278;0.6104813778890035;5.06241719417047;0.1205908866207217;inflorescence_spikelike;leaves_opposite;with_flowers_in_whorled_clusters;
279;0.6104813778890035;5.06241719417047;0.1205908866207217;leaves_opposite;with_flowers_in_whorled_clusters;calyx_with_alternate_long_and_small_teeth;
280;0.6104813778890035;5.06241719417047;0.1205908866207217;stamens_12;rounded_at_the_base;;
281;0.6104813778890035;5.06241719417047;0.1205908866207217;stamens_12;alternate_distally;;
282;0.6104813778890035;5.06241719417047;0.1205908866207217;stamens_12;sessile;;
283;0.6104813778890035;5.06241719417047;0.1205908866207217;inflorescence_spikelike;rounded_at_the_base;with_flowers_in_whorled_clusters;sessile
284;0.6104813778890035;5.06241719417047;0.1205908866207217;stamens_12;leaves_opposite;;
285;0.6104813778890035;5.06241719417047;0.1205908866207217;petals_purple;rounded_at_the_base;;
286;0.6104813778890035;5.06241719417047;0.1205908866207217;inflorescence_spikelike;leaves_opposite;calyx_with_alternate_long_and_small_teeth;
287;0.6119246861924685;4.496469665271967;0.1360900287882753;floral_tube_cylindrical;inflorescence_spikelike;petals_purple;
288;0.6119246861924685;4.496469665271967;0.1360900287882753;stamens_12;floral_tube_cylindrical;calyx_with_alternate_long_and_small_teeth;
289;0.6119246861924685;4.496469665271967;0.1360900287882753;floral_tube_cylindrical;petals_purple;calyx_with_alternate_long_and_small_teeth;
290;0.6002518891687657;4.331108312342569;0.1385908284625897;leaves_opposite;with_flowers_in_whorled_clusters;;
291;0.6002518891687657;3.845391620086565;0.1385908284625897;leaves_opposite;with_flowers_in_whorled_clusters;sessile;
292;0.6084538375973303;3.1877085650723025;0.1908749890953502;alternate_distally;;;
293;0.6129724376959894;4.504168623916107;0.1079996510512082;floral_tube_cylindrical;alternate_distally;stamens_12;erect
294;0.6129724376959894;4.422893235402304;0.1079996510512082;alternate_distally;calyx_with_alternate_long_and_small_teeth;stamens_12;erect
295;0.6129724376959894;4.504168623916107;0.1079996510512082;floral_tube_cylindrical;alternate_distally;calyx_with_alternate_long_and_small_teeth;stamens_12
296;0.6104813778890035;5.06241719417047;0.1205908866207217;calyx_with_alternate_long_and_small_teeth;stamens_12;with_flowers_in_whorled_clusters;sessile
297;0.6084538375973303;3.1877085650723025;0.1908749890953502;leaves_opposite;alternate_distally;;
298;0.6104813778890035;5.06241719417047;0.1205908866207217;calyx_with_alternate_long_and_small_teeth;with_flowers_in_whorled_clusters;sessile;petals_purple
299;0.6119246861924685;4.496469665271967;0.1360900287882753;petals_purple;inflorescence_spikelike;;
300;0.6084538375973303;3.1877085650723025;0.1908749890953502;alternate_distally;sessile;;
301;0.6084538375973303;3.1877085650723025;0.1908749890953502;leaves_opposite;alternate_distally;sessile;
302;0.6129724376959894;4.504168623916107;0.1079996510512082;floral_tube_cylindrical;alternate_distally;calyx_with_alternate_long_and_small_teeth;stamens_12
303;0.6129724376959894;4.504168623916107;0.1079996510512082;floral_tube_cylindrical;alternate_distally;calyx_with_alternate_long_and_small_teeth;stamens_12
304;0.6129724376959894;4.504168623916107;0.1079996510512082;alternate_distally;calyx_with_alternate_long_and_small_teeth;stamens_12;erect
305;0.6129724376959894;4.422893235402304;0.1079996510512082;alternate_distally;calyx_with_alternate_long_and_small_teeth;stamens_12;erect
306;0.6129724376959894;4.504168623916107;0.1079996510512082;floral_tube_cylindrical;alternate_distally;calyx_with_alternate_long_and_small_teeth;erect
307;0.6129724376959894;4.504168623916107;0.1079996510512082;floral_tube_cylindrical;alternate_distally;stamens_12;erect
308;0.6129724376959894;4.504168623916107;0.1079996510512082;alternate_distally;calyx_with_alternate_long_and_small_teeth;stamens_12;erect
309;0.6129724376959894;4.504168623916107;0.1079996510512082;alternate_distally;calyx_with_alternate_long_and_small_teeth;stamens_12;erect
310;0.6129724376959894;4.504168623916107;0.1079996510512082;floral_tube_cylindrical;alternate_distally;calyx_with_alternate_long_and_small_teeth;erect
311;0.6129724376959894;4.504168623916107;0.1079996510512082;alternate_distally;stamens_12;erect;leaves_opposite
312;0.6129724376959894;4.504168623916107;0.1079996510512082;floral_tube_cylindrical;alternate_distally;stamens_12;erect
313;0.6129724376959894;4.504168623916107;0.1079996510512082;floral_tube_cylindrical;alternate_distally;calyx_with_alternate_long_and_small_teeth;stamens_12
314;0.6119246861924685;4.496469665271967;0.1360900287882753;floral_tube_cylindrical;inflorescence_spikelike;calyx_with_alternate_long_and_small_teeth;
315;0.6104813778890035;5.06241719417047;0.1205908866207217;inflorescence_spikelike;petals_purple;leaves_opposite;
316;0.6104813778890035;5.06241719417047;0.1205908866207217;calyx_with_alternate_long_and_small_teeth;with_flowers_in_whorled_clusters;sessile;inflorescence_spikelike
317;0.6119246861924685;4.496469665271967;0.1360900287882753;stamens_12;petals_purple;with_flowers_in_whorled_clusters;
318;0.6119246861924685;4.496469665271967;0.1360900287882753;stamens_12;floral_tube_cylindrical;with_flowers_in_whorled_clusters;
319;0.6119246861924685;4.496469665271967;0.1360900287882753;floral_tube_cylindrical;petals_purple;with_flowers_in_whorled_clusters;
320;0.6119246861924685;4.496469665271967;0.1360900287882753;stamens_12;inflorescence_spikelike;with_flowers_in_whorled_clusters;
321;0.6119246861924685;4.496469665271967;0.1360900287882753;stamens_12;with_flowers_in_whorled_clusters;calyx_with_alternate_long_and_small_teeth;
322;0.6002518891687657;2.7413097233233312;0.1385908284625897;floral_tube_cylindrical;with_flowers_in_whorled_clusters;sessile;
323;0.6119246861924685;4.496469665271967;0.1360900287882753;inflorescence_spikelike;with_flowers_in_whorled_clusters;calyx_with_alternate_long_and_small_teeth;
324;0.6119246861924685;4.496469665271967;0.1360900287882753;petals_purple;with_flowers_in_whorled_clusters;calyx_with_alternate_long_and_small_teeth;
325;0.6119246861924685;4.496469665271967;0.1360900287882753;floral_tube_cylindrical;inflorescence_spikelike;with_flowers_in_whorled_clusters;
326;0.6129724376959894;4.504168623916107;0.1079996510512082;alternate_distally;calyx_with_alternate_long_and_small_teeth;erect;leaves_opposite
327;0.6129724376959894;4.504168623916107;0.1079996510512082;alternate_distally;stamens_12;erect;leaves_opposite
328;0.6119246861924685;4.496469665271967;0.1360900287882753;floral_tube_cylindrical;with_flowers_in_whorled_clusters;calyx_with_alternate_long_and_small_teeth;
329;0.6119246861924685;4.496469665271967;0.1360900287882753;stamens_12;floral_tube_cylindrical;with_flowers_in_whorled_clusters;calyx_with_alternate_long_and_small_teeth
330;0.6104813778890035;5.06241719417047;0.1205908866207217;floral_tube_cylindrical;calyx_with_alternate_long_and_small_teeth;with_flowers_in_whorled_clusters;sessile
331;0.6119246861924685;4.496469665271967;0.1360900287882753;stamens_12;inflorescence_spikelike;;
332;0.6119246861924685;4.496469665271967;0.1360900287882753;inflorescence_spikelike;calyx_with_alternate_long_and_small_teeth;;
333;0.6119246861924685;4.496469665271967;0.1360900287882753;stamens_12;floral_tube_cylindrical;petals_purple;calyx_with_alternate_long_and_small_teeth
334;0.6119246861924685;4.496469665271967;0.1360900287882753;stamens_12;floral_tube_cylindrical;inflorescence_spikelike;calyx_with_alternate_long_and_small_teeth
335;0.6119246861924685;4.496469665271967;0.1360900287882753;petals_purple;calyx_with_alternate_long_and_small_teeth;;
336;0.6119246861924685;4.496469665271967;0.1360900287882753;floral_tube_cylindrical;calyx_with_alternate_long_and_small_teeth;stamens_12;with_flowers_in_whorled_clusters
337;0.6119246861924685;4.496469665271967;0.1360900287882753;floral_tube_cylindrical;inflorescence_spikelike;;
338;0.6119246861924685;4.496469665271967;0.1360900287882753;floral_tube_cylindrical;calyx_with_alternate_long_and_small_teeth;stamens_12;with_flowers_in_whorled_clusters
339;0.6119246861924685;3.920171019648435;0.1360900287882753;floral_tube_cylindrical;calyx_with_alternate_long_and_small_teeth;stamens_12;petals_purple
340;0.6119246861924685;4.496469665271967;0.1360900287882753;stamens_12;with_flowers_in_whorled_clusters;;
341;0.6129724376959894;4.422893235402304;0.1079996510512082;alternate_distally;calyx_with_alternate_long_and_small_teeth;stamens_12;erect
342;0.6119246861924685;4.496469665271967;0.1360900287882753;petals_purple;with_flowers_in_whorled_clusters;;
343;0.6119246861924685;4.496469665271967;0.1360900287882753;inflorescence_spikelike;with_flowers_in_whorled_clusters;;
344;0.6129724376959894;3.9268832265140414;0.1079996510512082;alternate_distally;calyx_with_alternate_long_and_small_teeth;stamens_12;erect
345;0.6104813778890035;5.06241719417047;0.1205908866207217;floral_tube_cylindrical;inflorescence_spikelike;rounded_at_the_base;
346;0.6104813778890035;5.06241719417047;0.1205908866207217;petals_purple;inflorescence_spikelike;sessile;
347;0.6104813778890035;5.06241719417047;0.1205908866207217;inflorescence_spikelike;petals_purple;alternate_distally;calyx_with_alternate_long_and_small_teeth
348;0.6104813778890035;5.06241719417047;0.1205908866207217;petals_purple;inflorescence_spikelike;rounded_at_the_base;calyx_with_alternate_long_and_small_teeth
349;0.6104813778890035;5.06241719417047;0.1205908866207217;petals_purple;alternate_distally;with_flowers_in_whorled_clusters;calyx_with_alternate_long_and_small_teeth
350;0.6104813778890035;5.06241719417047;0.1205908866207217;sessile;petals_purple;with_flowers_in_whorled_clusters;calyx_with_alternate_long_and_small_teeth
351;0.6104813778890035;5.06241719417047;0.1205908866207217;petals_purple;leaves_opposite;with_flowers_in_whorled_clusters;calyx_with_alternate_long_and_small_teeth
352;0.6104813778890035;5.06241719417047;0.1205908866207217;inflorescence_spikelike;rounded_at_the_base;with_flowers_in_whorled_clusters;calyx_with_alternate_long_and_small_teeth
353;0.6104813778890035;5.06241719417047;0.1205908866207217;inflorescence_spikelike;alternate_distally;with_flowers_in_whorled_clusters;calyx_with_alternate_long_and_small_teeth
354;0.6104813778890035;5.06241719417047;0.1205908866207217;floral_tube_cylindrical;inflorescence_spikelike;rounded_at_the_base;calyx_with_alternate_long_and_small_teeth
355;0.6104813778890035;5.06241719417047;0.1205908866207217;inflorescence_spikelike;floral_tube_cylindrical;alternate_distally;calyx_with_alternate_long_and_small_teeth
356;0.6104813778890035;5.06241719417047;0.1205908866207217;sessile;inflorescence_spikelike;with_flowers_in_whorled_clusters;calyx_with_alternate_long_and_small_teeth
357;0.6104813778890035;5.06241719417047;0.1205908866207217;sessile;floral_tube_cylindrical;inflorescence_spikelike;calyx_with_alternate_long_and_small_teeth
358;0.6104813778890035;5.06241719417047;0.1205908866207217;floral_tube_cylindrical;inflorescence_spikelike;with_flowers_in_whorled_clusters;rounded_at_the_base
359;0.6104813778890035;5.06241719417047;0.1205908866207217;inflorescence_spikelike;petals_purple;leaves_opposite;calyx_with_alternate_long_and_small_teeth
360;0.6104813778890035;5.06241719417047;0.1205908866207217;floral_tube_cylindrical;rounded_at_the_base;with_flowers_in_whorled_clusters;calyx_with_alternate_long_and_small_teeth
361;0.6104813778890035;5.06241719417047;0.1205908866207217;stamens_12;inflorescence_spikelike;rounded_at_the_base;calyx_with_alternate_long_and_small_teeth
362;0.6104813778890035;5.06241719417047;0.1205908866207217;inflorescence_spikelike;leaves_opposite;with_flowers_in_whorled_clusters;calyx_with_alternate_long_and_small_teeth
363;0.6104813778890035;5.06241719417047;0.1205908866207217;inflorescence_spikelike;floral_tube_cylindrical;leaves_opposite;calyx_with_alternate_long_and_small_teeth
364;0.6104813778890035;5.06241719417047;0.1205908866207217;inflorescence_spikelike;floral_tube_cylindrical;alternate_distally;with_flowers_in_whorled_clusters
365;0.6104813778890035;5.06241719417047;0.1205908866207217;floral_tube_cylindrical;alternate_distally;with_flowers_in_whorled_clusters;calyx_with_alternate_long_and_small_teeth
366;0.6104813778890035;5.06241719417047;0.1205908866207217;floral_tube_cylindrical;inflorescence_spikelike;with_flowers_in_whorled_clusters;sessile
367;0.6104813778890035;5.06241719417047;0.1205908866207217;inflorescence_spikelike;floral_tube_cylindrical;leaves_opposite;with_flowers_in_whorled_clusters
368;0.6104813778890035;5.06241719417047;0.1205908866207217;sessile;floral_tube_cylindrical;with_flowers_in_whorled_clusters;calyx_with_alternate_long_and_small_teeth
369;0.6104813778890035;5.06241719417047;0.1205908866207217;floral_tube_cylindrical;leaves_opposite;with_flowers_in_whorled_clusters;calyx_with_alternate_long_and_small_teeth
370;0.6104813778890035;5.06241719417047;0.1205908866207217;stamens_12;alternate_distally;rounded_at_the_base;
371;0.6104813778890035;5.06241719417047;0.1205908866207217;stamens_12;rounded_at_the_base;sessile;
372;0.6104813778890035;5.06241719417047;0.1205908866207217;stamens_12;leaves_opposite;rounded_at_the_base;
373;0.6104813778890035;5.06241719417047;0.1205908866207217;stamens_12;inflorescence_spikelike;alternate_distally;calyx_with_alternate_long_and_small_teeth
374;0.6104813778890035;5.06241719417047;0.1205908866207217;petals_purple;rounded_at_the_base;with_flowers_in_whorled_clusters;calyx_with_alternate_long_and_small_teeth
375;0.6129724376959894;4.422893235402304;0.1079996510512082;floral_tube_cylindrical;alternate_distally;calyx_with_alternate_long_and_small_teeth;stamens_12
376;0.6104813778890035;5.06241719417047;0.1205908866207217;sessile;petals_purple;inflorescence_spikelike;calyx_with_alternate_long_and_small_teeth
377;0.6104813778890035;5.06241719417047;0.1205908866207217;leaves_opposite;rounded_at_the_base;with_flowers_in_whorled_clusters;calyx_with_alternate_long_and_small_teeth
378;0.6104813778890035;5.06241719417047;0.1205908866207217;alternate_distally;calyx_with_alternate_long_and_small_teeth;leaves_opposite;with_flowers_in_whorled_clusters
379;0.6104813778890035;5.06241719417047;0.1205908866207217;inflorescence_spikelike;leaves_opposite;with_flowers_in_whorled_clusters;sessile
380;0.6104813778890035;5.06241719417047;0.1205908866207217;sessile;inflorescence_spikelike;leaves_opposite;calyx_with_alternate_long_and_small_teeth
381;0.6104813778890035;5.06241719417047;0.1205908866207217;sessile;leaves_opposite;with_flowers_in_whorled_clusters;calyx_with_alternate_long_and_small_teeth
382;0.6129724376959894;4.504168623916107;0.1079996510512082;floral_tube_cylindrical;alternate_distally;calyx_with_alternate_long_and_small_teeth;erect
383;0.6129724376959894;4.504168623916107;0.1079996510512082;floral_tube_cylindrical;alternate_distally;erect;leaves_opposite
384;0.6104813778890035;5.06241719417047;0.1205908866207217;inflorescence_spikelike;alternate_distally;with_flowers_in_whorled_clusters;sessile
385;0.6104813778890035;5.06241719417047;0.1205908866207217;leaves_opposite;inflorescence_spikelike;alternate_distally;with_flowers_in_whorled_clusters
386;0.6104813778890035;5.06241719417047;0.1205908866207217;sessile;alternate_distally;with_flowers_in_whorled_clusters;calyx_with_alternate_long_and_small_teeth
387;0.6104813778890035;5.06241719417047;0.1205908866207217;leaves_opposite;alternate_distally;with_flowers_in_whorled_clusters;calyx_with_alternate_long_and_small_teeth
388;0.6104813778890035;5.06241719417047;0.1205908866207217;petals_purple;with_flowers_in_whorled_clusters;rounded_at_the_base;
389;0.6104813778890035;5.06241719417047;0.1205908866207217;sessile;stamens_12;inflorescence_spikelike;calyx_with_alternate_long_and_small_teeth
390;0.6104813778890035;5.06241719417047;0.1205908866207217;stamens_12;rounded_at_the_base;with_flowers_in_whorled_clusters;calyx_with_alternate_long_and_small_teeth
391;0.6104813778890035;5.06241719417047;0.1205908866207217;stamens_12;inflorescence_spikelike;leaves_opposite;calyx_with_alternate_long_and_small_teeth
392;0.6104813778890035;5.06241719417047;0.1205908866207217;stamens_12;inflorescence_spikelike;alternate_distally;with_flowers_in_whorled_clusters
393;0.6104813778890035;5.06241719417047;0.1205908866207217;stamens_12;alternate_distally;with_flowers_in_whorled_clusters;calyx_with_alternate_long_and_small_teeth
394;0.6129724376959894;4.504168623916107;0.1079996510512082;floral_tube_cylindrical;alternate_distally;calyx_with_alternate_long_and_small_teeth;erect
395;0.6104813778890035;5.06241719417047;0.1205908866207217;stamens_12;inflorescence_spikelike;with_flowers_in_whorled_clusters;sessile
396;0.6104813778890035;5.06241719417047;0.1205908866207217;stamens_12;inflorescence_spikelike;leaves_opposite;with_flowers_in_whorled_clusters
397;0.6104813778890035;5.06241719417047;0.1205908866207217;sessile;stamens_12;with_flowers_in_whorled_clusters;calyx_with_alternate_long_and_small_teeth
398;0.6104813778890035;5.06241719417047;0.1205908866207217;stamens_12;leaves_opposite;with_flowers_in_whorled_clusters;calyx_with_alternate_long_and_small_teeth
399;0.6129724376959894;4.422893235402304;0.1079996510512082;floral_tube_cylindrical;alternate_distally;calyx_with_alternate_long_and_small_teeth;stamens_12
400;0.6129724376959894;4.422893235402304;0.1079996510512082;floral_tube_cylindrical;alternate_distally;calyx_with_alternate_long_and_small_teeth;stamens_12
401;0.6104813778890035;5.06241719417047;0.1205908866207217;stamens_12;inflorescence_spikelike;with_flowers_in_whorled_clusters;rounded_at_the_base
402;0.6104813778890035;5.06241719417047;0.1205908866207217;stamens_12;alternate_distally;sessile;
403;0.6104813778890035;5.06241719417047;0.1205908866207217;stamens_12;leaves_opposite;sessile;
404;0.6104813778890035;5.06241719417047;0.1205908866207217;petals_purple;alternate_distally;rounded_at_the_base;
405;0.6104813778890035;5.06241719417047;0.1205908866207217;petals_purple;alternate_distally;calyx_with_alternate_long_and_small_teeth;
406;0.6104813778890035;5.06241719417047;0.1205908866207217;sessile;petals_purple;calyx_with_alternate_long_and_small_teeth;
407;0.6129724376959894;4.504168623916107;0.1079996510512082;floral_tube_cylindrical;alternate_distally;stamens_12;erect
408;0.6104813778890035;5.06241719417047;0.1205908866207217;petals_purple;leaves_opposite;calyx_with_alternate_long_and_small_teeth;
409;0.6104813778890035;5.06241719417047;0.1205908866207217;floral_tube_cylindrical;rounded_at_the_base;calyx_with_alternate_long_and_small_teeth;
410;0.6104813778890035;5.06241719417047;0.1205908866207217;floral_tube_cylindrical;alternate_distally;calyx_with_alternate_long_and_small_teeth;
411;0.6104813778890035;5.06241719417047;0.1205908866207217;sessile;floral_tube_cylindrical;calyx_with_alternate_long_and_small_teeth;
412;0.6104813778890035;5.06241719417047;0.1205908866207217;floral_tube_cylindrical;leaves_opposite;calyx_with_alternate_long_and_small_teeth;
413;0.6104813778890035;5.06241719417047;0.1205908866207217;inflorescence_spikelike;rounded_at_the_base;sessile;
414;0.6104813778890035;5.06241719417047;0.1205908866207217;inflorescence_spikelike;alternate_distally;sessile;
415;0.6104813778890035;5.06241719417047;0.1205908866207217;inflorescence_spikelike;leaves_opposite;rounded_at_the_base;
416;0.6104813778890035;5.06241719417047;0.1205908866207217;alternate_distally;with_flowers_in_whorled_clusters;rounded_at_the_base;
417;0.6104813778890035;5.06241719417047;0.1205908866207217;leaves_opposite;inflorescence_spikelike;alternate_distally;
418;0.6104813778890035;5.06241719417047;0.1205908866207217;leaves_opposite;with_flowers_in_whorled_clusters;rounded_at_the_base;
419;0.6104813778890035;5.06241719417047;0.1205908866207217;alternate_distally;with_flowers_in_whorled_clusters;sessile;
420;0.6104813778890035;5.06241719417047;0.1205908866207217;leaves_opposite;alternate_distally;with_flowers_in_whorled_clusters;
421;0.6104813778890035;5.06241719417047;0.1205908866207217;stamens_12;inflorescence_spikelike;rounded_at_the_base;
422;0.6104813778890035;5.06241719417047;0.1205908866207217;stamens_12;inflorescence_spikelike;alternate_distally;
423;0.6104813778890035;5.06241719417047;0.1205908866207217;stamens_12;inflorescence_spikelike;sessile;
424;0.6129724376959894;4.504168623916107;0.1079996510512082;floral_tube_cylindrical;alternate_distally;stamens_12;erect
425;0.6104813778890035;5.06241719417047;0.1205908866207217;stamens_12;with_flowers_in_whorled_clusters;rounded_at_the_base;
426;0.6104813778890035;5.06241719417047;0.1205908866207217;stamens_12;inflorescence_spikelike;leaves_opposite;
427;0.6104813778890035;5.06241719417047;0.1205908866207217;stamens_12;alternate_distally;with_flowers_in_whorled_clusters;
428;0.6104813778890035;5.06241719417047;0.1205908866207217;stamens_12;with_flowers_in_whorled_clusters;sessile;
429;0.6104813778890035;5.06241719417047;0.1205908866207217;stamens_12;leaves_opposite;with_flowers_in_whorled_clusters;
430;0.6104813778890035;5.06241719417047;0.1205908866207217;petals_purple;inflorescence_spikelike;rounded_at_the_base;
431;0.6104813778890035;5.06241719417047;0.1205908866207217;inflorescence_spikelike;petals_purple;alternate_distally;
432;0.6104813778890035;5.06241719417047;0.1205908866207217;petals_purple;rounded_at_the_base;calyx_with_alternate_long_and_small_teeth;
433;0.6104813778890035;5.06241719417047;0.1205908866207217;stamens_12;alternate_distally;leaves_opposite;
434;0.6104813778890035;5.06241719417047;0.1205908866207217;stamens_12;leaves_opposite;calyx_with_alternate_long_and_small_teeth;
435;0.6104813778890035;5.06241719417047;0.1205908866207217;stamens_12;alternate_distally;calyx_with_alternate_long_and_small_teeth;
436;0.6104813778890035;5.06241719417047;0.1205908866207217;petals_purple;rounded_at_the_base;sessile;
437;0.6104813778890035;5.06241719417047;0.1205908866207217;petals_purple;leaves_opposite;rounded_at_the_base;
438;0.6104813778890035;5.06241719417047;0.1205908866207217;petals_purple;alternate_distally;sessile;
439;0.6104813778890035;5.06241719417047;0.1205908866207217;leaves_opposite;petals_purple;alternate_distally;
440;0.6104813778890035;5.06241719417047;0.1205908866207217;stamens_12;petals_purple;rounded_at_the_base;
441;0.6104813778890035;5.06241719417047;0.1205908866207217;stamens_12;petals_purple;alternate_distally;
442;0.6104813778890035;5.06241719417047;0.1205908866207217;stamens_12;petals_purple;sessile;
443;0.6104813778890035;5.06241719417047;0.1205908866207217;stamens_12;petals_purple;leaves_opposite;
444;0.6104813778890035;5.06241719417047;0.1205908866207217;floral_tube_cylindrical;alternate_distally;rounded_at_the_base;
445;0.6104813778890035;5.06241719417047;0.1205908866207217;floral_tube_cylindrical;rounded_at_the_base;sessile;
446;0.6104813778890035;5.06241719417047;0.1205908866207217;floral_tube_cylindrical;leaves_opposite;rounded_at_the_base;
447;0.6104813778890035;5.06241719417047;0.1205908866207217;floral_tube_cylindrical;alternate_distally;sessile;
448;0.6104813778890035;5.06241719417047;0.1205908866207217;leaves_opposite;floral_tube_cylindrical;alternate_distally;
449;0.6104813778890035;5.06241719417047;0.1205908866207217;sessile;stamens_12;calyx_with_alternate_long_and_small_teeth;
450;0.6104813778890035;5.06241719417047;0.1205908866207217;stamens_12;floral_tube_cylindrical;rounded_at_the_base;
451;0.6104813778890035;5.06241719417047;0.1205908866207217;stamens_12;floral_tube_cylindrical;sessile;
452;0.6104813778890035;5.06241719417047;0.1205908866207217;stamens_12;floral_tube_cylindrical;leaves_opposite;
453;0.6104813778890035;5.06241719417047;0.1205908866207217;floral_tube_cylindrical;petals_purple;rounded_at_the_base;
454;0.6104813778890035;5.06241719417047;0.1205908866207217;floral_tube_cylindrical;alternate_distally;petals_purple;
455;0.6104813778890035;5.06241719417047;0.1205908866207217;inflorescence_spikelike;alternate_distally;rounded_at_the_base;
456;0.6104813778890035;5.06241719417047;0.1205908866207217;alternate_distally;rounded_at_the_base;calyx_with_alternate_long_and_small_teeth;
457;0.6104813778890035;5.06241719417047;0.1205908866207217;leaves_opposite;rounded_at_the_base;calyx_with_alternate_long_and_small_teeth;
458;0.6104813778890035;5.06241719417047;0.1205908866207217;sessile;leaves_opposite;calyx_with_alternate_long_and_small_teeth;
459;0.6104813778890035;5.06241719417047;0.1205908866207217;sessile;alternate_distally;calyx_with_alternate_long_and_small_teeth;
460;0.6104813778890035;5.06241719417047;0.1205908866207217;leaves_opposite;alternate_distally;calyx_with_alternate_long_and_small_teeth;
461;0.6104813778890035;5.06241719417047;0.1205908866207217;stamens_12;rounded_at_the_base;calyx_with_alternate_long_and_small_teeth;
462;0.6104813778890035;5.06241719417047;0.1205908866207217;stamens_12;floral_tube_cylindrical;alternate_distally;
463;0.6104813778890035;5.06241719417047;0.1205908866207217;alternate_distally;calyx_with_alternate_long_and_small_teeth;leaves_opposite;sessile
464;0.6129724376959894;4.504168623916107;0.1079996510512082;floral_tube_cylindrical;alternate_distally;calyx_with_alternate_long_and_small_teeth;stamens_12
465;0.6129724376959894;3.9268832265140414;0.1079996510512082;floral_tube_cylindrical;alternate_distally;calyx_with_alternate_long_and_small_teeth;stamens_12
466;0.6104813778890035;5.06241719417047;0.1205908866207217;alternate_distally;leaves_opposite;with_flowers_in_whorled_clusters;sessile
467;0.6129724376959894;4.504168623916107;0.1079996510512082;floral_tube_cylindrical;alternate_distally;erect;leaves_opposite
468;0.6104813778890035;5.06241719417047;0.1205908866207217;floral_tube_cylindrical;alternate_distally;calyx_with_alternate_long_and_small_teeth;leaves_opposite
469;0.6104813778890035;5.06241719417047;0.1205908866207217;floral_tube_cylindrical;alternate_distally;calyx_with_alternate_long_and_small_teeth;leaves_opposite
470;0.6104813778890035;5.06241719417047;0.1205908866207217;floral_tube_cylindrical;alternate_distally;calyx_with_alternate_long_and_small_teeth;leaves_opposite
471;0.6104813778890035;5.06241719417047;0.1205908866207217;floral_tube_cylindrical;alternate_distally;calyx_with_alternate_long_and_small_teeth;leaves_opposite
472;0.6104813778890035;5.06241719417047;0.1205908866207217;floral_tube_cylindrical;alternate_distally;calyx_with_alternate_long_and_small_teeth;leaves_opposite
473;0.6104813778890035;5.06241719417047;0.1205908866207217;floral_tube_cylindrical;calyx_with_alternate_long_and_small_teeth;stamens_12;sessile
474;0.6104813778890035;5.06241719417047;0.1205908866207217;floral_tube_cylindrical;alternate_distally;calyx_with_alternate_long_and_small_teeth;stamens_12
475;0.608284681679177;3.1868223519599663;0.1908749890953502;rounded_at_the_base;;;
476;0.6104813778890035;5.06241719417047;0.1205908866207217;floral_tube_cylindrical;calyx_with_alternate_long_and_small_teeth;stamens_12;leaves_opposite
477;0.6104813778890035;5.06241719417047;0.1205908866207217;floral_tube_cylindrical;alternate_distally;calyx_with_alternate_long_and_small_teeth;stamens_12
478;0.6104813778890035;5.06241719417047;0.1205908866207217;floral_tube_cylindrical;alternate_distally;calyx_with_alternate_long_and_small_teeth;stamens_12
479;0.6104813778890035;5.06241719417047;0.1205908866207217;floral_tube_cylindrical;calyx_with_alternate_long_and_small_teeth;stamens_12;with_flowers_in_whorled_clusters
480;0.6104813778890035;5.06241719417047;0.1205908866207217;floral_tube_cylindrical;alternate_distally;calyx_with_alternate_long_and_small_teeth;with_flowers_in_whorled_clusters
481;0.6104813778890035;5.06241719417047;0.1205908866207217;floral_tube_cylindrical;calyx_with_alternate_long_and_small_teeth;stamens_12;with_flowers_in_whorled_clusters
482;0.6104813778890035;5.06241719417047;0.1205908866207217;floral_tube_cylindrical;calyx_with_alternate_long_and_small_teeth;stamens_12;leaves_opposite
483;0.6104813778890035;5.06241719417047;0.1205908866207217;floral_tube_cylindrical;calyx_with_alternate_long_and_small_teeth;stamens_12;leaves_opposite
484;0.6104813778890035;5.06241719417047;0.1205908866207217;floral_tube_cylindrical;calyx_with_alternate_long_and_small_teeth;stamens_12;leaves_opposite
485;0.6104813778890035;5.06241719417047;0.1205908866207217;floral_tube_cylindrical;calyx_with_alternate_long_and_small_teeth;stamens_12;leaves_opposite
486;0.6104813778890035;5.06241719417047;0.1205908866207217;floral_tube_cylindrical;alternate_distally;calyx_with_alternate_long_and_small_teeth;stamens_12
487;0.6104813778890035;5.06241719417047;0.1205908866207217;floral_tube_cylindrical;alternate_distally;calyx_with_alternate_long_and_small_teeth;stamens_12
488;0.6104813778890035;5.06241719417047;0.1205908866207217;floral_tube_cylindrical;alternate_distally;calyx_with_alternate_long_and_small_teeth;stamens_12
489;0.6104813778890035;5.06241719417047;0.1205908866207217;floral_tube_cylindrical;alternate_distally;calyx_with_alternate_long_and_small_teeth;stamens_12
490;0.6104813778890035;5.06241719417047;0.1205908866207217;floral_tube_cylindrical;stamens_12;leaves_opposite;sessile
491;0.6104813778890035;5.06241719417047;0.1205908866207217;floral_tube_cylindrical;alternate_distally;stamens_12;sessile
492;0.6104813778890035;5.06241719417047;0.1205908866207217;floral_tube_cylindrical;alternate_distally;stamens_12;leaves_opposite
493;0.6104813778890035;5.06241719417047;0.1205908866207217;floral_tube_cylindrical;alternate_distally;stamens_12;leaves_opposite
494;0.6104813778890035;5.06241719417047;0.1205908866207217;floral_tube_cylindrical;calyx_with_alternate_long_and_small_teeth;stamens_12;leaves_opposite
495;0.6104813778890035;5.06241719417047;0.1205908866207217;floral_tube_cylindrical;alternate_distally;calyx_with_alternate_long_and_small_teeth;with_flowers_in_whorled_clusters
496;0.6104813778890035;5.06241719417047;0.1205908866207217;floral_tube_cylindrical;calyx_with_alternate_long_and_small_teeth;leaves_opposite;with_flowers_in_whorled_clusters
497;0.6104813778890035;5.06241719417047;0.1205908866207217;floral_tube_cylindrical;calyx_with_alternate_long_and_small_teeth;leaves_opposite;with_flowers_in_whorled_clusters
498;0.6104813778890035;5.06241719417047;0.1205908866207217;floral_tube_cylindrical;stamens_12;leaves_opposite;with_flowers_in_whorled_clusters
499;0.6104813778890035;5.06241719417047;0.1205908866207217;floral_tube_cylindrical;alternate_distally;stamens_12;with_flowers_in_whorled_clusters
500;0.6104813778890035;5.06241719417047;0.1205908866207217;floral_tube_cylindrical;alternate_distally;stamens_12;leaves_opposite
501;0.6104813778890035;5.06241719417047;0.1205908866207217;floral_tube_cylindrical;alternate_distally;stamens_12;leaves_opposite
502;0.6104813778890035;5.06241719417047;0.1205908866207217;calyx_with_alternate_long_and_small_teeth;stamens_12;leaves_opposite;sessile
503;0.6104813778890035;5.06241719417047;0.1205908866207217;calyx_with_alternate_long_and_small_teeth;stamens_12;leaves_opposite;with_flowers_in_whorled_clusters
504;0.6104813778890035;5.06241719417047;0.1205908866207217;alternate_distally;calyx_with_alternate_long_and_small_teeth;stamens_12;with_flowers_in_whorled_clusters
505;0.6104813778890035;5.06241719417047;0.1205908866207217;alternate_distally;calyx_with_alternate_long_and_small_teeth;stamens_12;with_flowers_in_whorled_clusters
506;0.6104813778890035;5.06241719417047;0.1205908866207217;alternate_distally;calyx_with_alternate_long_and_small_teeth;stamens_12;leaves_opposite
507;0.6104813778890035;5.06241719417047;0.1205908866207217;alternate_distally;calyx_with_alternate_long_and_small_teeth;stamens_12;leaves_opposite
508;0.6104813778890035;5.06241719417047;0.1205908866207217;alternate_distally;calyx_with_alternate_long_and_small_teeth;stamens_12;leaves_opposite
509;0.6104813778890035;5.06241719417047;0.1205908866207217;alternate_distally;calyx_with_alternate_long_and_small_teeth;stamens_12;leaves_opposite
510;0.6104813778890035;5.06241719417047;0.1205908866207217;calyx_with_alternate_long_and_small_teeth;stamens_12;leaves_opposite;sessile
511;0.6104813778890035;5.06241719417047;0.1205908866207217;calyx_with_alternate_long_and_small_teeth;stamens_12;leaves_opposite;with_flowers_in_whorled_clusters
512;0.6104813778890035;5.06241719417047;0.1205908866207217;floral_tube_cylindrical;stamens_12;leaves_opposite;with_flowers_in_whorled_clusters
513;0.6104813778890035;5.06241719417047;0.1205908866207217;floral_tube_cylindrical;calyx_with_alternate_long_and_small_teeth;stamens_12;leaves_opposite
514;0.6104813778890035;5.06241719417047;0.1205908866207217;floral_tube_cylindrical;calyx_with_alternate_long_and_small_teeth;stamens_12;leaves_opposite
515;0.6104813778890035;5.06241719417047;0.1205908866207217;floral_tube_cylindrical;alternate_distally;stamens_12;with_flowers_in_whorled_clusters
516;0.6104813778890035;5.06241719417047;0.1205908866207217;floral_tube_cylindrical;alternate_distally;stamens_12;leaves_opposite
517;0.6104813778890035;5.06241719417047;0.1205908866207217;floral_tube_cylindrical;alternate_distally;stamens_12;leaves_opposite
518;0.6104813778890035;5.06241719417047;0.1205908866207217;floral_tube_cylindrical;alternate_distally;calyx_with_alternate_long_and_small_teeth;stamens_12
519;0.6104813778890035;5.06241719417047;0.1205908866207217;floral_tube_cylindrical;alternate_distally;calyx_with_alternate_long_and_small_teeth;stamens_12
520;0.6084538375973303;2.7787674662861344;0.1908749890953502;alternate_distally;rounded_at_the_base;;
521;0.6104813778890035;5.06241719417047;0.1205908866207217;floral_tube_cylindrical;alternate_distally;calyx_with_alternate_long_and_small_teeth;stamens_12
522;0.6104813778890035;5.06241719417047;0.1205908866207217;floral_tube_cylindrical;alternate_distally;calyx_with_alternate_long_and_small_teeth;stamens_12
523;0.6104813778890035;5.06241719417047;0.1205908866207217;floral_tube_cylindrical;calyx_with_alternate_long_and_small_teeth;leaves_opposite;sessile
524;0.6104813778890035;5.06241719417047;0.1205908866207217;alternate_distally;calyx_with_alternate_long_and_small_teeth;stamens_12;leaves_opposite
525;0.6104813778890035;5.06241719417047;0.1205908866207217;alternate_distally;stamens_12;sessile;petals_purple
526;0.6104813778890035;5.06241719417047;0.1205908866207217;alternate_distally;stamens_12;leaves_opposite;petals_purple
527;0.6029373872713217;4.430430301468693;0.1360900287882753;calyx_with_alternate_long_and_small_teeth;;;
528;0.6104813778890035;5.06241719417047;0.1205908866207217;stamens_12;leaves_opposite;sessile;petals_purple
529;0.6104813778890035;5.06241719417047;0.1205908866207217;stamens_12;leaves_opposite;with_flowers_in_whorled_clusters;sessile
530;0.6104813778890035;5.06241719417047;0.1205908866207217;alternate_distally;stamens_12;with_flowers_in_whorled_clusters;sessile
531;0.6104813778890035;5.06241719417047;0.1205908866207217;alternate_distally;stamens_12;leaves_opposite;sessile
532;0.6084538375973303;2.7787674662861344;0.1908749890953502;alternate_distally;rounded_at_the_base;sessile;
533;0.6104813778890035;5.06241719417047;0.1205908866207217;alternate_distally;stamens_12;leaves_opposite;with_flowers_in_whorled_clusters
534;0.6104813778890035;5.06241719417047;0.1205908866207217;alternate_distally;stamens_12;leaves_opposite;with_flowers_in_whorled_clusters
535;0.608284681679177;3.1868223519599663;0.1908749890953502;rounded_at_the_base;sessile;;
536;0.6104813778890035;5.06241719417047;0.1205908866207217;floral_tube_cylindrical;stamens_12;leaves_opposite;sessile
537;0.6104813778890035;5.06241719417047;0.1205908866207217;floral_tube_cylindrical;stamens_12;leaves_opposite;with_flowers_in_whorled_clusters
538;0.6104813778890035;5.06241719417047;0.1205908866207217;floral_tube_cylindrical;alternate_distally;stamens_12;with_flowers_in_whorled_clusters
539;0.6079753701803254;5.041636123735522;0.1205908866207217;sessile;calyx_with_alternate_long_and_small_teeth;;
540;0.6104813778890035;5.06241719417047;0.1205908866207217;alternate_distally;calyx_with_alternate_long_and_small_teeth;sessile;petals_purple
541;0.6104813778890035;5.06241719417047;0.1205908866207217;floral_tube_cylindrical;alternate_distally;stamens_12;leaves_opposite
542;0.6104813778890035;5.06241719417047;0.1205908866207217;floral_tube_cylindrical;alternate_distally;stamens_12;leaves_opposite
543;0.6104813778890035;5.06241719417047;0.1205908866207217;floral_tube_cylindrical;alternate_distally;stamens_12;leaves_opposite
544;0.6104813778890035;5.06241719417047;0.1205908866207217;floral_tube_cylindrical;leaves_opposite;sessile;petals_purple
545;0.6104813778890035;5.06241719417047;0.1205908866207217;floral_tube_cylindrical;leaves_opposite;with_flowers_in_whorled_clusters;sessile
546;0.6104813778890035;5.06241719417047;0.1205908866207217;floral_tube_cylindrical;alternate_distally;with_flowers_in_whorled_clusters;sessile
547;0.6104813778890035;5.06241719417047;0.1205908866207217;floral_tube_cylindrical;alternate_distally;leaves_opposite;sessile
548;0.6104813778890035;5.06241719417047;0.1205908866207217;floral_tube_cylindrical;alternate_distally;leaves_opposite;with_flowers_in_whorled_clusters
549;0.6104813778890035;5.06241719417047;0.1205908866207217;floral_tube_cylindrical;alternate_distally;leaves_opposite;with_flowers_in_whorled_clusters
550;0.6104813778890035;5.06241719417047;0.1205908866207217;floral_tube_cylindrical;stamens_12;sessile;petals_purple
551;0.6104813778890035;5.06241719417047;0.1205908866207217;floral_tube_cylindrical;alternate_distally;stamens_12;sessile
552;0.6104813778890035;5.06241719417047;0.1205908866207217;floral_tube_cylindrical;stamens_12;leaves_opposite;petals_purple
553;0.6104813778890035;5.06241719417047;0.1205908866207217;floral_tube_cylindrical;alternate_distally;calyx_with_alternate_long_and_small_teeth;stamens_12
554;0.6104813778890035;5.06241719417047;0.1205908866207217;floral_tube_cylindrical;stamens_12;leaves_opposite;sessile
555;0.6104813778890035;5.06241719417047;0.1205908866207217;floral_tube_cylindrical;alternate_distally;calyx_with_alternate_long_and_small_teeth;stamens_12
556;0.6104813778890035;5.06241719417047;0.1205908866207217;floral_tube_cylindrical;calyx_with_alternate_long_and_small_teeth;stamens_12;leaves_opposite
557;0.6104813778890035;5.06241719417047;0.1205908866207217;alternate_distally;calyx_with_alternate_long_and_small_teeth;leaves_opposite;petals_purple
558;0.6104813778890035;5.06241719417047;0.1205908866207217;alternate_distally;calyx_with_alternate_long_and_small_teeth;stamens_12;sessile
559;0.6104813778890035;5.06241719417047;0.1205908866207217;alternate_distally;calyx_with_alternate_long_and_small_teeth;stamens_12;sessile
560;0.6104813778890035;5.06241719417047;0.1205908866207217;alternate_distally;calyx_with_alternate_long_and_small_teeth;stamens_12;leaves_opposite
561;0.6104813778890035;5.06241719417047;0.1205908866207217;alternate_distally;calyx_with_alternate_long_and_small_teeth;stamens_12;leaves_opposite
562;0.6104813778890035;5.06241719417047;0.1205908866207217;alternate_distally;calyx_with_alternate_long_and_small_teeth;stamens_12;leaves_opposite
563;0.6104813778890035;5.06241719417047;0.1205908866207217;floral_tube_cylindrical;calyx_with_alternate_long_and_small_teeth;stamens_12;leaves_opposite
564;0.6104813778890035;5.06241719417047;0.1205908866207217;floral_tube_cylindrical;alternate_distally;stamens_12;sessile
565;0.6104813778890035;5.06241719417047;0.1205908866207217;floral_tube_cylindrical;alternate_distally;stamens_12;leaves_opposite
566;0.6104813778890035;5.06241719417047;0.1205908866207217;floral_tube_cylindrical;alternate_distally;calyx_with_alternate_long_and_small_teeth;stamens_12
567;0.6104813778890035;5.06241719417047;0.1205908866207217;floral_tube_cylindrical;alternate_distally;calyx_with_alternate_long_and_small_teeth;stamens_12
568;0.6104813778890035;5.06241719417047;0.1205908866207217;floral_tube_cylindrical;alternate_distally;calyx_with_alternate_long_and_small_teeth;stamens_12
569;0.6104813778890035;5.06241719417047;0.1205908866207217;floral_tube_cylindrical;calyx_with_alternate_long_and_small_teeth;leaves_opposite;sessile
570;0.6104813778890035;5.06241719417047;0.1205908866207217;floral_tube_cylindrical;alternate_distally;sessile;petals_purple
571;0.6104813778890035;5.06241719417047;0.1205908866207217;floral_tube_cylindrical;alternate_distally;leaves_opposite;petals_purple
572;0.6104813778890035;5.06241719417047;0.1205908866207217;floral_tube_cylindrical;alternate_distally;calyx_with_alternate_long_and_small_teeth;sessile
573;0.6104813778890035;5.06241719417047;0.1205908866207217;floral_tube_cylindrical;alternate_distally;calyx_with_alternate_long_and_small_teeth;sessile
574;0.6104813778890035;5.06241719417047;0.1205908866207217;floral_tube_cylindrical;alternate_distally;calyx_with_alternate_long_and_small_teeth;leaves_opposite
575;0.6104813778890035;5.06241719417047;0.1205908866207217;floral_tube_cylindrical;alternate_distally;calyx_with_alternate_long_and_small_teeth;leaves_opposite
576;0.6104813778890035;5.06241719417047;0.1205908866207217;floral_tube_cylindrical;alternate_distally;calyx_with_alternate_long_and_small_teeth;leaves_opposite
577;0.6104813778890035;5.06241719417047;0.1205908866207217;floral_tube_cylindrical;alternate_distally;stamens_12;petals_purple
578;0.6104813778890035;5.06241719417047;0.1205908866207217;floral_tube_cylindrical;alternate_distally;calyx_with_alternate_long_and_small_teeth;petals_purple
579;0.6104813778890035;5.06241719417047;0.1205908866207217;floral_tube_cylindrical;alternate_distally;calyx_with_alternate_long_and_small_teeth;stamens_12
580;0.6104813778890035;5.06241719417047;0.1205908866207217;floral_tube_cylindrical;alternate_distally;calyx_with_alternate_long_and_small_teeth;stamens_12
581;0.6104813778890035;5.06241719417047;0.1205908866207217;floral_tube_cylindrical;calyx_with_alternate_long_and_small_teeth;stamens_12;sessile
582;0.6104813778890035;5.06241719417047;0.1205908866207217;floral_tube_cylindrical;calyx_with_alternate_long_and_small_teeth;stamens_12;leaves_opposite
583;0.6104813778890035;5.06241719417047;0.1205908866207217;floral_tube_cylindrical;alternate_distally;calyx_with_alternate_long_and_small_teeth;stamens_12
584;0.6104813778890035;5.06241719417047;0.1205908866207217;floral_tube_cylindrical;alternate_distally;calyx_with_alternate_long_and_small_teeth;stamens_12
585;0.6104813778890035;5.06241719417047;0.1205908866207217;floral_tube_cylindrical;alternate_distally;stamens_12;leaves_opposite
586;0.6104055714870954;2.787680902771544;0.1733112332431882;erect;alternate_distally;rounded_at_the_base;
587;0.6084538375973303;3.1877085650723025;0.1908749890953502;leaves_opposite;rounded_at_the_base;;
588;0.6104813778890035;4.485864124834389;0.1205908866207217;alternate_distally;leaves_opposite;sessile;petals_purple
589;0.6104055714870954;3.197933759577959;0.1733112332431882;erect;leaves_opposite;rounded_at_the_base;sessile
590;0.6104813778890035;4.485864124834389;0.1205908866207217;alternate_distally;stamens_12;leaves_opposite;sessile
591;0.6104055714870954;3.197933759577959;0.1733112332431882;erect;alternate_distally;sessile;
592;0.6104055714870954;3.197933759577959;0.1733112332431882;leaves_opposite;erect;alternate_distally;sessile
593;0.6084538375973303;2.7787674662861344;0.1908749890953502;leaves_opposite;alternate_distally;rounded_at_the_base;
594;0.6104813778890035;4.40491903152013;0.1205908866207217;alternate_distally;calyx_with_alternate_long_and_small_teeth;stamens_12;petals_purple
595;0.6104813778890035;4.40491903152013;0.1205908866207217;floral_tube_cylindrical;alternate_distally;calyx_with_alternate_long_and_small_teeth;stamens_12
596;0.6104813778890035;4.485864124834389;0.1205908866207217;alternate_distally;stamens_12;leaves_opposite;sessile
597;0.6104813778890035;4.40491903152013;0.1205908866207217;alternate_distally;calyx_with_alternate_long_and_small_teeth;stamens_12;sessile
598;0.6104055714870954;3.197933759577959;0.1733112332431882;erect;leaves_opposite;rounded_at_the_base;
599;0.6104055714870954;3.197933759577959;0.1733112332431882;leaves_opposite;erect;alternate_distally;
600;0.6104813778890035;4.40491903152013;0.1205908866207217;floral_tube_cylindrical;alternate_distally;calyx_with_alternate_long_and_small_teeth;stamens_12
601;0.6104055714870954;2.787680902771544;0.1733112332431882;leaves_opposite;erect;alternate_distally;rounded_at_the_base
602;0.6104813778890035;5.06241719417047;0.1205908866207217;alternate_distally;stamens_12;leaves_opposite;petals_purple
603;0.6104813778890035;4.40491903152013;0.1205908866207217;alternate_distally;calyx_with_alternate_long_and_small_teeth;stamens_12;leaves_opposite
604;0.6104813778890035;4.485864124834389;0.1205908866207217;floral_tube_cylindrical;alternate_distally;calyx_with_alternate_long_and_small_teeth;stamens_12
605;0.6104813778890035;4.485864124834389;0.1205908866207217;floral_tube_cylindrical;alternate_distally;calyx_with_alternate_long_and_small_teeth;leaves_opposite
606;0.6104813778890035;4.485864124834389;0.1205908866207217;floral_tube_cylindrical;alternate_distally;calyx_with_alternate_long_and_small_teeth;stamens_12
607;0.6104813778890035;4.485864124834389;0.1205908866207217;floral_tube_cylindrical;alternate_distally;stamens_12;leaves_opposite
608;0.6104813778890035;4.485864124834389;0.1205908866207217;alternate_distally;calyx_with_alternate_long_and_small_teeth;stamens_12;leaves_opposite
609;0.6104813778890035;4.485864124834389;0.1205908866207217;alternate_distally;calyx_with_alternate_long_and_small_teeth;stamens_12;leaves_opposite
610;0.6104813778890035;4.485864124834389;0.1205908866207217;floral_tube_cylindrical;alternate_distally;stamens_12;leaves_opposite
611;0.6104055714870954;3.197933759577959;0.1733112332431882;erect;alternate_distally;;
612;0.6104055714870954;2.787680902771544;0.1733112332431882;erect;alternate_distally;rounded_at_the_base;sessile
613;0.6104813778890035;5.06241719417047;0.1205908866207217;floral_tube_cylindrical;alternate_distally;calyx_with_alternate_long_and_small_teeth;stamens_12
614;0.6104055714870954;2.3861813343037084;0.1733112332431882;alternate_distally;erect;leaves_opposite;sessile
615;0.6017262638717633;2.3522524142646435;0.156096426182791;floral_tube_cylindrical;with_flowers_in_whorled_clusters;;
616;0.6002518891687657;2.7413097233233312;0.1385908284625897;floral_tube_cylindrical;leaves_opposite;with_flowers_in_whorled_clusters;
617;0.6020576131687243;3.856959623557984;0.1276280205879787;erect;with_flowers_in_whorled_clusters;;
618;0.6020576131687243;2.3535477161827054;0.1276280205879787;floral_tube_cylindrical;erect;with_flowers_in_whorled_clusters;
619;0.6104813778890035;4.485864124834389;0.1205908866207217;floral_tube_cylindrical;alternate_distally;calyx_with_alternate_long_and_small_teeth;stamens_12
620;0.6023994354269584;2.751117421633157;0.1241094536043502;floral_tube_cylindrical;erect;with_flowers_in_whorled_clusters;sessile
621;0.6104813778890035;4.485864124834389;0.1205908866207217;floral_tube_cylindrical;alternate_distally;calyx_with_alternate_long_and_small_teeth;stamens_12
622;0.6104813778890035;5.06241719417047;0.1205908866207217;floral_tube_cylindrical;stamens_12;leaves_opposite;petals_purple
623;0.6023994354269584;4.346603899474963;0.1241094536043502;erect;with_flowers_in_whorled_clusters;sessile;
624;0.6104813778890035;4.485864124834389;0.1205908866207217;floral_tube_cylindrical;alternate_distally;calyx_with_alternate_long_and_small_teeth;stamens_12
625;0.6104813778890035;5.06241719417047;0.1205908866207217;floral_tube_cylindrical;alternate_distally;stamens_12;petals_purple
626;0.6023994354269584;4.346603899474963;0.1241094536043502;erect;leaves_opposite;with_flowers_in_whorled_clusters;
627;0.6084538375973303;2.378551667742934;0.1908749890953502;leaves_opposite;alternate_distally;rounded_at_the_base;sessile
628;0.6129724376959894;4.504168623916107;0.1079996510512082;floral_tube_cylindrical;alternate_distally;stamens_12;erect
629;0.6104813778890035;5.06241719417047;0.1205908866207217;floral_tube_cylindrical;alternate_distally;leaves_opposite;petals_purple
630;0.6104813778890035;4.485864124834389;0.1205908866207217;alternate_distally;leaves_opposite;sessile;inflorescence_spikelike
631;0.6023994354269584;3.859149438319238;0.1241094536043502;erect;leaves_opposite;with_flowers_in_whorled_clusters;sessile
632;0.6129724376959894;4.504168623916107;0.1079996510512082;alternate_distally;calyx_with_alternate_long_and_small_teeth;stamens_12;erect
633;0.6023994354269584;2.751117421633157;0.1241094536043502;leaves_opposite;floral_tube_cylindrical;erect;with_flowers_in_whorled_clusters
634;0.6084538375973303;3.1877085650723025;0.1908749890953502;leaves_opposite;rounded_at_the_base;sessile;
635;0.6104813778890035;4.485864124834389;0.1205908866207217;alternate_distally;leaves_opposite;sessile;petals_purple
636;0.6023994354269584;2.3548839587243005;0.1241094536043502;floral_tube_cylindrical;erect;leaves_opposite;with_flowers_in_whorled_clusters
637;0.6104813778890035;4.485864124834389;0.1205908866207217;alternate_distally;stamens_12;leaves_opposite;sessile
638;0.6102180812941538;3.196951492630204;0.1733112332431882;erect;rounded_at_the_base;;
639;0.6102180812941538;3.196951492630204;0.1733112332431882;erect;rounded_at_the_base;sessile;
640;0.6104813778890035;4.485864124834389;0.1205908866207217;floral_tube_cylindrical;alternate_distally;calyx_with_alternate_long_and_small_teeth;leaves_opposite
641;0.6129724376959894;4.504168623916107;0.1079996510512082;floral_tube_cylindrical;alternate_distally;calyx_with_alternate_long_and_small_teeth;erect
642;0.6129724376959894;4.504168623916107;0.1079996510512082;floral_tube_cylindrical;alternate_distally;calyx_with_alternate_long_and_small_teeth;stamens_12
643;0.6104813778890035;4.485864124834389;0.1205908866207217;alternate_distally;stamens_12;leaves_opposite;sessile
644;0.6104813778890035;4.485864124834389;0.1205908866207217;floral_tube_cylindrical;alternate_distally;stamens_12;leaves_opposite
645;0.6104813778890035;5.06241719417047;0.1205908866207217;floral_tube_cylindrical;alternate_distally;calyx_with_alternate_long_and_small_teeth;stamens_12
646;0.6104813778890035;5.06241719417047;0.1205908866207217;floral_tube_cylindrical;alternate_distally;stamens_12;with_flowers_in_whorled_clusters
647;0.6104813778890035;4.485864124834389;0.1205908866207217;floral_tube_cylindrical;alternate_distally;leaves_opposite;with_flowers_in_whorled_clusters
648;0.6104813778890035;4.485864124834389;0.1205908866207217;alternate_distally;leaves_opposite;with_flowers_in_whorled_clusters;sessile
649;0.6104813778890035;4.485864124834389;0.1205908866207217;alternate_distally;calyx_with_alternate_long_and_small_teeth;leaves_opposite;with_flowers_in_whorled_clusters
650;0.6104813778890035;4.485864124834389;0.1205908866207217;floral_tube_cylindrical;alternate_distally;leaves_opposite;sessile
651;0.6104813778890035;4.485864124834389;0.1205908866207217;alternate_distally;calyx_with_alternate_long_and_small_teeth;leaves_opposite;sessile
652;0.6104813778890035;4.485864124834389;0.1205908866207217;alternate_distally;leaves_opposite;with_flowers_in_whorled_clusters;sessile
653;0.6104813778890035;5.06241719417047;0.1205908866207217;floral_tube_cylindrical;calyx_with_alternate_long_and_small_teeth;stamens_12;leaves_opposite
654;0.6104813778890035;5.06241719417047;0.1205908866207217;floral_tube_cylindrical;calyx_with_alternate_long_and_small_teeth;stamens_12;leaves_opposite
655;0.6104813778890035;5.06241719417047;0.1205908866207217;floral_tube_cylindrical;calyx_with_alternate_long_and_small_teeth;stamens_12;leaves_opposite
656;0.6104813778890035;5.06241719417047;0.1205908866207217;floral_tube_cylindrical;alternate_distally;calyx_with_alternate_long_and_small_teeth;stamens_12
657;0.6104813778890035;5.06241719417047;0.1205908866207217;floral_tube_cylindrical;alternate_distally;calyx_with_alternate_long_and_small_teeth;stamens_12
658;0.6104813778890035;5.06241719417047;0.1205908866207217;floral_tube_cylindrical;alternate_distally;calyx_with_alternate_long_and_small_teeth;stamens_12
659;0.6104813778890035;5.06241719417047;0.1205908866207217;floral_tube_cylindrical;alternate_distally;calyx_with_alternate_long_and_small_teeth;stamens_12
660;0.6104813778890035;5.06241719417047;0.1205908866207217;floral_tube_cylindrical;alternate_distally;calyx_with_alternate_long_and_small_teeth;stamens_12
661;0.6104813778890035;5.06241719417047;0.1205908866207217;floral_tube_cylindrical;alternate_distally;calyx_with_alternate_long_and_small_teeth;stamens_12
662;0.6104813778890035;5.06241719417047;0.1205908866207217;floral_tube_cylindrical;calyx_with_alternate_long_and_small_teeth;stamens_12;leaves_opposite
663;0.6104813778890035;5.06241719417047;0.1205908866207217;floral_tube_cylindrical;alternate_distally;stamens_12;sessile
664;0.6104813778890035;5.06241719417047;0.1205908866207217;floral_tube_cylindrical;alternate_distally;calyx_with_alternate_long_and_small_teeth;sessile
665;0.6104813778890035;5.06241719417047;0.1205908866207217;floral_tube_cylindrical;alternate_distally;calyx_with_alternate_long_and_small_teeth;leaves_opposite
666;0.6104813778890035;5.06241719417047;0.1205908866207217;floral_tube_cylindrical;alternate_distally;stamens_12;leaves_opposite
667;0.6104813778890035;4.485864124834389;0.1205908866207217;alternate_distally;leaves_opposite;with_flowers_in_whorled_clusters;sessile
668;0.6104813778890035;4.485864124834389;0.1205908866207217;alternate_distally;stamens_12;leaves_opposite;with_flowers_in_whorled_clusters
669;0.6104813778890035;4.485864124834389;0.1205908866207217;floral_tube_cylindrical;alternate_distally;calyx_with_alternate_long_and_small_teeth;leaves_opposite
670;0.6104813778890035;4.485864124834389;0.1205908866207217;floral_tube_cylindrical;alternate_distally;leaves_opposite;with_flowers_in_whorled_clusters
671;0.6104813778890035;5.06241719417047;0.1205908866207217;floral_tube_cylindrical;alternate_distally;calyx_with_alternate_long_and_small_teeth;stamens_12
672;0.6104813778890035;4.485864124834389;0.1205908866207217;alternate_distally;calyx_with_alternate_long_and_small_teeth;leaves_opposite;sessile
673;0.6104813778890035;4.485864124834389;0.1205908866207217;alternate_distally;calyx_with_alternate_long_and_small_teeth;stamens_12;leaves_opposite
674;0.6104813778890035;4.485864124834389;0.1205908866207217;alternate_distally;calyx_with_alternate_long_and_small_teeth;stamens_12;leaves_opposite
675;0.6104813778890035;4.485864124834389;0.1205908866207217;floral_tube_cylindrical;alternate_distally;stamens_12;leaves_opposite
676;0.6104813778890035;4.485864124834389;0.1205908866207217;floral_tube_cylindrical;alternate_distally;calyx_with_alternate_long_and_small_teeth;stamens_12
677;0.6104813778890035;4.485864124834389;0.1205908866207217;floral_tube_cylindrical;alternate_distally;leaves_opposite;sessile
678;0.6104813778890035;4.485864124834389;0.1205908866207217;floral_tube_cylindrical;alternate_distally;calyx_with_alternate_long_and_small_teeth;leaves_opposite
679;0.6104813778890035;4.485864124834389;0.1205908866207217;floral_tube_cylindrical;alternate_distally;calyx_with_alternate_long_and_small_teeth;leaves_opposite
680;0.6104813778890035;4.485864124834389;0.1205908866207217;alternate_distally;stamens_12;leaves_opposite;with_flowers_in_whorled_clusters
681;0.6104813778890035;4.485864124834389;0.1205908866207217;floral_tube_cylindrical;alternate_distally;stamens_12;leaves_opposite
682;0.6104813778890035;4.485864124834389;0.1205908866207217;floral_tube_cylindrical;alternate_distally;leaves_opposite;sessile
683;0.6104813778890035;5.06241719417047;0.1205908866207217;alternate_distally;calyx_with_alternate_long_and_small_teeth;with_flowers_in_whorled_clusters;sessile
684;0.6104813778890035;4.485864124834389;0.1205908866207217;alternate_distally;calyx_with_alternate_long_and_small_teeth;stamens_12;leaves_opposite
685;0.6104813778890035;4.485864124834389;0.1205908866207217;alternate_distally;calyx_with_alternate_long_and_small_teeth;leaves_opposite;with_flowers_in_whorled_clusters
686;0.6104813778890035;3.9109247586112033;0.1205908866207217;alternate_distally;calyx_with_alternate_long_and_small_teeth;stamens_12;leaves_opposite
687;0.6104813778890035;4.485864124834389;0.1205908866207217;alternate_distally;calyx_with_alternate_long_and_small_teeth;leaves_opposite;with_flowers_in_whorled_clusters
688;0.6104813778890035;4.485864124834389;0.1205908866207217;floral_tube_cylindrical;alternate_distally;leaves_opposite;with_flowers_in_whorled_clusters
689;0.6104813778890035;4.485864124834389;0.1205908866207217;floral_tube_cylindrical;alternate_distally;calyx_with_alternate_long_and_small_teeth;leaves_opposite
690;0.6104813778890035;4.485864124834389;0.1205908866207217;floral_tube_cylindrical;alternate_distally;stamens_12;leaves_opposite
691;0.6104813778890035;4.485864124834389;0.1205908866207217;floral_tube_cylindrical;alternate_distally;leaves_opposite;sessile
692;0.6104813778890035;4.485864124834389;0.1205908866207217;alternate_distally;calyx_with_alternate_long_and_small_teeth;stamens_12;leaves_opposite
693;0.6104813778890035;4.485864124834389;0.1205908866207217;alternate_distally;calyx_with_alternate_long_and_small_teeth;leaves_opposite;sessile
694;0.6104813778890035;4.485864124834389;0.1205908866207217;alternate_distally;calyx_with_alternate_long_and_small_teeth;leaves_opposite;sessile
695;0.6104813778890035;4.485864124834389;0.1205908866207217;alternate_distally;stamens_12;leaves_opposite;with_flowers_in_whorled_clusters
696;0.6104813778890035;4.485864124834389;0.1205908866207217;floral_tube_cylindrical;alternate_distally;calyx_with_alternate_long_and_small_teeth;leaves_opposite
697;0.6104813778890035;5.06241719417047;0.1205908866207217;floral_tube_cylindrical;alternate_distally;stamens_12;leaves_opposite
698;0.6104813778890035;5.06241719417047;0.1205908866207217;floral_tube_cylindrical;stamens_12;leaves_opposite;with_flowers_in_whorled_clusters
699;0.6104813778890035;5.06241719417047;0.1205908866207217;floral_tube_cylindrical;alternate_distally;calyx_with_alternate_long_and_small_teeth;leaves_opposite
700;0.6104813778890035;5.06241719417047;0.1205908866207217;floral_tube_cylindrical;alternate_distally;calyx_with_alternate_long_and_small_teeth;leaves_opposite
701;0.6104813778890035;5.06241719417047;0.1205908866207217;floral_tube_cylindrical;alternate_distally;stamens_12;inflorescence_spikelike
702;0.6104813778890035;5.06241719417047;0.1205908866207217;floral_tube_cylindrical;alternate_distally;calyx_with_alternate_long_and_small_teeth;stamens_12
703;0.6104813778890035;5.06241719417047;0.1205908866207217;floral_tube_cylindrical;calyx_with_alternate_long_and_small_teeth;stamens_12;sessile
704;0.6104813778890035;5.06241719417047;0.1205908866207217;floral_tube_cylindrical;calyx_with_alternate_long_and_small_teeth;stamens_12;leaves_opposite
705;0.6104813778890035;5.06241719417047;0.1205908866207217;floral_tube_cylindrical;calyx_with_alternate_long_and_small_teeth;stamens_12;leaves_opposite
706;0.6104813778890035;5.06241719417047;0.1205908866207217;floral_tube_cylindrical;alternate_distally;calyx_with_alternate_long_and_small_teeth;stamens_12
707;0.6104813778890035;5.06241719417047;0.1205908866207217;floral_tube_cylindrical;alternate_distally;calyx_with_alternate_long_and_small_teeth;stamens_12
708;0.6104813778890035;5.06241719417047;0.1205908866207217;floral_tube_cylindrical;alternate_distally;petals_purple;inflorescence_spikelike
709;0.6104813778890035;5.06241719417047;0.1205908866207217;floral_tube_cylindrical;alternate_distally;calyx_with_alternate_long_and_small_teeth;inflorescence_spikelike
710;0.6104813778890035;5.06241719417047;0.1205908866207217;floral_tube_cylindrical;alternate_distally;calyx_with_alternate_long_and_small_teeth;sessile
711;0.6104813778890035;5.06241719417047;0.1205908866207217;floral_tube_cylindrical;alternate_distally;calyx_with_alternate_long_and_small_teeth;petals_purple
712;0.6104813778890035;5.06241719417047;0.1205908866207217;floral_tube_cylindrical;calyx_with_alternate_long_and_small_teeth;leaves_opposite;petals_purple
713;0.6104813778890035;5.06241719417047;0.1205908866207217;floral_tube_cylindrical;calyx_with_alternate_long_and_small_teeth;leaves_opposite;sessile
714;0.6104813778890035;5.06241719417047;0.1205908866207217;floral_tube_cylindrical;alternate_distally;calyx_with_alternate_long_and_small_teeth;sessile
715;0.6104813778890035;5.06241719417047;0.1205908866207217;floral_tube_cylindrical;alternate_distally;calyx_with_alternate_long_and_small_teeth;leaves_opposite
716;0.6104813778890035;5.06241719417047;0.1205908866207217;floral_tube_cylindrical;calyx_with_alternate_long_and_small_teeth;stamens_12;petals_purple
717;0.6104813778890035;5.06241719417047;0.1205908866207217;floral_tube_cylindrical;alternate_distally;calyx_with_alternate_long_and_small_teeth;stamens_12
718;0.6104813778890035;5.06241719417047;0.1205908866207217;floral_tube_cylindrical;calyx_with_alternate_long_and_small_teeth;stamens_12;sessile
719;0.6104813778890035;5.06241719417047;0.1205908866207217;floral_tube_cylindrical;calyx_with_alternate_long_and_small_teeth;stamens_12;leaves_opposite
720;0.6104813778890035;5.06241719417047;0.1205908866207217;stamens_12;leaves_opposite;sessile;inflorescence_spikelike
721;0.6104813778890035;5.06241719417047;0.1205908866207217;stamens_12;leaves_opposite;with_flowers_in_whorled_clusters;sessile
722;0.6104813778890035;5.06241719417047;0.1205908866207217;alternate_distally;stamens_12;with_flowers_in_whorled_clusters;sessile
723;0.6104813778890035;5.06241719417047;0.1205908866207217;floral_tube_cylindrical;calyx_with_alternate_long_and_small_teeth;sessile;petals_purple
724;0.6104813778890035;5.06241719417047;0.1205908866207217;floral_tube_cylindrical;alternate_distally;leaves_opposite;inflorescence_spikelike
725;0.6104813778890035;5.06241719417047;0.1205908866207217;floral_tube_cylindrical;alternate_distally;sessile;inflorescence_spikelike
726;0.6104813778890035;5.06241719417047;0.1205908866207217;floral_tube_cylindrical;calyx_with_alternate_long_and_small_teeth;leaves_opposite;sessile
727;0.6104813778890035;5.06241719417047;0.1205908866207217;floral_tube_cylindrical;alternate_distally;stamens_12;sessile
728;0.6104813778890035;5.06241719417047;0.1205908866207217;calyx_with_alternate_long_and_small_teeth;stamens_12;leaves_opposite;sessile
729;0.6104813778890035;5.06241719417047;0.1205908866207217;alternate_distally;stamens_12;sessile;inflorescence_spikelike
730;0.6104813778890035;5.06241719417047;0.1205908866207217;alternate_distally;stamens_12;leaves_opposite;inflorescence_spikelike
731;0.6104813778890035;5.06241719417047;0.1205908866207217;floral_tube_cylindrical;alternate_distally;stamens_12;leaves_opposite
732;0.6104813778890035;5.06241719417047;0.1205908866207217;alternate_distally;calyx_with_alternate_long_and_small_teeth;stamens_12;sessile
733;0.6104813778890035;5.06241719417047;0.1205908866207217;alternate_distally;calyx_with_alternate_long_and_small_teeth;stamens_12;leaves_opposite
734;0.6104813778890035;5.06241719417047;0.1205908866207217;alternate_distally;calyx_with_alternate_long_and_small_teeth;stamens_12;leaves_opposite
735;0.6104813778890035;5.06241719417047;0.1205908866207217;calyx_with_alternate_long_and_small_teeth;leaves_opposite;sessile;petals_purple
736;0.6104813778890035;5.06241719417047;0.1205908866207217;alternate_distally;sessile;petals_purple;inflorescence_spikelike
737;0.6104813778890035;5.06241719417047;0.1205908866207217;alternate_distally;leaves_opposite;petals_purple;inflorescence_spikelike
738;0.6104813778890035;5.06241719417047;0.1205908866207217;alternate_distally;calyx_with_alternate_long_and_small_teeth;sessile;inflorescence_spikelike
739;0.6104813778890035;5.06241719417047;0.1205908866207217;alternate_distally;calyx_with_alternate_long_and_small_teeth;sessile;petals_purple
740;0.6104813778890035;5.06241719417047;0.1205908866207217;alternate_distally;calyx_with_alternate_long_and_small_teeth;leaves_opposite;inflorescence_spikelike
741;0.6104813778890035;5.06241719417047;0.1205908866207217;alternate_distally;calyx_with_alternate_long_and_small_teeth;leaves_opposite;petals_purple
742;0.6104813778890035;5.06241719417047;0.1205908866207217;alternate_distally;calyx_with_alternate_long_and_small_teeth;leaves_opposite;sessile
743;0.6104813778890035;5.06241719417047;0.1205908866207217;alternate_distally;stamens_12;petals_purple;inflorescence_spikelike
744;0.6104813778890035;5.06241719417047;0.1205908866207217;alternate_distally;calyx_with_alternate_long_and_small_teeth;petals_purple;inflorescence_spikelike
745;0.6104813778890035;5.06241719417047;0.1205908866207217;alternate_distally;calyx_with_alternate_long_and_small_teeth;stamens_12;inflorescence_spikelike
746;0.6104813778890035;5.06241719417047;0.1205908866207217;alternate_distally;calyx_with_alternate_long_and_small_teeth;stamens_12;petals_purple
747;0.6104813778890035;5.06241719417047;0.1205908866207217;calyx_with_alternate_long_and_small_teeth;stamens_12;sessile;petals_purple
748;0.6104813778890035;5.06241719417047;0.1205908866207217;calyx_with_alternate_long_and_small_teeth;stamens_12;leaves_opposite;petals_purple
749;0.6104813778890035;5.06241719417047;0.1205908866207217;calyx_with_alternate_long_and_small_teeth;stamens_12;leaves_opposite;sessile
750;0.6104813778890035;5.06241719417047;0.1205908866207217;alternate_distally;calyx_with_alternate_long_and_small_teeth;stamens_12;sessile
751;0.6104813778890035;5.06241719417047;0.1205908866207217;alternate_distally;calyx_with_alternate_long_and_small_teeth;stamens_12;leaves_opposite
752;0.6104813778890035;5.06241719417047;0.1205908866207217;alternate_distally;stamens_12;leaves_opposite;sessile
753;0.6104813778890035;5.06241719417047;0.1205908866207217;floral_tube_cylindrical;stamens_12;with_flowers_in_whorled_clusters;sessile
754;0.6104813778890035;5.06241719417047;0.1205908866207217;alternate_distally;stamens_12;leaves_opposite;with_flowers_in_whorled_clusters
755;0.6104813778890035;5.06241719417047;0.1205908866207217;leaves_opposite;sessile;petals_purple;inflorescence_spikelike
756;0.6104813778890035;5.06241719417047;0.1205908866207217;floral_tube_cylindrical;stamens_12;leaves_opposite;with_flowers_in_whorled_clusters
757;0.6104813778890035;5.06241719417047;0.1205908866207217;floral_tube_cylindrical;alternate_distally;stamens_12;with_flowers_in_whorled_clusters
758;0.6104813778890035;5.06241719417047;0.1205908866207217;floral_tube_cylindrical;alternate_distally;stamens_12;leaves_opposite
759;0.6104813778890035;5.06241719417047;0.1205908866207217;floral_tube_cylindrical;sessile;petals_purple;inflorescence_spikelike
760;0.6104813778890035;5.06241719417047;0.1205908866207217;floral_tube_cylindrical;alternate_distally;sessile;petals_purple
761;0.6104813778890035;5.06241719417047;0.1205908866207217;floral_tube_cylindrical;leaves_opposite;petals_purple;inflorescence_spikelike
762;0.6104813778890035;5.06241719417047;0.1205908866207217;floral_tube_cylindrical;alternate_distally;with_flowers_in_whorled_clusters;petals_purple
763;0.6104813778890035;5.06241719417047;0.1205908866207217;floral_tube_cylindrical;with_flowers_in_whorled_clusters;sessile;petals_purple
764;0.6104813778890035;5.06241719417047;0.1205908866207217;floral_tube_cylindrical;leaves_opposite;with_flowers_in_whorled_clusters;petals_purple
765;0.6104813778890035;5.06241719417047;0.1205908866207217;floral_tube_cylindrical;leaves_opposite;sessile;petals_purple
766;0.6104813778890035;5.06241719417047;0.1205908866207217;floral_tube_cylindrical;leaves_opposite;with_flowers_in_whorled_clusters;sessile
767;0.6104813778890035;5.06241719417047;0.1205908866207217;floral_tube_cylindrical;stamens_12;leaves_opposite;sessile
768;0.6104813778890035;5.06241719417047;0.1205908866207217;floral_tube_cylindrical;alternate_distally;with_flowers_in_whorled_clusters;sessile
769;0.6104813778890035;5.06241719417047;0.1205908866207217;floral_tube_cylindrical;stamens_12;petals_purple;inflorescence_spikelike
770;0.6104813778890035;5.06241719417047;0.1205908866207217;floral_tube_cylindrical;stamens_12;sessile;petals_purple
771;0.6104813778890035;5.06241719417047;0.1205908866207217;floral_tube_cylindrical;stamens_12;with_flowers_in_whorled_clusters;petals_purple
772;0.6104813778890035;5.06241719417047;0.1205908866207217;floral_tube_cylindrical;alternate_distally;stamens_12;with_flowers_in_whorled_clusters
773;0.6104813778890035;5.06241719417047;0.1205908866207217;floral_tube_cylindrical;stamens_12;with_flowers_in_whorled_clusters;sessile
774;0.6104813778890035;5.06241719417047;0.1205908866207217;floral_tube_cylindrical;stamens_12;leaves_opposite;with_flowers_in_whorled_clusters
775;0.6104813778890035;5.06241719417047;0.1205908866207217;leaves_opposite;with_flowers_in_whorled_clusters;sessile;inflorescence_spikelike
776;0.6104813778890035;5.06241719417047;0.1205908866207217;calyx_with_alternate_long_and_small_teeth;leaves_opposite;sessile;inflorescence_spikelike
777;0.6104813778890035;5.06241719417047;0.1205908866207217;calyx_with_alternate_long_and_small_teeth;leaves_opposite;with_flowers_in_whorled_clusters;sessile
778;0.6104813778890035;5.06241719417047;0.1205908866207217;alternate_distally;with_flowers_in_whorled_clusters;sessile;inflorescence_spikelike
779;0.6104813778890035;5.06241719417047;0.1205908866207217;alternate_distally;leaves_opposite;with_flowers_in_whorled_clusters;inflorescence_spikelike
780;0.6104813778890035;5.06241719417047;0.1205908866207217;floral_tube_cylindrical;alternate_distally;leaves_opposite;with_flowers_in_whorled_clusters
781;0.6104813778890035;5.06241719417047;0.1205908866207217;floral_tube_cylindrical;stamens_12;leaves_opposite;with_flowers_in_whorled_clusters
782;0.6104813778890035;5.06241719417047;0.1205908866207217;floral_tube_cylindrical;stamens_12;with_flowers_in_whorled_clusters;sessile
783;0.6104813778890035;5.06241719417047;0.1205908866207217;floral_tube_cylindrical;alternate_distally;stamens_12;with_flowers_in_whorled_clusters
784;0.6104813778890035;5.06241719417047;0.1205908866207217;leaves_opposite;with_flowers_in_whorled_clusters;sessile;petals_purple
785;0.6104813778890035;5.06241719417047;0.1205908866207217;alternate_distally;with_flowers_in_whorled_clusters;sessile;petals_purple
786;0.6104813778890035;5.06241719417047;0.1205908866207217;alternate_distally;leaves_opposite;sessile;petals_purple
787;0.6104813778890035;5.06241719417047;0.1205908866207217;alternate_distally;leaves_opposite;with_flowers_in_whorled_clusters;petals_purple
788;0.6104813778890035;5.06241719417047;0.1205908866207217;alternate_distally;leaves_opposite;with_flowers_in_whorled_clusters;sessile
789;0.6104813778890035;5.06241719417047;0.1205908866207217;stamens_12;sessile;petals_purple;inflorescence_spikelike
790;0.6104813778890035;5.06241719417047;0.1205908866207217;alternate_distally;stamens_12;sessile;petals_purple
791;0.6104813778890035;5.06241719417047;0.1205908866207217;stamens_12;leaves_opposite;petals_purple;inflorescence_spikelike
792;0.6104813778890035;5.06241719417047;0.1205908866207217;alternate_distally;stamens_12;with_flowers_in_whorled_clusters;petals_purple
793;0.6104813778890035;5.06241719417047;0.1205908866207217;stamens_12;with_flowers_in_whorled_clusters;sessile;petals_purple
794;0.6104813778890035;5.06241719417047;0.1205908866207217;stamens_12;leaves_opposite;with_flowers_in_whorled_clusters;petals_purple
795;0.6104813778890035;5.06241719417047;0.1205908866207217;stamens_12;leaves_opposite;sessile;petals_purple
796;0.6104813778890035;5.06241719417047;0.1205908866207217;stamens_12;leaves_opposite;with_flowers_in_whorled_clusters;sessile
797;0.6104813778890035;5.06241719417047;0.1205908866207217;alternate_distally;stamens_12;with_flowers_in_whorled_clusters;sessile
798;0.6104813778890035;4.40491903152013;0.1205908866207217;floral_tube_cylindrical;alternate_distally;calyx_with_alternate_long_and_small_teeth;stamens_12
799;0.6104813778890035;5.06241719417047;0.1205908866207217;alternate_distally;stamens_12;leaves_opposite;with_flowers_in_whorled_clusters
800;0.6104813778890035;5.06241719417047;0.1205908866207217;floral_tube_cylindrical;leaves_opposite;sessile;inflorescence_spikelike
801;0.6104813778890035;5.06241719417047;0.1205908866207217;floral_tube_cylindrical;leaves_opposite;with_flowers_in_whorled_clusters;sessile
802;0.6104813778890035;5.06241719417047;0.1205908866207217;floral_tube_cylindrical;alternate_distally;with_flowers_in_whorled_clusters;sessile
803;0.6104813778890035;5.06241719417047;0.1205908866207217;floral_tube_cylindrical;alternate_distally;leaves_opposite;sessile
804;0.6104813778890035;5.06241719417047;0.1205908866207217;floral_tube_cylindrical;alternate_distally;leaves_opposite;with_flowers_in_whorled_clusters
805;0.6104813778890035;5.06241719417047;0.1205908866207217;floral_tube_cylindrical;alternate_distally;leaves_opposite;with_flowers_in_whorled_clusters
806;0.6104813778890035;5.06241719417047;0.1205908866207217;floral_tube_cylindrical;stamens_12;sessile;inflorescence_spikelike
807;0.6104813778890035;5.06241719417047;0.1205908866207217;floral_tube_cylindrical;alternate_distally;stamens_12;sessile
808;0.6104813778890035;5.06241719417047;0.1205908866207217;floral_tube_cylindrical;stamens_12;leaves_opposite;inflorescence_spikelike
809;0.6104813778890035;5.06241719417047;0.1205908866207217;alternate_distally;stamens_12;leaves_opposite;with_flowers_in_whorled_clusters
810;0.6104813778890035;5.06241719417047;0.1205908866207217;floral_tube_cylindrical;stamens_12;leaves_opposite;petals_purple
811;0.6104813778890035;5.06241719417047;0.1205908866207217;floral_tube_cylindrical;stamens_12;leaves_opposite;sessile
812;0.6104813778890035;5.06241719417047;0.1205908866207217;floral_tube_cylindrical;alternate_distally;stamens_12;petals_purple
813;0.6104813778890035;5.06241719417047;0.1205908866207217;calyx_with_alternate_long_and_small_teeth;stamens_12;leaves_opposite;with_flowers_in_whorled_clusters
814;0.6104813778890035;5.06241719417047;0.1205908866207217;calyx_with_alternate_long_and_small_teeth;stamens_12;leaves_opposite;sessile
815;0.6104813778890035;5.06241719417047;0.1205908866207217;calyx_with_alternate_long_and_small_teeth;stamens_12;leaves_opposite;with_flowers_in_whorled_clusters
816;0.6104813778890035;5.06241719417047;0.1205908866207217;alternate_distally;calyx_with_alternate_long_and_small_teeth;stamens_12;with_flowers_in_whorled_clusters
817;0.6104813778890035;5.06241719417047;0.1205908866207217;alternate_distally;calyx_with_alternate_long_and_small_teeth;stamens_12;leaves_opposite
818;0.6104813778890035;5.06241719417047;0.1205908866207217;calyx_with_alternate_long_and_small_teeth;leaves_opposite;with_flowers_in_whorled_clusters;sessile
819;0.6104813778890035;5.06241719417047;0.1205908866207217;alternate_distally;calyx_with_alternate_long_and_small_teeth;leaves_opposite;with_flowers_in_whorled_clusters
820;0.6104813778890035;5.06241719417047;0.1205908866207217;floral_tube_cylindrical;leaves_opposite;with_flowers_in_whorled_clusters;sessile
821;0.6104813778890035;5.06241719417047;0.1205908866207217;floral_tube_cylindrical;calyx_with_alternate_long_and_small_teeth;leaves_opposite;sessile
822;0.6104813778890035;5.06241719417047;0.1205908866207217;floral_tube_cylindrical;calyx_with_alternate_long_and_small_teeth;leaves_opposite;with_flowers_in_whorled_clusters
823;0.6104813778890035;5.06241719417047;0.1205908866207217;floral_tube_cylindrical;alternate_distally;with_flowers_in_whorled_clusters;sessile
824;0.6104813778890035;5.06241719417047;0.1205908866207217;floral_tube_cylindrical;alternate_distally;leaves_opposite;with_flowers_in_whorled_clusters
825;0.6104813778890035;5.06241719417047;0.1205908866207217;floral_tube_cylindrical;alternate_distally;leaves_opposite;with_flowers_in_whorled_clusters
826;0.6104813778890035;5.06241719417047;0.1205908866207217;floral_tube_cylindrical;alternate_distally;calyx_with_alternate_long_and_small_teeth;with_flowers_in_whorled_clusters
827;0.6104813778890035;5.06241719417047;0.1205908866207217;floral_tube_cylindrical;alternate_distally;calyx_with_alternate_long_and_small_teeth;leaves_opposite
828;0.6104813778890035;5.06241719417047;0.1205908866207217;floral_tube_cylindrical;alternate_distally;calyx_with_alternate_long_and_small_teeth;leaves_opposite
829;0.6104813778890035;4.485864124834389;0.1205908866207217;floral_tube_cylindrical;alternate_distally;stamens_12;leaves_opposite
830;0.6104813778890035;5.06241719417047;0.1205908866207217;floral_tube_cylindrical;alternate_distally;calyx_with_alternate_long_and_small_teeth;leaves_opposite
831;0.6104813778890035;5.06241719417047;0.1205908866207217;calyx_with_alternate_long_and_small_teeth;stamens_12;with_flowers_in_whorled_clusters;sessile
832;0.6104813778890035;5.06241719417047;0.1205908866207217;alternate_distally;calyx_with_alternate_long_and_small_teeth;stamens_12;with_flowers_in_whorled_clusters
833;0.6104813778890035;5.06241719417047;0.1205908866207217;floral_tube_cylindrical;calyx_with_alternate_long_and_small_teeth;stamens_12;sessile
834;0.6104813778890035;5.06241719417047;0.1205908866207217;floral_tube_cylindrical;alternate_distally;calyx_with_alternate_long_and_small_teeth;stamens_12
835;0.6104813778890035;5.06241719417047;0.1205908866207217;calyx_with_alternate_long_and_small_teeth;stamens_12;leaves_opposite;with_flowers_in_whorled_clusters
836;0.6104813778890035;5.06241719417047;0.1205908866207217;alternate_distally;calyx_with_alternate_long_and_small_teeth;stamens_12;leaves_opposite
837;0.6104813778890035;5.06241719417047;0.1205908866207217;floral_tube_cylindrical;calyx_with_alternate_long_and_small_teeth;stamens_12;leaves_opposite
838;0.6104813778890035;5.06241719417047;0.1205908866207217;calyx_with_alternate_long_and_small_teeth;stamens_12;with_flowers_in_whorled_clusters;sessile
839;0.6104813778890035;5.06241719417047;0.1205908866207217;floral_tube_cylindrical;alternate_distally;stamens_12;with_flowers_in_whorled_clusters
840;0.6104813778890035;5.06241719417047;0.1205908866207217;alternate_distally;calyx_with_alternate_long_and_small_teeth;stamens_12;leaves_opposite
841;0.6104813778890035;5.06241719417047;0.1205908866207217;alternate_distally;calyx_with_alternate_long_and_small_teeth;stamens_12;with_flowers_in_whorled_clusters
842;0.6104813778890035;5.06241719417047;0.1205908866207217;floral_tube_cylindrical;stamens_12;leaves_opposite;sessile
843;0.6104813778890035;5.06241719417047;0.1205908866207217;floral_tube_cylindrical;stamens_12;leaves_opposite;with_flowers_in_whorled_clusters
844;0.6104813778890035;5.06241719417047;0.1205908866207217;floral_tube_cylindrical;alternate_distally;stamens_12;with_flowers_in_whorled_clusters
845;0.6104813778890035;5.06241719417047;0.1205908866207217;floral_tube_cylindrical;alternate_distally;stamens_12;leaves_opposite
846;0.6104813778890035;5.06241719417047;0.1205908866207217;stamens_12;leaves_opposite;with_flowers_in_whorled_clusters;sessile
847;0.6104813778890035;5.06241719417047;0.1205908866207217;calyx_with_alternate_long_and_small_teeth;stamens_12;leaves_opposite;sessile
848;0.6104813778890035;5.06241719417047;0.1205908866207217;calyx_with_alternate_long_and_small_teeth;stamens_12;leaves_opposite;with_flowers_in_whorled_clusters
849;0.6104813778890035;5.06241719417047;0.1205908866207217;alternate_distally;stamens_12;with_flowers_in_whorled_clusters;sessile
850;0.6104813778890035;5.06241719417047;0.1205908866207217;alternate_distally;stamens_12;leaves_opposite;with_flowers_in_whorled_clusters
851;0.6104813778890035;5.06241719417047;0.1205908866207217;alternate_distally;stamens_12;leaves_opposite;with_flowers_in_whorled_clusters
852;0.6104813778890035;5.06241719417047;0.1205908866207217;alternate_distally;calyx_with_alternate_long_and_small_teeth;stamens_12;with_flowers_in_whorled_clusters
853;0.6104813778890035;5.06241719417047;0.1205908866207217;alternate_distally;calyx_with_alternate_long_and_small_teeth;stamens_12;leaves_opposite
854;0.6104813778890035;5.06241719417047;0.1205908866207217;alternate_distally;calyx_with_alternate_long_and_small_teeth;stamens_12;with_flowers_in_whorled_clusters
855;0.6104813778890035;5.06241719417047;0.1205908866207217;alternate_distally;calyx_with_alternate_long_and_small_teeth;stamens_12;leaves_opposite
856;0.6104813778890035;5.06241719417047;0.1205908866207217;calyx_with_alternate_long_and_small_teeth;leaves_opposite;sessile;petals_purple
857;0.6104813778890035;5.06241719417047;0.1205908866207217;calyx_with_alternate_long_and_small_teeth;leaves_opposite;with_flowers_in_whorled_clusters;sessile
858;0.6104813778890035;5.06241719417047;0.1205908866207217;alternate_distally;calyx_with_alternate_long_and_small_teeth;with_flowers_in_whorled_clusters;sessile
859;0.6104813778890035;5.06241719417047;0.1205908866207217;alternate_distally;calyx_with_alternate_long_and_small_teeth;with_flowers_in_whorled_clusters;sessile
860;0.6104813778890035;5.06241719417047;0.1205908866207217;alternate_distally;calyx_with_alternate_long_and_small_teeth;leaves_opposite;sessile
861;0.6104813778890035;3.9109247586112033;0.1205908866207217;floral_tube_cylindrical;alternate_distally;calyx_with_alternate_long_and_small_teeth;stamens_12
862;0.6104813778890035;5.06241719417047;0.1205908866207217;alternate_distally;calyx_with_alternate_long_and_small_teeth;leaves_opposite;with_flowers_in_whorled_clusters
863;0.6104813778890035;5.06241719417047;0.1205908866207217;alternate_distally;calyx_with_alternate_long_and_small_teeth;leaves_opposite;with_flowers_in_whorled_clusters
864;0.6104813778890035;5.06241719417047;0.1205908866207217;alternate_distally;calyx_with_alternate_long_and_small_teeth;leaves_opposite;with_flowers_in_whorled_clusters
865;0.6104813778890035;5.06241719417047;0.1205908866207217;calyx_with_alternate_long_and_small_teeth;stamens_12;sessile;petals_purple
866;0.6104813778890035;5.06241719417047;0.1205908866207217;alternate_distally;calyx_with_alternate_long_and_small_teeth;stamens_12;sessile
867;0.6104813778890035;5.06241719417047;0.1205908866207217;calyx_with_alternate_long_and_small_teeth;stamens_12;leaves_opposite;petals_purple
868;0.6104813778890035;5.06241719417047;0.1205908866207217;alternate_distally;calyx_with_alternate_long_and_small_teeth;stamens_12;leaves_opposite
869;0.6104813778890035;5.06241719417047;0.1205908866207217;floral_tube_cylindrical;stamens_12;sessile;petals_purple
870;0.6104813778890035;5.06241719417047;0.1205908866207217;floral_tube_cylindrical;alternate_distally;calyx_with_alternate_long_and_small_teeth;stamens_12
871;0.6104813778890035;5.06241719417047;0.1205908866207217;floral_tube_cylindrical;stamens_12;with_flowers_in_whorled_clusters;sessile
872;0.6104813778890035;5.06241719417047;0.1205908866207217;floral_tube_cylindrical;alternate_distally;calyx_with_alternate_long_and_small_teeth;stamens_12
873;0.6104813778890035;5.06241719417047;0.1205908866207217;floral_tube_cylindrical;calyx_with_alternate_long_and_small_teeth;stamens_12;sessile
874;0.6104813778890035;5.06241719417047;0.1205908866207217;floral_tube_cylindrical;calyx_with_alternate_long_and_small_teeth;stamens_12;with_flowers_in_whorled_clusters
875;0.6104813778890035;5.06241719417047;0.1205908866207217;floral_tube_cylindrical;calyx_with_alternate_long_and_small_teeth;stamens_12;with_flowers_in_whorled_clusters
876;0.6104813778890035;5.06241719417047;0.1205908866207217;floral_tube_cylindrical;calyx_with_alternate_long_and_small_teeth;stamens_12;leaves_opposite
877;0.6104813778890035;5.06241719417047;0.1205908866207217;floral_tube_cylindrical;alternate_distally;calyx_with_alternate_long_and_small_teeth;stamens_12
878;0.6104813778890035;5.06241719417047;0.1205908866207217;floral_tube_cylindrical;alternate_distally;calyx_with_alternate_long_and_small_teeth;stamens_12
879;0.6104813778890035;5.06241719417047;0.1205908866207217;floral_tube_cylindrical;calyx_with_alternate_long_and_small_teeth;stamens_12;with_flowers_in_whorled_clusters
880;0.6104813778890035;5.06241719417047;0.1205908866207217;floral_tube_cylindrical;calyx_with_alternate_long_and_small_teeth;stamens_12;with_flowers_in_whorled_clusters
881;0.6104813778890035;5.06241719417047;0.1205908866207217;floral_tube_cylindrical;calyx_with_alternate_long_and_small_teeth;stamens_12;leaves_opposite
882;0.6104813778890035;5.06241719417047;0.1205908866207217;floral_tube_cylindrical;calyx_with_alternate_long_and_small_teeth;stamens_12;leaves_opposite
883;0.6104813778890035;5.06241719417047;0.1205908866207217;stamens_12;leaves_opposite;sessile;petals_purple
884;0.6104813778890035;5.06241719417047;0.1205908866207217;alternate_distally;stamens_12;sessile;petals_purple
885;0.6104813778890035;5.06241719417047;0.1205908866207217;floral_tube_cylindrical;alternate_distally;calyx_with_alternate_long_and_small_teeth;stamens_12
886;0.6104813778890035;5.06241719417047;0.1205908866207217;alternate_distally;stamens_12;leaves_opposite;petals_purple
887;0.6104813778890035;5.06241719417047;0.1205908866207217;alternate_distally;stamens_12;leaves_opposite;sessile
888;0.6104813778890035;5.06241719417047;0.1205908866207217;floral_tube_cylindrical;stamens_12;leaves_opposite;sessile
889;0.6104813778890035;5.06241719417047;0.1205908866207217;floral_tube_cylindrical;alternate_distally;stamens_12;sessile
890;0.6104813778890035;5.06241719417047;0.1205908866207217;floral_tube_cylindrical;alternate_distally;stamens_12;leaves_opposite
891;0.6104813778890035;5.06241719417047;0.1205908866207217;floral_tube_cylindrical;alternate_distally;stamens_12;leaves_opposite
892;0.6104813778890035;5.06241719417047;0.1205908866207217;floral_tube_cylindrical;leaves_opposite;sessile;petals_purple
893;0.6104813778890035;5.06241719417047;0.1205908866207217;floral_tube_cylindrical;alternate_distally;stamens_12;leaves_opposite
894;0.6104813778890035;5.06241719417047;0.1205908866207217;floral_tube_cylindrical;alternate_distally;sessile;petals_purple
895;0.6104813778890035;5.06241719417047;0.1205908866207217;floral_tube_cylindrical;alternate_distally;leaves_opposite;petals_purple
896;0.6104813778890035;5.06241719417047;0.1205908866207217;floral_tube_cylindrical;alternate_distally;leaves_opposite;sessile
897;0.6104813778890035;5.06241719417047;0.1205908866207217;floral_tube_cylindrical;calyx_with_alternate_long_and_small_teeth;stamens_12;petals_purple
898;0.6104813778890035;5.06241719417047;0.1205908866207217;floral_tube_cylindrical;alternate_distally;calyx_with_alternate_long_and_small_teeth;leaves_opposite
899;0.6104813778890035;5.06241719417047;0.1205908866207217;floral_tube_cylindrical;alternate_distally;calyx_with_alternate_long_and_small_teeth;leaves_opposite
900;0.6104813778890035;5.06241719417047;0.1205908866207217;floral_tube_cylindrical;alternate_distally;calyx_with_alternate_long_and_small_teeth;with_flowers_in_whorled_clusters
901;0.6104813778890035;5.06241719417047;0.1205908866207217;floral_tube_cylindrical;stamens_12;leaves_opposite;with_flowers_in_whorled_clusters
902;0.6104813778890035;5.06241719417047;0.1205908866207217;floral_tube_cylindrical;calyx_with_alternate_long_and_small_teeth;stamens_12;with_flowers_in_whorled_clusters
903;0.6104813778890035;5.06241719417047;0.1205908866207217;floral_tube_cylindrical;calyx_with_alternate_long_and_small_teeth;stamens_12;leaves_opposite
904;0.6104813778890035;5.06241719417047;0.1205908866207217;calyx_with_alternate_long_and_small_teeth;stamens_12;leaves_opposite;with_flowers_in_whorled_clusters
905;0.6104813778890035;5.06241719417047;0.1205908866207217;floral_tube_cylindrical;stamens_12;leaves_opposite;with_flowers_in_whorled_clusters
906;0.6104813778890035;5.06241719417047;0.1205908866207217;floral_tube_cylindrical;calyx_with_alternate_long_and_small_teeth;stamens_12;leaves_opposite
907;0.6104813778890035;5.06241719417047;0.1205908866207217;floral_tube_cylindrical;calyx_with_alternate_long_and_small_teeth;stamens_12;leaves_opposite
908;0.6104813778890035;5.06241719417047;0.1205908866207217;floral_tube_cylindrical;alternate_distally;stamens_12;with_flowers_in_whorled_clusters
909;0.6104813778890035;5.06241719417047;0.1205908866207217;floral_tube_cylindrical;alternate_distally;calyx_with_alternate_long_and_small_teeth;leaves_opposite
910;0.6104813778890035;5.06241719417047;0.1205908866207217;floral_tube_cylindrical;alternate_distally;stamens_12;leaves_opposite
911;0.6104813778890035;5.06241719417047;0.1205908866207217;floral_tube_cylindrical;alternate_distally;calyx_with_alternate_long_and_small_teeth;stamens_12
912;0.6104813778890035;5.06241719417047;0.1205908866207217;floral_tube_cylindrical;alternate_distally;calyx_with_alternate_long_and_small_teeth;stamens_12
913;0.6104813778890035;5.06241719417047;0.1205908866207217;floral_tube_cylindrical;calyx_with_alternate_long_and_small_teeth;sessile;petals_purple
914;0.6104813778890035;5.06241719417047;0.1205908866207217;floral_tube_cylindrical;alternate_distally;calyx_with_alternate_long_and_small_teeth;stamens_12
915;0.6104813778890035;5.06241719417047;0.1205908866207217;floral_tube_cylindrical;alternate_distally;calyx_with_alternate_long_and_small_teeth;stamens_12
916;0.6104813778890035;5.06241719417047;0.1205908866207217;floral_tube_cylindrical;calyx_with_alternate_long_and_small_teeth;leaves_opposite;petals_purple
917;0.6104813778890035;5.06241719417047;0.1205908866207217;floral_tube_cylindrical;alternate_distally;calyx_with_alternate_long_and_small_teeth;with_flowers_in_whorled_clusters
918;0.6104813778890035;5.06241719417047;0.1205908866207217;floral_tube_cylindrical;alternate_distally;calyx_with_alternate_long_and_small_teeth;with_flowers_in_whorled_clusters
919;0.6104813778890035;5.06241719417047;0.1205908866207217;floral_tube_cylindrical;calyx_with_alternate_long_and_small_teeth;with_flowers_in_whorled_clusters;sessile
920;0.6104813778890035;5.06241719417047;0.1205908866207217;floral_tube_cylindrical;calyx_with_alternate_long_and_small_teeth;with_flowers_in_whorled_clusters;sessile
921;0.6104813778890035;5.06241719417047;0.1205908866207217;floral_tube_cylindrical;calyx_with_alternate_long_and_small_teeth;leaves_opposite;with_flowers_in_whorled_clusters
922;0.6104813778890035;5.06241719417047;0.1205908866207217;floral_tube_cylindrical;calyx_with_alternate_long_and_small_teeth;leaves_opposite;with_flowers_in_whorled_clusters
923;0.6104813778890035;5.06241719417047;0.1205908866207217;floral_tube_cylindrical;calyx_with_alternate_long_and_small_teeth;leaves_opposite;sessile
924;0.6104813778890035;5.06241719417047;0.1205908866207217;floral_tube_cylindrical;calyx_with_alternate_long_and_small_teeth;leaves_opposite;with_flowers_in_whorled_clusters
925;0.6104813778890035;5.06241719417047;0.1205908866207217;floral_tube_cylindrical;calyx_with_alternate_long_and_small_teeth;leaves_opposite;with_flowers_in_whorled_clusters
926;0.6104813778890035;5.06241719417047;0.1205908866207217;floral_tube_cylindrical;alternate_distally;calyx_with_alternate_long_and_small_teeth;with_flowers_in_whorled_clusters
927;0.6104813778890035;5.06241719417047;0.1205908866207217;floral_tube_cylindrical;alternate_distally;calyx_with_alternate_long_and_small_teeth;sessile
928;0.6129724376959894;4.504168623916107;0.1079996510512082;alternate_distally;stamens_12;erect;leaves_opposite
929;0.6119246861924685;4.496469665271967;0.1360900287882753;petals_purple;inflorescence_spikelike;with_flowers_in_whorled_clusters;
930;0.6129724376959894;5.083074309121625;0.1079996510512082;alternate_distally;erect;with_flowers_in_whorled_clusters;petals_purple
931;0.6129724376959894;5.083074309121625;0.1079996510512082;floral_tube_cylindrical;alternate_distally;erect;inflorescence_spikelike
932;0.6129724376959894;5.083074309121625;0.1079996510512082;floral_tube_cylindrical;alternate_distally;calyx_with_alternate_long_and_small_teeth;erect
933;0.6129724376959894;5.083074309121625;0.1079996510512082;floral_tube_cylindrical;calyx_with_alternate_long_and_small_teeth;erect;sessile
934;0.6129724376959894;5.083074309121625;0.1079996510512082;floral_tube_cylindrical;calyx_with_alternate_long_and_small_teeth;erect;leaves_opposite
935;0.6129724376959894;5.083074309121625;0.1079996510512082;floral_tube_cylindrical;calyx_with_alternate_long_and_small_teeth;erect;leaves_opposite
936;0.6129724376959894;5.083074309121625;0.1079996510512082;floral_tube_cylindrical;alternate_distally;calyx_with_alternate_long_and_small_teeth;erect
937;0.6129724376959894;5.083074309121625;0.1079996510512082;floral_tube_cylindrical;alternate_distally;calyx_with_alternate_long_and_small_teeth;erect
938;0.6129724376959894;5.083074309121625;0.1079996510512082;floral_tube_cylindrical;calyx_with_alternate_long_and_small_teeth;stamens_12;erect
939;0.6129724376959894;5.083074309121625;0.1079996510512082;floral_tube_cylindrical;alternate_distally;calyx_with_alternate_long_and_small_teeth;stamens_12
940;0.6129724376959894;5.083074309121625;0.1079996510512082;floral_tube_cylindrical;calyx_with_alternate_long_and_small_teeth;stamens_12;erect
941;0.6129724376959894;5.083074309121625;0.1079996510512082;floral_tube_cylindrical;calyx_with_alternate_long_and_small_teeth;stamens_12;erect
942;0.6129724376959894;5.083074309121625;0.1079996510512082;floral_tube_cylindrical;calyx_with_alternate_long_and_small_teeth;erect;petals_purple
943;0.6129724376959894;5.083074309121625;0.1079996510512082;floral_tube_cylindrical;alternate_distally;calyx_with_alternate_long_and_small_teeth;erect
944;0.6129724376959894;5.083074309121625;0.1079996510512082;floral_tube_cylindrical;calyx_with_alternate_long_and_small_teeth;erect;sessile
945;0.6129724376959894;5.083074309121625;0.1079996510512082;floral_tube_cylindrical;calyx_with_alternate_long_and_small_teeth;erect;leaves_opposite
946;0.6129724376959894;5.083074309121625;0.1079996510512082;erect;leaves_opposite;sessile;inflorescence_spikelike
947;0.6129724376959894;5.083074309121625;0.1079996510512082;erect;leaves_opposite;with_flowers_in_whorled_clusters;sessile
948;0.6104813778890035;5.06241719417047;0.1205908866207217;alternate_distally;stamens_12;leaves_opposite;with_flowers_in_whorled_clusters
949;0.6129724376959894;5.083074309121625;0.1079996510512082;stamens_12;erect;leaves_opposite;with_flowers_in_whorled_clusters
950;0.6129724376959894;5.083074309121625;0.1079996510512082;stamens_12;erect;leaves_opposite;sessile
951;0.6129724376959894;5.083074309121625;0.1079996510512082;stamens_12;erect;leaves_opposite;with_flowers_in_whorled_clusters
952;0.6129724376959894;5.083074309121625;0.1079996510512082;stamens_12;erect;with_flowers_in_whorled_clusters;sessile
953;0.6129724376959894;5.083074309121625;0.1079996510512082;alternate_distally;stamens_12;erect;leaves_opposite
954;0.6129724376959894;5.083074309121625;0.1079996510512082;stamens_12;erect;rounded_at_the_base;calyx_with_alternate_long_and_small_teeth
955;0.6129724376959894;5.083074309121625;0.1079996510512082;alternate_distally;stamens_12;erect;with_flowers_in_whorled_clusters
956;0.6129724376959894;5.083074309121625;0.1079996510512082;alternate_distally;stamens_12;erect;sessile
957;0.6129724376959894;5.083074309121625;0.1079996510512082;stamens_12;erect;sessile;inflorescence_spikelike
958;0.6129724376959894;5.083074309121625;0.1079996510512082;alternate_distally;erect;leaves_opposite;with_flowers_in_whorled_clusters
959;0.6129724376959894;5.083074309121625;0.1079996510512082;alternate_distally;erect;leaves_opposite;with_flowers_in_whorled_clusters
960;0.6129724376959894;5.083074309121625;0.1079996510512082;alternate_distally;erect;leaves_opposite;sessile
961;0.6129724376959894;5.083074309121625;0.1079996510512082;alternate_distally;erect;with_flowers_in_whorled_clusters;sessile
962;0.6129724376959894;5.083074309121625;0.1079996510512082;stamens_12;erect;leaves_opposite;inflorescence_spikelike
963;0.6104813778890035;5.06241719417047;0.1205908866207217;alternate_distally;stamens_12;with_flowers_in_whorled_clusters;sessile
964;0.6129724376959894;5.083074309121625;0.1079996510512082;calyx_with_alternate_long_and_small_teeth;stamens_12;erect;leaves_opposite
965;0.6129724376959894;5.083074309121625;0.1079996510512082;alternate_distally;calyx_with_alternate_long_and_small_teeth;stamens_12;erect
966;0.6129724376959894;5.083074309121625;0.1079996510512082;alternate_distally;calyx_with_alternate_long_and_small_teeth;erect;leaves_opposite
967;0.6129724376959894;5.083074309121625;0.1079996510512082;alternate_distally;calyx_with_alternate_long_and_small_teeth;erect;leaves_opposite
968;0.6104813778890035;5.06241719417047;0.1205908866207217;floral_tube_cylindrical;alternate_distally;leaves_opposite;with_flowers_in_whorled_clusters
969;0.6104813778890035;5.06241719417047;0.1205908866207217;floral_tube_cylindrical;alternate_distally;with_flowers_in_whorled_clusters;sessile
970;0.6129724376959894;5.083074309121625;0.1079996510512082;stamens_12;erect;with_flowers_in_whorled_clusters;rounded_at_the_base
971;0.6129724376959894;5.083074309121625;0.1079996510512082;alternate_distally;stamens_12;erect;inflorescence_spikelike
972;0.6129724376959894;5.083074309121625;0.1079996510512082;alternate_distally;calyx_with_alternate_long_and_small_teeth;stamens_12;erect
973;0.6129724376959894;5.083074309121625;0.1079996510512082;calyx_with_alternate_long_and_small_teeth;stamens_12;erect;sessile
974;0.6104813778890035;5.06241719417047;0.1205908866207217;floral_tube_cylindrical;leaves_opposite;with_flowers_in_whorled_clusters;sessile
975;0.6104813778890035;5.06241719417047;0.1205908866207217;calyx_with_alternate_long_and_small_teeth;leaves_opposite;with_flowers_in_whorled_clusters;sessile
976;0.6129724376959894;5.083074309121625;0.1079996510512082;calyx_with_alternate_long_and_small_teeth;stamens_12;erect;leaves_opposite
977;0.6129724376959894;5.083074309121625;0.1079996510512082;calyx_with_alternate_long_and_small_teeth;stamens_12;erect;leaves_opposite
978;0.6129724376959894;5.083074309121625;0.1079996510512082;alternate_distally;calyx_with_alternate_long_and_small_teeth;stamens_12;erect
979;0.6129724376959894;5.083074309121625;0.1079996510512082;alternate_distally;calyx_with_alternate_long_and_small_teeth;stamens_12;erect
980;0.6104813778890035;5.06241719417047;0.1205908866207217;floral_tube_cylindrical;leaves_opposite;with_flowers_in_whorled_clusters;petals_purple
981;0.6104813778890035;5.06241719417047;0.1205908866207217;floral_tube_cylindrical;with_flowers_in_whorled_clusters;sessile;petals_purple
982;0.6129724376959894;5.083074309121625;0.1079996510512082;alternate_distally;erect;petals_purple;inflorescence_spikelike
983;0.6129724376959894;5.083074309121625;0.1079996510512082;alternate_distally;erect;sessile;petals_purple
984;0.6129724376959894;5.083074309121625;0.1079996510512082;calyx_with_alternate_long_and_small_teeth;stamens_12;erect;petals_purple
985;0.6129724376959894;5.083074309121625;0.1079996510512082;alternate_distally;calyx_with_alternate_long_and_small_teeth;erect;leaves_opposite
986;0.6129724376959894;5.083074309121625;0.1079996510512082;alternate_distally;calyx_with_alternate_long_and_small_teeth;erect;sessile
987;0.6104813778890035;5.06241719417047;0.1205908866207217;calyx_with_alternate_long_and_small_teeth;with_flowers_in_whorled_clusters;sessile;petals_purple
988;0.6104813778890035;5.06241719417047;0.1205908866207217;alternate_distally;calyx_with_alternate_long_and_small_teeth;with_flowers_in_whorled_clusters;sessile
989;0.6129724376959894;5.083074309121625;0.1079996510512082;calyx_with_alternate_long_and_small_teeth;stamens_12;erect;sessile
990;0.6129724376959894;5.083074309121625;0.1079996510512082;calyx_with_alternate_long_and_small_teeth;erect;leaves_opposite;sessile
991;0.6104813778890035;5.06241719417047;0.1205908866207217;calyx_with_alternate_long_and_small_teeth;leaves_opposite;with_flowers_in_whorled_clusters;petals_purple
992;0.6104813778890035;5.06241719417047;0.1205908866207217;alternate_distally;calyx_with_alternate_long_and_small_teeth;leaves_opposite;with_flowers_in_whorled_clusters
993;0.6129724376959894;5.083074309121625;0.1079996510512082;calyx_with_alternate_long_and_small_teeth;erect;sessile;petals_purple
994;0.6104813778890035;5.06241719417047;0.1205908866207217;floral_tube_cylindrical;alternate_distally;with_flowers_in_whorled_clusters;petals_purple
995;0.6129724376959894;5.083074309121625;0.1079996510512082;alternate_distally;calyx_with_alternate_long_and_small_teeth;erect;petals_purple
996;0.6129724376959894;5.083074309121625;0.1079996510512082;alternate_distally;calyx_with_alternate_long_and_small_teeth;erect;inflorescence_spikelike
997;0.6129724376959894;5.083074309121625;0.1079996510512082;calyx_with_alternate_long_and_small_teeth;erect;leaves_opposite;petals_purple
998;0.6129724376959894;5.083074309121625;0.1079996510512082;alternate_distally;stamens_12;erect;with_flowers_in_whorled_clusters
999;0.6129724376959894;5.083074309121625;0.1079996510512082;alternate_distally;stamens_12;erect;leaves_opposite
1000;0.6104813778890035;5.06241719417047;0.1205908866207217;stamens_12;leaves_opposite;with_flowers_in_whorled_clusters;sessile
1001;0.6129724376959894;5.083074309121625;0.1079996510512082;floral_tube_cylindrical;alternate_distally;erect;leaves_opposite
1002;0.6129724376959894;5.083074309121625;0.1079996510512082;floral_tube_cylindrical;stamens_12;erect;inflorescence_spikelike
1003;0.6129724376959894;5.083074309121625;0.1079996510512082;floral_tube_cylindrical;alternate_distally;stamens_12;erect
1004;0.6129724376959894;5.083074309121625;0.1079996510512082;floral_tube_cylindrical;stamens_12;erect;sessile
1005;0.6129724376959894;5.083074309121625;0.1079996510512082;floral_tube_cylindrical;stamens_12;erect;with_flowers_in_whorled_clusters
1006;0.6129724376959894;5.083074309121625;0.1079996510512082;floral_tube_cylindrical;stamens_12;erect;leaves_opposite
1007;0.6129724376959894;5.083074309121625;0.1079996510512082;floral_tube_cylindrical;alternate_distally;stamens_12;erect
1008;0.6129724376959894;5.083074309121625;0.1079996510512082;floral_tube_cylindrical;stamens_12;erect;with_flowers_in_whorled_clusters
1009;0.6129724376959894;5.083074309121625;0.1079996510512082;floral_tube_cylindrical;stamens_12;erect;leaves_opposite
1010;0.6129724376959894;5.083074309121625;0.1079996510512082;floral_tube_cylindrical;erect;petals_purple;inflorescence_spikelike
1011;0.6129724376959894;5.083074309121625;0.1079996510512082;floral_tube_cylindrical;alternate_distally;erect;petals_purple
1012;0.6129724376959894;5.083074309121625;0.1079996510512082;floral_tube_cylindrical;erect;sessile;petals_purple
1013;0.6129724376959894;5.083074309121625;0.1079996510512082;floral_tube_cylindrical;erect;with_flowers_in_whorled_clusters;petals_purple
1014;0.6129724376959894;5.083074309121625;0.1079996510512082;floral_tube_cylindrical;erect;leaves_opposite;petals_purple
1015;0.6129724376959894;5.083074309121625;0.1079996510512082;floral_tube_cylindrical;alternate_distally;erect;with_flowers_in_whorled_clusters
1016;0.6129724376959894;5.083074309121625;0.1079996510512082;floral_tube_cylindrical;erect;with_flowers_in_whorled_clusters;sessile
1017;0.6129724376959894;5.083074309121625;0.1079996510512082;floral_tube_cylindrical;erect;leaves_opposite;with_flowers_in_whorled_clusters
1018;0.6129724376959894;5.083074309121625;0.1079996510512082;alternate_distally;erect;with_flowers_in_whorled_clusters;sessile
1019;0.6129724376959894;5.083074309121625;0.1079996510512082;calyx_with_alternate_long_and_small_teeth;erect;leaves_opposite;with_flowers_in_whorled_clusters
1020;0.6129724376959894;5.083074309121625;0.1079996510512082;calyx_with_alternate_long_and_small_teeth;erect;leaves_opposite;sessile
1021;0.6129724376959894;5.083074309121625;0.1079996510512082;erect;leaves_opposite;with_flowers_in_whorled_clusters;sessile
1022;0.6129724376959894;5.083074309121625;0.1079996510512082;calyx_with_alternate_long_and_small_teeth;erect;leaves_opposite;with_flowers_in_whorled_clusters
1023;0.6129724376959894;5.083074309121625;0.1079996510512082;calyx_with_alternate_long_and_small_teeth;erect;with_flowers_in_whorled_clusters;sessile
1024;0.6129724376959894;5.083074309121625;0.1079996510512082;floral_tube_cylindrical;alternate_distally;erect;with_flowers_in_whorled_clusters
1025;0.6129724376959894;5.083074309121625;0.1079996510512082;erect;leaves_opposite;with_flowers_in_whorled_clusters;inflorescence_spikelike
1026;0.6129724376959894;5.083074309121625;0.1079996510512082;alternate_distally;calyx_with_alternate_long_and_small_teeth;erect;leaves_opposite
1027;0.6129724376959894;5.083074309121625;0.1079996510512082;alternate_distally;calyx_with_alternate_long_and_small_teeth;erect;with_flowers_in_whorled_clusters
1028;0.6129724376959894;5.083074309121625;0.1079996510512082;alternate_distally;erect;with_flowers_in_whorled_clusters;inflorescence_spikelike
1029;0.6129724376959894;5.083074309121625;0.1079996510512082;calyx_with_alternate_long_and_small_teeth;erect;leaves_opposite;inflorescence_spikelike
1030;0.6129724376959894;5.083074309121625;0.1079996510512082;alternate_distally;calyx_with_alternate_long_and_small_teeth;erect;sessile
1031;0.6129724376959894;5.083074309121625;0.1079996510512082;calyx_with_alternate_long_and_small_teeth;erect;sessile;inflorescence_spikelike
1032;0.6129724376959894;5.083074309121625;0.1079996510512082;erect;with_flowers_in_whorled_clusters;sessile;inflorescence_spikelike
1033;0.6129724376959894;5.083074309121625;0.1079996510512082;floral_tube_cylindrical;erect;leaves_opposite;sessile
1034;0.6129724376959894;5.083074309121625;0.1079996510512082;floral_tube_cylindrical;erect;leaves_opposite;with_flowers_in_whorled_clusters
1035;0.6129724376959894;5.083074309121625;0.1079996510512082;floral_tube_cylindrical;erect;with_flowers_in_whorled_clusters;sessile
1036;0.6129724376959894;5.083074309121625;0.1079996510512082;alternate_distally;erect;with_flowers_in_whorled_clusters;sessile
1037;0.6129724376959894;5.083074309121625;0.1079996510512082;erect;leaves_opposite;with_flowers_in_whorled_clusters;sessile
1038;0.6129724376959894;5.083074309121625;0.1079996510512082;erect;leaves_opposite;sessile;petals_purple
1039;0.6129724376959894;5.083074309121625;0.1079996510512082;erect;leaves_opposite;with_flowers_in_whorled_clusters;petals_purple
1040;0.6129724376959894;5.083074309121625;0.1079996510512082;erect;with_flowers_in_whorled_clusters;sessile;petals_purple
1041;0.6104813778890035;5.06241719417047;0.1205908866207217;alternate_distally;stamens_12;with_flowers_in_whorled_clusters;petals_purple
1042;0.6129724376959894;5.083074309121625;0.1079996510512082;alternate_distally;erect;leaves_opposite;with_flowers_in_whorled_clusters
1043;0.6104813778890035;5.06241719417047;0.1205908866207217;alternate_distally;calyx_with_alternate_long_and_small_teeth;with_flowers_in_whorled_clusters;petals_purple
1044;0.6129724376959894;5.083074309121625;0.1079996510512082;alternate_distally;erect;with_flowers_in_whorled_clusters;petals_purple
1045;0.6129724376959894;5.083074309121625;0.1079996510512082;erect;leaves_opposite;petals_purple;inflorescence_spikelike
1046;0.6104813778890035;5.06241719417047;0.1205908866207217;stamens_12;with_flowers_in_whorled_clusters;sessile;petals_purple
1047;0.6104813778890035;5.06241719417047;0.1205908866207217;stamens_12;leaves_opposite;with_flowers_in_whorled_clusters;petals_purple
1048;0.6129724376959894;5.083074309121625;0.1079996510512082;alternate_distally;erect;sessile;petals_purple
1049;0.6129724376959894;5.083074309121625;0.1079996510512082;erect;sessile;petals_purple;inflorescence_spikelike
1050;0.6129724376959894;5.083074309121625;0.1079996510512082;alternate_distally;erect;leaves_opposite;petals_purple
1051;0.6129724376959894;5.083074309121625;0.1079996510512082;alternate_distally;calyx_with_alternate_long_and_small_teeth;erect;sessile
1052;0.6129724376959894;5.083074309121625;0.1079996510512082;stamens_12;erect;petals_purple;inflorescence_spikelike
1053;0.6129724376959894;5.083074309121625;0.1079996510512082;stamens_12;erect;sessile;petals_purple
1054;0.6129724376959894;5.083074309121625;0.1079996510512082;floral_tube_cylindrical;alternate_distally;erect;leaves_opposite
1055;0.6129724376959894;5.083074309121625;0.1079996510512082;floral_tube_cylindrical;alternate_distally;erect;with_flowers_in_whorled_clusters
1056;0.6129724376959894;5.083074309121625;0.1079996510512082;floral_tube_cylindrical;erect;leaves_opposite;inflorescence_spikelike
1057;0.6129724376959894;5.083074309121625;0.1079996510512082;floral_tube_cylindrical;alternate_distally;erect;sessile
1058;0.6129724376959894;5.083074309121625;0.1079996510512082;floral_tube_cylindrical;erect;sessile;inflorescence_spikelike
1059;0.6129724376959894;5.083074309121625;0.1079996510512082;stamens_12;erect;leaves_opposite;with_flowers_in_whorled_clusters
1060;0.6129724376959894;5.083074309121625;0.1079996510512082;alternate_distally;stamens_12;erect;petals_purple
1061;0.6129724376959894;5.083074309121625;0.1079996510512082;stamens_12;erect;with_flowers_in_whorled_clusters;sessile
1062;0.6104813778890035;5.06241719417047;0.1205908866207217;leaves_opposite;with_flowers_in_whorled_clusters;sessile;petals_purple
1063;0.6129724376959894;5.083074309121625;0.1079996510512082;stamens_12;erect;leaves_opposite;petals_purple
1064;0.6129724376959894;5.083074309121625;0.1079996510512082;stamens_12;erect;with_flowers_in_whorled_clusters;petals_purple
1065;0.6104813778890035;5.06241719417047;0.1205908866207217;alternate_distally;with_flowers_in_whorled_clusters;sessile;petals_purple
1066;0.6104813778890035;5.06241719417047;0.1205908866207217;alternate_distally;leaves_opposite;with_flowers_in_whorled_clusters;petals_purple
1067;0.6104813778890035;5.06241719417047;0.1205908866207217;alternate_distally;leaves_opposite;with_flowers_in_whorled_clusters;sessile
1068;0.6129724376959894;5.083074309121625;0.1079996510512082;alternate_distally;stamens_12;erect;with_flowers_in_whorled_clusters
1069;0.6129724376959894;5.083074309121625;0.1079996510512082;alternate_distally;erect;leaves_opposite;with_flowers_in_whorled_clusters
1070;0.6129724376959894;5.083074309121625;0.1079996510512082;alternate_distally;erect;leaves_opposite;inflorescence_spikelike
1071;0.6104813778890035;5.06241719417047;0.1205908866207217;alternate_distally;calyx_with_alternate_long_and_small_teeth;stamens_12;with_flowers_in_whorled_clusters
1072;0.6129724376959894;5.083074309121625;0.1079996510512082;floral_tube_cylindrical;calyx_with_alternate_long_and_small_teeth;stamens_12;erect
1073;0.6129724376959894;5.083074309121625;0.1079996510512082;calyx_with_alternate_long_and_small_teeth;stamens_12;erect;leaves_opposite
1074;0.6129724376959894;5.083074309121625;0.1079996510512082;alternate_distally;erect;with_flowers_in_whorled_clusters;sessile
1075;0.6129724376959894;5.083074309121625;0.1079996510512082;alternate_distally;erect;leaves_opposite;with_flowers_in_whorled_clusters
1076;0.6129724376959894;5.083074309121625;0.1079996510512082;alternate_distally;erect;leaves_opposite;with_flowers_in_whorled_clusters
1077;0.6129724376959894;5.083074309121625;0.1079996510512082;floral_tube_cylindrical;stamens_12;erect;with_flowers_in_whorled_clusters
1078;0.6129724376959894;5.083074309121625;0.1079996510512082;erect;leaves_opposite;with_flowers_in_whorled_clusters;sessile
1079;0.6129724376959894;5.083074309121625;0.1079996510512082;floral_tube_cylindrical;calyx_with_alternate_long_and_small_teeth;stamens_12;erect
1080;0.6129724376959894;5.083074309121625;0.1079996510512082;floral_tube_cylindrical;alternate_distally;calyx_with_alternate_long_and_small_teeth;stamens_12
1081;0.6129724376959894;5.083074309121625;0.1079996510512082;floral_tube_cylindrical;calyx_with_alternate_long_and_small_teeth;stamens_12;erect
1082;0.6129724376959894;5.083074309121625;0.1079996510512082;alternate_distally;calyx_with_alternate_long_and_small_teeth;stamens_12;erect
1083;0.6129724376959894;5.083074309121625;0.1079996510512082;floral_tube_cylindrical;alternate_distally;calyx_with_alternate_long_and_small_teeth;erect
1084;0.6129724376959894;5.083074309121625;0.1079996510512082;floral_tube_cylindrical;alternate_distally;calyx_with_alternate_long_and_small_teeth;erect
1085;0.6129724376959894;5.083074309121625;0.1079996510512082;floral_tube_cylindrical;alternate_distally;erect;leaves_opposite
1086;0.6129724376959894;5.083074309121625;0.1079996510512082;calyx_with_alternate_long_and_small_teeth;stamens_12;erect;with_flowers_in_whorled_clusters
1087;0.6129724376959894;5.083074309121625;0.1079996510512082;floral_tube_cylindrical;alternate_distally;erect;with_flowers_in_whorled_clusters
1088;0.6129724376959894;5.083074309121625;0.1079996510512082;floral_tube_cylindrical;alternate_distally;stamens_12;erect
1089;0.6129724376959894;5.083074309121625;0.1079996510512082;floral_tube_cylindrical;stamens_12;erect;with_flowers_in_whorled_clusters
1090;0.6133483073961173;4.506930543385701;0.1111692692430719;erect;calyx_with_alternate_long_and_small_teeth;;
1091;0.6129724376959894;5.083074309121625;0.1079996510512082;calyx_with_alternate_long_and_small_teeth;erect;leaves_opposite;with_flowers_in_whorled_clusters
1092;0.6129724376959894;5.083074309121625;0.1079996510512082;floral_tube_cylindrical;calyx_with_alternate_long_and_small_teeth;erect;with_flowers_in_whorled_clusters
1093;0.6129724376959894;5.083074309121625;0.1079996510512082;floral_tube_cylindrical;calyx_with_alternate_long_and_small_teeth;erect;with_flowers_in_whorled_clusters
1094;0.6129724376959894;5.083074309121625;0.1079996510512082;floral_tube_cylindrical;erect;with_flowers_in_whorled_clusters;petals_purple
1095;0.6129724376959894;5.083074309121625;0.1079996510512082;floral_tube_cylindrical;calyx_with_alternate_long_and_small_teeth;erect;sessile
1096;0.6129724376959894;5.083074309121625;0.1079996510512082;floral_tube_cylindrical;alternate_distally;calyx_with_alternate_long_and_small_teeth;stamens_12
1097;0.6129724376959894;5.083074309121625;0.1079996510512082;calyx_with_alternate_long_and_small_teeth;erect;with_flowers_in_whorled_clusters;sessile
1098;0.6129724376959894;5.083074309121625;0.1079996510512082;floral_tube_cylindrical;calyx_with_alternate_long_and_small_teeth;erect;petals_purple
1099;0.6129724376959894;5.083074309121625;0.1079996510512082;alternate_distally;calyx_with_alternate_long_and_small_teeth;erect;with_flowers_in_whorled_clusters
1100;0.6129724376959894;5.083074309121625;0.1079996510512082;calyx_with_alternate_long_and_small_teeth;erect;with_flowers_in_whorled_clusters;petals_purple
1101;0.6129724376959894;5.083074309121625;0.1079996510512082;floral_tube_cylindrical;calyx_with_alternate_long_and_small_teeth;stamens_12;erect
1102;0.6129724376959894;5.083074309121625;0.1079996510512082;floral_tube_cylindrical;calyx_with_alternate_long_and_small_teeth;stamens_12;erect
1103;0.6129724376959894;5.083074309121625;0.1079996510512082;floral_tube_cylindrical;stamens_12;erect;leaves_opposite
1104;0.6129724376959894;5.083074309121625;0.1079996510512082;floral_tube_cylindrical;alternate_distally;calyx_with_alternate_long_and_small_teeth;erect
1105;0.6129724376959894;5.083074309121625;0.1079996510512082;floral_tube_cylindrical;calyx_with_alternate_long_and_small_teeth;erect;leaves_opposite
1106;0.6129724376959894;5.083074309121625;0.1079996510512082;floral_tube_cylindrical;calyx_with_alternate_long_and_small_teeth;erect;leaves_opposite
1107;0.6129724376959894;5.083074309121625;0.1079996510512082;floral_tube_cylindrical;erect;leaves_opposite;with_flowers_in_whorled_clusters
1108;0.6133483073961173;4.506930543385701;0.1111692692430719;stamens_12;erect;;
1109;0.6133483073961173;4.506930543385701;0.1111692692430719;erect;with_flowers_in_whorled_clusters;calyx_with_alternate_long_and_small_teeth;
1110;0.6133483073961173;4.506930543385701;0.1111692692430719;stamens_12;erect;with_flowers_in_whorled_clusters;
1111;0.6129724376959894;5.083074309121625;0.1079996510512082;alternate_distally;stamens_12;erect;with_flowers_in_whorled_clusters
1112;0.6129724376959894;5.083074309121625;0.1079996510512082;alternate_distally;calyx_with_alternate_long_and_small_teeth;stamens_12;erect
1113;0.6129724376959894;5.083074309121625;0.1079996510512082;stamens_12;erect;with_flowers_in_whorled_clusters;sessile
1114;0.6129724376959894;5.083074309121625;0.1079996510512082;stamens_12;erect;leaves_opposite;with_flowers_in_whorled_clusters
1115;0.6129724376959894;5.083074309121625;0.1079996510512082;alternate_distally;erect;leaves_opposite;with_flowers_in_whorled_clusters
1116;0.6129724376959894;5.083074309121625;0.1079996510512082;alternate_distally;erect;with_flowers_in_whorled_clusters;sessile
1117;0.6133483073961173;4.506930543385701;0.1111692692430719;stamens_12;erect;calyx_with_alternate_long_and_small_teeth;
1118;0.6129724376959894;5.083074309121625;0.1079996510512082;calyx_with_alternate_long_and_small_teeth;stamens_12;erect;with_flowers_in_whorled_clusters
1119;0.6129724376959894;5.083074309121625;0.1079996510512082;calyx_with_alternate_long_and_small_teeth;stamens_12;erect;leaves_opposite
1120;0.6129724376959894;5.083074309121625;0.1079996510512082;erect;leaves_opposite;with_flowers_in_whorled_clusters;sessile
1121;0.6129724376959894;5.083074309121625;0.1079996510512082;calyx_with_alternate_long_and_small_teeth;erect;with_flowers_in_whorled_clusters;sessile
1122;0.6129724376959894;5.083074309121625;0.1079996510512082;alternate_distally;calyx_with_alternate_long_and_small_teeth;erect;with_flowers_in_whorled_clusters
1123;0.6129724376959894;5.083074309121625;0.1079996510512082;erect;leaves_opposite;with_flowers_in_whorled_clusters;petals_purple
1124;0.6129724376959894;5.083074309121625;0.1079996510512082;erect;with_flowers_in_whorled_clusters;sessile;petals_purple
1125;0.6129724376959894;5.083074309121625;0.1079996510512082;calyx_with_alternate_long_and_small_teeth;erect;leaves_opposite;with_flowers_in_whorled_clusters
1126;0.6129724376959894;5.083074309121625;0.1079996510512082;floral_tube_cylindrical;calyx_with_alternate_long_and_small_teeth;erect;leaves_opposite
1127;0.6129724376959894;5.083074309121625;0.1079996510512082;floral_tube_cylindrical;calyx_with_alternate_long_and_small_teeth;erect;with_flowers_in_whorled_clusters
1128;0.6129724376959894;5.083074309121625;0.1079996510512082;floral_tube_cylindrical;erect;leaves_opposite;with_flowers_in_whorled_clusters
1129;0.6129724376959894;5.083074309121625;0.1079996510512082;floral_tube_cylindrical;erect;with_flowers_in_whorled_clusters;sessile
1130;0.6129724376959894;5.083074309121625;0.1079996510512082;floral_tube_cylindrical;alternate_distally;calyx_with_alternate_long_and_small_teeth;erect
1131;0.6129724376959894;5.083074309121625;0.1079996510512082;floral_tube_cylindrical;calyx_with_alternate_long_and_small_teeth;erect;leaves_opposite
1132;0.6129724376959894;5.083074309121625;0.1079996510512082;floral_tube_cylindrical;alternate_distally;calyx_with_alternate_long_and_small_teeth;erect
1133;0.6129724376959894;5.083074309121625;0.1079996510512082;floral_tube_cylindrical;alternate_distally;erect;with_flowers_in_whorled_clusters
1134;0.6129724376959894;5.083074309121625;0.1079996510512082;floral_tube_cylindrical;calyx_with_alternate_long_and_small_teeth;erect;leaves_opposite
1135;0.6129724376959894;5.083074309121625;0.1079996510512082;alternate_distally;calyx_with_alternate_long_and_small_teeth;erect;leaves_opposite
1136;0.6129724376959894;5.083074309121625;0.1079996510512082;calyx_with_alternate_long_and_small_teeth;erect;leaves_opposite;with_flowers_in_whorled_clusters
1137;0.6129724376959894;5.083074309121625;0.1079996510512082;floral_tube_cylindrical;alternate_distally;calyx_with_alternate_long_and_small_teeth;erect
1138;0.6129724376959894;5.083074309121625;0.1079996510512082;floral_tube_cylindrical;calyx_with_alternate_long_and_small_teeth;erect;sessile
1139;0.6133483073961173;4.506930543385701;0.1111692692430719;stamens_12;erect;with_flowers_in_whorled_clusters;calyx_with_alternate_long_and_small_teeth
1140;0.6104813778890035;5.06241719417047;0.1205908866207217;alternate_distally;with_flowers_in_whorled_clusters;petals_purple;inflorescence_spikelike
1141;0.6129724376959894;5.083074309121625;0.1079996510512082;floral_tube_cylindrical;alternate_distally;erect;with_flowers_in_whorled_clusters
1142;0.6129724376959894;5.083074309121625;0.1079996510512082;floral_tube_cylindrical;alternate_distally;calyx_with_alternate_long_and_small_teeth;erect
1143;0.6129724376959894;5.083074309121625;0.1079996510512082;floral_tube_cylindrical;erect;leaves_opposite;petals_purple
1144;0.6129724376959894;5.083074309121625;0.1079996510512082;floral_tube_cylindrical;erect;sessile;petals_purple
1145;0.6129724376959894;5.083074309121625;0.1079996510512082;erect;leaves_opposite;sessile;petals_purple
1146;0.6129724376959894;5.083074309121625;0.1079996510512082;erect;leaves_opposite;with_flowers_in_whorled_clusters;sessile
1147;0.6129724376959894;5.083074309121625;0.1079996510512082;alternate_distally;erect;with_flowers_in_whorled_clusters;sessile
1148;0.6129724376959894;5.083074309121625;0.1079996510512082;alternate_distally;erect;leaves_opposite;sessile
1149;0.6104813778890035;5.06241719417047;0.1205908866207217;floral_tube_cylindrical;calyx_with_alternate_long_and_small_teeth;leaves_opposite;with_flowers_in_whorled_clusters
1150;0.6129724376959894;5.083074309121625;0.1079996510512082;erect;rounded_at_the_base;with_flowers_in_whorled_clusters;calyx_with_alternate_long_and_small_teeth
1151;0.6129724376959894;5.083074309121625;0.1079996510512082;alternate_distally;erect;leaves_opposite;with_flowers_in_whorled_clusters
1152;0.6129724376959894;5.083074309121625;0.1079996510512082;floral_tube_cylindrical;alternate_distally;erect;petals_purple
1153;0.6129724376959894;5.083074309121625;0.1079996510512082;floral_tube_cylindrical;alternate_distally;stamens_12;erect
1154;0.6129724376959894;5.083074309121625;0.1079996510512082;floral_tube_cylindrical;alternate_distally;stamens_12;erect
1155;0.6129724376959894;5.083074309121625;0.1079996510512082;floral_tube_cylindrical;stamens_12;erect;leaves_opposite
1156;0.6129724376959894;5.083074309121625;0.1079996510512082;alternate_distally;erect;leaves_opposite;petals_purple
1157;0.6129724376959894;5.083074309121625;0.1079996510512082;alternate_distally;erect;leaves_opposite;with_flowers_in_whorled_clusters
1158;0.6129724376959894;5.083074309121625;0.1079996510512082;floral_tube_cylindrical;stamens_12;erect;leaves_opposite
1159;0.6104813778890035;5.06241719417047;0.1205908866207217;floral_tube_cylindrical;calyx_with_alternate_long_and_small_teeth;with_flowers_in_whorled_clusters;sessile
1160;0.6104813778890035;5.06241719417047;0.1205908866207217;floral_tube_cylindrical;stamens_12;with_flowers_in_whorled_clusters;sessile
1161;0.6129724376959894;5.083074309121625;0.1079996510512082;alternate_distally;erect;sessile;inflorescence_spikelike
1162;0.6129724376959894;5.083074309121625;0.1079996510512082;calyx_with_alternate_long_and_small_teeth;erect;leaves_opposite;sessile
1163;0.6104813778890035;5.06241719417047;0.1205908866207217;calyx_with_alternate_long_and_small_teeth;stamens_12;with_flowers_in_whorled_clusters;sessile
1164;0.6129724376959894;5.083074309121625;0.1079996510512082;floral_tube_cylindrical;stamens_12;erect;leaves_opposite
1165;0.6104813778890035;5.06241719417047;0.1205908866207217;floral_tube_cylindrical;stamens_12;with_flowers_in_whorled_clusters;petals_purple
1166;0.6104813778890035;5.06241719417047;0.1205908866207217;floral_tube_cylindrical;calyx_with_alternate_long_and_small_teeth;with_flowers_in_whorled_clusters;petals_purple
1167;0.6104813778890035;5.06241719417047;0.1205908866207217;floral_tube_cylindrical;stamens_12;leaves_opposite;with_flowers_in_whorled_clusters
1168;0.6129724376959894;5.083074309121625;0.1079996510512082;floral_tube_cylindrical;stamens_12;erect;sessile
1169;0.6104813778890035;5.06241719417047;0.1205908866207217;calyx_with_alternate_long_and_small_teeth;stamens_12;leaves_opposite;with_flowers_in_whorled_clusters
1170;0.6129724376959894;5.083074309121625;0.1079996510512082;floral_tube_cylindrical;stamens_12;erect;petals_purple
1171;0.6104813778890035;5.06241719417047;0.1205908866207217;floral_tube_cylindrical;alternate_distally;stamens_12;with_flowers_in_whorled_clusters
1172;0.6104813778890035;5.06241719417047;0.1205908866207217;floral_tube_cylindrical;alternate_distally;calyx_with_alternate_long_and_small_teeth;with_flowers_in_whorled_clusters
1173;0.6129724376959894;5.083074309121625;0.1079996510512082;floral_tube_cylindrical;alternate_distally;erect;leaves_opposite
1174;0.6129724376959894;5.083074309121625;0.1079996510512082;floral_tube_cylindrical;alternate_distally;erect;sessile
1175;0.6129724376959894;5.083074309121625;0.1079996510512082;floral_tube_cylindrical;alternate_distally;stamens_12;erect
1176;0.6129724376959894;5.083074309121625;0.1079996510512082;stamens_12;erect;rounded_at_the_base;
1177;0.6129724376959894;5.083074309121625;0.1079996510512082;floral_tube_cylindrical;stamens_12;erect;sessile
1178;0.6129724376959894;5.083074309121625;0.1079996510512082;floral_tube_cylindrical;alternate_distally;stamens_12;erect
1179;0.6129724376959894;5.083074309121625;0.1079996510512082;alternate_distally;stamens_12;erect;sessile
1180;0.6129724376959894;5.083074309121625;0.1079996510512082;stamens_12;erect;leaves_opposite;sessile
1181;0.6129724376959894;5.083074309121625;0.1079996510512082;floral_tube_cylindrical;calyx_with_alternate_long_and_small_teeth;erect;leaves_opposite
1182;0.6129724376959894;5.083074309121625;0.1079996510512082;floral_tube_cylindrical;calyx_with_alternate_long_and_small_teeth;erect;leaves_opposite
1183;0.6104813778890035;5.06241719417047;0.1205908866207217;alternate_distally;leaves_opposite;with_flowers_in_whorled_clusters;petals_purple
1184;0.6104813778890035;5.06241719417047;0.1205908866207217;alternate_distally;with_flowers_in_whorled_clusters;sessile;petals_purple
1185;0.6129724376959894;5.083074309121625;0.1079996510512082;alternate_distally;stamens_12;erect;leaves_opposite
1186;0.6129724376959894;5.083074309121625;0.1079996510512082;floral_tube_cylindrical;calyx_with_alternate_long_and_small_teeth;erect;with_flowers_in_whorled_clusters
1187;0.6104813778890035;5.06241719417047;0.1205908866207217;leaves_opposite;with_flowers_in_whorled_clusters;sessile;petals_purple
1188;0.6129724376959894;5.083074309121625;0.1079996510512082;floral_tube_cylindrical;erect;leaves_opposite;with_flowers_in_whorled_clusters
1189;0.6129724376959894;5.083074309121625;0.1079996510512082;floral_tube_cylindrical;erect;with_flowers_in_whorled_clusters;sessile
1190;0.6104813778890035;5.06241719417047;0.1205908866207217;leaves_opposite;with_flowers_in_whorled_clusters;petals_purple;inflorescence_spikelike
1191;0.6104813778890035;5.06241719417047;0.1205908866207217;with_flowers_in_whorled_clusters;sessile;petals_purple;inflorescence_spikelike
1192;0.6129724376959894;5.083074309121625;0.1079996510512082;floral_tube_cylindrical;alternate_distally;calyx_with_alternate_long_and_small_teeth;erect
1193;0.6129724376959894;5.083074309121625;0.1079996510512082;floral_tube_cylindrical;calyx_with_alternate_long_and_small_teeth;erect;with_flowers_in_whorled_clusters
1194;0.6104813778890035;5.06241719417047;0.1205908866207217;calyx_with_alternate_long_and_small_teeth;stamens_12;with_flowers_in_whorled_clusters;petals_purple
1195;0.6129724376959894;5.083074309121625;0.1079996510512082;alternate_distally;stamens_12;erect;leaves_opposite
1196;0.6129724376959894;5.083074309121625;0.1079996510512082;alternate_distally;erect;sessile;petals_purple
1197;0.6129724376959894;5.083074309121625;0.1079996510512082;floral_tube_cylindrical;alternate_distally;erect;leaves_opposite
1198;0.6129724376959894;5.083074309121625;0.1079996510512082;floral_tube_cylindrical;alternate_distally;erect;leaves_opposite
1199;0.6129724376959894;5.083074309121625;0.1079996510512082;floral_tube_cylindrical;alternate_distally;erect;sessile
1200;0.6129724376959894;5.083074309121625;0.1079996510512082;floral_tube_cylindrical;erect;leaves_opposite;sessile
1201;0.6129724376959894;5.083074309121625;0.1079996510512082;alternate_distally;stamens_12;erect;leaves_opposite
1202;0.6129724376959894;5.083074309121625;0.1079996510512082;alternate_distally;stamens_12;erect;sessile
1203;0.6129724376959894;5.083074309121625;0.1079996510512082;erect;leaves_opposite;sessile;petals_purple
1204;0.6129724376959894;5.083074309121625;0.1079996510512082;erect;rounded_at_the_base;calyx_with_alternate_long_and_small_teeth;
1205;0.6129724376959894;5.083074309121625;0.1079996510512082;stamens_12;erect;leaves_opposite;petals_purple
1206;0.6129724376959894;5.083074309121625;0.1079996510512082;stamens_12;erect;sessile;petals_purple
1207;0.6129724376959894;5.083074309121625;0.1079996510512082;alternate_distally;stamens_12;erect;petals_purple
1208;0.6129724376959894;5.083074309121625;0.1079996510512082;alternate_distally;erect;leaves_opposite;sessile
1209;0.6129724376959894;5.083074309121625;0.1079996510512082;alternate_distally;erect;leaves_opposite;petals_purple
1210;0.6129724376959894;5.083074309121625;0.1079996510512082;erect;with_flowers_in_whorled_clusters;rounded_at_the_base;
1211;0.6129724376959894;5.083074309121625;0.1079996510512082;stamens_12;erect;leaves_opposite;sessile
1212;0.6129724376959894;5.083074309121625;0.1079996510512082;alternate_distally;calyx_with_alternate_long_and_small_teeth;erect;with_flowers_in_whorled_clusters
1213;0.6129724376959894;5.083074309121625;0.1079996510512082;calyx_with_alternate_long_and_small_teeth;stamens_12;erect;with_flowers_in_whorled_clusters
1214;0.6129724376959894;5.083074309121625;0.1079996510512082;erect;inflorescence_spikelike;rounded_at_the_base;
1215;0.6129724376959894;5.083074309121625;0.1079996510512082;sessile;erect;calyx_with_alternate_long_and_small_teeth;
1216;0.6129724376959894;5.083074309121625;0.1079996510512082;erect;alternate_distally;calyx_with_alternate_long_and_small_teeth;
1217;0.6129724376959894;5.083074309121625;0.1079996510512082;floral_tube_cylindrical;alternate_distally;erect;
1218;0.6129724376959894;5.083074309121625;0.1079996510512082;floral_tube_cylindrical;erect;rounded_at_the_base;
1219;0.6129724376959894;5.083074309121625;0.1079996510512082;erect;alternate_distally;petals_purple;
1220;0.6129724376959894;5.083074309121625;0.1079996510512082;erect;petals_purple;rounded_at_the_base;
1221;0.6129724376959894;5.083074309121625;0.1079996510512082;erect;leaves_opposite;calyx_with_alternate_long_and_small_teeth;
1222;0.6129724376959894;5.083074309121625;0.1079996510512082;stamens_12;erect;leaves_opposite;
1223;0.6129724376959894;5.083074309121625;0.1079996510512082;stamens_12;erect;alternate_distally;
1224;0.6129724376959894;5.083074309121625;0.1079996510512082;erect;leaves_opposite;with_flowers_in_whorled_clusters;calyx_with_alternate_long_and_small_teeth
1225;0.6104813778890035;4.485864124834389;0.1205908866207217;alternate_distally;leaves_opposite;with_flowers_in_whorled_clusters;sessile
1226;0.6104813778890035;5.06241719417047;0.1205908866207217;alternate_distally;calyx_with_alternate_long_and_small_teeth;leaves_opposite;with_flowers_in_whorled_clusters
1227;0.6129724376959894;5.083074309121625;0.1079996510512082;sessile;erect;with_flowers_in_whorled_clusters;calyx_with_alternate_long_and_small_teeth
1228;0.6129724376959894;5.083074309121625;0.1079996510512082;inflorescence_spikelike;erect;leaves_opposite;with_flowers_in_whorled_clusters
1229;0.6129724376959894;5.083074309121625;0.1079996510512082;stamens_12;erect;sessile;
1230;0.6133483073961173;4.506930543385701;0.1111692692430719;stamens_12;floral_tube_cylindrical;erect;petals_purple
1231;0.6129724376959894;5.083074309121625;0.1079996510512082;calyx_with_alternate_long_and_small_teeth;stamens_12;erect;inflorescence_spikelike
1232;0.6129724376959894;5.083074309121625;0.1079996510512082;erect;inflorescence_spikelike;sessile;
1233;0.6133483073961173;4.506930543385701;0.1111692692430719;floral_tube_cylindrical;calyx_with_alternate_long_and_small_teeth;erect;petals_purple
1234;0.6104813778890035;4.485864124834389;0.1205908866207217;floral_tube_cylindrical;alternate_distally;stamens_12;leaves_opposite
1235;0.6133483073961173;4.506930543385701;0.1111692692430719;floral_tube_cylindrical;stamens_12;erect;petals_purple
1236;0.6133483073961173;4.506930543385701;0.1111692692430719;floral_tube_cylindrical;calyx_with_alternate_long_and_small_teeth;stamens_12;erect
1237;0.6133483073961173;4.506930543385701;0.1111692692430719;floral_tube_cylindrical;calyx_with_alternate_long_and_small_teeth;erect;with_flowers_in_whorled_clusters
1238;0.6104813778890035;5.06241719417047;0.1205908866207217;floral_tube_cylindrical;alternate_distally;leaves_opposite;with_flowers_in_whorled_clusters
1239;0.6129724376959894;5.083074309121625;0.1079996510512082;inflorescence_spikelike;erect;alternate_distally;
1240;0.6133483073961173;3.929291159285596;0.1111692692430719;calyx_with_alternate_long_and_small_teeth;stamens_12;erect;petals_purple
1241;0.6104813778890035;4.485864124834389;0.1205908866207217;alternate_distally;stamens_12;leaves_opposite;with_flowers_in_whorled_clusters
1242;0.6104813778890035;4.485864124834389;0.1205908866207217;alternate_distally;calyx_with_alternate_long_and_small_teeth;leaves_opposite;with_flowers_in_whorled_clusters
1243;0.6133483073961173;3.929291159285596;0.1111692692430719;calyx_with_alternate_long_and_small_teeth;stamens_12;erect;with_flowers_in_whorled_clusters
1244;0.6129724376959894;5.083074309121625;0.1079996510512082;erect;alternate_distally;with_flowers_in_whorled_clusters;
1245;0.6129724376959894;5.083074309121625;0.1079996510512082;inflorescence_spikelike;erect;leaves_opposite;
1246;0.6104813778890035;4.485864124834389;0.1205908866207217;floral_tube_cylindrical;alternate_distally;leaves_opposite;with_flowers_in_whorled_clusters
1247;0.6133483073961173;4.506930543385701;0.1111692692430719;floral_tube_cylindrical;calyx_with_alternate_long_and_small_teeth;stamens_12;erect
1248;0.6133483073961173;3.929291159285596;0.1111692692430719;floral_tube_cylindrical;calyx_with_alternate_long_and_small_teeth;stamens_12;erect
1249;0.6129724376959894;5.083074309121625;0.1079996510512082;erect;inflorescence_spikelike;with_flowers_in_whorled_clusters;sessile
1250;0.6129724376959894;5.083074309121625;0.1079996510512082;inflorescence_spikelike;erect;alternate_distally;with_flowers_in_whorled_clusters
1251;0.6129724376959894;5.083074309121625;0.1079996510512082;erect;petals_purple;with_flowers_in_whorled_clusters;rounded_at_the_base
1252;0.6129724376959894;5.083074309121625;0.1079996510512082;erect;inflorescence_spikelike;petals_purple;sessile
1253;0.6129724376959894;5.083074309121625;0.1079996510512082;inflorescence_spikelike;erect;alternate_distally;petals_purple
1254;0.6133483073961173;4.506930543385701;0.1111692692430719;stamens_12;erect;petals_purple;
1255;0.6133483073961173;4.506930543385701;0.1111692692430719;stamens_12;floral_tube_cylindrical;erect;
1256;0.6129724376959894;5.083074309121625;0.1079996510512082;erect;inflorescence_spikelike;petals_purple;rounded_at_the_base
1257;0.6129724376959894;5.083074309121625;0.1079996510512082;inflorescence_spikelike;erect;leaves_opposite;petals_purple
1258;0.6104813778890035;5.06241719417047;0.1205908866207217;calyx_with_alternate_long_and_small_teeth;stamens_12;leaves_opposite;with_flowers_in_whorled_clusters
1259;0.6104813778890035;5.06241719417047;0.1205908866207217;floral_tube_cylindrical;stamens_12;leaves_opposite;with_flowers_in_whorled_clusters
1260;0.6104813778890035;5.06241719417047;0.1205908866207217;floral_tube_cylindrical;calyx_with_alternate_long_and_small_teeth;leaves_opposite;with_flowers_in_whorled_clusters
1261;0.6129724376959894;5.083074309121625;0.1079996510512082;stamens_12;erect;leaves_opposite;with_flowers_in_whorled_clusters
1262;0.6129724376959894;5.083074309121625;0.1079996510512082;stamens_12;erect;with_flowers_in_whorled_clusters;sessile
1263;0.6133483073961173;4.506930543385701;0.1111692692430719;erect;petals_purple;with_flowers_in_whorled_clusters;
1264;0.6129724376959894;5.083074309121625;0.1079996510512082;stamens_12;erect;alternate_distally;with_flowers_in_whorled_clusters
1265;0.6104813778890035;5.06241719417047;0.1205908866207217;alternate_distally;calyx_with_alternate_long_and_small_teeth;stamens_12;leaves_opposite
1266;0.6129724376959894;5.083074309121625;0.1079996510512082;erect;alternate_distally;with_flowers_in_whorled_clusters;calyx_with_alternate_long_and_small_teeth
1267;0.6129724376959894;5.083074309121625;0.1079996510512082;erect;alternate_distally;petals_purple;with_flowers_in_whorled_clusters
1268;0.6129724376959894;5.083074309121625;0.1079996510512082;erect;leaves_opposite;petals_purple;with_flowers_in_whorled_clusters
1269;0.6129724376959894;5.083074309121625;0.1079996510512082;inflorescence_spikelike;erect;leaves_opposite;calyx_with_alternate_long_and_small_teeth
1270;0.6129724376959894;5.083074309121625;0.1079996510512082;erect;inflorescence_spikelike;with_flowers_in_whorled_clusters;rounded_at_the_base
1271;0.6129724376959894;5.083074309121625;0.1079996510512082;sessile;erect;inflorescence_spikelike;calyx_with_alternate_long_and_small_teeth
1272;0.6129724376959894;5.083074309121625;0.1079996510512082;inflorescence_spikelike;erect;alternate_distally;calyx_with_alternate_long_and_small_teeth
1273;0.6129724376959894;5.083074309121625;0.1079996510512082;erect;inflorescence_spikelike;rounded_at_the_base;calyx_with_alternate_long_and_small_teeth
1274;0.6129724376959894;5.083074309121625;0.1079996510512082;floral_tube_cylindrical;alternate_distally;with_flowers_in_whorled_clusters;erect
1275;0.6129724376959894;5.083074309121625;0.1079996510512082;erect;petals_purple;with_flowers_in_whorled_clusters;sessile
1276;0.6129724376959894;5.083074309121625;0.1079996510512082;leaves_opposite;inflorescence_spikelike;floral_tube_cylindrical;erect
1277;0.6133483073961173;4.506930543385701;0.1111692692430719;stamens_12;floral_tube_cylindrical;erect;with_flowers_in_whorled_clusters
1278;0.6133483073961173;4.506930543385701;0.1111692692430719;floral_tube_cylindrical;erect;petals_purple;with_flowers_in_whorled_clusters
1279;0.6129724376959894;5.083074309121625;0.1079996510512082;floral_tube_cylindrical;erect;with_flowers_in_whorled_clusters;rounded_at_the_base
1280;0.6129724376959894;5.083074309121625;0.1079996510512082;inflorescence_spikelike;floral_tube_cylindrical;erect;sessile
1281;0.6129724376959894;5.083074309121625;0.1079996510512082;inflorescence_spikelike;floral_tube_cylindrical;alternate_distally;erect
1282;0.6129724376959894;5.083074309121625;0.1079996510512082;inflorescence_spikelike;floral_tube_cylindrical;erect;rounded_at_the_base
1283;0.6133483073961173;4.506930543385701;0.1111692692430719;stamens_12;erect;petals_purple;with_flowers_in_whorled_clusters
1284;0.6104813778890035;4.40491903152013;0.1205908866207217;alternate_distally;calyx_with_alternate_long_and_small_teeth;stamens_12;with_flowers_in_whorled_clusters
1285;0.6133483073961173;4.506930543385701;0.1111692692430719;floral_tube_cylindrical;stamens_12;erect;with_flowers_in_whorled_clusters
1286;0.6104813778890035;5.06241719417047;0.1205908866207217;floral_tube_cylindrical;alternate_distally;stamens_12;with_flowers_in_whorled_clusters
1287;0.6133483073961173;4.506930543385701;0.1111692692430719;floral_tube_cylindrical;calyx_with_alternate_long_and_small_teeth;erect;with_flowers_in_whorled_clusters
1288;0.6133483073961173;4.506930543385701;0.1111692692430719;stamens_12;erect;inflorescence_spikelike;petals_purple
1289;0.6129724376959894;5.083074309121625;0.1079996510512082;calyx_with_alternate_long_and_small_teeth;stamens_12;erect;with_flowers_in_whorled_clusters
1290;0.6133483073961173;4.506930543385701;0.1111692692430719;erect;inflorescence_spikelike;petals_purple;calyx_with_alternate_long_and_small_teeth
1291;0.6133483073961173;4.506930543385701;0.1111692692430719;stamens_12;erect;inflorescence_spikelike;calyx_with_alternate_long_and_small_teeth
1292;0.6133483073961173;4.506930543385701;0.1111692692430719;stamens_12;erect;petals_purple;calyx_with_alternate_long_and_small_teeth
1293;0.6133483073961173;4.506930543385701;0.1111692692430719;stamens_12;inflorescence_spikelike;floral_tube_cylindrical;erect
1294;0.6133483073961173;4.506930543385701;0.1111692692430719;stamens_12;floral_tube_cylindrical;erect;calyx_with_alternate_long_and_small_teeth
1295;0.6133483073961173;4.506930543385701;0.1111692692430719;inflorescence_spikelike;floral_tube_cylindrical;erect;petals_purple
1296;0.6133483073961173;4.506930543385701;0.1111692692430719;inflorescence_spikelike;floral_tube_cylindrical;erect;calyx_with_alternate_long_and_small_teeth
1297;0.6133483073961173;4.506930543385701;0.1111692692430719;floral_tube_cylindrical;erect;petals_purple;calyx_with_alternate_long_and_small_teeth
1298;0.6129724376959894;4.504168623916107;0.1079996510512082;alternate_distally;erect;leaves_opposite;with_flowers_in_whorled_clusters
1299;0.6133483073961173;4.506930543385701;0.1111692692430719;stamens_12;erect;inflorescence_spikelike;with_flowers_in_whorled_clusters
1300;0.6129724376959894;4.504168623916107;0.1079996510512082;alternate_distally;erect;leaves_opposite;sessile
1301;0.6104813778890035;5.06241719417047;0.1205908866207217;floral_tube_cylindrical;alternate_distally;calyx_with_alternate_long_and_small_teeth;leaves_opposite
1302;0.6129724376959894;4.504168623916107;0.1079996510512082;alternate_distally;erect;leaves_opposite;sessile
1303;0.6133483073961173;4.506930543385701;0.1111692692430719;erect;inflorescence_spikelike;with_flowers_in_whorled_clusters;calyx_with_alternate_long_and_small_teeth
1304;0.6133483073961173;4.506930543385701;0.1111692692430719;erect;petals_purple;with_flowers_in_whorled_clusters;calyx_with_alternate_long_and_small_teeth
1305;0.6133483073961173;4.506930543385701;0.1111692692430719;inflorescence_spikelike;floral_tube_cylindrical;erect;with_flowers_in_whorled_clusters
1306;0.6129724376959894;4.504168623916107;0.1079996510512082;alternate_distally;erect;leaves_opposite;with_flowers_in_whorled_clusters
1307;0.6133483073961173;4.506930543385701;0.1111692692430719;floral_tube_cylindrical;erect;with_flowers_in_whorled_clusters;calyx_with_alternate_long_and_small_teeth
1308;0.6129724376959894;4.504168623916107;0.1079996510512082;alternate_distally;erect;leaves_opposite;with_flowers_in_whorled_clusters
1309;0.6133483073961173;4.506930543385701;0.1111692692430719;stamens_12;erect;inflorescence_spikelike;
1310;0.6133483073961173;4.506930543385701;0.1111692692430719;erect;inflorescence_spikelike;petals_purple;
1311;0.6133483073961173;4.506930543385701;0.1111692692430719;erect;inflorescence_spikelike;calyx_with_alternate_long_and_small_teeth;
1312;0.6129724376959894;4.504168623916107;0.1079996510512082;alternate_distally;erect;leaves_opposite;sessile
1313;0.6133483073961173;4.506930543385701;0.1111692692430719;erect;petals_purple;calyx_with_alternate_long_and_small_teeth;
1314;0.6133483073961173;4.506930543385701;0.1111692692430719;inflorescence_spikelike;floral_tube_cylindrical;erect;
1315;0.6133483073961173;4.506930543385701;0.1111692692430719;floral_tube_cylindrical;erect;calyx_with_alternate_long_and_small_teeth;
1316;0.6133483073961173;4.506930543385701;0.1111692692430719;erect;inflorescence_spikelike;with_flowers_in_whorled_clusters;
1317;0.6133483073961173;4.506930543385701;0.1111692692430719;erect;inflorescence_spikelike;petals_purple;with_flowers_in_whorled_clusters
1318;0.6133483073961173;4.506930543385701;0.1111692692430719;floral_tube_cylindrical;calyx_with_alternate_long_and_small_teeth;stamens_12;erect
1319;0.6133483073961173;4.506930543385701;0.1111692692430719;floral_tube_cylindrical;calyx_with_alternate_long_and_small_teeth;erect;with_flowers_in_whorled_clusters
1320;0.6133483073961173;4.506930543385701;0.1111692692430719;floral_tube_cylindrical;calyx_with_alternate_long_and_small_teeth;stamens_12;erect
1321;0.6133483073961173;4.506930543385701;0.1111692692430719;stamens_12;erect;with_flowers_in_whorled_clusters;petals_purple
1322;0.6104813778890035;5.06241719417047;0.1205908866207217;petals_purple;inflorescence_spikelike;with_flowers_in_whorled_clusters;rounded_at_the_base
1323;0.6133483073961173;4.506930543385701;0.1111692692430719;calyx_with_alternate_long_and_small_teeth;erect;with_flowers_in_whorled_clusters;petals_purple
1324;0.6104813778890035;4.40491903152013;0.1205908866207217;alternate_distally;calyx_with_alternate_long_and_small_teeth;stamens_12;leaves_opposite
1325;0.6133483073961173;4.506930543385701;0.1111692692430719;floral_tube_cylindrical;calyx_with_alternate_long_and_small_teeth;stamens_12;erect
1326;0.6104813778890035;4.40491903152013;0.1205908866207217;alternate_distally;calyx_with_alternate_long_and_small_teeth;stamens_12;with_flowers_in_whorled_clusters
1327;0.6133483073961173;4.506930543385701;0.1111692692430719;calyx_with_alternate_long_and_small_teeth;stamens_12;erect;with_flowers_in_whorled_clusters
1328;0.6133483073961173;4.506930543385701;0.1111692692430719;floral_tube_cylindrical;stamens_12;erect;with_flowers_in_whorled_clusters
1329;0.6104813778890035;5.06241719417047;0.1205908866207217;floral_tube_cylindrical;alternate_distally;calyx_with_alternate_long_and_small_teeth;with_flowers_in_whorled_clusters
1330;0.6133483073961173;4.506930543385701;0.1111692692430719;calyx_with_alternate_long_and_small_teeth;stamens_12;erect;with_flowers_in_whorled_clusters
1331;0.6104813778890035;3.9109247586112033;0.1205908866207217;alternate_distally;calyx_with_alternate_long_and_small_teeth;stamens_12;leaves_opposite
1332;0.6104813778890035;3.198330911673513;0.1205908866207217;floral_tube_cylindrical;calyx_with_alternate_long_and_small_teeth;stamens_12;leaves_opposite
1333;0.6104813778890035;3.198330911673513;0.1205908866207217;floral_tube_cylindrical;calyx_with_alternate_long_and_small_teeth;stamens_12;with_flowers_in_whorled_clusters
1334;0.6104813778890035;3.198330911673513;0.1205908866207217;floral_tube_cylindrical;alternate_distally;calyx_with_alternate_long_and_small_teeth;stamens_12
1335;0.6133483073961173;2.3976849997777743;0.1111692692430719;floral_tube_cylindrical;calyx_with_alternate_long_and_small_teeth;stamens_12;erect
1336;0.6104813778890035;3.198330911673513;0.1205908866207217;floral_tube_cylindrical;calyx_with_alternate_long_and_small_teeth;stamens_12;with_flowers_in_whorled_clusters
1337;0.6104813778890035;5.06241719417047;0.1205908866207217;floral_tube_cylindrical;calyx_with_alternate_long_and_small_teeth;leaves_opposite;with_flowers_in_whorled_clusters
1338;0.6104813778890035;3.198330911673513;0.1205908866207217;floral_tube_cylindrical;calyx_with_alternate_long_and_small_teeth;stamens_12;leaves_opposite
1339;0.6104813778890035;3.198330911673513;0.1205908866207217;floral_tube_cylindrical;alternate_distally;calyx_with_alternate_long_and_small_teeth;stamens_12
1340;0.6104813778890035;3.198330911673513;0.1205908866207217;floral_tube_cylindrical;calyx_with_alternate_long_and_small_teeth;stamens_12;leaves_opposite
1341;0.6104813778890035;3.198330911673513;0.1205908866207217;floral_tube_cylindrical;alternate_distally;calyx_with_alternate_long_and_small_teeth;stamens_12
1342;0.6104813778890035;3.198330911673513;0.1205908866207217;floral_tube_cylindrical;calyx_with_alternate_long_and_small_teeth;stamens_12;with_flowers_in_whorled_clusters
1343;0.6104813778890035;5.06241719417047;0.1205908866207217;inflorescence_spikelike;petals_purple;leaves_opposite;with_flowers_in_whorled_clusters
1344;0.6104813778890035;3.198330911673513;0.1205908866207217;floral_tube_cylindrical;alternate_distally;calyx_with_alternate_long_and_small_teeth;stamens_12
1345;0.6104813778890035;3.198330911673513;0.1205908866207217;floral_tube_cylindrical;calyx_with_alternate_long_and_small_teeth;stamens_12;leaves_opposite
1346;0.6104813778890035;5.06241719417047;0.1205908866207217;inflorescence_spikelike;petals_purple;alternate_distally;with_flowers_in_whorled_clusters
1347;0.6104813778890035;2.78802710547476;0.1205908866207217;floral_tube_cylindrical;alternate_distally;calyx_with_alternate_long_and_small_teeth;stamens_12
1348;0.6104813778890035;2.78802710547476;0.1205908866207217;floral_tube_cylindrical;alternate_distally;calyx_with_alternate_long_and_small_teeth;stamens_12
1349;0.6133483073961173;4.506930543385701;0.1111692692430719;floral_tube_cylindrical;stamens_12;erect;with_flowers_in_whorled_clusters
1350;0.6129724376959894;5.083074309121625;0.1079996510512082;floral_tube_cylindrical;calyx_with_alternate_long_and_small_teeth;stamens_12;erect
1351;0.6133483073961173;4.506930543385701;0.1111692692430719;floral_tube_cylindrical;erect;with_flowers_in_whorled_clusters;petals_purple
1352;0.6104813778890035;5.06241719417047;0.1205908866207217;floral_tube_cylindrical;alternate_distally;stamens_12;leaves_opposite
1353;0.6104813778890035;5.06241719417047;0.1205908866207217;floral_tube_cylindrical;alternate_distally;calyx_with_alternate_long_and_small_teeth;leaves_opposite
1354;0.6104813778890035;5.06241719417047;0.1205908866207217;floral_tube_cylindrical;alternate_distally;calyx_with_alternate_long_and_small_teeth;with_flowers_in_whorled_clusters
1355;0.6129724376959894;5.083074309121625;0.1079996510512082;floral_tube_cylindrical;calyx_with_alternate_long_and_small_teeth;erect;with_flowers_in_whorled_clusters
1356;0.6129724376959894;5.083074309121625;0.1079996510512082;calyx_with_alternate_long_and_small_teeth;erect;leaves_opposite;with_flowers_in_whorled_clusters
1357;0.6129724376959894;5.083074309121625;0.1079996510512082;floral_tube_cylindrical;calyx_with_alternate_long_and_small_teeth;erect;leaves_opposite
1358;0.6104813778890035;5.06241719417047;0.1205908866207217;floral_tube_cylindrical;alternate_distally;calyx_with_alternate_long_and_small_teeth;with_flowers_in_whorled_clusters
1359;0.6104813778890035;5.06241719417047;0.1205908866207217;floral_tube_cylindrical;alternate_distally;stamens_12;leaves_opposite
1360;0.6104813778890035;5.06241719417047;0.1205908866207217;floral_tube_cylindrical;alternate_distally;stamens_12;with_flowers_in_whorled_clusters
1361;0.6129724376959894;5.083074309121625;0.1079996510512082;floral_tube_cylindrical;alternate_distally;erect;with_flowers_in_whorled_clusters
1362;0.6129724376959894;5.083074309121625;0.1079996510512082;floral_tube_cylindrical;alternate_distally;calyx_with_alternate_long_and_small_teeth;erect
1363;0.6129724376959894;5.083074309121625;0.1079996510512082;floral_tube_cylindrical;erect;with_flowers_in_whorled_clusters;sessile
1364;0.6104813778890035;2.78802710547476;0.1205908866207217;floral_tube_cylindrical;alternate_distally;calyx_with_alternate_long_and_small_teeth;stamens_12
1365;0.6104813778890035;5.06241719417047;0.1205908866207217;petals_purple;inflorescence_spikelike;with_flowers_in_whorled_clusters;sessile
1366;0.6104813778890035;5.06241719417047;0.1205908866207217;floral_tube_cylindrical;calyx_with_alternate_long_and_small_teeth;leaves_opposite;with_flowers_in_whorled_clusters
1367;0.6104813778890035;5.06241719417047;0.1205908866207217;floral_tube_cylindrical;stamens_12;leaves_opposite;with_flowers_in_whorled_clusters
1368;0.6104813778890035;5.06241719417047;0.1205908866207217;calyx_with_alternate_long_and_small_teeth;stamens_12;leaves_opposite;with_flowers_in_whorled_clusters
1369;0.6129724376959894;5.083074309121625;0.1079996510512082;floral_tube_cylindrical;erect;leaves_opposite;with_flowers_in_whorled_clusters
1370;0.6129724376959894;5.083074309121625;0.1079996510512082;floral_tube_cylindrical;calyx_with_alternate_long_and_small_teeth;erect;with_flowers_in_whorled_clusters
1371;0.6129724376959894;5.083074309121625;0.1079996510512082;floral_tube_cylindrical;calyx_with_alternate_long_and_small_teeth;erect;leaves_opposite
1372;0.6129724376959894;5.083074309121625;0.1079996510512082;stamens_12;erect;alternate_distally;rounded_at_the_base
1373;0.6104813778890035;5.06241719417047;0.1205908866207217;floral_tube_cylindrical;calyx_with_alternate_long_and_small_teeth;with_flowers_in_whorled_clusters;sessile
1374;0.6104813778890035;5.06241719417047;0.1205908866207217;floral_tube_cylindrical;stamens_12;leaves_opposite;with_flowers_in_whorled_clusters
1375;0.6104813778890035;5.06241719417047;0.1205908866207217;floral_tube_cylindrical;stamens_12;with_flowers_in_whorled_clusters;sessile
1376;0.6129724376959894;5.083074309121625;0.1079996510512082;stamens_12;erect;rounded_at_the_base;sessile
1377;0.6129724376959894;5.083074309121625;0.1079996510512082;stamens_12;erect;leaves_opposite;rounded_at_the_base
1378;0.6129724376959894;5.083074309121625;0.1079996510512082;stamens_12;erect;leaves_opposite;sessile
1379;0.6104813778890035;5.06241719417047;0.1205908866207217;floral_tube_cylindrical;alternate_distally;stamens_12;with_flowers_in_whorled_clusters
1380;0.6129724376959894;5.083074309121625;0.1079996510512082;stamens_12;erect;alternate_distally;sessile
1381;0.6104813778890035;5.06241719417047;0.1205908866207217;alternate_distally;calyx_with_alternate_long_and_small_teeth;stamens_12;leaves_opposite
1382;0.6104813778890035;5.06241719417047;0.1205908866207217;calyx_with_alternate_long_and_small_teeth;stamens_12;leaves_opposite;with_flowers_in_whorled_clusters
1383;0.6129724376959894;5.083074309121625;0.1079996510512082;stamens_12;erect;alternate_distally;leaves_opposite
1384;0.6129724376959894;5.083074309121625;0.1079996510512082;floral_tube_cylindrical;erect;with_flowers_in_whorled_clusters;inflorescence_spikelike
1385;0.6129724376959894;5.083074309121625;0.1079996510512082;erect;leaves_opposite;with_flowers_in_whorled_clusters;sessile
1386;0.6129724376959894;5.083074309121625;0.1079996510512082;floral_tube_cylindrical;calyx_with_alternate_long_and_small_teeth;erect;sessile
1387;0.6129724376959894;5.083074309121625;0.1079996510512082;calyx_with_alternate_long_and_small_teeth;erect;with_flowers_in_whorled_clusters;sessile
1388;0.6129724376959894;5.083074309121625;0.1079996510512082;alternate_distally;calyx_with_alternate_long_and_small_teeth;stamens_12;erect
1389;0.6129724376959894;5.083074309121625;0.1079996510512082;calyx_with_alternate_long_and_small_teeth;stamens_12;erect;sessile
1390;0.6129724376959894;5.083074309121625;0.1079996510512082;stamens_12;erect;with_flowers_in_whorled_clusters;inflorescence_spikelike
1391;0.6129724376959894;5.083074309121625;0.1079996510512082;calyx_with_alternate_long_and_small_teeth;stamens_12;erect;leaves_opposite
1392;0.6129724376959894;5.083074309121625;0.1079996510512082;calyx_with_alternate_long_and_small_teeth;stamens_12;erect;leaves_opposite
1393;0.6129724376959894;5.083074309121625;0.1079996510512082;alternate_distally;stamens_12;erect;with_flowers_in_whorled_clusters
1394;0.6129724376959894;5.083074309121625;0.1079996510512082;alternate_distally;calyx_with_alternate_long_and_small_teeth;stamens_12;erect
1395;0.6129724376959894;5.083074309121625;0.1079996510512082;stamens_12;erect;with_flowers_in_whorled_clusters;sessile
1396;0.6129724376959894;5.083074309121625;0.1079996510512082;stamens_12;erect;leaves_opposite;with_flowers_in_whorled_clusters
1397;0.6129724376959894;5.083074309121625;0.1079996510512082;calyx_with_alternate_long_and_small_teeth;stamens_12;erect;with_flowers_in_whorled_clusters
1398;0.6129724376959894;5.083074309121625;0.1079996510512082;calyx_with_alternate_long_and_small_teeth;stamens_12;erect;leaves_opposite
1399;0.6129724376959894;5.083074309121625;0.1079996510512082;calyx_with_alternate_long_and_small_teeth;erect;petals_purple;inflorescence_spikelike
1400;0.6129724376959894;5.083074309121625;0.1079996510512082;alternate_distally;calyx_with_alternate_long_and_small_teeth;erect;petals_purple
1401;0.6129724376959894;5.083074309121625;0.1079996510512082;calyx_with_alternate_long_and_small_teeth;erect;sessile;petals_purple
1402;0.6129724376959894;5.083074309121625;0.1079996510512082;erect;alternate_distally;petals_purple;rounded_at_the_base
1403;0.6129724376959894;5.083074309121625;0.1079996510512082;erect;with_flowers_in_whorled_clusters;petals_purple;inflorescence_spikelike
1404;0.6129724376959894;5.083074309121625;0.1079996510512082;calyx_with_alternate_long_and_small_teeth;erect;leaves_opposite;petals_purple
1405;0.6129724376959894;5.083074309121625;0.1079996510512082;alternate_distally;erect;with_flowers_in_whorled_clusters;petals_purple
1406;0.6129724376959894;5.083074309121625;0.1079996510512082;alternate_distally;calyx_with_alternate_long_and_small_teeth;erect;with_flowers_in_whorled_clusters
1407;0.6129724376959894;5.083074309121625;0.1079996510512082;erect;with_flowers_in_whorled_clusters;sessile;petals_purple
1408;0.6129724376959894;5.083074309121625;0.1079996510512082;erect;leaves_opposite;with_flowers_in_whorled_clusters;petals_purple
1409;0.6129724376959894;5.083074309121625;0.1079996510512082;calyx_with_alternate_long_and_small_teeth;erect;with_flowers_in_whorled_clusters;sessile
1410;0.6129724376959894;5.083074309121625;0.1079996510512082;calyx_with_alternate_long_and_small_teeth;erect;leaves_opposite;with_flowers_in_whorled_clusters
1411;0.6129724376959894;5.083074309121625;0.1079996510512082;calyx_with_alternate_long_and_small_teeth;erect;with_flowers_in_whorled_clusters;inflorescence_spikelike
1412;0.6129724376959894;5.083074309121625;0.1079996510512082;alternate_distally;calyx_with_alternate_long_and_small_teeth;erect;with_flowers_in_whorled_clusters
1413;0.6129724376959894;5.083074309121625;0.1079996510512082;floral_tube_cylindrical;calyx_with_alternate_long_and_small_teeth;erect;inflorescence_spikelike
1414;0.6129724376959894;5.083074309121625;0.1079996510512082;floral_tube_cylindrical;alternate_distally;calyx_with_alternate_long_and_small_teeth;erect
1415;0.6129724376959894;5.083074309121625;0.1079996510512082;alternate_distally;erect;leaves_opposite;with_flowers_in_whorled_clusters
1416;0.6129724376959894;5.083074309121625;0.1079996510512082;alternate_distally;erect;leaves_opposite;with_flowers_in_whorled_clusters
1417;0.6129724376959894;5.083074309121625;0.1079996510512082;alternate_distally;erect;with_flowers_in_whorled_clusters;sessile
1418;0.6129724376959894;5.083074309121625;0.1079996510512082;calyx_with_alternate_long_and_small_teeth;erect;with_flowers_in_whorled_clusters;petals_purple
1419;0.6104813778890035;5.06241719417047;0.1205908866207217;floral_tube_cylindrical;alternate_distally;stamens_12;leaves_opposite
1420;0.6104813778890035;5.06241719417047;0.1205908866207217;alternate_distally;calyx_with_alternate_long_and_small_teeth;stamens_12;with_flowers_in_whorled_clusters
1421;0.6129724376959894;5.083074309121625;0.1079996510512082;erect;rounded_at_the_base;petals_purple;sessile
1422;0.6104813778890035;5.06241719417047;0.1205908866207217;alternate_distally;stamens_12;leaves_opposite;with_flowers_in_whorled_clusters
1423;0.6104813778890035;5.06241719417047;0.1205908866207217;alternate_distally;stamens_12;leaves_opposite;with_flowers_in_whorled_clusters
1424;0.6104813778890035;5.06241719417047;0.1205908866207217;alternate_distally;stamens_12;with_flowers_in_whorled_clusters;sessile
1425;0.6129724376959894;5.083074309121625;0.1079996510512082;sessile;stamens_12;erect;calyx_with_alternate_long_and_small_teeth
1426;0.6129724376959894;5.083074309121625;0.1079996510512082;stamens_12;erect;leaves_opposite;calyx_with_alternate_long_and_small_teeth
1427;0.6104813778890035;5.06241719417047;0.1205908866207217;stamens_12;leaves_opposite;with_flowers_in_whorled_clusters;sessile
1428;0.6129724376959894;5.083074309121625;0.1079996510512082;erect;rounded_at_the_base;petals_purple;calyx_with_alternate_long_and_small_teeth
1429;0.6129724376959894;5.083074309121625;0.1079996510512082;erect;alternate_distally;petals_purple;calyx_with_alternate_long_and_small_teeth
1430;0.6129724376959894;5.083074309121625;0.1079996510512082;sessile;erect;petals_purple;calyx_with_alternate_long_and_small_teeth
1431;0.6129724376959894;5.083074309121625;0.1079996510512082;erect;leaves_opposite;petals_purple;calyx_with_alternate_long_and_small_teeth
1432;0.6129724376959894;5.083074309121625;0.1079996510512082;floral_tube_cylindrical;erect;rounded_at_the_base;calyx_with_alternate_long_and_small_teeth
1433;0.6129724376959894;5.083074309121625;0.1079996510512082;floral_tube_cylindrical;alternate_distally;erect;calyx_with_alternate_long_and_small_teeth
1434;0.6129724376959894;5.083074309121625;0.1079996510512082;sessile;floral_tube_cylindrical;erect;calyx_with_alternate_long_and_small_teeth
1435;0.6129724376959894;5.083074309121625;0.1079996510512082;leaves_opposite;floral_tube_cylindrical;erect;calyx_with_alternate_long_and_small_teeth
1436;0.6104813778890035;5.06241719417047;0.1205908866207217;alternate_distally;calyx_with_alternate_long_and_small_teeth;with_flowers_in_whorled_clusters;sessile
1437;0.6129724376959894;5.083074309121625;0.1079996510512082;erect;inflorescence_spikelike;rounded_at_the_base;sessile
1438;0.6129724376959894;5.083074309121625;0.1079996510512082;inflorescence_spikelike;erect;leaves_opposite;rounded_at_the_base
1439;0.6129724376959894;5.083074309121625;0.1079996510512082;erect;alternate_distally;with_flowers_in_whorled_clusters;rounded_at_the_base
1440;0.6129724376959894;5.083074309121625;0.1079996510512082;leaves_opposite;inflorescence_spikelike;erect;alternate_distally
1441;0.6129724376959894;5.083074309121625;0.1079996510512082;erect;rounded_at_the_base;with_flowers_in_whorled_clusters;sessile
1442;0.6129724376959894;5.083074309121625;0.1079996510512082;erect;leaves_opposite;with_flowers_in_whorled_clusters;rounded_at_the_base
1443;0.6129724376959894;5.083074309121625;0.1079996510512082;inflorescence_spikelike;erect;leaves_opposite;sessile
1444;0.6129724376959894;5.083074309121625;0.1079996510512082;erect;alternate_distally;with_flowers_in_whorled_clusters;sessile
1445;0.6129724376959894;5.083074309121625;0.1079996510512082;leaves_opposite;erect;alternate_distally;with_flowers_in_whorled_clusters
1446;0.6129724376959894;5.083074309121625;0.1079996510512082;stamens_12;erect;inflorescence_spikelike;rounded_at_the_base
1447;0.6129724376959894;5.083074309121625;0.1079996510512082;stamens_12;inflorescence_spikelike;erect;alternate_distally
1448;0.6129724376959894;5.083074309121625;0.1079996510512082;stamens_12;erect;inflorescence_spikelike;sessile
1449;0.6129724376959894;5.083074309121625;0.1079996510512082;stamens_12;inflorescence_spikelike;erect;leaves_opposite
1450;0.6104813778890035;5.06241719417047;0.1205908866207217;floral_tube_cylindrical;alternate_distally;calyx_with_alternate_long_and_small_teeth;leaves_opposite
1451;0.6129724376959894;5.083074309121625;0.1079996510512082;alternate_distally;calyx_with_alternate_long_and_small_teeth;erect;leaves_opposite
1452;0.6129724376959894;5.083074309121625;0.1079996510512082;inflorescence_spikelike;erect;alternate_distally;sessile
1453;0.6104813778890035;5.06241719417047;0.1205908866207217;calyx_with_alternate_long_and_small_teeth;stamens_12;with_flowers_in_whorled_clusters;sessile
1454;0.6129724376959894;5.083074309121625;0.1079996510512082;stamens_12;erect;alternate_distally;calyx_with_alternate_long_and_small_teeth
1455;0.6129724376959894;5.083074309121625;0.1079996510512082;sessile;erect;alternate_distally;calyx_with_alternate_long_and_small_teeth
1456;0.6129724376959894;5.083074309121625;0.1079996510512082;erect;leaves_opposite;petals_purple;rounded_at_the_base
1457;0.6129724376959894;5.083074309121625;0.1079996510512082;erect;alternate_distally;petals_purple;sessile
1458;0.6129724376959894;5.083074309121625;0.1079996510512082;leaves_opposite;erect;alternate_distally;petals_purple
1459;0.6129724376959894;5.083074309121625;0.1079996510512082;stamens_12;erect;petals_purple;rounded_at_the_base
1460;0.6129724376959894;5.083074309121625;0.1079996510512082;stamens_12;erect;alternate_distally;petals_purple
1461;0.6129724376959894;5.083074309121625;0.1079996510512082;stamens_12;erect;petals_purple;sessile
1462;0.6104813778890035;5.06241719417047;0.1205908866207217;floral_tube_cylindrical;alternate_distally;leaves_opposite;with_flowers_in_whorled_clusters
1463;0.6104813778890035;5.06241719417047;0.1205908866207217;floral_tube_cylindrical;alternate_distally;with_flowers_in_whorled_clusters;sessile
1464;0.6129724376959894;5.083074309121625;0.1079996510512082;stamens_12;erect;leaves_opposite;petals_purple
1465;0.6129724376959894;5.083074309121625;0.1079996510512082;floral_tube_cylindrical;alternate_distally;rounded_at_the_base;erect
1466;0.6129724376959894;5.083074309121625;0.1079996510512082;floral_tube_cylindrical;erect;rounded_at_the_base;sessile
1467;0.6104813778890035;5.06241719417047;0.1205908866207217;floral_tube_cylindrical;leaves_opposite;with_flowers_in_whorled_clusters;sessile
1468;0.6104813778890035;5.06241719417047;0.1205908866207217;alternate_distally;calyx_with_alternate_long_and_small_teeth;leaves_opposite;with_flowers_in_whorled_clusters
1469;0.6129724376959894;5.083074309121625;0.1079996510512082;leaves_opposite;erect;alternate_distally;calyx_with_alternate_long_and_small_teeth
1470;0.6104813778890035;5.06241719417047;0.1205908866207217;calyx_with_alternate_long_and_small_teeth;leaves_opposite;with_flowers_in_whorled_clusters;sessile
1471;0.6129724376959894;5.083074309121625;0.1079996510512082;sessile;floral_tube_cylindrical;alternate_distally;erect
1472;0.6129724376959894;5.083074309121625;0.1079996510512082;sessile;erect;leaves_opposite;calyx_with_alternate_long_and_small_teeth
1473;0.6129724376959894;5.083074309121625;0.1079996510512082;erect;leaves_opposite;rounded_at_the_base;calyx_with_alternate_long_and_small_teeth
1474;0.6104813778890035;4.485864124834389;0.1205908866207217;floral_tube_cylindrical;alternate_distally;calyx_with_alternate_long_and_small_teeth;leaves_opposite
1475;0.6129724376959894;5.083074309121625;0.1079996510512082;sessile;erect;rounded_at_the_base;calyx_with_alternate_long_and_small_teeth
1476;0.6129724376959894;5.083074309121625;0.1079996510512082;erect;alternate_distally;rounded_at_the_base;calyx_with_alternate_long_and_small_teeth
1477;0.6129724376959894;5.083074309121625;0.1079996510512082;inflorescence_spikelike;erect;alternate_distally;rounded_at_the_base
1478;0.6129724376959894;5.083074309121625;0.1079996510512082;leaves_opposite;floral_tube_cylindrical;erect;rounded_at_the_base
1479;0.6129724376959894;5.083074309121625;0.1079996510512082;floral_tube_cylindrical;alternate_distally;petals_purple;erect
1480;0.6129724376959894;5.083074309121625;0.1079996510512082;stamens_12;floral_tube_cylindrical;erect;leaves_opposite
1481;0.6104813778890035;2.3864776746873866;0.1205908866207217;floral_tube_cylindrical;alternate_distally;calyx_with_alternate_long_and_small_teeth;stamens_12
1482;0.6129724376959894;5.083074309121625;0.1079996510512082;stamens_12;floral_tube_cylindrical;erect;sessile
1483;0.6129724376959894;5.083074309121625;0.1079996510512082;stamens_12;floral_tube_cylindrical;alternate_distally;erect
1484;0.6129724376959894;5.083074309121625;0.1079996510512082;stamens_12;floral_tube_cylindrical;erect;rounded_at_the_base
1485;0.6129724376959894;5.083074309121625;0.1079996510512082;leaves_opposite;floral_tube_cylindrical;alternate_distally;erect
1486;0.6129724376959894;5.083074309121625;0.1079996510512082;floral_tube_cylindrical;erect;petals_purple;rounded_at_the_base
1487;0.6129724376959894;5.083074309121625;0.1079996510512082;calyx_with_alternate_long_and_small_teeth;stamens_12;erect;with_flowers_in_whorled_clusters
1488;0.6129724376959894;4.504168623916107;0.1079996510512082;alternate_distally;erect;leaves_opposite;with_flowers_in_whorled_clusters
1489;0.6129724376959894;5.083074309121625;0.1079996510512082;calyx_with_alternate_long_and_small_teeth;stamens_12;erect;sessile
1490;0.6129724376959894;5.083074309121625;0.1079996510512082;alternate_distally;calyx_with_alternate_long_and_small_teeth;erect;leaves_opposite
1491;0.6129724376959894;5.083074309121625;0.1079996510512082;alternate_distally;calyx_with_alternate_long_and_small_teeth;stamens_12;erect
1492;0.6129724376959894;5.083074309121625;0.1079996510512082;alternate_distally;calyx_with_alternate_long_and_small_teeth;stamens_12;erect
1493;0.6129724376959894;5.083074309121625;0.1079996510512082;alternate_distally;calyx_with_alternate_long_and_small_teeth;stamens_12;erect
1494;0.6129724376959894;5.083074309121625;0.1079996510512082;alternate_distally;calyx_with_alternate_long_and_small_teeth;stamens_12;erect
1495;0.6129724376959894;5.083074309121625;0.1079996510512082;alternate_distally;calyx_with_alternate_long_and_small_teeth;stamens_12;erect
1496;0.6129724376959894;5.083074309121625;0.1079996510512082;floral_tube_cylindrical;calyx_with_alternate_long_and_small_teeth;stamens_12;erect
1497;0.6129724376959894;5.083074309121625;0.1079996510512082;floral_tube_cylindrical;alternate_distally;stamens_12;erect
1498;0.6129724376959894;5.083074309121625;0.1079996510512082;floral_tube_cylindrical;alternate_distally;stamens_12;erect
1499;0.6129724376959894;5.083074309121625;0.1079996510512082;floral_tube_cylindrical;alternate_distally;calyx_with_alternate_long_and_small_teeth;stamens_12
1500;0.6129724376959894;5.083074309121625;0.1079996510512082;floral_tube_cylindrical;alternate_distally;calyx_with_alternate_long_and_small_teeth;stamens_12
1501;0.6129724376959894;5.083074309121625;0.1079996510512082;floral_tube_cylindrical;alternate_distally;calyx_with_alternate_long_and_small_teeth;stamens_12
1502;0.6129724376959894;5.083074309121625;0.1079996510512082;floral_tube_cylindrical;calyx_with_alternate_long_and_small_teeth;erect;leaves_opposite
1503;0.6129724376959894;5.083074309121625;0.1079996510512082;alternate_distally;calyx_with_alternate_long_and_small_teeth;erect;sessile
1504;0.6129724376959894;5.083074309121625;0.1079996510512082;floral_tube_cylindrical;alternate_distally;erect;sessile
1505;0.6129724376959894;5.083074309121625;0.1079996510512082;floral_tube_cylindrical;alternate_distally;calyx_with_alternate_long_and_small_teeth;erect
1506;0.6129724376959894;5.083074309121625;0.1079996510512082;floral_tube_cylindrical;alternate_distally;calyx_with_alternate_long_and_small_teeth;erect
1507;0.6129724376959894;5.083074309121625;0.1079996510512082;floral_tube_cylindrical;alternate_distally;calyx_with_alternate_long_and_small_teeth;erect
1508;0.6129724376959894;5.083074309121625;0.1079996510512082;floral_tube_cylindrical;alternate_distally;calyx_with_alternate_long_and_small_teeth;erect
1509;0.6129724376959894;5.083074309121625;0.1079996510512082;floral_tube_cylindrical;alternate_distally;calyx_with_alternate_long_and_small_teeth;erect
1510;0.6129724376959894;5.083074309121625;0.1079996510512082;floral_tube_cylindrical;alternate_distally;stamens_12;erect
1511;0.6129724376959894;5.083074309121625;0.1079996510512082;floral_tube_cylindrical;alternate_distally;calyx_with_alternate_long_and_small_teeth;erect
1512;0.6129724376959894;5.083074309121625;0.1079996510512082;floral_tube_cylindrical;alternate_distally;calyx_with_alternate_long_and_small_teeth;stamens_12
1513;0.6129724376959894;5.083074309121625;0.1079996510512082;floral_tube_cylindrical;alternate_distally;calyx_with_alternate_long_and_small_teeth;stamens_12
1514;0.6129724376959894;5.083074309121625;0.1079996510512082;floral_tube_cylindrical;calyx_with_alternate_long_and_small_teeth;stamens_12;erect
1515;0.6129724376959894;5.083074309121625;0.1079996510512082;floral_tube_cylindrical;calyx_with_alternate_long_and_small_teeth;stamens_12;erect
1516;0.6129724376959894;5.083074309121625;0.1079996510512082;floral_tube_cylindrical;calyx_with_alternate_long_and_small_teeth;stamens_12;erect
1517;0.6129724376959894;5.083074309121625;0.1079996510512082;floral_tube_cylindrical;alternate_distally;calyx_with_alternate_long_and_small_teeth;stamens_12
1518;0.6129724376959894;5.083074309121625;0.1079996510512082;floral_tube_cylindrical;alternate_distally;erect;leaves_opposite
1519;0.6129724376959894;5.083074309121625;0.1079996510512082;floral_tube_cylindrical;alternate_distally;calyx_with_alternate_long_and_small_teeth;stamens_12
1520;0.6129724376959894;5.083074309121625;0.1079996510512082;alternate_distally;stamens_12;erect;leaves_opposite
1521;0.6129724376959894;5.083074309121625;0.1079996510512082;calyx_with_alternate_long_and_small_teeth;stamens_12;erect;leaves_opposite
1522;0.6129724376959894;5.083074309121625;0.1079996510512082;floral_tube_cylindrical;alternate_distally;calyx_with_alternate_long_and_small_teeth;erect
1523;0.6129724376959894;5.083074309121625;0.1079996510512082;floral_tube_cylindrical;alternate_distally;calyx_with_alternate_long_and_small_teeth;stamens_12
1524;0.6129724376959894;5.083074309121625;0.1079996510512082;floral_tube_cylindrical;alternate_distally;calyx_with_alternate_long_and_small_teeth;stamens_12
1525;0.6129724376959894;5.083074309121625;0.1079996510512082;floral_tube_cylindrical;alternate_distally;calyx_with_alternate_long_and_small_teeth;stamens_12
1526;0.6129724376959894;5.083074309121625;0.1079996510512082;floral_tube_cylindrical;stamens_12;erect;with_flowers_in_whorled_clusters
1527;0.6129724376959894;5.083074309121625;0.1079996510512082;floral_tube_cylindrical;stamens_12;erect;leaves_opposite
1528;0.6129724376959894;5.083074309121625;0.1079996510512082;floral_tube_cylindrical;calyx_with_alternate_long_and_small_teeth;erect;with_flowers_in_whorled_clusters
1529;0.6129724376959894;5.083074309121625;0.1079996510512082;floral_tube_cylindrical;calyx_with_alternate_long_and_small_teeth;erect;leaves_opposite
1530;0.6129724376959894;5.083074309121625;0.1079996510512082;floral_tube_cylindrical;calyx_with_alternate_long_and_small_teeth;stamens_12;erect
1531;0.6129724376959894;5.083074309121625;0.1079996510512082;floral_tube_cylindrical;calyx_with_alternate_long_and_small_teeth;stamens_12;erect
1532;0.6129724376959894;5.083074309121625;0.1079996510512082;floral_tube_cylindrical;calyx_with_alternate_long_and_small_teeth;stamens_12;erect
1533;0.6129724376959894;5.083074309121625;0.1079996510512082;floral_tube_cylindrical;calyx_with_alternate_long_and_small_teeth;stamens_12;erect
1534;0.6129724376959894;5.083074309121625;0.1079996510512082;floral_tube_cylindrical;calyx_with_alternate_long_and_small_teeth;erect;leaves_opposite
1535;0.6129724376959894;5.083074309121625;0.1079996510512082;alternate_distally;stamens_12;erect;sessile
1536;0.6129724376959894;5.083074309121625;0.1079996510512082;floral_tube_cylindrical;calyx_with_alternate_long_and_small_teeth;stamens_12;erect
1537;0.6129724376959894;5.083074309121625;0.1079996510512082;floral_tube_cylindrical;calyx_with_alternate_long_and_small_teeth;stamens_12;erect
1538;0.6129724376959894;5.083074309121625;0.1079996510512082;floral_tube_cylindrical;alternate_distally;stamens_12;erect
1539;0.6129724376959894;5.083074309121625;0.1079996510512082;floral_tube_cylindrical;alternate_distally;stamens_12;erect
1540;0.6129724376959894;5.083074309121625;0.1079996510512082;floral_tube_cylindrical;alternate_distally;calyx_with_alternate_long_and_small_teeth;erect
1541;0.6129724376959894;5.083074309121625;0.1079996510512082;floral_tube_cylindrical;alternate_distally;calyx_with_alternate_long_and_small_teeth;erect
1542;0.6129724376959894;5.083074309121625;0.1079996510512082;floral_tube_cylindrical;alternate_distally;calyx_with_alternate_long_and_small_teeth;stamens_12
1543;0.6129724376959894;5.083074309121625;0.1079996510512082;floral_tube_cylindrical;alternate_distally;calyx_with_alternate_long_and_small_teeth;stamens_12
1544;0.6129724376959894;5.083074309121625;0.1079996510512082;floral_tube_cylindrical;alternate_distally;calyx_with_alternate_long_and_small_teeth;stamens_12
1545;0.6129724376959894;5.083074309121625;0.1079996510512082;floral_tube_cylindrical;alternate_distally;calyx_with_alternate_long_and_small_teeth;stamens_12
1546;0.6129724376959894;5.083074309121625;0.1079996510512082;floral_tube_cylindrical;stamens_12;erect;leaves_opposite
1547;0.6129724376959894;5.083074309121625;0.1079996510512082;floral_tube_cylindrical;alternate_distally;stamens_12;erect
1548;0.6129724376959894;5.083074309121625;0.1079996510512082;floral_tube_cylindrical;alternate_distally;stamens_12;erect
1549;0.6129724376959894;5.083074309121625;0.1079996510512082;floral_tube_cylindrical;alternate_distally;stamens_12;erect
1550;0.6129724376959894;5.083074309121625;0.1079996510512082;floral_tube_cylindrical;calyx_with_alternate_long_and_small_teeth;stamens_12;erect
1551;0.6129724376959894;5.083074309121625;0.1079996510512082;floral_tube_cylindrical;alternate_distally;stamens_12;erect
1552;0.6129724376959894;5.083074309121625;0.1079996510512082;stamens_12;erect;leaves_opposite;sessile
1553;0.6129724376959894;5.083074309121625;0.1079996510512082;alternate_distally;stamens_12;erect;with_flowers_in_whorled_clusters
1554;0.6129724376959894;5.083074309121625;0.1079996510512082;alternate_distally;calyx_with_alternate_long_and_small_teeth;stamens_12;erect
1555;0.6129724376959894;5.083074309121625;0.1079996510512082;alternate_distally;calyx_with_alternate_long_and_small_teeth;stamens_12;erect
1556;0.6129724376959894;5.083074309121625;0.1079996510512082;alternate_distally;calyx_with_alternate_long_and_small_teeth;stamens_12;erect
1557;0.6129724376959894;5.083074309121625;0.1079996510512082;alternate_distally;calyx_with_alternate_long_and_small_teeth;stamens_12;erect
1558;0.6129724376959894;5.083074309121625;0.1079996510512082;calyx_with_alternate_long_and_small_teeth;erect;leaves_opposite;sessile
1559;0.6129724376959894;5.083074309121625;0.1079996510512082;calyx_with_alternate_long_and_small_teeth;erect;leaves_opposite;with_flowers_in_whorled_clusters
1560;0.6129724376959894;5.083074309121625;0.1079996510512082;alternate_distally;calyx_with_alternate_long_and_small_teeth;erect;with_flowers_in_whorled_clusters
1561;0.6129724376959894;5.083074309121625;0.1079996510512082;alternate_distally;calyx_with_alternate_long_and_small_teeth;erect;with_flowers_in_whorled_clusters
1562;0.6129724376959894;5.083074309121625;0.1079996510512082;alternate_distally;calyx_with_alternate_long_and_small_teeth;erect;leaves_opposite
1563;0.6129724376959894;5.083074309121625;0.1079996510512082;alternate_distally;calyx_with_alternate_long_and_small_teeth;erect;leaves_opposite
1564;0.6129724376959894;5.083074309121625;0.1079996510512082;alternate_distally;calyx_with_alternate_long_and_small_teeth;erect;leaves_opposite
1565;0.6129724376959894;5.083074309121625;0.1079996510512082;alternate_distally;calyx_with_alternate_long_and_small_teeth;erect;leaves_opposite
1566;0.6129724376959894;5.083074309121625;0.1079996510512082;calyx_with_alternate_long_and_small_teeth;stamens_12;erect;sessile
1567;0.6129724376959894;5.083074309121625;0.1079996510512082;alternate_distally;stamens_12;erect;leaves_opposite
1568;0.6129724376959894;5.083074309121625;0.1079996510512082;alternate_distally;calyx_with_alternate_long_and_small_teeth;stamens_12;erect
1569;0.6129724376959894;5.083074309121625;0.1079996510512082;alternate_distally;stamens_12;erect;with_flowers_in_whorled_clusters
1570;0.6129724376959894;5.083074309121625;0.1079996510512082;alternate_distally;calyx_with_alternate_long_and_small_teeth;erect;with_flowers_in_whorled_clusters
1571;0.6129724376959894;5.083074309121625;0.1079996510512082;alternate_distally;calyx_with_alternate_long_and_small_teeth;stamens_12;erect
1572;0.6129724376959894;5.083074309121625;0.1079996510512082;alternate_distally;calyx_with_alternate_long_and_small_teeth;stamens_12;erect
1573;0.6129724376959894;5.083074309121625;0.1079996510512082;alternate_distally;calyx_with_alternate_long_and_small_teeth;stamens_12;erect
1574;0.6129724376959894;5.083074309121625;0.1079996510512082;stamens_12;erect;with_flowers_in_whorled_clusters;sessile
1575;0.6129724376959894;5.083074309121625;0.1079996510512082;stamens_12;erect;leaves_opposite;with_flowers_in_whorled_clusters
1576;0.6129724376959894;5.083074309121625;0.1079996510512082;calyx_with_alternate_long_and_small_teeth;stamens_12;erect;with_flowers_in_whorled_clusters
1577;0.6129724376959894;5.083074309121625;0.1079996510512082;calyx_with_alternate_long_and_small_teeth;stamens_12;erect;leaves_opposite
1578;0.6129724376959894;5.083074309121625;0.1079996510512082;stamens_12;erect;with_flowers_in_whorled_clusters;petals_purple
1579;0.6129724376959894;5.083074309121625;0.1079996510512082;calyx_with_alternate_long_and_small_teeth;stamens_12;erect;leaves_opposite
1580;0.6129724376959894;5.083074309121625;0.1079996510512082;calyx_with_alternate_long_and_small_teeth;stamens_12;erect;leaves_opposite
1581;0.6129724376959894;5.083074309121625;0.1079996510512082;alternate_distally;stamens_12;erect;with_flowers_in_whorled_clusters
1582;0.6129724376959894;5.083074309121625;0.1079996510512082;calyx_with_alternate_long_and_small_teeth;stamens_12;erect;leaves_opposite
1583;0.6129724376959894;5.083074309121625;0.1079996510512082;stamens_12;erect;leaves_opposite;with_flowers_in_whorled_clusters
1584;0.6129724376959894;5.083074309121625;0.1079996510512082;alternate_distally;stamens_12;erect;leaves_opposite
1585;0.6129724376959894;5.083074309121625;0.1079996510512082;calyx_with_alternate_long_and_small_teeth;stamens_12;erect;leaves_opposite
1586;0.6129724376959894;5.083074309121625;0.1079996510512082;alternate_distally;stamens_12;erect;leaves_opposite
1587;0.6129724376959894;5.083074309121625;0.1079996510512082;alternate_distally;stamens_12;erect;leaves_opposite
1588;0.6129724376959894;5.083074309121625;0.1079996510512082;alternate_distally;stamens_12;erect;leaves_opposite
1589;0.6129724376959894;5.083074309121625;0.1079996510512082;floral_tube_cylindrical;stamens_12;erect;leaves_opposite
1590;0.6129724376959894;5.083074309121625;0.1079996510512082;floral_tube_cylindrical;stamens_12;erect;leaves_opposite
1591;0.6129724376959894;5.083074309121625;0.1079996510512082;floral_tube_cylindrical;alternate_distally;stamens_12;erect
1592;0.6129724376959894;5.083074309121625;0.1079996510512082;floral_tube_cylindrical;alternate_distally;stamens_12;erect
1593;0.6129724376959894;5.083074309121625;0.1079996510512082;floral_tube_cylindrical;alternate_distally;stamens_12;erect
1594;0.6129724376959894;5.083074309121625;0.1079996510512082;floral_tube_cylindrical;alternate_distally;stamens_12;erect
1595;0.6129724376959894;5.083074309121625;0.1079996510512082;floral_tube_cylindrical;erect;leaves_opposite;sessile
1596;0.6129724376959894;5.083074309121625;0.1079996510512082;floral_tube_cylindrical;erect;leaves_opposite;with_flowers_in_whorled_clusters
1597;0.6129724376959894;5.083074309121625;0.1079996510512082;floral_tube_cylindrical;alternate_distally;erect;with_flowers_in_whorled_clusters
1598;0.6129724376959894;5.083074309121625;0.1079996510512082;floral_tube_cylindrical;alternate_distally;erect;leaves_opposite
1599;0.6129724376959894;5.083074309121625;0.1079996510512082;alternate_distally;stamens_12;erect;with_flowers_in_whorled_clusters
1600;0.6129724376959894;5.083074309121625;0.1079996510512082;floral_tube_cylindrical;alternate_distally;erect;leaves_opposite
1601;0.6129724376959894;5.083074309121625;0.1079996510512082;floral_tube_cylindrical;stamens_12;erect;sessile
1602;0.6129724376959894;5.083074309121625;0.1079996510512082;floral_tube_cylindrical;alternate_distally;stamens_12;erect
1603;0.6129724376959894;5.083074309121625;0.1079996510512082;floral_tube_cylindrical;stamens_12;erect;leaves_opposite
1604;0.6129724376959894;5.083074309121625;0.1079996510512082;floral_tube_cylindrical;alternate_distally;stamens_12;erect
1605;0.6129724376959894;5.083074309121625;0.1079996510512082;floral_tube_cylindrical;alternate_distally;stamens_12;erect
1606;0.6129724376959894;5.083074309121625;0.1079996510512082;floral_tube_cylindrical;stamens_12;erect;with_flowers_in_whorled_clusters
1607;0.6129724376959894;5.083074309121625;0.1079996510512082;floral_tube_cylindrical;stamens_12;erect;leaves_opposite
1608;0.6129724376959894;5.083074309121625;0.1079996510512082;floral_tube_cylindrical;stamens_12;erect;leaves_opposite
1609;0.6129724376959894;5.083074309121625;0.1079996510512082;floral_tube_cylindrical;stamens_12;erect;leaves_opposite
1610;0.6129724376959894;5.083074309121625;0.1079996510512082;floral_tube_cylindrical;alternate_distally;stamens_12;erect
1611;0.6129724376959894;5.083074309121625;0.1079996510512082;floral_tube_cylindrical;alternate_distally;stamens_12;erect
1612;0.6129724376959894;5.083074309121625;0.1079996510512082;stamens_12;erect;leaves_opposite;with_flowers_in_whorled_clusters
1613;0.6129724376959894;5.083074309121625;0.1079996510512082;calyx_with_alternate_long_and_small_teeth;stamens_12;erect;leaves_opposite
1614;0.6129724376959894;5.083074309121625;0.1079996510512082;floral_tube_cylindrical;alternate_distally;erect;leaves_opposite
1615;0.6129724376959894;5.083074309121625;0.1079996510512082;alternate_distally;stamens_12;erect;leaves_opposite
1616;0.6129724376959894;5.083074309121625;0.1079996510512082;floral_tube_cylindrical;calyx_with_alternate_long_and_small_teeth;stamens_12;erect
1617;0.6129724376959894;5.083074309121625;0.1079996510512082;calyx_with_alternate_long_and_small_teeth;stamens_12;erect;leaves_opposite
1618;0.6129724376959894;3.2113816514209903;0.1079996510512082;floral_tube_cylindrical;calyx_with_alternate_long_and_small_teeth;stamens_12;erect
1619;0.6129724376959894;3.2113816514209903;0.1079996510512082;floral_tube_cylindrical;alternate_distally;calyx_with_alternate_long_and_small_teeth;stamens_12
1620;0.6129724376959894;5.083074309121625;0.1079996510512082;floral_tube_cylindrical;alternate_distally;calyx_with_alternate_long_and_small_teeth;stamens_12
1621;0.6129724376959894;3.2113816514209903;0.1079996510512082;floral_tube_cylindrical;calyx_with_alternate_long_and_small_teeth;stamens_12;erect
1622;0.6129724376959894;3.2113816514209903;0.1079996510512082;floral_tube_cylindrical;alternate_distally;calyx_with_alternate_long_and_small_teeth;stamens_12
1623;0.6129724376959894;3.2113816514209903;0.1079996510512082;floral_tube_cylindrical;calyx_with_alternate_long_and_small_teeth;stamens_12;erect
1624;0.6129724376959894;3.2113816514209903;0.1079996510512082;floral_tube_cylindrical;alternate_distally;calyx_with_alternate_long_and_small_teeth;stamens_12
1625;0.6129724376959894;3.2113816514209903;0.1079996510512082;floral_tube_cylindrical;calyx_with_alternate_long_and_small_teeth;stamens_12;erect
1626;0.6129724376959894;2.799403606896066;0.1079996510512082;floral_tube_cylindrical;alternate_distally;calyx_with_alternate_long_and_small_teeth;stamens_12
1627;0.6129724376959894;5.083074309121625;0.1079996510512082;floral_tube_cylindrical;alternate_distally;stamens_12;erect
1628;0.6129724376959894;5.083074309121625;0.1079996510512082;floral_tube_cylindrical;alternate_distally;calyx_with_alternate_long_and_small_teeth;erect
1629;0.6129724376959894;5.083074309121625;0.1079996510512082;floral_tube_cylindrical;alternate_distally;calyx_with_alternate_long_and_small_teeth;erect
1630;0.6129724376959894;5.083074309121625;0.1079996510512082;floral_tube_cylindrical;alternate_distally;calyx_with_alternate_long_and_small_teeth;erect
1631;0.6129724376959894;5.083074309121625;0.1079996510512082;floral_tube_cylindrical;alternate_distally;calyx_with_alternate_long_and_small_teeth;stamens_12
1632;0.6129724376959894;5.083074309121625;0.1079996510512082;floral_tube_cylindrical;alternate_distally;calyx_with_alternate_long_and_small_teeth;stamens_12
1633;0.6129724376959894;5.083074309121625;0.1079996510512082;floral_tube_cylindrical;alternate_distally;calyx_with_alternate_long_and_small_teeth;stamens_12
1634;0.6129724376959894;5.083074309121625;0.1079996510512082;floral_tube_cylindrical;alternate_distally;calyx_with_alternate_long_and_small_teeth;stamens_12
1635;0.6129724376959894;5.083074309121625;0.1079996510512082;floral_tube_cylindrical;alternate_distally;calyx_with_alternate_long_and_small_teeth;stamens_12
1636;0.6129724376959894;2.799403606896066;0.1079996510512082;floral_tube_cylindrical;alternate_distally;calyx_with_alternate_long_and_small_teeth;stamens_12
1637;0.6129724376959894;5.083074309121625;0.1079996510512082;floral_tube_cylindrical;alternate_distally;calyx_with_alternate_long_and_small_teeth;stamens_12
1638;0.6129724376959894;5.083074309121625;0.1079996510512082;floral_tube_cylindrical;calyx_with_alternate_long_and_small_teeth;stamens_12;erect
1639;0.6129724376959894;5.083074309121625;0.1079996510512082;floral_tube_cylindrical;alternate_distally;stamens_12;erect
1640;0.6129724376959894;5.083074309121625;0.1079996510512082;floral_tube_cylindrical;alternate_distally;stamens_12;erect
1641;0.6129724376959894;5.083074309121625;0.1079996510512082;floral_tube_cylindrical;alternate_distally;calyx_with_alternate_long_and_small_teeth;erect
1642;0.6129724376959894;5.083074309121625;0.1079996510512082;floral_tube_cylindrical;alternate_distally;calyx_with_alternate_long_and_small_teeth;erect
1643;0.6129724376959894;5.083074309121625;0.1079996510512082;floral_tube_cylindrical;alternate_distally;calyx_with_alternate_long_and_small_teeth;stamens_12
1644;0.6129724376959894;5.083074309121625;0.1079996510512082;floral_tube_cylindrical;alternate_distally;calyx_with_alternate_long_and_small_teeth;stamens_12
1645;0.6129724376959894;3.2113816514209903;0.1079996510512082;floral_tube_cylindrical;calyx_with_alternate_long_and_small_teeth;stamens_12;erect
1646;0.6129724376959894;5.083074309121625;0.1079996510512082;floral_tube_cylindrical;alternate_distally;stamens_12;erect
1647;0.6129724376959894;5.083074309121625;0.1079996510512082;floral_tube_cylindrical;calyx_with_alternate_long_and_small_teeth;stamens_12;erect
1648;0.6129724376959894;4.422893235402304;0.1079996510512082;alternate_distally;calyx_with_alternate_long_and_small_teeth;stamens_12;erect
1649;0.6129724376959894;4.504168623916107;0.1079996510512082;alternate_distally;calyx_with_alternate_long_and_small_teeth;erect;leaves_opposite
1650;0.6129724376959894;4.504168623916107;0.1079996510512082;alternate_distally;calyx_with_alternate_long_and_small_teeth;erect;leaves_opposite
1651;0.6129724376959894;4.504168623916107;0.1079996510512082;floral_tube_cylindrical;alternate_distally;erect;leaves_opposite
1652;0.6129724376959894;4.504168623916107;0.1079996510512082;floral_tube_cylindrical;alternate_distally;calyx_with_alternate_long_and_small_teeth;erect
1653;0.6129724376959894;4.504168623916107;0.1079996510512082;alternate_distally;stamens_12;erect;leaves_opposite
1654;0.6129724376959894;4.504168623916107;0.1079996510512082;floral_tube_cylindrical;alternate_distally;stamens_12;erect
1655;0.6129724376959894;4.504168623916107;0.1079996510512082;floral_tube_cylindrical;alternate_distally;erect;leaves_opposite
1656;0.6129724376959894;4.504168623916107;0.1079996510512082;alternate_distally;stamens_12;erect;leaves_opposite
1657;0.6129724376959894;4.504168623916107;0.1079996510512082;floral_tube_cylindrical;alternate_distally;erect;leaves_opposite
1658;0.6129724376959894;4.504168623916107;0.1079996510512082;alternate_distally;calyx_with_alternate_long_and_small_teeth;stamens_12;erect
1659;0.6129724376959894;4.504168623916107;0.1079996510512082;alternate_distally;calyx_with_alternate_long_and_small_teeth;erect;leaves_opposite
1660;0.6129724376959894;4.504168623916107;0.1079996510512082;alternate_distally;calyx_with_alternate_long_and_small_teeth;erect;leaves_opposite
1661;0.6129724376959894;4.504168623916107;0.1079996510512082;floral_tube_cylindrical;alternate_distally;erect;leaves_opposite
1662;0.6129724376959894;4.504168623916107;0.1079996510512082;floral_tube_cylindrical;alternate_distally;erect;leaves_opposite
1663;0.6129724376959894;4.504168623916107;0.1079996510512082;floral_tube_cylindrical;alternate_distally;calyx_with_alternate_long_and_small_teeth;erect
1664;0.6129724376959894;4.504168623916107;0.1079996510512082;floral_tube_cylindrical;alternate_distally;erect;leaves_opposite
1665;0.6129724376959894;4.504168623916107;0.1079996510512082;alternate_distally;stamens_12;erect;leaves_opposite
1666;0.6129724376959894;4.504168623916107;0.1079996510512082;alternate_distally;calyx_with_alternate_long_and_small_teeth;erect;leaves_opposite
1667;0.6129724376959894;4.504168623916107;0.1079996510512082;alternate_distally;calyx_with_alternate_long_and_small_teeth;erect;leaves_opposite
1668;0.6129724376959894;4.504168623916107;0.1079996510512082;alternate_distally;stamens_12;erect;leaves_opposite
1669;0.6129724376959894;4.504168623916107;0.1079996510512082;alternate_distally;calyx_with_alternate_long_and_small_teeth;erect;leaves_opposite
1670;0.6129724376959894;5.083074309121625;0.1079996510512082;stamens_12;erect;leaves_opposite;with_flowers_in_whorled_clusters
1671;0.6129724376959894;4.504168623916107;0.1079996510512082;floral_tube_cylindrical;alternate_distally;calyx_with_alternate_long_and_small_teeth;erect
1672;0.6129724376959894;4.422893235402304;0.1079996510512082;alternate_distally;calyx_with_alternate_long_and_small_teeth;stamens_12;erect
1673;0.6129724376959894;5.083074309121625;0.1079996510512082;floral_tube_cylindrical;calyx_with_alternate_long_and_small_teeth;erect;leaves_opposite
1674;0.6129724376959894;5.083074309121625;0.1079996510512082;floral_tube_cylindrical;calyx_with_alternate_long_and_small_teeth;stamens_12;erect
1675;0.6129724376959894;5.083074309121625;0.1079996510512082;floral_tube_cylindrical;calyx_with_alternate_long_and_small_teeth;stamens_12;erect
1676;0.6129724376959894;5.083074309121625;0.1079996510512082;alternate_distally;calyx_with_alternate_long_and_small_teeth;stamens_12;erect
1677;0.6129724376959894;4.422893235402304;0.1079996510512082;alternate_distally;calyx_with_alternate_long_and_small_teeth;stamens_12;erect
1678;0.6129724376959894;5.083074309121625;0.1079996510512082;floral_tube_cylindrical;alternate_distally;calyx_with_alternate_long_and_small_teeth;stamens_12
1679;0.6129724376959894;5.083074309121625;0.1079996510512082;floral_tube_cylindrical;alternate_distally;calyx_with_alternate_long_and_small_teeth;stamens_12
1680;0.6129724376959894;5.083074309121625;0.1079996510512082;floral_tube_cylindrical;stamens_12;erect;leaves_opposite
1681;0.6119246861924685;2.392119817377833;0.1360900287882753;floral_tube_cylindrical;calyx_with_alternate_long_and_small_teeth;stamens_12;with_flowers_in_whorled_clusters
1682;0.6129724376959894;5.083074309121625;0.1079996510512082;floral_tube_cylindrical;alternate_distally;stamens_12;erect
1683;0.6129724376959894;5.083074309121625;0.1079996510512082;floral_tube_cylindrical;alternate_distally;stamens_12;erect
1684;0.6129724376959894;5.083074309121625;0.1079996510512082;floral_tube_cylindrical;alternate_distally;stamens_12;erect
1685;0.6129724376959894;5.083074309121625;0.1079996510512082;floral_tube_cylindrical;alternate_distally;calyx_with_alternate_long_and_small_teeth;stamens_12
1686;0.6129724376959894;5.083074309121625;0.1079996510512082;floral_tube_cylindrical;alternate_distally;calyx_with_alternate_long_and_small_teeth;stamens_12
1687;0.6129724376959894;5.083074309121625;0.1079996510512082;floral_tube_cylindrical;alternate_distally;calyx_with_alternate_long_and_small_teeth;stamens_12
1688;0.6129724376959894;5.083074309121625;0.1079996510512082;floral_tube_cylindrical;alternate_distally;calyx_with_alternate_long_and_small_teeth;stamens_12
1689;0.6129724376959894;5.083074309121625;0.1079996510512082;calyx_with_alternate_long_and_small_teeth;erect;leaves_opposite;with_flowers_in_whorled_clusters
1690;0.6129724376959894;5.083074309121625;0.1079996510512082;alternate_distally;calyx_with_alternate_long_and_small_teeth;erect;leaves_opposite
1691;0.6129724376959894;5.083074309121625;0.1079996510512082;floral_tube_cylindrical;erect;leaves_opposite;with_flowers_in_whorled_clusters
1692;0.6129724376959894;5.083074309121625;0.1079996510512082;floral_tube_cylindrical;calyx_with_alternate_long_and_small_teeth;erect;leaves_opposite
1693;0.6129724376959894;5.083074309121625;0.1079996510512082;floral_tube_cylindrical;calyx_with_alternate_long_and_small_teeth;erect;leaves_opposite
1694;0.6119246861924685;3.920171019648435;0.1360900287882753;calyx_with_alternate_long_and_small_teeth;stamens_12;with_flowers_in_whorled_clusters;petals_purple
1695;0.6129724376959894;5.083074309121625;0.1079996510512082;floral_tube_cylindrical;calyx_with_alternate_long_and_small_teeth;erect;leaves_opposite
1696;0.6129724376959894;5.083074309121625;0.1079996510512082;floral_tube_cylindrical;alternate_distally;erect;leaves_opposite
1697;0.6129724376959894;5.083074309121625;0.1079996510512082;floral_tube_cylindrical;alternate_distally;erect;leaves_opposite
1698;0.6129724376959894;5.083074309121625;0.1079996510512082;floral_tube_cylindrical;alternate_distally;calyx_with_alternate_long_and_small_teeth;erect
1699;0.6129724376959894;5.083074309121625;0.1079996510512082;floral_tube_cylindrical;alternate_distally;calyx_with_alternate_long_and_small_teeth;erect
1700;0.6129724376959894;5.083074309121625;0.1079996510512082;floral_tube_cylindrical;alternate_distally;calyx_with_alternate_long_and_small_teeth;erect
1701;0.6129724376959894;5.083074309121625;0.1079996510512082;floral_tube_cylindrical;alternate_distally;calyx_with_alternate_long_and_small_teeth;erect
1702;0.6129724376959894;5.083074309121625;0.1079996510512082;floral_tube_cylindrical;alternate_distally;calyx_with_alternate_long_and_small_teeth;erect
1703;0.6129724376959894;5.083074309121625;0.1079996510512082;floral_tube_cylindrical;alternate_distally;calyx_with_alternate_long_and_small_teeth;erect
1704;0.6129724376959894;5.083074309121625;0.1079996510512082;floral_tube_cylindrical;alternate_distally;calyx_with_alternate_long_and_small_teeth;erect
1705;0.6129724376959894;5.083074309121625;0.1079996510512082;calyx_with_alternate_long_and_small_teeth;stamens_12;erect;with_flowers_in_whorled_clusters
1706;0.6129724376959894;5.083074309121625;0.1079996510512082;alternate_distally;calyx_with_alternate_long_and_small_teeth;stamens_12;erect
1707;0.6129724376959894;5.083074309121625;0.1079996510512082;floral_tube_cylindrical;calyx_with_alternate_long_and_small_teeth;stamens_12;erect
1708;0.6129724376959894;5.083074309121625;0.1079996510512082;floral_tube_cylindrical;alternate_distally;calyx_with_alternate_long_and_small_teeth;stamens_12
1709;0.6129724376959894;5.083074309121625;0.1079996510512082;floral_tube_cylindrical;alternate_distally;erect;with_flowers_in_whorled_clusters
1710;0.6129724376959894;5.083074309121625;0.1079996510512082;floral_tube_cylindrical;calyx_with_alternate_long_and_small_teeth;stamens_12;erect
1711;0.6129724376959894;5.083074309121625;0.1079996510512082;floral_tube_cylindrical;calyx_with_alternate_long_and_small_teeth;stamens_12;erect
1712;0.6119246861924685;4.496469665271967;0.1360900287882753;floral_tube_cylindrical;stamens_12;with_flowers_in_whorled_clusters;petals_purple
1713;0.6129724376959894;5.083074309121625;0.1079996510512082;floral_tube_cylindrical;alternate_distally;stamens_12;erect
1714;0.6129724376959894;5.083074309121625;0.1079996510512082;floral_tube_cylindrical;alternate_distally;stamens_12;erect
1715;0.6129724376959894;5.083074309121625;0.1079996510512082;floral_tube_cylindrical;alternate_distally;stamens_12;erect
1716;0.6129724376959894;5.083074309121625;0.1079996510512082;floral_tube_cylindrical;alternate_distally;stamens_12;erect
1717;0.6129724376959894;5.083074309121625;0.1079996510512082;calyx_with_alternate_long_and_small_teeth;stamens_12;erect;leaves_opposite
1718;0.6129724376959894;5.083074309121625;0.1079996510512082;calyx_with_alternate_long_and_small_teeth;stamens_12;erect;leaves_opposite
1719;0.6104813778890035;5.06241719417047;0.1205908866207217;stamens_12;with_flowers_in_whorled_clusters;sessile;petals_purple
1720;0.6129724376959894;5.083074309121625;0.1079996510512082;alternate_distally;stamens_12;erect;with_flowers_in_whorled_clusters
1721;0.6104813778890035;5.06241719417047;0.1205908866207217;stamens_12;leaves_opposite;with_flowers_in_whorled_clusters;petals_purple
1722;0.6129724376959894;5.083074309121625;0.1079996510512082;alternate_distally;stamens_12;erect;leaves_opposite
1723;0.6129724376959894;5.083074309121625;0.1079996510512082;floral_tube_cylindrical;alternate_distally;calyx_with_alternate_long_and_small_teeth;stamens_12
1724;0.6119246861924685;4.496469665271967;0.1360900287882753;floral_tube_cylindrical;inflorescence_spikelike;petals_purple;with_flowers_in_whorled_clusters
1725;0.6129724376959894;5.083074309121625;0.1079996510512082;alternate_distally;calyx_with_alternate_long_and_small_teeth;erect;with_flowers_in_whorled_clusters
1726;0.6129724376959894;5.083074309121625;0.1079996510512082;alternate_distally;calyx_with_alternate_long_and_small_teeth;erect;leaves_opposite
1727;0.6129724376959894;5.083074309121625;0.1079996510512082;alternate_distally;calyx_with_alternate_long_and_small_teeth;stamens_12;erect
1728;0.6129724376959894;5.083074309121625;0.1079996510512082;alternate_distally;calyx_with_alternate_long_and_small_teeth;stamens_12;erect
1729;0.6129724376959894;5.083074309121625;0.1079996510512082;stamens_12;erect;leaves_opposite;with_flowers_in_whorled_clusters
1730;0.6129724376959894;5.083074309121625;0.1079996510512082;stamens_12;erect;leaves_opposite;sessile
1731;0.6119246861924685;4.496469665271967;0.1360900287882753;petals_purple;inflorescence_spikelike;with_flowers_in_whorled_clusters;calyx_with_alternate_long_and_small_teeth
1732;0.6119246861924685;4.496469665271967;0.1360900287882753;stamens_12;petals_purple;inflorescence_spikelike;with_flowers_in_whorled_clusters
1733;0.6129724376959894;2.799403606896066;0.1079996510512082;floral_tube_cylindrical;alternate_distally;calyx_with_alternate_long_and_small_teeth;stamens_12
1734;0.6129724376959894;5.083074309121625;0.1079996510512082;alternate_distally;calyx_with_alternate_long_and_small_teeth;stamens_12;erect
1735;0.6129724376959894;5.083074309121625;0.1079996510512082;alternate_distally;calyx_with_alternate_long_and_small_teeth;stamens_12;erect
1736;0.6129724376959894;5.083074309121625;0.1079996510512082;alternate_distally;calyx_with_alternate_long_and_small_teeth;stamens_12;erect
1737;0.6129724376959894;5.083074309121625;0.1079996510512082;alternate_distally;calyx_with_alternate_long_and_small_teeth;stamens_12;erect
1738;0.6129724376959894;5.083074309121625;0.1079996510512082;calyx_with_alternate_long_and_small_teeth;stamens_12;erect;leaves_opposite
1739;0.6129724376959894;5.083074309121625;0.1079996510512082;alternate_distally;calyx_with_alternate_long_and_small_teeth;stamens_12;erect
1740;0.6129724376959894;5.083074309121625;0.1079996510512082;floral_tube_cylindrical;stamens_12;erect;leaves_opposite
1741;0.6119246861924685;4.496469665271967;0.1360900287882753;floral_tube_cylindrical;calyx_with_alternate_long_and_small_teeth;with_flowers_in_whorled_clusters;petals_purple
1742;0.6129724376959894;5.083074309121625;0.1079996510512082;floral_tube_cylindrical;stamens_12;erect;leaves_opposite
1743;0.6129724376959894;5.083074309121625;0.1079996510512082;alternate_distally;calyx_with_alternate_long_and_small_teeth;stamens_12;erect
1744;0.6129724376959894;5.083074309121625;0.1079996510512082;stamens_12;erect;leaves_opposite;with_flowers_in_whorled_clusters
1745;0.6129724376959894;5.083074309121625;0.1079996510512082;calyx_with_alternate_long_and_small_teeth;erect;leaves_opposite;with_flowers_in_whorled_clusters
1746;0.6129724376959894;5.083074309121625;0.1079996510512082;alternate_distally;stamens_12;erect;leaves_opposite
1747;0.6129724376959894;5.083074309121625;0.1079996510512082;alternate_distally;stamens_12;erect;leaves_opposite
1748;0.6129724376959894;5.083074309121625;0.1079996510512082;alternate_distally;stamens_12;erect;leaves_opposite
1749;0.6129724376959894;5.083074309121625;0.1079996510512082;stamens_12;erect;sessile;petals_purple
1750;0.6129724376959894;5.083074309121625;0.1079996510512082;alternate_distally;stamens_12;erect;sessile
1751;0.6129724376959894;5.083074309121625;0.1079996510512082;stamens_12;erect;leaves_opposite;petals_purple
1752;0.6129724376959894;5.083074309121625;0.1079996510512082;alternate_distally;stamens_12;erect;with_flowers_in_whorled_clusters
1753;0.6129724376959894;5.083074309121625;0.1079996510512082;alternate_distally;stamens_12;erect;leaves_opposite
1754;0.6129724376959894;5.083074309121625;0.1079996510512082;stamens_12;erect;with_flowers_in_whorled_clusters;sessile
1755;0.6129724376959894;5.083074309121625;0.1079996510512082;stamens_12;erect;leaves_opposite;with_flowers_in_whorled_clusters
1756;0.6129724376959894;5.083074309121625;0.1079996510512082;alternate_distally;stamens_12;erect;with_flowers_in_whorled_clusters
1757;0.6129724376959894;5.083074309121625;0.1079996510512082;alternate_distally;stamens_12;erect;leaves_opposite
1758;0.6129724376959894;5.083074309121625;0.1079996510512082;floral_tube_cylindrical;erect;leaves_opposite;sessile
1759;0.6129724376959894;5.083074309121625;0.1079996510512082;floral_tube_cylindrical;erect;leaves_opposite;with_flowers_in_whorled_clusters
1760;0.6129724376959894;5.083074309121625;0.1079996510512082;floral_tube_cylindrical;alternate_distally;erect;with_flowers_in_whorled_clusters
1761;0.6129724376959894;5.083074309121625;0.1079996510512082;alternate_distally;stamens_12;erect;leaves_opposite
1762;0.6129724376959894;5.083074309121625;0.1079996510512082;floral_tube_cylindrical;alternate_distally;erect;leaves_opposite
1763;0.6129724376959894;5.083074309121625;0.1079996510512082;floral_tube_cylindrical;alternate_distally;erect;leaves_opposite
1764;0.6104813778890035;5.06241719417047;0.1205908866207217;alternate_distally;stamens_12;with_flowers_in_whorled_clusters;petals_purple
1765;0.6129724376959894;5.083074309121625;0.1079996510512082;floral_tube_cylindrical;alternate_distally;erect;leaves_opposite
1766;0.6129724376959894;5.083074309121625;0.1079996510512082;floral_tube_cylindrical;stamens_12;erect;sessile
1767;0.6104813778890035;5.06241719417047;0.1205908866207217;stamens_12;with_flowers_in_whorled_clusters;petals_purple;inflorescence_spikelike
1768;0.6129724376959894;5.083074309121625;0.1079996510512082;floral_tube_cylindrical;alternate_distally;stamens_12;erect
1769;0.6129724376959894;5.083074309121625;0.1079996510512082;floral_tube_cylindrical;stamens_12;erect;leaves_opposite
1770;0.6129724376959894;5.083074309121625;0.1079996510512082;floral_tube_cylindrical;alternate_distally;stamens_12;erect
1771;0.6129724376959894;5.083074309121625;0.1079996510512082;floral_tube_cylindrical;alternate_distally;stamens_12;erect
1772;0.6129724376959894;5.083074309121625;0.1079996510512082;floral_tube_cylindrical;stamens_12;erect;with_flowers_in_whorled_clusters
1773;0.6129724376959894;5.083074309121625;0.1079996510512082;alternate_distally;stamens_12;erect;with_flowers_in_whorled_clusters
1774;0.6129724376959894;5.083074309121625;0.1079996510512082;floral_tube_cylindrical;stamens_12;erect;leaves_opposite
1775;0.6129724376959894;5.083074309121625;0.1079996510512082;stamens_12;erect;leaves_opposite;with_flowers_in_whorled_clusters
1776;0.6129724376959894;5.083074309121625;0.1079996510512082;floral_tube_cylindrical;calyx_with_alternate_long_and_small_teeth;stamens_12;erect
1777;0.6104813778890035;5.06241719417047;0.1205908866207217;floral_tube_cylindrical;leaves_opposite;with_flowers_in_whorled_clusters;petals_purple
1778;0.6129724376959894;5.083074309121625;0.1079996510512082;alternate_distally;calyx_with_alternate_long_and_small_teeth;stamens_12;erect
1779;0.6129724376959894;5.083074309121625;0.1079996510512082;floral_tube_cylindrical;alternate_distally;calyx_with_alternate_long_and_small_teeth;erect
1780;0.6129724376959894;5.083074309121625;0.1079996510512082;floral_tube_cylindrical;alternate_distally;calyx_with_alternate_long_and_small_teeth;erect
1781;0.6104813778890035;5.06241719417047;0.1205908866207217;floral_tube_cylindrical;alternate_distally;with_flowers_in_whorled_clusters;petals_purple
1782;0.6129724376959894;5.083074309121625;0.1079996510512082;floral_tube_cylindrical;alternate_distally;stamens_12;erect
1783;0.6104813778890035;5.06241719417047;0.1205908866207217;calyx_with_alternate_long_and_small_teeth;leaves_opposite;with_flowers_in_whorled_clusters;petals_purple
1784;0.6129724376959894;5.083074309121625;0.1079996510512082;stamens_12;erect;leaves_opposite;with_flowers_in_whorled_clusters
1785;0.6129724376959894;5.083074309121625;0.1079996510512082;floral_tube_cylindrical;alternate_distally;calyx_with_alternate_long_and_small_teeth;stamens_12
1786;0.6129724376959894;5.083074309121625;0.1079996510512082;floral_tube_cylindrical;calyx_with_alternate_long_and_small_teeth;stamens_12;erect
1787;0.6104813778890035;5.06241719417047;0.1205908866207217;floral_tube_cylindrical;with_flowers_in_whorled_clusters;petals_purple;inflorescence_spikelike
1788;0.6129724376959894;5.083074309121625;0.1079996510512082;floral_tube_cylindrical;calyx_with_alternate_long_and_small_teeth;stamens_12;erect
1789;0.6104813778890035;5.06241719417047;0.1205908866207217;calyx_with_alternate_long_and_small_teeth;with_flowers_in_whorled_clusters;sessile;petals_purple
1790;0.6129724376959894;5.083074309121625;0.1079996510512082;floral_tube_cylindrical;calyx_with_alternate_long_and_small_teeth;stamens_12;erect
1791;0.6129724376959894;5.083074309121625;0.1079996510512082;floral_tube_cylindrical;alternate_distally;calyx_with_alternate_long_and_small_teeth;stamens_12
1792;0.6104813778890035;5.06241719417047;0.1205908866207217;alternate_distally;calyx_with_alternate_long_and_small_teeth;with_flowers_in_whorled_clusters;petals_purple
1793;0.6104813778890035;5.06241719417047;0.1205908866207217;calyx_with_alternate_long_and_small_teeth;with_flowers_in_whorled_clusters;petals_purple;inflorescence_spikelike
1794;0.6129724376959894;5.083074309121625;0.1079996510512082;floral_tube_cylindrical;alternate_distally;calyx_with_alternate_long_and_small_teeth;stamens_12
1795;0.6129724376959894;5.083074309121625;0.1079996510512082;floral_tube_cylindrical;alternate_distally;erect;petals_purple
1796;0.6129724376959894;5.083074309121625;0.1079996510512082;floral_tube_cylindrical;alternate_distally;calyx_with_alternate_long_and_small_teeth;erect
1797;0.6129724376959894;5.083074309121625;0.1079996510512082;floral_tube_cylindrical;alternate_distally;calyx_with_alternate_long_and_small_teeth;erect
1798;0.6129724376959894;5.083074309121625;0.1079996510512082;floral_tube_cylindrical;calyx_with_alternate_long_and_small_teeth;erect;sessile
1799;0.6129724376959894;5.083074309121625;0.1079996510512082;floral_tube_cylindrical;calyx_with_alternate_long_and_small_teeth;erect;leaves_opposite
1800;0.6129724376959894;5.083074309121625;0.1079996510512082;floral_tube_cylindrical;calyx_with_alternate_long_and_small_teeth;erect;leaves_opposite
1801;0.6129724376959894;5.083074309121625;0.1079996510512082;floral_tube_cylindrical;alternate_distally;calyx_with_alternate_long_and_small_teeth;erect
1802;0.6129724376959894;5.083074309121625;0.1079996510512082;floral_tube_cylindrical;alternate_distally;calyx_with_alternate_long_and_small_teeth;erect
1803;0.6129724376959894;5.083074309121625;0.1079996510512082;floral_tube_cylindrical;calyx_with_alternate_long_and_small_teeth;stamens_12;erect
1804;0.6129724376959894;5.083074309121625;0.1079996510512082;floral_tube_cylindrical;alternate_distally;calyx_with_alternate_long_and_small_teeth;stamens_12
1805;0.6129724376959894;5.083074309121625;0.1079996510512082;floral_tube_cylindrical;calyx_with_alternate_long_and_small_teeth;stamens_12;erect
1806;0.6129724376959894;5.083074309121625;0.1079996510512082;stamens_12;erect;leaves_opposite;sessile
1807;0.6129724376959894;5.083074309121625;0.1079996510512082;floral_tube_cylindrical;stamens_12;erect;leaves_opposite
1808;0.6129724376959894;5.083074309121625;0.1079996510512082;floral_tube_cylindrical;stamens_12;erect;leaves_opposite
1809;0.6129724376959894;5.083074309121625;0.1079996510512082;floral_tube_cylindrical;alternate_distally;stamens_12;erect
1810;0.6129724376959894;5.083074309121625;0.1079996510512082;alternate_distally;calyx_with_alternate_long_and_small_teeth;stamens_12;erect
1811;0.6129724376959894;5.083074309121625;0.1079996510512082;stamens_12;erect;with_flowers_in_whorled_clusters;sessile
1812;0.6129724376959894;5.083074309121625;0.1079996510512082;stamens_12;erect;leaves_opposite;with_flowers_in_whorled_clusters
1813;0.6129724376959894;5.083074309121625;0.1079996510512082;calyx_with_alternate_long_and_small_teeth;stamens_12;erect;with_flowers_in_whorled_clusters
1814;0.6129724376959894;5.083074309121625;0.1079996510512082;alternate_distally;calyx_with_alternate_long_and_small_teeth;stamens_12;erect
1815;0.6129724376959894;5.083074309121625;0.1079996510512082;calyx_with_alternate_long_and_small_teeth;stamens_12;erect;leaves_opposite
1816;0.6129724376959894;5.083074309121625;0.1079996510512082;calyx_with_alternate_long_and_small_teeth;stamens_12;erect;leaves_opposite
1817;0.6129724376959894;5.083074309121625;0.1079996510512082;calyx_with_alternate_long_and_small_teeth;stamens_12;erect;leaves_opposite
1818;0.6129724376959894;5.083074309121625;0.1079996510512082;alternate_distally;stamens_12;erect;with_flowers_in_whorled_clusters
1819;0.6129724376959894;5.083074309121625;0.1079996510512082;alternate_distally;stamens_12;erect;leaves_opposite
1820;0.6129724376959894;5.083074309121625;0.1079996510512082;alternate_distally;calyx_with_alternate_long_and_small_teeth;stamens_12;erect
1821;0.6129724376959894;5.083074309121625;0.1079996510512082;alternate_distally;calyx_with_alternate_long_and_small_teeth;stamens_12;erect
1822;0.6129724376959894;5.083074309121625;0.1079996510512082;alternate_distally;calyx_with_alternate_long_and_small_teeth;stamens_12;erect
1823;0.6129724376959894;5.083074309121625;0.1079996510512082;calyx_with_alternate_long_and_small_teeth;erect;sessile;petals_purple
1824;0.6129724376959894;5.083074309121625;0.1079996510512082;calyx_with_alternate_long_and_small_teeth;erect;leaves_opposite;petals_purple
1825;0.6129724376959894;4.504168623916107;0.1079996510512082;alternate_distally;calyx_with_alternate_long_and_small_teeth;stamens_12;erect
1826;0.6129724376959894;5.083074309121625;0.1079996510512082;alternate_distally;calyx_with_alternate_long_and_small_teeth;erect;with_flowers_in_whorled_clusters
1827;0.6129724376959894;5.083074309121625;0.1079996510512082;alternate_distally;calyx_with_alternate_long_and_small_teeth;erect;with_flowers_in_whorled_clusters
1828;0.6129724376959894;5.083074309121625;0.1079996510512082;alternate_distally;calyx_with_alternate_long_and_small_teeth;erect;leaves_opposite
1829;0.6129724376959894;5.083074309121625;0.1079996510512082;calyx_with_alternate_long_and_small_teeth;erect;with_flowers_in_whorled_clusters;sessile
1830;0.6129724376959894;5.083074309121625;0.1079996510512082;calyx_with_alternate_long_and_small_teeth;erect;leaves_opposite;with_flowers_in_whorled_clusters
1831;0.6129724376959894;5.083074309121625;0.1079996510512082;calyx_with_alternate_long_and_small_teeth;erect;leaves_opposite;sessile
1832;0.6129724376959894;5.083074309121625;0.1079996510512082;calyx_with_alternate_long_and_small_teeth;erect;leaves_opposite;with_flowers_in_whorled_clusters
1833;0.6129724376959894;5.083074309121625;0.1079996510512082;calyx_with_alternate_long_and_small_teeth;stamens_12;erect;leaves_opposite
1834;0.6129724376959894;5.083074309121625;0.1079996510512082;alternate_distally;calyx_with_alternate_long_and_small_teeth;erect;with_flowers_in_whorled_clusters
1835;0.6129724376959894;5.083074309121625;0.1079996510512082;alternate_distally;calyx_with_alternate_long_and_small_teeth;erect;leaves_opposite
1836;0.6129724376959894;5.083074309121625;0.1079996510512082;calyx_with_alternate_long_and_small_teeth;stamens_12;erect;petals_purple
1837;0.6129724376959894;5.083074309121625;0.1079996510512082;alternate_distally;calyx_with_alternate_long_and_small_teeth;stamens_12;erect
1838;0.6129724376959894;5.083074309121625;0.1079996510512082;alternate_distally;calyx_with_alternate_long_and_small_teeth;erect;sessile
1839;0.6129724376959894;5.083074309121625;0.1079996510512082;floral_tube_cylindrical;alternate_distally;calyx_with_alternate_long_and_small_teeth;erect
1840;0.6129724376959894;5.083074309121625;0.1079996510512082;alternate_distally;stamens_12;erect;with_flowers_in_whorled_clusters
1841;0.6129724376959894;5.083074309121625;0.1079996510512082;alternate_distally;calyx_with_alternate_long_and_small_teeth;stamens_12;erect
1842;0.6129724376959894;5.083074309121625;0.1079996510512082;floral_tube_cylindrical;alternate_distally;stamens_12;erect
1843;0.6129724376959894;5.083074309121625;0.1079996510512082;floral_tube_cylindrical;erect;sessile;petals_purple
1844;0.6129724376959894;5.083074309121625;0.1079996510512082;floral_tube_cylindrical;alternate_distally;erect;sessile
1845;0.6129724376959894;5.083074309121625;0.1079996510512082;floral_tube_cylindrical;erect;leaves_opposite;petals_purple
1846;0.6129724376959894;5.083074309121625;0.1079996510512082;floral_tube_cylindrical;alternate_distally;erect;with_flowers_in_whorled_clusters
1847;0.6129724376959894;5.083074309121625;0.1079996510512082;floral_tube_cylindrical;alternate_distally;erect;leaves_opposite
1848;0.6129724376959894;5.083074309121625;0.1079996510512082;floral_tube_cylindrical;erect;with_flowers_in_whorled_clusters;sessile
1849;0.6129724376959894;5.083074309121625;0.1079996510512082;floral_tube_cylindrical;erect;leaves_opposite;with_flowers_in_whorled_clusters
1850;0.6129724376959894;5.083074309121625;0.1079996510512082;floral_tube_cylindrical;erect;leaves_opposite;sessile
1851;0.6129724376959894;5.083074309121625;0.1079996510512082;floral_tube_cylindrical;erect;leaves_opposite;with_flowers_in_whorled_clusters
1852;0.6129724376959894;5.083074309121625;0.1079996510512082;floral_tube_cylindrical;alternate_distally;erect;with_flowers_in_whorled_clusters
1853;0.6129724376959894;5.083074309121625;0.1079996510512082;floral_tube_cylindrical;alternate_distally;erect;leaves_opposite
1854;0.6129724376959894;5.083074309121625;0.1079996510512082;floral_tube_cylindrical;stamens_12;erect;petals_purple
1855;0.6129724376959894;5.083074309121625;0.1079996510512082;floral_tube_cylindrical;alternate_distally;stamens_12;erect
1856;0.6129724376959894;5.083074309121625;0.1079996510512082;floral_tube_cylindrical;stamens_12;erect;sessile
1857;0.6129724376959894;5.083074309121625;0.1079996510512082;floral_tube_cylindrical;stamens_12;erect;with_flowers_in_whorled_clusters
1858;0.6129724376959894;5.083074309121625;0.1079996510512082;floral_tube_cylindrical;stamens_12;erect;leaves_opposite
1859;0.6129724376959894;4.504168623916107;0.1079996510512082;alternate_distally;stamens_12;erect;leaves_opposite
1860;0.6129724376959894;5.083074309121625;0.1079996510512082;floral_tube_cylindrical;alternate_distally;stamens_12;erect
1861;0.6129724376959894;5.083074309121625;0.1079996510512082;floral_tube_cylindrical;stamens_12;erect;with_flowers_in_whorled_clusters
1862;0.6129724376959894;5.083074309121625;0.1079996510512082;floral_tube_cylindrical;stamens_12;erect;leaves_opposite
1863;0.6129724376959894;5.083074309121625;0.1079996510512082;calyx_with_alternate_long_and_small_teeth;erect;leaves_opposite;sessile
1864;0.6129724376959894;5.083074309121625;0.1079996510512082;calyx_with_alternate_long_and_small_teeth;erect;leaves_opposite;with_flowers_in_whorled_clusters
1865;0.6129724376959894;5.083074309121625;0.1079996510512082;alternate_distally;calyx_with_alternate_long_and_small_teeth;erect;with_flowers_in_whorled_clusters
1866;0.6129724376959894;5.083074309121625;0.1079996510512082;alternate_distally;calyx_with_alternate_long_and_small_teeth;erect;leaves_opposite
1867;0.6129724376959894;5.083074309121625;0.1079996510512082;alternate_distally;calyx_with_alternate_long_and_small_teeth;erect;leaves_opposite
1868;0.6129724376959894;5.083074309121625;0.1079996510512082;alternate_distally;calyx_with_alternate_long_and_small_teeth;erect;leaves_opposite
1869;0.6129724376959894;5.083074309121625;0.1079996510512082;calyx_with_alternate_long_and_small_teeth;stamens_12;erect;sessile
1870;0.6129724376959894;5.083074309121625;0.1079996510512082;calyx_with_alternate_long_and_small_teeth;stamens_12;erect;leaves_opposite
1871;0.6129724376959894;3.9268832265140414;0.1079996510512082;alternate_distally;calyx_with_alternate_long_and_small_teeth;stamens_12;erect
1872;0.6129724376959894;5.083074309121625;0.1079996510512082;floral_tube_cylindrical;alternate_distally;erect;leaves_opposite
1873;0.6104813778890035;5.06241719417047;0.1205908866207217;floral_tube_cylindrical;with_flowers_in_whorled_clusters;sessile;petals_purple
1874;0.6129724376959894;5.083074309121625;0.1079996510512082;floral_tube_cylindrical;calyx_with_alternate_long_and_small_teeth;erect;leaves_opposite
1875;0.6129724376959894;5.083074309121625;0.1079996510512082;floral_tube_cylindrical;alternate_distally;calyx_with_alternate_long_and_small_teeth;stamens_12
1876;0.6129724376959894;5.083074309121625;0.1079996510512082;floral_tube_cylindrical;alternate_distally;calyx_with_alternate_long_and_small_teeth;stamens_12
1877;0.6129724376959894;5.083074309121625;0.1079996510512082;calyx_with_alternate_long_and_small_teeth;erect;with_flowers_in_whorled_clusters;sessile
1878;0.6129724376959894;5.083074309121625;0.1079996510512082;alternate_distally;calyx_with_alternate_long_and_small_teeth;erect;with_flowers_in_whorled_clusters
1879;0.6129724376959894;5.083074309121625;0.1079996510512082;floral_tube_cylindrical;calyx_with_alternate_long_and_small_teeth;erect;sessile
1880;0.6129724376959894;5.083074309121625;0.1079996510512082;floral_tube_cylindrical;alternate_distally;calyx_with_alternate_long_and_small_teeth;erect
1881;0.6129724376959894;5.083074309121625;0.1079996510512082;calyx_with_alternate_long_and_small_teeth;erect;leaves_opposite;with_flowers_in_whorled_clusters
1882;0.6129724376959894;3.2113816514209903;0.1079996510512082;floral_tube_cylindrical;calyx_with_alternate_long_and_small_teeth;stamens_12;erect
1883;0.6129724376959894;5.083074309121625;0.1079996510512082;alternate_distally;calyx_with_alternate_long_and_small_teeth;erect;leaves_opposite
1884;0.6129724376959894;5.083074309121625;0.1079996510512082;floral_tube_cylindrical;calyx_with_alternate_long_and_small_teeth;erect;leaves_opposite
1885;0.6129724376959894;5.083074309121625;0.1079996510512082;floral_tube_cylindrical;alternate_distally;erect;with_flowers_in_whorled_clusters
1886;0.6129724376959894;5.083074309121625;0.1079996510512082;floral_tube_cylindrical;alternate_distally;calyx_with_alternate_long_and_small_teeth;erect
1887;0.6129724376959894;3.2113816514209903;0.1079996510512082;floral_tube_cylindrical;calyx_with_alternate_long_and_small_teeth;stamens_12;erect
1888;0.6129724376959894;5.083074309121625;0.1079996510512082;floral_tube_cylindrical;alternate_distally;calyx_with_alternate_long_and_small_teeth;erect
1889;0.6129724376959894;5.083074309121625;0.1079996510512082;floral_tube_cylindrical;alternate_distally;calyx_with_alternate_long_and_small_teeth;erect
1890;0.6129724376959894;5.083074309121625;0.1079996510512082;floral_tube_cylindrical;erect;with_flowers_in_whorled_clusters;sessile
1891;0.6129724376959894;5.083074309121625;0.1079996510512082;floral_tube_cylindrical;erect;leaves_opposite;with_flowers_in_whorled_clusters
1892;0.6129724376959894;5.083074309121625;0.1079996510512082;floral_tube_cylindrical;calyx_with_alternate_long_and_small_teeth;erect;with_flowers_in_whorled_clusters
1893;0.6129724376959894;5.083074309121625;0.1079996510512082;floral_tube_cylindrical;calyx_with_alternate_long_and_small_teeth;erect;with_flowers_in_whorled_clusters
1894;0.6129724376959894;5.083074309121625;0.1079996510512082;floral_tube_cylindrical;calyx_with_alternate_long_and_small_teeth;erect;leaves_opposite
1895;0.6129724376959894;5.083074309121625;0.1079996510512082;floral_tube_cylindrical;calyx_with_alternate_long_and_small_teeth;erect;leaves_opposite
1896;0.6129724376959894;5.083074309121625;0.1079996510512082;calyx_with_alternate_long_and_small_teeth;erect;leaves_opposite;with_flowers_in_whorled_clusters
1897;0.6129724376959894;5.083074309121625;0.1079996510512082;floral_tube_cylindrical;erect;leaves_opposite;with_flowers_in_whorled_clusters
1898;0.6129724376959894;5.083074309121625;0.1079996510512082;floral_tube_cylindrical;calyx_with_alternate_long_and_small_teeth;erect;leaves_opposite
1899;0.6129724376959894;5.083074309121625;0.1079996510512082;floral_tube_cylindrical;calyx_with_alternate_long_and_small_teeth;erect;leaves_opposite
1900;0.6129724376959894;5.083074309121625;0.1079996510512082;floral_tube_cylindrical;calyx_with_alternate_long_and_small_teeth;erect;leaves_opposite
1901;0.6129724376959894;5.083074309121625;0.1079996510512082;floral_tube_cylindrical;alternate_distally;erect;with_flowers_in_whorled_clusters
1902;0.6129724376959894;5.083074309121625;0.1079996510512082;floral_tube_cylindrical;alternate_distally;erect;leaves_opposite
1903;0.6129724376959894;5.083074309121625;0.1079996510512082;floral_tube_cylindrical;alternate_distally;calyx_with_alternate_long_and_small_teeth;erect
1904;0.6129724376959894;5.083074309121625;0.1079996510512082;floral_tube_cylindrical;alternate_distally;stamens_12;erect
1905;0.6129724376959894;5.083074309121625;0.1079996510512082;floral_tube_cylindrical;alternate_distally;calyx_with_alternate_long_and_small_teeth;erect
1906;0.6129724376959894;5.083074309121625;0.1079996510512082;floral_tube_cylindrical;alternate_distally;stamens_12;erect
1907;0.6129724376959894;5.083074309121625;0.1079996510512082;floral_tube_cylindrical;calyx_with_alternate_long_and_small_teeth;stamens_12;erect
1908;0.6129724376959894;5.083074309121625;0.1079996510512082;alternate_distally;calyx_with_alternate_long_and_small_teeth;erect;leaves_opposite
1909;0.6129724376959894;5.083074309121625;0.1079996510512082;floral_tube_cylindrical;erect;leaves_opposite;with_flowers_in_whorled_clusters
1910;0.6129724376959894;5.083074309121625;0.1079996510512082;floral_tube_cylindrical;calyx_with_alternate_long_and_small_teeth;erect;leaves_opposite
1911;0.6129724376959894;5.083074309121625;0.1079996510512082;floral_tube_cylindrical;calyx_with_alternate_long_and_small_teeth;erect;leaves_opposite
1912;0.6129724376959894;5.083074309121625;0.1079996510512082;floral_tube_cylindrical;alternate_distally;erect;with_flowers_in_whorled_clusters
1913;0.6129724376959894;5.083074309121625;0.1079996510512082;floral_tube_cylindrical;alternate_distally;erect;leaves_opposite
1914;0.6129724376959894;5.083074309121625;0.1079996510512082;floral_tube_cylindrical;alternate_distally;erect;leaves_opposite
1915;0.6129724376959894;5.083074309121625;0.1079996510512082;floral_tube_cylindrical;alternate_distally;calyx_with_alternate_long_and_small_teeth;erect
1916;0.6129724376959894;5.083074309121625;0.1079996510512082;floral_tube_cylindrical;alternate_distally;calyx_with_alternate_long_and_small_teeth;erect
1917;0.6129724376959894;5.083074309121625;0.1079996510512082;floral_tube_cylindrical;alternate_distally;calyx_with_alternate_long_and_small_teeth;erect
1918;0.6129724376959894;5.083074309121625;0.1079996510512082;floral_tube_cylindrical;alternate_distally;calyx_with_alternate_long_and_small_teeth;erect
1919;0.6129724376959894;5.083074309121625;0.1079996510512082;calyx_with_alternate_long_and_small_teeth;stamens_12;erect;with_flowers_in_whorled_clusters
1920;0.6129724376959894;5.083074309121625;0.1079996510512082;floral_tube_cylindrical;alternate_distally;stamens_12;erect
1921;0.6129724376959894;5.083074309121625;0.1079996510512082;alternate_distally;calyx_with_alternate_long_and_small_teeth;stamens_12;erect
1922;0.6129724376959894;5.083074309121625;0.1079996510512082;floral_tube_cylindrical;calyx_with_alternate_long_and_small_teeth;stamens_12;erect
1923;0.6129724376959894;5.083074309121625;0.1079996510512082;floral_tube_cylindrical;calyx_with_alternate_long_and_small_teeth;stamens_12;erect
1924;0.6129724376959894;5.083074309121625;0.1079996510512082;calyx_with_alternate_long_and_small_teeth;stamens_12;erect;leaves_opposite
1925;0.6129724376959894;5.083074309121625;0.1079996510512082;alternate_distally;calyx_with_alternate_long_and_small_teeth;stamens_12;erect
1926;0.6129724376959894;5.083074309121625;0.1079996510512082;floral_tube_cylindrical;calyx_with_alternate_long_and_small_teeth;stamens_12;erect
1927;0.6129724376959894;5.083074309121625;0.1079996510512082;floral_tube_cylindrical;alternate_distally;stamens_12;erect
1928;0.6129724376959894;5.083074309121625;0.1079996510512082;floral_tube_cylindrical;alternate_distally;calyx_with_alternate_long_and_small_teeth;stamens_12
1929;0.6129724376959894;5.083074309121625;0.1079996510512082;floral_tube_cylindrical;alternate_distally;calyx_with_alternate_long_and_small_teeth;stamens_12
1930;0.6129724376959894;5.083074309121625;0.1079996510512082;floral_tube_cylindrical;stamens_12;erect;with_flowers_in_whorled_clusters
1931;0.6129724376959894;5.083074309121625;0.1079996510512082;floral_tube_cylindrical;stamens_12;erect;leaves_opposite
1932;0.6129724376959894;4.504168623916107;0.1079996510512082;floral_tube_cylindrical;alternate_distally;stamens_12;erect
1933;0.6129724376959894;5.083074309121625;0.1079996510512082;floral_tube_cylindrical;calyx_with_alternate_long_and_small_teeth;stamens_12;erect
1934;0.6129724376959894;5.083074309121625;0.1079996510512082;floral_tube_cylindrical;calyx_with_alternate_long_and_small_teeth;stamens_12;erect
1935;0.6129724376959894;5.083074309121625;0.1079996510512082;calyx_with_alternate_long_and_small_teeth;stamens_12;erect;leaves_opposite
1936;0.6129724376959894;5.083074309121625;0.1079996510512082;floral_tube_cylindrical;stamens_12;erect;leaves_opposite
1937;0.6129724376959894;5.083074309121625;0.1079996510512082;floral_tube_cylindrical;stamens_12;erect;leaves_opposite
1938;0.6129724376959894;5.083074309121625;0.1079996510512082;floral_tube_cylindrical;alternate_distally;calyx_with_alternate_long_and_small_teeth;stamens_12
1939;0.6129724376959894;5.083074309121625;0.1079996510512082;floral_tube_cylindrical;alternate_distally;erect;sessile
1940;0.6129724376959894;5.083074309121625;0.1079996510512082;floral_tube_cylindrical;alternate_distally;calyx_with_alternate_long_and_small_teeth;erect
1941;0.6129724376959894;5.083074309121625;0.1079996510512082;calyx_with_alternate_long_and_small_teeth;stamens_12;erect;with_flowers_in_whorled_clusters
1942;0.6129724376959894;5.083074309121625;0.1079996510512082;floral_tube_cylindrical;alternate_distally;erect;leaves_opposite
1943;0.6129724376959894;5.083074309121625;0.1079996510512082;floral_tube_cylindrical;alternate_distally;erect;leaves_opposite
1944;0.6129724376959894;5.083074309121625;0.1079996510512082;floral_tube_cylindrical;alternate_distally;stamens_12;erect
1945;0.6129724376959894;5.083074309121625;0.1079996510512082;floral_tube_cylindrical;stamens_12;erect;sessile
1946;0.6129724376959894;5.083074309121625;0.1079996510512082;floral_tube_cylindrical;stamens_12;erect;leaves_opposite
1947;0.6129724376959894;5.083074309121625;0.1079996510512082;floral_tube_cylindrical;stamens_12;erect;leaves_opposite
1948;0.6129724376959894;5.083074309121625;0.1079996510512082;floral_tube_cylindrical;alternate_distally;stamens_12;erect
1949;0.6129724376959894;5.083074309121625;0.1079996510512082;floral_tube_cylindrical;alternate_distally;stamens_12;erect
1950;0.6129724376959894;5.083074309121625;0.1079996510512082;calyx_with_alternate_long_and_small_teeth;stamens_12;erect;leaves_opposite
1951;0.6129724376959894;5.083074309121625;0.1079996510512082;alternate_distally;stamens_12;erect;sessile
1952;0.6129724376959894;5.083074309121625;0.1079996510512082;alternate_distally;stamens_12;erect;leaves_opposite
1953;0.6129724376959894;5.083074309121625;0.1079996510512082;alternate_distally;calyx_with_alternate_long_and_small_teeth;stamens_12;erect
1954;0.6129724376959894;5.083074309121625;0.1079996510512082;alternate_distally;calyx_with_alternate_long_and_small_teeth;stamens_12;erect
1955;0.6129724376959894;5.083074309121625;0.1079996510512082;alternate_distally;calyx_with_alternate_long_and_small_teeth;stamens_12;erect
1956;0.6129724376959894;5.083074309121625;0.1079996510512082;calyx_with_alternate_long_and_small_teeth;erect;leaves_opposite;sessile
1957;0.6129724376959894;5.083074309121625;0.1079996510512082;alternate_distally;calyx_with_alternate_long_and_small_teeth;erect;sessile
1958;0.6129724376959894;5.083074309121625;0.1079996510512082;alternate_distally;calyx_with_alternate_long_and_small_teeth;erect;sessile
1959;0.6129724376959894;5.083074309121625;0.1079996510512082;alternate_distally;calyx_with_alternate_long_and_small_teeth;stamens_12;erect
1960;0.6129724376959894;5.083074309121625;0.1079996510512082;alternate_distally;calyx_with_alternate_long_and_small_teeth;stamens_12;erect
1961;0.6129724376959894;5.083074309121625;0.1079996510512082;calyx_with_alternate_long_and_small_teeth;stamens_12;erect;leaves_opposite
1962;0.6129724376959894;5.083074309121625;0.1079996510512082;calyx_with_alternate_long_and_small_teeth;stamens_12;erect;leaves_opposite
1963;0.6129724376959894;5.083074309121625;0.1079996510512082;calyx_with_alternate_long_and_small_teeth;stamens_12;erect;sessile
1964;0.6129724376959894;5.083074309121625;0.1079996510512082;alternate_distally;calyx_with_alternate_long_and_small_teeth;stamens_12;erect
1965;0.6129724376959894;5.083074309121625;0.1079996510512082;floral_tube_cylindrical;alternate_distally;erect;sessile
1966;0.6129724376959894;5.083074309121625;0.1079996510512082;alternate_distally;calyx_with_alternate_long_and_small_teeth;stamens_12;erect
1967;0.6129724376959894;5.083074309121625;0.1079996510512082;alternate_distally;stamens_12;erect;petals_purple
1968;0.6129724376959894;5.083074309121625;0.1079996510512082;alternate_distally;calyx_with_alternate_long_and_small_teeth;erect;leaves_opposite
1969;0.6129724376959894;5.083074309121625;0.1079996510512082;alternate_distally;calyx_with_alternate_long_and_small_teeth;erect;leaves_opposite
1970;0.6129724376959894;5.083074309121625;0.1079996510512082;alternate_distally;calyx_with_alternate_long_and_small_teeth;erect;leaves_opposite
1971;0.6129724376959894;5.083074309121625;0.1079996510512082;calyx_with_alternate_long_and_small_teeth;stamens_12;erect;leaves_opposite
1972;0.6129724376959894;5.083074309121625;0.1079996510512082;floral_tube_cylindrical;stamens_12;erect;leaves_opposite
1973;0.6129724376959894;5.083074309121625;0.1079996510512082;alternate_distally;calyx_with_alternate_long_and_small_teeth;erect;petals_purple
1974;0.6129724376959894;5.083074309121625;0.1079996510512082;floral_tube_cylindrical;alternate_distally;calyx_with_alternate_long_and_small_teeth;erect
1975;0.6129724376959894;5.083074309121625;0.1079996510512082;floral_tube_cylindrical;erect;leaves_opposite;sessile
1976;0.6129724376959894;5.083074309121625;0.1079996510512082;floral_tube_cylindrical;alternate_distally;stamens_12;erect
1977;0.6129724376959894;5.083074309121625;0.1079996510512082;alternate_distally;calyx_with_alternate_long_and_small_teeth;stamens_12;erect
1978;0.6129724376959894;5.083074309121625;0.1079996510512082;floral_tube_cylindrical;calyx_with_alternate_long_and_small_teeth;stamens_12;erect
1979;0.6129724376959894;5.083074309121625;0.1079996510512082;floral_tube_cylindrical;alternate_distally;calyx_with_alternate_long_and_small_teeth;stamens_12
1980;0.6129724376959894;5.083074309121625;0.1079996510512082;calyx_with_alternate_long_and_small_teeth;stamens_12;erect;with_flowers_in_whorled_clusters
1981;0.6129724376959894;5.083074309121625;0.1079996510512082;floral_tube_cylindrical;calyx_with_alternate_long_and_small_teeth;stamens_12;erect
1982;0.6129724376959894;5.083074309121625;0.1079996510512082;floral_tube_cylindrical;stamens_12;erect;with_flowers_in_whorled_clusters
1983;0.6129724376959894;5.083074309121625;0.1079996510512082;floral_tube_cylindrical;calyx_with_alternate_long_and_small_teeth;erect;with_flowers_in_whorled_clusters
1984;0.6129724376959894;5.083074309121625;0.1079996510512082;floral_tube_cylindrical;calyx_with_alternate_long_and_small_teeth;stamens_12;erect
1985;0.6129724376959894;5.083074309121625;0.1079996510512082;floral_tube_cylindrical;calyx_with_alternate_long_and_small_teeth;stamens_12;erect
1986;0.6129724376959894;5.083074309121625;0.1079996510512082;calyx_with_alternate_long_and_small_teeth;stamens_12;erect;leaves_opposite
1987;0.6129724376959894;5.083074309121625;0.1079996510512082;floral_tube_cylindrical;calyx_with_alternate_long_and_small_teeth;stamens_12;erect
1988;0.6129724376959894;5.083074309121625;0.1079996510512082;floral_tube_cylindrical;alternate_distally;stamens_12;erect
1989;0.6129724376959894;5.083074309121625;0.1079996510512082;floral_tube_cylindrical;alternate_distally;calyx_with_alternate_long_and_small_teeth;erect
1990;0.6129724376959894;5.083074309121625;0.1079996510512082;floral_tube_cylindrical;alternate_distally;calyx_with_alternate_long_and_small_teeth;stamens_12
1991;0.6129724376959894;5.083074309121625;0.1079996510512082;floral_tube_cylindrical;alternate_distally;calyx_with_alternate_long_and_small_teeth;stamens_12
1992;0.6002518891687657;2.3464888276258598;0.1385908284625897;floral_tube_cylindrical;leaves_opposite;with_flowers_in_whorled_clusters;sessile
1993;0.6129724376959894;5.083074309121625;0.1079996510512082;floral_tube_cylindrical;stamens_12;erect;with_flowers_in_whorled_clusters
1994;0.6129724376959894;5.083074309121625;0.1079996510512082;floral_tube_cylindrical;alternate_distally;stamens_12;erect
1995;0.6129724376959894;5.083074309121625;0.1079996510512082;floral_tube_cylindrical;stamens_12;erect;leaves_opposite
1996;0.6129724376959894;5.083074309121625;0.1079996510512082;alternate_distally;stamens_12;erect;leaves_opposite
1997;0.6129724376959894;5.083074309121625;0.1079996510512082;alternate_distally;stamens_12;erect;leaves_opposite
1998;0.6129724376959894;5.083074309121625;0.1079996510512082;alternate_distally;stamens_12;erect;sessile
1999;0.6129724376959894;5.083074309121625;0.1079996510512082;stamens_12;erect;leaves_opposite;sessile
2000;0.6129724376959894;5.083074309121625;0.1079996510512082;floral_tube_cylindrical;alternate_distally;stamens_12;erect
2001;0.6129724376959894;5.083074309121625;0.1079996510512082;floral_tube_cylindrical;calyx_with_alternate_long_and_small_teeth;stamens_12;erect
2002;0.6129724376959894;5.083074309121625;0.1079996510512082;floral_tube_cylindrical;calyx_with_alternate_long_and_small_teeth;stamens_12;erect
2003;0.6129724376959894;5.083074309121625;0.1079996510512082;floral_tube_cylindrical;calyx_with_alternate_long_and_small_teeth;stamens_12;erect
2004;0.6129724376959894;5.083074309121625;0.1079996510512082;floral_tube_cylindrical;calyx_with_alternate_long_and_small_teeth;erect;leaves_opposite
2005;0.6129724376959894;5.083074309121625;0.1079996510512082;floral_tube_cylindrical;calyx_with_alternate_long_and_small_teeth;erect;with_flowers_in_whorled_clusters
2006;0.6129724376959894;5.083074309121625;0.1079996510512082;floral_tube_cylindrical;stamens_12;erect;leaves_opposite
2007;0.6129724376959894;5.083074309121625;0.1079996510512082;floral_tube_cylindrical;calyx_with_alternate_long_and_small_teeth;stamens_12;erect
2008;0.6129724376959894;3.2113816514209903;0.1079996510512082;floral_tube_cylindrical;alternate_distally;calyx_with_alternate_long_and_small_teeth;stamens_12
2009;0.6129724376959894;2.3962156598757964;0.1079996510512082;floral_tube_cylindrical;alternate_distally;calyx_with_alternate_long_and_small_teeth;stamens_12
